-7.80456 -0.181822 -0.03347
-7.71176 -0.181312 -0.03583
-7.61895 -0.180771 -0.03818
-7.52615 -0.180200 -0.04052
-7.43335 -0.179597 -0.04286
-7.34055 -0.178964 -0.04518
-7.24775 -0.178301 -0.04750
-7.15495 -0.177607 -0.04980
-7.06214 -0.176883 -0.05210
-6.96934 -0.176129 -0.05438
-6.87654 -0.175345 -0.05666
-6.78374 -0.174531 -0.05892
-6.69094 -0.173688 -0.06117
-6.59814 -0.172815 -0.06341
-6.50533 -0.171912 -0.06564
-6.41253 -0.170980 -0.06785
-6.31973 -0.170020 -0.07005
-6.22693 -0.169030 -0.07224
-6.13413 -0.168012 -0.07441
-6.04133 -0.166966 -0.07657
-5.94852 -0.165891 -0.07871
-5.85572 -0.164788 -0.08084
-5.76292 -0.163658 -0.08295
-5.67012 -0.162499 -0.08504
-5.57732 -0.161313 -0.08712
-5.48452 -0.160100 -0.08919
-5.39171 -0.158860 -0.09123
-5.29891 -0.157594 -0.09326
-5.20611 -0.156300 -0.09527
-5.11331 -0.154981 -0.09727
-5.02051 -0.153635 -0.09924
-4.92771 -0.152263 -0.10120
-4.83490 -0.150866 -0.10313
-4.74210 -0.149444 -0.10505
-4.64930 -0.147996 -0.10695
-4.55650 -0.146524 -0.10882
-4.46370 -0.145027 -0.11068
-4.37090 -0.143506 -0.11252
-4.27809 -0.141961 -0.11433
-4.18529 -0.140393 -0.11613
-4.09249 -0.138800 -0.11790
-3.99969 -0.137185 -0.11965
-3.90689 -0.135547 -0.12138
-3.81409 -0.133886 -0.12308
-3.72129 -0.132204 -0.12476
-3.62848 -0.130499 -0.12642
-3.53568 -0.128773 -0.12806
-3.44288 -0.127025 -0.12967
-3.35008 -0.125256 -0.13126
-3.25728 -0.123467 -0.13282
-3.16448 -0.121657 -0.13436
-3.07167 -0.119828 -0.13588
-2.97887 -0.117978 -0.13737
-2.88607 -0.116109 -0.13883
-2.79327 -0.114222 -0.14027
-2.70047 -0.112315 -0.14168
-2.60767 -0.110391 -0.14307
-2.51486 -0.108448 -0.14443
-2.42206 -0.106488 -0.14576
-2.32926 -0.104510 -0.14707
-2.23646 -0.102515 -0.14835
-2.14366 -0.100504 -0.14960
-2.05086 -0.098477 -0.15083
-1.95805 -0.096434 -0.15203
-1.86525 -0.094376 -0.15320
-1.77245 -0.092302 -0.15434
-1.67965 -0.090214 -0.15545
-1.58685 -0.088111 -0.15654
-1.49405 -0.085994 -0.15759
-1.40124 -0.083864 -0.15862
-1.30844 -0.081721 -0.15962
-1.21564 -0.079564 -0.16059
-1.12284 -0.077396 -0.16153
-1.03004 -0.075215 -0.16244
-0.93724 -0.073023 -0.16332
-0.84443 -0.070819 -0.16418
-0.75163 -0.068605 -0.16500
-0.65883 -0.066380 -0.16579
-0.56603 -0.064146 -0.16655
-0.47323 -0.061901 -0.16728
-0.38043 -0.059647 -0.16798
-0.28762 -0.057385 -0.16865
-0.19482 -0.055114 -0.16929
-0.10202 -0.052835 -0.16990
-0.00922 -0.050549 -0.17048
0.08358 -0.048255 -0.17103
0.17638 -0.045955 -0.17155
0.26919 -0.043648 -0.17203
0.36199 -0.041335 -0.17249
0.45479 -0.039017 -0.17291
0.54759 -0.036693 -0.17330
0.64039 -0.034365 -0.17366
0.73319 -0.032033 -0.17399
0.82600 -0.029697 -0.17429
0.91880 -0.027357 -0.17455
1.01160 -0.025015 -0.17479
1.10440 -0.022669 -0.17499
1.19720 -0.020322 -0.17516
1.29000 -0.017973 -0.17530
1.38281 -0.015623 -0.17541
1.47561 -0.013271 -0.17548
1.56841 -0.010920 -0.17553
1.66121 -0.008568 -0.17554
1.75401 -0.006216 -0.17552
1.84681 -0.003866 -0.17547
1.93962 -0.001517 -0.17539
2.03242 0.000831 -0.17528
2.12522 0.003177 -0.17513
2.21802 0.005520 -0.17496
2.31082 0.007860 -0.17475
2.40362 0.010197 -0.17451
2.49643 0.012530 -0.17424
2.58923 0.014859 -0.17393
2.68203 0.017183 -0.17360
2.77483 0.019502 -0.17323
2.86763 0.021816 -0.17284
2.96043 0.024124 -0.17241
3.05323 0.026426 -0.17195
3.14604 0.028721 -0.17147
3.23884 0.031009 -0.17095
3.33164 0.033289 -0.17040
3.42444 0.035562 -0.16981
3.51724 0.037826 -0.16920
3.61004 0.040081 -0.16856
3.70285 0.042327 -0.16789
3.79565 0.044564 -0.16719
3.88845 0.046791 -0.16646
3.98125 0.049007 -0.16569
4.07405 0.051212 -0.16490
4.16685 0.053407 -0.16408
4.25966 0.055590 -0.16323
4.35246 0.057761 -0.16235
4.44526 0.059919 -0.16144
4.53806 0.062065 -0.16051
4.63086 0.064198 -0.15954
4.72366 0.066317 -0.15855
4.81647 0.068422 -0.15753
4.90927 0.070513 -0.15647
5.00207 0.072590 -0.15540
5.09487 0.074651 -0.15429
5.18767 0.076697 -0.15316
5.28047 0.078727 -0.15200
5.37328 0.080741 -0.15081
5.46608 0.082739 -0.14959
5.55888 0.084720 -0.14835
5.65168 0.086684 -0.14708
5.74448 0.088630 -0.14579
5.83728 0.090558 -0.14447
5.93009 0.092468 -0.14313
6.02289 0.094359 -0.14175
6.11569 0.096231 -0.14036
6.20849 0.098084 -0.13894
6.30129 0.099918 -0.13749
6.39409 0.101731 -0.13602
6.48690 0.103525 -0.13453
6.57970 0.105297 -0.13301
6.67250 0.107049 -0.13147
6.76530 0.108780 -0.12991
6.85810 0.110489 -0.12832
6.95090 0.112176 -0.12671
7.04371 0.113841 -0.12508
7.13651 0.115484 -0.12343
7.22931 0.117103 -0.12175
7.32211 0.118700 -0.12005
7.41491 0.120274 -0.11834
7.50771 0.121824 -0.11660
7.60052 0.123350 -0.11484
7.69332 0.124852 -0.11306
7.78612 0.126329 -0.11126
7.87892 0.127782 -0.10944
7.97172 0.129210 -0.10760
8.06452 0.130612 -0.10575
8.15733 0.131989 -0.10387
8.25013 0.133341 -0.10198
8.34293 0.134666 -0.10007
8.43573 0.135966 -0.09814
8.52853 0.137238 -0.09620
8.62133 0.138485 -0.09424
8.71414 0.139704 -0.09226
8.80694 0.140896 -0.09027
8.89974 0.142061 -0.08826
8.99254 0.143199 -0.08623
9.08534 0.144308 -0.08419
9.17814 0.145390 -0.08214
9.27095 0.146444 -0.08007
9.36375 0.147469 -0.07799
9.45655 0.148466 -0.07590
9.54935 0.149435 -0.07379
9.64215 0.150374 -0.07167
9.73495 0.151285 -0.06954
9.82775 0.152166 -0.06740
9.92056 0.153018 -0.06524
10.01336 0.153841 -0.06308
10.10616 0.154634 -0.06090
10.19896 0.155397 -0.05872
10.29176 0.156130 -0.05652
10.38456 0.156834 -0.05432
10.47737 0.157507 -0.05210
10.57017 0.158150 -0.04988
10.66297 0.158763 -0.04765
10.75577 0.159345 -0.04542
10.84857 0.159896 -0.04317
10.94137 0.160417 -0.04092
11.03418 0.160907 -0.03866
11.12698 0.161367 -0.03640
11.21978 0.161795 -0.03413
11.31258 0.162192 -0.03185
11.40538 0.162559 -0.02957
11.49818 0.162894 -0.02729
11.59099 0.163198 -0.02500
11.68379 0.163471 -0.02271
11.77659 0.163712 -0.02042
11.86939 0.163923 -0.01812
11.96219 0.164102 -0.01583
12.05499 0.164249 -0.01353
12.14780 0.164365 -0.01122
12.24060 0.164450 -0.00892
12.33340 0.164503 -0.00662
12.42620 0.164525 -0.00432
12.51900 0.164516 -0.00202
12.61180 0.164475 0.00029
12.70461 0.164402 0.00259
12.79741 0.164299 0.00488
12.89021 0.164163 0.00718
12.98301 0.163997 0.00947
13.07581 0.163799 0.01176
13.16861 0.163570 0.01405
13.26142 0.163310 0.01633
13.35422 0.163019 0.01861
13.44702 0.162697 0.02089
13.53982 0.162343 0.02316
13.63262 0.161959 0.02542
13.72542 0.161544 0.02768
13.81823 0.161098 0.02993
13.91103 0.160621 0.03218
14.00383 0.160114 0.03441
14.09663 0.159576 0.03664
14.18943 0.159007 0.03886
14.28223 0.158409 0.04108
14.37504 0.157780 0.04328
14.46784 0.157121 0.04548
14.56064 0.156433 0.04766
14.65344 0.155714 0.04984
14.74624 0.154966 0.05200
14.83904 0.154188 0.05416
14.93185 0.153381 0.05630
15.02465 0.152545 0.05843
15.11745 0.151679 0.06055
15.21025 0.150785 0.06266
15.30305 0.149862 0.06475
15.39585 0.148911 0.06683
15.48866 0.147931 0.06890
15.58146 0.146923 0.07096
15.67426 0.145887 0.07299
15.76706 0.144823 0.07502
15.85986 0.143731 0.07703
15.95266 0.142612 0.07902
16.04547 0.141466 0.08100
16.13827 0.140293 0.08296
16.23107 0.139094 0.08491
16.32387 0.137867 0.08683
16.41667 0.136615 0.08874
16.50947 0.135336 0.09064
16.60228 0.134032 0.09251
16.69508 0.132702 0.09437
16.78788 0.131347 0.09621
16.88068 0.129966 0.09802
16.97348 0.128561 0.09982
17.06628 0.127132 0.10160
17.15908 0.125678 0.10336
17.25189 0.124200 0.10510
17.34469 0.122698 0.10682
17.43749 0.121173 0.10852
17.53029 0.119625 0.11020
17.62309 0.118054 0.11185
17.71589 0.116460 0.11348
17.80870 0.114844 0.11509
17.90150 0.113207 0.11668
17.99430 0.111547 0.11825
18.08710 0.109866 0.11979
18.17990 0.108164 0.12131
18.27270 0.106442 0.12280
18.36551 0.104699 0.12427
18.45831 0.102935 0.12572
18.55111 0.101153 0.12714
18.64391 0.099350 0.12854
18.73671 0.097529 0.12991
18.82951 0.095689 0.13126
18.92232 0.093831 0.13258
19.01512 0.091954 0.13388
19.10792 0.090060 0.13515
19.20072 0.088149 0.13639
19.29352 0.086220 0.13761
19.38632 0.084275 0.13880
19.47913 0.082314 0.13996
19.57193 0.080336 0.14109
19.66473 0.078344 0.14220
19.75753 0.076336 0.14328
19.85033 0.074313 0.14434
19.94313 0.072276 0.14536
20.03594 0.070225 0.14636
20.12874 0.068160 0.14733
20.22154 0.066082 0.14827
20.31434 0.063991 0.14918
20.40714 0.061888 0.15006
20.49994 0.059773 0.15092
20.59275 0.057646 0.15174
20.68555 0.055507 0.15254
20.77835 0.053358 0.15330
20.87115 0.051198 0.15404
20.96395 0.049028 0.15475
21.05675 0.046849 0.15542
21.14956 0.044660 0.15607
21.24236 0.042462 0.15668
21.33516 0.040256 0.15727
21.42796 0.038041 0.15783
21.52076 0.035820 0.15835
21.61356 0.033590 0.15884
21.70637 0.031354 0.15931
21.79917 0.029112 0.15974
21.89197 0.026864 0.16014
21.98477 0.024610 0.16051
22.07757 0.022351 0.16085
22.17037 0.020087 0.16116
22.26318 0.017819 0.16144
22.35598 0.015547 0.16169
22.44878 0.013272 0.16190
22.54158 0.010993 0.16209
22.63438 0.008712 0.16224
22.72718 0.006429 0.16236
22.81999 0.004144 0.16245
22.91279 0.001858 0.16251
23.00559 -0.000430 0.16254
23.09839 -0.002717 0.16253
23.19119 -0.005005 0.16250
23.28399 -0.007292 0.16243
23.37680 -0.009579 0.16233
23.46960 -0.011864 0.16220
23.56240 -0.014148 0.16204
23.65520 -0.016430 0.16185
23.74800 -0.018709 0.16163
23.84080 -0.020985 0.16137
23.93360 -0.023258 0.16108
24.02641 -0.025527 0.16077
24.11921 -0.027792 0.16042
24.21201 -0.030052 0.16004
24.30481 -0.032307 0.15963
24.39761 -0.034557 0.15919
24.49041 -0.036801 0.15871
24.58322 -0.039038 0.15821
24.67602 -0.041269 0.15768
24.76882 -0.043493 0.15711
24.86162 -0.045709 0.15652
24.95442 -0.047917 0.15589
25.04722 -0.050117 0.15524
25.14003 -0.052308 0.15455
25.23283 -0.054490 0.15383
25.32563 -0.056662 0.15309
25.41843 -0.058824 0.15231
25.51123 -0.060976 0.15151
25.60403 -0.063116 0.15067
25.69684 -0.065246 0.14981
25.78964 -0.067364 0.14892
25.88244 -0.069470 0.14799
25.97524 -0.071564 0.14704
26.06804 -0.073645 0.14606
26.16084 -0.075712 0.14506
26.25365 -0.077766 0.14402
26.34645 -0.079807 0.14296
26.43925 -0.081832 0.14186
26.53205 -0.083843 0.14074
26.62485 -0.085839 0.13960
26.71765 -0.087820 0.13842
26.81046 -0.089784 0.13722
26.90326 -0.091733 0.13599
26.99606 -0.093664 0.13473
27.08886 -0.095579 0.13345
27.18166 -0.097477 0.13214
27.27446 -0.099356 0.13081
27.36727 -0.101218 0.12945
27.46007 -0.103062 0.12806
27.55287 -0.104886 0.12665
27.64567 -0.106692 0.12522
27.73847 -0.108478 0.12376
27.83127 -0.110244 0.12227
27.92408 -0.111991 0.12076
28.01688 -0.113717 0.11923
28.10968 -0.115422 0.11767
28.20248 -0.117106 0.11609
28.29528 -0.118769 0.11449
28.38808 -0.120410 0.11286
28.48089 -0.122029 0.11122
28.57369 -0.123626 0.10955
28.66649 -0.125200 0.10785
28.75929 -0.126752 0.10614
28.85209 -0.128280 0.10440
28.94489 -0.129784 0.10265
29.03770 -0.131265 0.10087
29.13050 -0.132722 0.09907
29.22330 -0.134155 0.09726
29.31610 -0.135562 0.09542
29.40890 -0.136945 0.09357
29.50170 -0.138303 0.09169
29.59451 -0.139636 0.08980
29.68731 -0.140942 0.08789
29.78011 -0.142223 0.08596
29.87291 -0.143478 0.08401
29.96571 -0.144706 0.08205
30.05851 -0.145908 0.08007
30.15132 -0.147083 0.07807
30.24412 -0.148230 0.07605
30.33692 -0.149351 0.07403
30.42972 -0.150444 0.07198
30.52252 -0.151509 0.06992
30.61532 -0.152546 0.06785
30.70812 -0.153555 0.06576
30.80093 -0.154536 0.06366
30.89373 -0.155488 0.06154
30.98653 -0.156412 0.05941
31.07933 -0.157306 0.05727
31.17213 -0.158172 0.05512
31.26493 -0.159008 0.05295
31.35774 -0.159815 0.05077
31.45054 -0.160593 0.04859
31.54334 -0.161340 0.04639
31.63614 -0.162058 0.04418
31.72894 -0.162746 0.04196
31.82174 -0.163403 0.03973
31.91455 -0.164031 0.03749
32.00735 -0.164628 0.03525
32.10015 -0.165194 0.03299
32.19295 -0.165730 0.03073
32.28575 -0.166235 0.02846
32.37855 -0.166709 0.02618
32.47136 -0.167153 0.02390
32.56416 -0.167565 0.02161
32.65696 -0.167946 0.01932
32.74976 -0.168296 0.01702
32.84256 -0.168615 0.01471
32.93536 -0.168902 0.01240
33.02817 -0.169158 0.01009
33.12097 -0.169382 0.00777
33.21377 -0.169575 0.00545
33.30657 -0.169736 0.00312
33.39937 -0.169866 0.00080
33.49217 -0.169964 -0.00153
33.58498 -0.170030 -0.00386
33.67778 -0.170065 -0.00619
33.77058 -0.170068 -0.00852
33.86338 -0.170039 -0.01085
33.95618 -0.169979 -0.01318
34.04898 -0.169887 -0.01551
34.14179 -0.169763 -0.01784
34.23459 -0.169607 -0.02017
34.32739 -0.169420 -0.02249
34.42019 -0.169201 -0.02481
34.51299 -0.168950 -0.02713
34.60579 -0.168668 -0.02945
34.69860 -0.168354 -0.03176
34.79140 -0.168009 -0.03407
34.88420 -0.167632 -0.03638
34.97700 -0.167223 -0.03868
35.06980 -0.166784 -0.04097
35.16260 -0.166313 -0.04326
35.25541 -0.165811 -0.04554
35.34821 -0.165278 -0.04782
35.44101 -0.164714 -0.05009
35.53381 -0.164118 -0.05235
35.62661 -0.163492 -0.05460
35.71941 -0.162836 -0.05684
35.81222 -0.162148 -0.05908
35.90502 -0.161430 -0.06131
35.99782 -0.160682 -0.06352
36.09062 -0.159903 -0.06573
36.18342 -0.159095 -0.06793
36.27622 -0.158256 -0.07011
36.36903 -0.157388 -0.07229
36.46183 -0.156489 -0.07445
36.55463 -0.155561 -0.07660
36.64743 -0.154604 -0.07874
36.74023 -0.153618 -0.08087
36.83303 -0.152602 -0.08298
36.92584 -0.151558 -0.08508
37.01864 -0.150485 -0.08716
37.11144 -0.149383 -0.08924
37.20424 -0.148253 -0.09129
37.29704 -0.147095 -0.09333
37.38984 -0.145909 -0.09536
37.48264 -0.144695 -0.09737
37.57545 -0.143454 -0.09936
37.66825 -0.142186 -0.10134
37.76105 -0.140890 -0.10330
37.85385 -0.139567 -0.10524
37.94665 -0.138218 -0.10716
38.03945 -0.136843 -0.10907
38.13226 -0.135441 -0.11096
38.22506 -0.134014 -0.11283
38.31786 -0.132561 -0.11468
38.41066 -0.131082 -0.11651
38.50346 -0.129578 -0.11832
38.59626 -0.128050 -0.12011
38.68907 -0.126496 -0.12188
38.78187 -0.124919 -0.12363
38.87467 -0.123317 -0.12536
38.96747 -0.121692 -0.12707
39.06027 -0.120043 -0.12875
39.15307 -0.118371 -0.13041
39.24588 -0.116676 -0.13205
39.33868 -0.114959 -0.13367
39.43148 -0.113219 -0.13527
39.52428 -0.111457 -0.13684
39.61708 -0.109674 -0.13839
39.70988 -0.107869 -0.13991
39.80269 -0.106043 -0.14141
39.89549 -0.104196 -0.14289
39.98829 -0.102329 -0.14434
40.08109 -0.100442 -0.14576
40.17389 -0.098535 -0.14716
40.26669 -0.096609 -0.14854
40.35950 -0.094664 -0.14989
40.45230 -0.092700 -0.15121
40.54510 -0.090718 -0.15251
40.63790 -0.088717 -0.15378
40.73070 -0.086699 -0.15502
40.82350 -0.084664 -0.15624
40.91631 -0.082612 -0.15743
41.00911 -0.080543 -0.15859
41.10191 -0.078458 -0.15973
41.19471 -0.076357 -0.16083
41.28751 -0.074240 -0.16191
41.38031 -0.072109 -0.16296
41.47312 -0.069962 -0.16398
41.56592 -0.067802 -0.16498
41.65872 -0.065627 -0.16594
41.75152 -0.063439 -0.16687
41.84432 -0.061238 -0.16778
41.93712 -0.059024 -0.16866
42.02993 -0.056797 -0.16950
42.12273 -0.054558 -0.17032
42.21553 -0.052308 -0.17111
42.30833 -0.050047 -0.17186
42.40113 -0.047775 -0.17259
42.49393 -0.045492 -0.17329
42.58674 -0.043199 -0.17395
42.67954 -0.040897 -0.17459
42.77234 -0.038585 -0.17519
42.86514 -0.036265 -0.17577
42.95794 -0.033937 -0.17631
43.05074 -0.031600 -0.17682
43.14355 -0.029256 -0.17730
43.23635 -0.026904 -0.17775
43.32915 -0.024546 -0.17817
43.42195 -0.022182 -0.17855
43.51475 -0.019812 -0.17891
43.60755 -0.017436 -0.17923
43.70036 -0.015055 -0.17952
43.79316 -0.012670 -0.17978
43.88596 -0.010280 -0.18001
43.97876 -0.007887 -0.18020
44.07156 -0.005490 -0.18037
44.16436 -0.003091 -0.18050
44.25716 -0.000688 -0.18060
44.34997 0.001716 -0.18067
44.44277 0.004122 -0.18070
44.53557 0.006529 -0.18071
44.62837 0.008937 -0.18068
44.72117 0.011345 -0.18062
44.81397 0.013753 -0.18053
44.90678 0.016161 -0.18040
44.99958 0.018568 -0.18024
45.09238 0.020974 -0.18006
45.18518 0.023377 -0.17983
45.27798 0.025779 -0.17958
45.37078 0.028178 -0.17930
45.46359 0.030574 -0.17898
45.55639 0.032966 -0.17863
45.64919 0.035355 -0.17825
45.74199 0.037739 -0.17784
45.83479 0.040119 -0.17739
45.92759 0.042493 -0.17692
46.02040 0.044862 -0.17641
46.11320 0.047225 -0.17587
46.20600 0.049581 -0.17530
46.29880 0.051931 -0.17470
46.39160 0.054273 -0.17407
46.48440 0.056608 -0.17340
46.57721 0.058934 -0.17271
46.67001 0.061252 -0.17198
46.76281 0.063561 -0.17122
46.85561 0.065861 -0.17044
46.94841 0.068151 -0.16962
47.04121 0.070431 -0.16877
47.13402 0.072701 -0.16789
47.22682 0.074959 -0.16698
47.31962 0.077206 -0.16604
47.41242 0.079442 -0.16507
47.50522 0.081665 -0.16407
47.59802 0.083876 -0.16304
47.69083 0.086074 -0.16198
47.78363 0.088258 -0.16090
47.87643 0.090429 -0.15978
47.96923 0.092585 -0.15864
48.06203 0.094728 -0.15746
48.15483 0.096855 -0.15626
48.24764 0.098967 -0.15503
48.34044 0.101063 -0.15377
48.43324 0.103144 -0.15248
48.52604 0.105208 -0.15117
48.61884 0.107255 -0.14983
48.71164 0.109285 -0.14846
48.80445 0.111298 -0.14706
48.89725 0.113293 -0.14564
48.99005 0.115270 -0.14419
49.08285 0.117228 -0.14272
49.17565 0.119167 -0.14122
49.26845 0.121088 -0.13969
49.36126 0.122988 -0.13814
49.45406 0.124869 -0.13656
49.54686 0.126729 -0.13496
49.63966 0.128569 -0.13333
49.73246 0.130388 -0.13168
49.82526 0.132185 -0.13000
49.91807 0.133961 -0.12830
50.01087 0.135716 -0.12658
50.10367 0.137448 -0.12483
50.19647 0.139157 -0.12306
50.28927 0.140844 -0.12127
50.38207 0.142507 -0.11945
50.47488 0.144147 -0.11762
50.56768 0.145764 -0.11576
50.66048 0.147356 -0.11388
50.75328 0.148924 -0.11198
50.84608 0.150468 -0.11006
50.93888 0.151986 -0.10811
51.03168 0.153480 -0.10615
51.12449 0.154948 -0.10417
51.21729 0.156390 -0.10217
51.31009 0.157807 -0.10015
51.40289 0.159197 -0.09811
51.49569 0.160561 -0.09605
51.58849 0.161898 -0.09397
51.68130 0.163208 -0.09188
51.77410 0.164492 -0.08977
51.86690 0.165747 -0.08764
51.95970 0.166975 -0.08549
52.05250 0.168175 -0.08333
52.14530 0.169348 -0.08116
52.23811 0.170491 -0.07896
52.33091 0.171607 -0.07676
52.42371 0.172693 -0.07453
52.51651 0.173751 -0.07230
52.60931 0.174780 -0.07005
52.70211 0.175779 -0.06778
52.79492 0.176749 -0.06550
52.88772 0.177689 -0.06321
52.98052 0.178600 -0.06091
53.07332 0.179480 -0.05860
53.16612 0.180330 -0.05627
53.25892 0.181150 -0.05393
53.35173 0.181939 -0.05158
53.44453 0.182698 -0.04923
53.53733 0.183426 -0.04686
53.63013 0.184124 -0.04448
53.72293 0.184790 -0.04209
53.81573 0.185425 -0.03969
53.90854 0.186028 -0.03729
54.00134 0.186601 -0.03488
54.09414 0.187141 -0.03246
54.18694 0.187651 -0.03003
54.27974 0.188128 -0.02759
54.37254 0.188574 -0.02515
54.46535 0.188988 -0.02271
54.55815 0.189369 -0.02026
54.65095 0.189719 -0.01780
54.74375 0.190037 -0.01534
54.83655 0.190322 -0.01287
54.92935 0.190576 -0.01040
55.02216 0.190797 -0.00793
55.11496 0.190985 -0.00546
55.20776 0.191141 -0.00298
55.30056 0.191265 -0.00050
55.39336 0.191357 0.00198
55.48616 0.191416 0.00446
55.57897 0.191442 0.00695
55.67177 0.191436 0.00943
55.76457 0.191397 0.01191
55.85737 0.191326 0.01440
55.95017 0.191222 0.01688
56.04297 0.191086 0.01936
56.13578 0.190917 0.02184
56.22858 0.190716 0.02431
56.32138 0.190483 0.02679
56.41418 0.190217 0.02925
56.50698 0.189918 0.03172
56.59978 0.189587 0.03418
56.69259 0.189224 0.03664
56.78539 0.188829 0.03909
56.87819 0.188402 0.04154
56.97099 0.187942 0.04398
57.06379 0.187450 0.04642
57.15659 0.186927 0.04885
57.24940 0.186371 0.05127
57.34220 0.185784 0.05368
57.43500 0.185165 0.05609
57.52780 0.184515 0.05849
57.62060 0.183833 0.06088
57.71340 0.183120 0.06326
57.80620 0.182375 0.06563
57.89901 0.181599 0.06799
57.99181 0.180793 0.07034
58.08461 0.179955 0.07268
58.17741 0.179087 0.07501
58.27021 0.178188 0.07732
58.36301 0.177258 0.07963
58.45582 0.176299 0.08192
58.54862 0.175309 0.08420
58.64142 0.174289 0.08647
58.73422 0.173240 0.08872
58.82702 0.172161 0.09096
58.91982 0.171052 0.09318
59.01263 0.169914 0.09539
59.10543 0.168747 0.09759
59.19823 0.167552 0.09976
59.29103 0.166327 0.10193
59.38383 0.165074 0.10407
59.47663 0.163793 0.10620
59.56944 0.162484 0.10832
59.66224 0.161148 0.11041
59.75504 0.159783 0.11249
59.84784 0.158391 0.11455
59.94064 0.156973 0.11659
60.03344 0.155527 0.11861
60.12625 0.154055 0.12061
60.21905 0.152556 0.12259
60.31185 0.151031 0.12456
60.40465 0.149481 0.12650
60.49745 0.147905 0.12842
60.59025 0.146303 0.13032
60.68306 0.144677 0.13220
60.77586 0.143026 0.13406
60.86866 0.141350 0.13590
60.96146 0.139650 0.13771
61.05426 0.137926 0.13950
61.14706 0.136179 0.14127
61.23987 0.134408 0.14301
61.33267 0.132615 0.14474
61.42547 0.130798 0.14643
61.51827 0.128960 0.14811
61.61107 0.127099 0.14976
61.70387 0.125217 0.15138
61.79668 0.123313 0.15298
61.88948 0.121388 0.15455
61.98228 0.119442 0.15610
62.07508 0.117476 0.15762
62.16788 0.115490 0.15912
62.26068 0.113485 0.16059
62.35349 0.111459 0.16203
62.44629 0.109415 0.16345
62.53909 0.107352 0.16484
62.63189 0.105271 0.16620
62.72469 0.103172 0.16754
62.81749 0.101055 0.16884
62.91030 0.098921 0.17012
63.00310 0.096770 0.17137
63.09590 0.094603 0.17259
63.18870 0.092419 0.17379
63.28150 0.090220 0.17495
63.37430 0.088005 0.17609
63.46711 0.085776 0.17719
63.55991 0.083532 0.17827
63.65271 0.081273 0.17931
63.74551 0.079001 0.18033
63.83831 0.076715 0.18132
63.93111 0.074417 0.18227
64.02392 0.072106 0.18320
64.11672 0.069782 0.18409
64.20952 0.067447 0.18496
64.30232 0.065100 0.18579
64.39512 0.062742 0.18659
64.48792 0.060374 0.18736
64.58072 0.057996 0.18810
64.67353 0.055607 0.18881
64.76633 0.053210 0.18949
64.85913 0.050803 0.19013
64.95193 0.048388 0.19075
65.04473 0.045965 0.19133
65.13753 0.043534 0.19188
65.23034 0.041095 0.19240
65.32314 0.038650 0.19288
65.41594 0.036199 0.19333
65.50874 0.033741 0.19375
65.60154 0.031278 0.19414
65.69434 0.028810 0.19450
65.78715 0.026337 0.19482
65.87995 0.023859 0.19511
65.97275 0.021378 0.19537
66.06555 0.018893 0.19559
66.15835 0.016406 0.19578
66.25115 0.013915 0.19594
66.34396 0.011423 0.19607
66.43676 0.008929 0.19616
66.52956 0.006434 0.19622
66.62236 0.003937 0.19625
66.71516 0.001441 0.19625
66.80796 -0.001056 0.19621
66.90077 -0.003552 0.19614
66.99357 -0.006048 0.19603
67.08637 -0.008542 0.19590
67.17917 -0.011034 0.19573
67.27197 -0.013524 0.19553
67.36477 -0.016011 0.19529
67.45758 -0.018496 0.19502
67.55038 -0.020977 0.19472
67.64318 -0.023454 0.19439
67.73598 -0.025927 0.19402
67.82878 -0.028395 0.19363
67.92158 -0.030858 0.19320
68.01439 -0.033315 0.19273
68.10719 -0.035766 0.19224
68.19999 -0.038211 0.19171
68.29279 -0.040649 0.19115
68.38559 -0.043080 0.19056
68.47839 -0.045503 0.18994
68.57120 -0.047918 0.18928
68.66400 -0.050324 0.18860
68.75680 -0.052721 0.18788
68.84960 -0.055109 0.18713
68.94240 -0.057487 0.18635
69.03520 -0.059855 0.18554
69.12801 -0.062212 0.18469
69.22081 -0.064559 0.18382
69.31361 -0.066893 0.18291
69.40641 -0.069217 0.18198
69.49921 -0.071527 0.18101
69.59201 -0.073825 0.18002
69.68482 -0.076111 0.17899
69.77762 -0.078382 0.17794
69.87042 -0.080640 0.17685
69.96322 -0.082884 0.17574
70.05602 -0.085113 0.17459
70.14882 -0.087327 0.17342
70.24163 -0.089526 0.17222
70.33443 -0.091709 0.17099
70.42723 -0.093876 0.16973
70.52003 -0.096026 0.16844
70.61283 -0.098160 0.16712
70.70563 -0.100276 0.16578
70.79844 -0.102375 0.16441
70.89124 -0.104456 0.16301
70.98404 -0.106518 0.16159
71.07684 -0.108562 0.16014
71.16964 -0.110587 0.15866
71.26244 -0.112593 0.15715
71.35524 -0.114578 0.15562
71.44805 -0.116544 0.15407
71.54085 -0.118489 0.15248
71.63365 -0.120414 0.15088
71.72645 -0.122318 0.14924
71.81925 -0.124200 0.14759
71.91205 -0.126060 0.14591
72.00486 -0.127899 0.14420
72.09766 -0.129715 0.14247
72.19046 -0.131508 0.14072
72.28326 -0.133279 0.13894
72.37606 -0.135026 0.13714
72.46886 -0.136750 0.13532
72.56167 -0.138450 0.13348
72.65447 -0.140125 0.13162
72.74727 -0.141776 0.12973
72.84007 -0.143403 0.12782
72.93287 -0.145004 0.12589
73.02567 -0.146581 0.12394
73.11848 -0.148131 0.12197
73.21128 -0.149656 0.11998
73.30408 -0.151155 0.11797
73.39688 -0.152627 0.11595
73.48968 -0.154073 0.11390
73.58248 -0.155493 0.11183
73.67529 -0.156885 0.10975
73.76809 -0.158249 0.10765
73.86089 -0.159586 0.10553
73.95369 -0.160896 0.10339
74.04649 -0.162177 0.10124
74.13929 -0.163431 0.09907
74.23210 -0.164655 0.09689
74.32490 -0.165852 0.09469
74.41770 -0.167019 0.09247
74.51050 -0.168157 0.09024
74.60330 -0.169267 0.08800
74.69610 -0.170346 0.08574
74.78891 -0.171396 0.08347
74.88171 -0.172417 0.08118
74.97451 -0.173407 0.07888
75.06731 -0.174368 0.07657
75.16011 -0.175298 0.07425
75.25291 -0.176197 0.07192
75.34572 -0.177067 0.06957
75.43852 -0.177905 0.06722
75.53132 -0.178712 0.06485
75.62412 -0.179489 0.06248
75.71692 -0.180234 0.06009
75.80972 -0.180949 0.05770
75.90253 -0.181632 0.05529
75.99533 -0.182283 0.05288
76.08813 -0.182903 0.05046
76.18093 -0.183491 0.04804
76.27373 -0.184047 0.04560
76.36653 -0.184572 0.04316
76.45934 -0.185064 0.04072
76.55214 -0.185525 0.03827
76.64494 -0.185953 0.03581
76.73774 -0.186349 0.03335
76.83054 -0.186713 0.03088
76.92334 -0.187045 0.02841
77.01615 -0.187344 0.02594
77.10895 -0.187611 0.02346
77.20175 -0.187846 0.02098
77.29455 -0.188048 0.01850
77.38735 -0.188218 0.01602
77.48015 -0.188355 0.01353
77.57296 -0.188459 0.01105
77.66576 -0.188531 0.00856
77.75856 -0.188571 0.00607
77.85136 -0.188578 0.00359
77.94416 -0.188552 0.00110
78.03696 -0.188494 -0.00138
78.12976 -0.188404 -0.00386
78.22257 -0.188281 -0.00634
78.31537 -0.188125 -0.00882
78.40817 -0.187937 -0.01130
78.50097 -0.187717 -0.01377
78.59377 -0.187464 -0.01623
78.68657 -0.187180 -0.01870
78.77938 -0.186862 -0.02116
78.87218 -0.186513 -0.02361
78.96498 -0.186132 -0.02606
79.05778 -0.185719 -0.02850
79.15058 -0.185273 -0.03093
79.24338 -0.184796 -0.03336
79.33619 -0.184288 -0.03578
79.42899 -0.183747 -0.03820
79.52179 -0.183175 -0.04060
79.61459 -0.182572 -0.04300
79.70739 -0.181937 -0.04539
79.80019 -0.181271 -0.04777
79.89300 -0.180574 -0.05013
79.98580 -0.179846 -0.05249
80.07860 -0.179088 -0.05484
80.17140 -0.178298 -0.05718
80.26420 -0.177478 -0.05950
80.35700 -0.176628 -0.06182
80.44981 -0.175748 -0.06412
80.54261 -0.174837 -0.06641
80.63541 -0.173897 -0.06868
80.72821 -0.172927 -0.07095
80.82101 -0.171927 -0.07319
80.91381 -0.170899 -0.07543
81.00662 -0.169841 -0.07765
81.09942 -0.168754 -0.07985
81.19222 -0.167638 -0.08204
81.28502 -0.166494 -0.08422
81.37782 -0.165321 -0.08637
81.47062 -0.164120 -0.08851
81.56343 -0.162892 -0.09064
81.65623 -0.161636 -0.09274
81.74903 -0.160352 -0.09483
81.84183 -0.159041 -0.09691
81.93463 -0.157703 -0.09896
82.02743 -0.156339 -0.10099
82.12024 -0.154948 -0.10301
82.21304 -0.153531 -0.10500
82.30584 -0.152088 -0.10698
82.39864 -0.150619 -0.10893
82.49144 -0.149124 -0.11087
82.58424 -0.147605 -0.11278
82.67705 -0.146061 -0.11468
82.76985 -0.144492 -0.11655
82.86265 -0.142899 -0.11840
82.95545 -0.141282 -0.12023
83.04825 -0.139641 -0.12203
83.14105 -0.137977 -0.12382
83.23386 -0.136289 -0.12558
83.32666 -0.134579 -0.12731
83.41946 -0.132847 -0.12903
83.51226 -0.131092 -0.13072
83.60506 -0.129315 -0.13238
83.69786 -0.127517 -0.13402
83.79067 -0.125697 -0.13564
83.88347 -0.123857 -0.13723
83.97627 -0.121996 -0.13879
84.06907 -0.120115 -0.14033
84.16187 -0.118214 -0.14185
84.25467 -0.116294 -0.14333
84.34748 -0.114354 -0.14479
84.44028 -0.112396 -0.14623
84.53308 -0.110419 -0.14764
84.62588 -0.108424 -0.14902
84.71868 -0.106411 -0.15037
84.81148 -0.104381 -0.15169
84.90428 -0.102334 -0.15299
84.99709 -0.100271 -0.15426
85.08989 -0.098191 -0.15550
85.18269 -0.096095 -0.15672
85.27549 -0.093984 -0.15790
85.36829 -0.091857 -0.15905
85.46109 -0.089716 -0.16018
85.55390 -0.087561 -0.16128
85.64670 -0.085391 -0.16234
85.73950 -0.083208 -0.16338
85.83230 -0.081012 -0.16439
85.92510 -0.078803 -0.16537
86.01790 -0.076582 -0.16632
86.11071 -0.074349 -0.16723
86.20351 -0.072104 -0.16812
86.29631 -0.069848 -0.16897
86.38911 -0.067581 -0.16980
86.48191 -0.065304 -0.17059
86.57471 -0.063018 -0.17136
86.66752 -0.060721 -0.17209
86.76032 -0.058416 -0.17279
86.85312 -0.056102 -0.17346
86.94592 -0.053779 -0.17410
87.03872 -0.051449 -0.17470
87.13152 -0.049112 -0.17528
87.22433 -0.046767 -0.17582
87.31713 -0.044416 -0.17633
87.40993 -0.042059 -0.17681
87.50273 -0.039696 -0.17726
87.59553 -0.037328 -0.17767
87.68833 -0.034955 -0.17806
87.78114 -0.032577 -0.17841
87.87394 -0.030196 -0.17872
87.96674 -0.027811 -0.17901
88.05954 -0.025423 -0.17926
88.15234 -0.023032 -0.17948
88.24514 -0.020639 -0.17967
88.33795 -0.018244 -0.17983
88.43075 -0.015848 -0.17995
88.52355 -0.013451 -0.18004
88.61635 -0.011053 -0.18010
88.70915 -0.008655 -0.18012
88.80195 -0.006258 -0.18012
88.89476 -0.003861 -0.18008
88.98756 -0.001466 -0.18001
89.08036 0.000928 -0.17990
89.17316 0.003319 -0.17977
89.26596 0.005708 -0.17960
89.35876 0.008094 -0.17939
89.45157 0.010477 -0.17916
89.54437 0.012856 -0.17890
89.63717 0.015230 -0.17860
89.72997 0.017600 -0.17827
89.82277 0.019965 -0.17790
89.91557 0.022324 -0.17751
90.00838 0.024678 -0.17708
90.10118 0.027024 -0.17663
90.19398 0.029365 -0.17614
90.28678 0.031697 -0.17561
90.37958 0.034022 -0.17506
90.47238 0.036339 -0.17448
90.56519 0.038648 -0.17386
90.65799 0.040947 -0.17321
90.75079 0.043238 -0.17254
90.84359 0.045518 -0.17183
90.93639 0.047788 -0.17109
91.02919 0.050048 -0.17032
91.12200 0.052297 -0.16952
91.21480 0.054534 -0.16869
91.30760 0.056759 -0.16783
91.40040 0.058973 -0.16693
91.49320 0.061173 -0.16601
91.58600 0.063361 -0.16506
91.67881 0.065535 -0.16408
91.77161 0.067695 -0.16307
91.86441 0.069841 -0.16204
91.95721 0.071973 -0.16097
92.05001 0.074089 -0.15987
92.14281 0.076191 -0.15875
92.23561 0.078276 -0.15760
92.32842 0.080345 -0.15642
92.42122 0.082398 -0.15521
92.51402 0.084434 -0.15397
92.60682 0.086453 -0.15271
92.69962 0.088454 -0.15142
92.79242 0.090437 -0.15010
92.88523 0.092402 -0.14876
92.97803 0.094348 -0.14739
93.07083 0.096275 -0.14599
93.16363 0.098183 -0.14457
93.25643 0.100071 -0.14312
93.34923 0.101939 -0.14165
93.44204 0.103786 -0.14015
93.53484 0.105613 -0.13863
93.62764 0.107419 -0.13708
93.72044 0.109203 -0.13551
93.81324 0.110965 -0.13392
93.90604 0.112706 -0.13230
93.99885 0.114424 -0.13066
94.09165 0.116120 -0.12899
94.18445 0.117792 -0.12730
94.27725 0.119441 -0.12559
94.37005 0.121067 -0.12386
94.46285 0.122669 -0.12211
94.55566 0.124246 -0.12034
94.64846 0.125799 -0.11854
94.74126 0.127328 -0.11672
94.83406 0.128831 -0.11489
94.92686 0.130309 -0.11303
95.01966 0.131762 -0.11116
95.11247 0.133189 -0.10926
95.20527 0.134589 -0.10735
95.29807 0.135964 -0.10541
95.39087 0.137312 -0.10346
95.48367 0.138633 -0.10150
95.57647 0.139927 -0.09951
95.66928 0.141193 -0.09751
95.76208 0.142432 -0.09549
95.85488 0.143644 -0.09345
95.94768 0.144827 -0.09140
96.04048 0.145983 -0.08933
96.13328 0.147110 -0.08725
96.22609 0.148208 -0.08515
96.31889 0.149278 -0.08304
96.41169 0.150319 -0.08091
96.50449 0.151330 -0.07878
96.59729 0.152312 -0.07662
96.69009 0.153265 -0.07446
96.78290 0.154188 -0.07228
96.87570 0.155082 -0.07009
96.96850 0.155945 -0.06789
97.06130 0.156778 -0.06568
97.15410 0.157581 -0.06346
97.24690 0.158353 -0.06122
97.33971 0.159095 -0.05898
97.43251 0.159806 -0.05673
97.52531 0.160486 -0.05447
97.61811 0.161136 -0.05220
97.71091 0.161754 -0.04992
97.80371 0.162341 -0.04763
97.89652 0.162897 -0.04534
97.98932 0.163421 -0.04304
98.08212 0.163914 -0.04073
98.17492 0.164376 -0.03842
98.26772 0.164805 -0.03610
98.36052 0.165204 -0.03378
98.45333 0.165570 -0.03145
98.54613 0.165904 -0.02912
98.63893 0.166207 -0.02678
98.73173 0.166478 -0.02444
98.82453 0.166717 -0.02210
98.91733 0.166923 -0.01975
99.01013 0.167098 -0.01740
99.10294 0.167241 -0.01505
99.19574 0.167351 -0.01270
99.28854 0.167430 -0.01035
99.38134 0.167476 -0.00800
99.47414 0.167490 -0.00565
99.56694 0.167472 -0.00330
99.65975 0.167423 -0.00095
99.75255 0.167340 0.00140
99.84535 0.167226 0.00374
99.93815 0.167080 0.00609
100.03095 0.166902 0.00843
100.12375 0.166692 0.01077
100.21656 0.166450 0.01310
100.30936 0.166176 0.01543
100.40216 0.165871 0.01776
100.49496 0.165533 0.02008
100.58776 0.165164 0.02240
100.68056 0.164764 0.02471
100.77337 0.164332 0.02701
100.86617 0.163868 0.02931
100.95897 0.163373 0.03160
101.05177 0.162847 0.03388
101.14457 0.162290 0.03615
101.23737 0.161702 0.03842
101.33018 0.161083 0.04068
101.42298 0.160433 0.04293
101.51578 0.159752 0.04516
101.60858 0.159041 0.04739
101.70138 0.158300 0.04961
101.79418 0.157528 0.05182
101.88699 0.156727 0.05401
101.97979 0.155895 0.05620
102.07259 0.155034 0.05837
102.16539 0.154143 0.06053
102.25819 0.153223 0.06268
102.35099 0.152273 0.06481
102.44380 0.151294 0.06693
102.53660 0.150287 0.06903
102.62940 0.149251 0.07112
102.72220 0.148186 0.07320
102.81500 0.147093 0.07526
102.90780 0.145972 0.07730
103.00061 0.144824 0.07933
103.09341 0.143647 0.08135
103.18621 0.142444 0.08334
103.27901 0.141213 0.08532
103.37181 0.139955 0.08728
103.46461 0.138670 0.08922
103.55742 0.137359 0.09115
103.65022 0.136022 0.09305
103.74302 0.134659 0.09494
103.83582 0.133271 0.09681
103.92862 0.131857 0.09865
104.02142 0.130417 0.10048
104.11423 0.128953 0.10229
104.20703 0.127465 0.10407
104.29983 0.125952 0.10584
104.39263 0.124415 0.10758
104.48543 0.122855 0.10930
104.57823 0.121271 0.11100
104.67104 0.119663 0.11268
104.76384 0.118034 0.11434
104.85664 0.116381 0.11597
104.94944 0.114707 0.11758
105.04224 0.113010 0.11916
105.13504 0.111293 0.12072
105.22785 0.109553 0.12226
105.32065 0.107794 0.12377
105.41345 0.106013 0.12526
105.50625 0.104212 0.12672
105.59905 0.102392 0.12816
105.69185 0.100552 0.12957
105.78465 0.098693 0.13095
105.87746 0.096815 0.13231
105.97026 0.094918 0.13365
106.06306 0.093004 0.13495
106.15586 0.091072 0.13623
106.24866 0.089122 0.13748
106.34146 0.087156 0.13871
106.43427 0.085173 0.13991
106.52707 0.083173 0.14108
106.61987 0.081158 0.14222
106.71267 0.079128 0.14333
106.80547 0.077082 0.14442
106.89827 0.075022 0.14547
106.99108 0.072947 0.14650
107.08388 0.070858 0.14750
107.17668 0.068756 0.14847
107.26948 0.066641 0.14941
107.36228 0.064513 0.15032
107.45508 0.062373 0.15120
107.54789 0.060221 0.15205
107.64069 0.058057 0.15287
107.73349 0.055882 0.15366
107.82629 0.053697 0.15442
107.91909 0.051501 0.15515
108.01189 0.049296 0.15585
108.10470 0.047081 0.15652
108.19750 0.044857 0.15715
108.29030 0.042625 0.15776
108.38310 0.040384 0.15833
108.47590 0.038136 0.15888
108.56870 0.035880 0.15939
108.66151 0.033618 0.15987
108.75431 0.031349 0.16032
108.84711 0.029074 0.16074
108.93991 0.026794 0.16112
109.03271 0.024508 0.16148
109.12551 0.022218 0.16180
109.21832 0.019923 0.16209
109.31112 0.017624 0.16235
109.40392 0.015322 0.16258
109.49672 0.013018 0.16277
109.58952 0.010710 0.16293
109.68232 0.008401 0.16306
109.77513 0.006089 0.16316
109.86793 0.003777 0.16323
109.96073 0.001464 0.16326
110.05353 -0.000850 0.16326
110.14633 -0.003163 0.16323
110.23913 -0.005476 0.16317
110.33194 -0.007788 0.16307
110.42474 -0.010099 0.16295
110.51754 -0.012408 0.16279
110.61034 -0.014714 0.16260
110.70314 -0.017018 0.16237
110.79594 -0.019319 0.16212
110.88875 -0.021616 0.16183
110.98155 -0.023909 0.16151
111.07435 -0.026197 0.16116
111.16715 -0.028481 0.16078
111.25995 -0.030759 0.16036
111.35275 -0.033032 0.15992
111.44556 -0.035298 0.15944
111.53836 -0.037558 0.15893
111.63116 -0.039811 0.15839
111.72396 -0.042056 0.15782
111.81676 -0.044293 0.15721
111.90956 -0.046522 0.15658
112.00237 -0.048742 0.15591
112.09517 -0.050954 0.15522
112.18797 -0.053155 0.15449
112.28077 -0.055347 0.15374
112.37357 -0.057528 0.15295
112.46637 -0.059698 0.15213
112.55917 -0.061857 0.15128
112.65198 -0.064004 0.15040
112.74478 -0.066139 0.14950
112.83758 -0.068262 0.14856
112.93038 -0.070372 0.14759
113.02318 -0.072469 0.14660
113.11598 -0.074552 0.14557
113.20879 -0.076621 0.14452
113.30159 -0.078675 0.14344
113.39439 -0.080714 0.14232
113.48719 -0.082739 0.14119
113.57999 -0.084747 0.14002
113.67279 -0.086740 0.13882
113.76560 -0.088716 0.13760
113.85840 -0.090676 0.13635
113.95120 -0.092618 0.13507
114.04400 -0.094543 0.13377
114.13680 -0.096450 0.13244
114.22960 -0.098339 0.13108
114.32241 -0.100209 0.12970
114.41521 -0.102060 0.12829
114.50801 -0.103892 0.12685
114.60081 -0.105704 0.12539
114.69361 -0.107496 0.12390
114.78641 -0.109268 0.12239
114.87922 -0.111019 0.12086
114.97202 -0.112749 0.11930
115.06482 -0.114457 0.11771
115.15762 -0.116144 0.11611
115.25042 -0.117809 0.11448
115.34322 -0.119452 0.11282
115.43603 -0.121072 0.11115
115.52883 -0.122669 0.10945
115.62163 -0.124243 0.10773
115.71443 -0.125793 0.10598
115.80723 -0.127319 0.10422
115.90003 -0.128821 0.10243
115.99284 -0.130299 0.10063
116.08564 -0.131752 0.09880
116.17844 -0.133180 0.09695
116.27124 -0.134583 0.09509
116.36404 -0.135960 0.09320
116.45684 -0.137311 0.09130
116.54965 -0.138636 0.08937
116.64245 -0.139935 0.08743
116.73525 -0.141207 0.08547
116.82805 -0.142453 0.08349
116.92085 -0.143671 0.08149
117.01365 -0.144862 0.07948
117.10646 -0.146025 0.07745
117.19926 -0.147161 0.07541
117.29206 -0.148269 0.07335
117.38486 -0.149348 0.07127
117.47766 -0.150399 0.06918
117.57046 -0.151421 0.06707
117.66327 -0.152415 0.06495
117.75607 -0.153379 0.06282
117.84887 -0.154315 0.06067
117.94167 -0.155220 0.05851
118.03447 -0.156097 0.05634
118.12727 -0.156943 0.05415
118.22008 -0.157760 0.05196
118.31288 -0.158546 0.04975
118.40568 -0.159303 0.04753
118.49848 -0.160028 0.04530
118.59128 -0.160724 0.04306
118.68408 -0.161388 0.04081
118.77689 -0.162022 0.03855
118.86969 -0.162625 0.03628
118.96249 -0.163197 0.03401
119.05529 -0.163738 0.03172
119.14809 -0.164247 0.02943
119.24089 -0.164725 0.02713
119.33369 -0.165171 0.02482
119.42650 -0.165586 0.02251
119.51930 -0.165969 0.02019
119.61210 -0.166321 0.01787
119.70490 -0.166640 0.01554
119.79770 -0.166928 0.01321
119.89050 -0.167184 0.01087
119.98331 -0.167407 0.00853
120.07611 -0.167599 0.00619
120.16891 -0.167758 0.00384
120.26171 -0.167886 0.00149
120.35451 -0.167981 -0.00086
120.44731 -0.168044 -0.00321
120.54012 -0.168074 -0.00556
120.63292 -0.168073 -0.00792
120.72572 -0.168039 -0.01027
120.81852 -0.167972 -0.01262
120.91132 -0.167874 -0.01498
121.00412 -0.167743 -0.01733
121.09693 -0.167580 -0.01968
121.18973 -0.167385 -0.02203
121.28253 -0.167158 -0.02437
121.37533 -0.166898 -0.02671
121.46813 -0.166606 -0.02905
121.56093 -0.166282 -0.03139
121.65374 -0.165926 -0.03372
121.74654 -0.165539 -0.03604
121.83934 -0.165119 -0.03836
121.93214 -0.164667 -0.04068
122.02494 -0.164184 -0.04299
122.11774 -0.163669 -0.04529
122.21055 -0.163122 -0.04759
122.30335 -0.162544 -0.04987
122.39615 -0.161934 -0.05215
122.48895 -0.161293 -0.05443
122.58175 -0.160621 -0.05669
122.67455 -0.159917 -0.05894
122.76736 -0.159183 -0.06119
122.86016 -0.158418 -0.06342
122.95296 -0.157622 -0.06565
123.04576 -0.156795 -0.06786
123.13856 -0.155939 -0.07006
123.23136 -0.155051 -0.07226
123.32417 -0.154134 -0.07443
123.41697 -0.153187 -0.07660
123.50977 -0.152210 -0.07875
123.60257 -0.151203 -0.08089
123.69537 -0.150167 -0.08302
123.78817 -0.149102 -0.08513
123.88098 -0.148007 -0.08723
123.97378 -0.146884 -0.08931
124.06658 -0.145732 -0.09138
124.15938 -0.144552 -0.09343
124.25218 -0.143343 -0.09547
124.34498 -0.142106 -0.09749
124.43779 -0.140842 -0.09949
124.53059 -0.139549 -0.10148
124.62339 -0.138230 -0.10345
124.71619 -0.136883 -0.10540
124.80899 -0.135510 -0.10733
124.90179 -0.134110 -0.10924
124.99460 -0.132683 -0.11113
125.08740 -0.131230 -0.11301
125.18020 -0.129752 -0.11486
125.27300 -0.128248 -0.11670
125.36580 -0.126718 -0.11851
125.45860 -0.125163 -0.12030
125.55141 -0.123584 -0.12208
125.64421 -0.121980 -0.12383
125.73701 -0.120352 -0.12555
125.82981 -0.118700 -0.12726
125.92261 -0.117025 -0.12894
126.01541 -0.115326 -0.13061
126.10821 -0.113604 -0.13224
126.20102 -0.111860 -0.13386
126.29382 -0.110093 -0.13545
126.38662 -0.108304 -0.13701
126.47942 -0.106494 -0.13856
126.57222 -0.104662 -0.14007
126.66502 -0.102809 -0.14157
126.75783 -0.100935 -0.14303
126.85063 -0.099041 -0.14447
126.94343 -0.097126 -0.14589
127.03623 -0.095193 -0.14728
127.12903 -0.093239 -0.14864
127.22183 -0.091267 -0.14998
127.31464 -0.089276 -0.15129
127.40744 -0.087267 -0.15257
127.50024 -0.085240 -0.15383
127.59304 -0.083196 -0.15505
127.68584 -0.081134 -0.15625
127.77864 -0.079056 -0.15743
127.87145 -0.076961 -0.15857
127.96425 -0.074850 -0.15968
128.05705 -0.072724 -0.16077
128.14985 -0.070582 -0.16183
128.24265 -0.068426 -0.16286
128.33545 -0.066255 -0.16385
128.42826 -0.064070 -0.16482
128.52106 -0.061871 -0.16576
128.61386 -0.059659 -0.16667
128.70666 -0.057434 -0.16755
128.79946 -0.055197 -0.16840
128.89226 -0.052947 -0.16922
128.98507 -0.050686 -0.17000
129.07787 -0.048414 -0.17076
129.17067 -0.046131 -0.17149
129.26347 -0.043837 -0.17218
129.35627 -0.041534 -0.17285
129.44907 -0.039221 -0.17348
129.54188 -0.036899 -0.17408
129.63468 -0.034568 -0.17465
129.72748 -0.032229 -0.17518
129.82028 -0.029882 -0.17569
129.91308 -0.027527 -0.17616
130.00588 -0.025166 -0.17661
130.09869 -0.022798 -0.17701
130.19149 -0.020424 -0.17739
130.28429 -0.018044 -0.17774
130.37709 -0.015659 -0.17805
130.46989 -0.013269 -0.17833
130.56269 -0.010874 -0.17858
130.65550 -0.008476 -0.17879
130.74830 -0.006074 -0.17897
130.84110 -0.003669 -0.17912
130.93390 -0.001261 -0.17924
131.02670 0.001149 -0.17932
131.11950 0.003560 -0.17938
131.21231 0.005973 -0.17939
131.30511 0.008387 -0.17938
131.39791 0.010802 -0.17933
131.49071 0.013216 -0.17925
131.58351 0.015630 -0.17914
131.67631 0.018043 -0.17899
131.76912 0.020455 -0.17882
131.86192 0.022865 -0.17860
131.95472 0.025273 -0.17836
132.04752 0.027678 -0.17808
132.14032 0.030080 -0.17777
132.23312 0.032479 -0.17743
132.32593 0.034874 -0.17706
132.41873 0.037264 -0.17665
132.51153 0.039650 -0.17621
132.60433 0.042030 -0.17574
132.69713 0.044405 -0.17523
132.78993 0.046773 -0.17470
132.88273 0.049136 -0.17413
132.97554 0.051491 -0.17353
133.06834 0.053838 -0.17289
133.16114 0.056178 -0.17223
133.25394 0.058510 -0.17153
133.34674 0.060832 -0.17080
133.43954 0.063146 -0.17004
133.53235 0.065450 -0.16925
133.62515 0.067745 -0.16843
133.71795 0.070029 -0.16758
133.81075 0.072302 -0.16669
133.90355 0.074564 -0.16577
133.99635 0.076814 -0.16483
134.08916 0.079052 -0.16385
134.18196 0.081278 -0.16284
134.27476 0.083491 -0.16181
134.36756 0.085691 -0.16074
134.46036 0.087877 -0.15964
134.55316 0.090049 -0.15851
134.64597 0.092207 -0.15736
134.73877 0.094350 -0.15617
134.83157 0.096478 -0.15495
134.92437 0.098590 -0.15371
135.01717 0.100685 -0.15244
135.10997 0.102765 -0.15114
135.20278 0.104828 -0.14981
135.29558 0.106874 -0.14845
135.38838 0.108902 -0.14706
135.48118 0.110912 -0.14565
135.57398 0.112904 -0.14421
135.66678 0.114877 -0.14274
135.75959 0.116832 -0.14125
135.85239 0.118767 -0.13973
135.94519 0.120682 -0.13818
136.03799 0.122578 -0.13661
136.13079 0.124452 -0.13501
136.22359 0.126307 -0.13338
136.31640 0.128140 -0.13174
136.40920 0.129951 -0.13006
136.50200 0.131741 -0.12836
136.59480 0.133509 -0.12664
136.68760 0.135254 -0.12489
136.78040 0.136977 -0.12312
136.87321 0.138677 -0.12133
136.96601 0.140353 -0.11951
137.05881 0.142006 -0.11767
137.15161 0.143634 -0.11581
137.24441 0.145238 -0.11392
137.33721 0.146818 -0.11201
137.43002 0.148373 -0.11009
137.52282 0.149903 -0.10814
137.61562 0.151407 -0.10617
137.70842 0.152886 -0.10418
137.80122 0.154338 -0.10216
137.89402 0.155765 -0.10013
137.98683 0.157164 -0.09808
138.07963 0.158537 -0.09602
138.17243 0.159883 -0.09393
138.26523 0.161202 -0.09182
138.35803 0.162493 -0.08970
138.45083 0.163757 -0.08756
138.54364 0.164992 -0.08540
138.63644 0.166199 -0.08322
138.72924 0.167378 -0.08103
138.82204 0.168528 -0.07882
138.91484 0.169649 -0.07660
139.00764 0.170741 -0.07436
139.10045 0.171803 -0.07210
139.19325 0.172836 -0.06984
139.28605 0.173839 -0.06755
139.37885 0.174813 -0.06526
139.47165 0.175756 -0.06295
139.56445 0.176669 -0.06062
139.65725 0.177552 -0.05829
139.75006 0.178404 -0.05594
139.84286 0.179225 -0.05358
139.93566 0.180015 -0.05121
140.02846 0.180774 -0.04883
140.12126 0.181502 -0.04644
140.21406 0.182199 -0.04404
140.30687 0.182864 -0.04163
140.39967 0.183497 -0.03921
140.49247 0.184098 -0.03678
140.58527 0.184668 -0.03434
140.67807 0.185206 -0.03190
140.77087 0.185711 -0.02944
140.86368 0.186185 -0.02699
140.95648 0.186626 -0.02452
141.04928 0.187034 -0.02205
141.14208 0.187410 -0.01957
141.23488 0.187754 -0.01709
141.32768 0.188065 -0.01460
141.42049 0.188343 -0.01211
141.51329 0.188588 -0.00961
141.60609 0.188801 -0.00711
141.69889 0.188981 -0.00461
141.79169 0.189128 -0.00210
141.88449 0.189241 0.00041
141.97730 0.189322 0.00292
142.07010 0.189370 0.00543
142.16290 0.189385 0.00794
142.25570 0.189367 0.01045
142.34850 0.189315 0.01296
142.44130 0.189231 0.01547
142.53411 0.189114 0.01798
142.62691 0.188963 0.02049
142.71971 0.188780 0.02300
142.81251 0.188563 0.02550
142.90531 0.188314 0.02801
142.99811 0.188031 0.03051
143.09092 0.187716 0.03300
143.18372 0.187368 0.03549
143.27652 0.186987 0.03798
143.36932 0.186573 0.04046
143.46212 0.186127 0.04294
143.55492 0.185648 0.04541
143.64773 0.185136 0.04787
143.74053 0.184592 0.05033
143.83333 0.184015 0.05278
143.92613 0.183406 0.05522
144.01893 0.182765 0.05766
144.11173 0.182092 0.06009
144.20454 0.181387 0.06250
144.29734 0.180650 0.06491
144.39014 0.179882 0.06731
144.48294 0.179081 0.06970
144.57574 0.178249 0.07208
144.66854 0.177386 0.07444
144.76135 0.176492 0.07680
144.85415 0.175566 0.07914
144.94695 0.174610 0.08147
145.03975 0.173623 0.08379
145.13255 0.172605 0.08610
145.22535 0.171557 0.08839
145.31816 0.170479 0.09067
145.41096 0.169370 0.09293
145.50376 0.168232 0.09518
145.59656 0.167064 0.09742
145.68936 0.165866 0.09963
145.78216 0.164640 0.10184
145.87497 0.163384 0.10402
145.96777 0.162099 0.10619
146.06057 0.160786 0.10834
146.15337 0.159444 0.11048
146.24617 0.158075 0.11260
146.33897 0.156677 0.11470
146.43177 0.155251 0.11678
146.52458 0.153799 0.11884
146.61738 0.152318 0.12088
146.71018 0.150811 0.12290
146.80298 0.149278 0.12490
146.89578 0.147717 0.12688
146.98858 0.146131 0.12884
147.08139 0.144519 0.13078
147.17419 0.142881 0.13270
147.26699 0.141218 0.13460
147.35979 0.139530 0.13647
147.45259 0.137817 0.13832
147.54539 0.136080 0.14015
147.63820 0.134318 0.14196
147.73100 0.132533 0.14374
147.82380 0.130724 0.14549
147.91660 0.128892 0.14723
148.00940 0.127037 0.14894
148.10220 0.125159 0.15062
148.19501 0.123260 0.15228
148.28781 0.121338 0.15392
148.38061 0.119395 0.15552
148.47341 0.117430 0.15711
148.56621 0.115445 0.15866
148.65901 0.113439 0.16019
148.75182 0.111413 0.16169
148.84462 0.109367 0.16317
148.93742 0.107302 0.16462
149.03022 0.105217 0.16604
149.12302 0.103114 0.16743
149.21582 0.100993 0.16880
149.30863 0.098853 0.17013
149.40143 0.096696 0.17144
149.49423 0.094521 0.17272
149.58703 0.092330 0.17397
149.67983 0.090122 0.17519
149.77263 0.087898 0.17638
149.86544 0.085658 0.17754
149.95824 0.083403 0.17867
150.05104 0.081133 0.17977
150.14384 0.078849 0.18084
150.23664 0.076550 0.18188
150.32944 0.074238 0.18289
150.42225 0.071912 0.18387
150.51505 0.069573 0.18482
150.60785 0.067222 0.18573
150.70065 0.064859 0.18662
150.79345 0.062484 0.18747
150.88625 0.060098 0.18829
150.97906 0.057701 0.18908
151.07186 0.055294 0.18984
151.16466 0.052877 0.19057
151.25746 0.050450 0.19126
151.35026 0.048014 0.19192
151.44306 0.045569 0.19255
151.53587 0.043116 0.19314
151.62867 0.040656 0.19371
151.72147 0.038187 0.19424
151.81427 0.035712 0.19473
151.90707 0.033230 0.19520
151.99987 0.030743 0.19563
152.09268 0.028249 0.19602
152.18548 0.025751 0.19639
152.27828 0.023247 0.19672
152.37108 0.020739 0.19701
152.46388 0.018228 0.19728
152.55668 0.015713 0.19751
152.64949 0.013195 0.19770
152.74229 0.010674 0.19787
152.83509 0.008151 0.19800
152.92789 0.005627 0.19809
153.02069 0.003101 0.19815
153.11349 0.000574 0.19818
153.20629 -0.001952 0.19818
153.29910 -0.004479 0.19814
153.39190 -0.007005 0.19806
153.48470 -0.009531 0.19796
153.57750 -0.012054 0.19782
153.67030 -0.014576 0.19764
153.76310 -0.017096 0.19743
153.85591 -0.019612 0.19719
153.94871 -0.022126 0.19692
154.04151 -0.024636 0.19661
154.13431 -0.027141 0.19627
154.22711 -0.029642 0.19589
154.31991 -0.032139 0.19548
154.41272 -0.034629 0.19504
154.50552 -0.037114 0.19457
154.59832 -0.039593 0.19406
154.69112 -0.042064 0.19352
154.78392 -0.044529 0.19294
154.87672 -0.046986 0.19233
154.96953 -0.049435 0.19169
155.06233 -0.051876 0.19102
155.15513 -0.054307 0.19032
155.24793 -0.056729 0.18958
155.34073 -0.059142 0.18881
155.43353 -0.061544 0.18801
155.52634 -0.063936 0.18717
155.61914 -0.066316 0.18631
155.71194 -0.068685 0.18541
155.80474 -0.071043 0.18448
155.89754 -0.073387 0.18352
155.99034 -0.075720 0.18253
156.08315 -0.078039 0.18151
156.17595 -0.080345 0.18046
156.26875 -0.082636 0.17937
156.36155 -0.084914 0.17826
156.45435 -0.087176 0.17711
156.54715 -0.089424 0.17594
156.63996 -0.091656 0.17473
156.73276 -0.093872 0.17350
156.82556 -0.096071 0.17224
156.91836 -0.098254 0.17094
157.01116 -0.100420 0.16962
157.10396 -0.102569 0.16827
157.19677 -0.104700 0.16689
157.28957 -0.106812 0.16549
157.38237 -0.108906 0.16405
157.47517 -0.110981 0.16259
157.56797 -0.113036 0.16110
157.66077 -0.115072 0.15958
157.75358 -0.117088 0.15804
157.84638 -0.119084 0.15647
157.93918 -0.121058 0.15487
158.03198 -0.123012 0.15324
158.12478 -0.124944 0.15159
158.21758 -0.126855 0.14992
158.31039 -0.128743 0.14822
158.40319 -0.130609 0.14649
158.49599 -0.132452 0.14474
158.58879 -0.134272 0.14297
158.68159 -0.136069 0.14117
158.77439 -0.137841 0.13935
158.86720 -0.139590 0.13750
158.96000 -0.141315 0.13564
159.05280 -0.143015 0.13374
159.14560 -0.144690 0.13183
159.23840 -0.146340 0.12990
159.33120 -0.147964 0.12794
159.42401 -0.149562 0.12596
159.51681 -0.151134 0.12396
159.60961 -0.152680 0.12194
159.70241 -0.154200 0.11990
159.79521 -0.155692 0.11784
159.88801 -0.157158 0.11576
159.98081 -0.158595 0.11366
160.07362 -0.160006 0.11154
160.16642 -0.161388 0.10940
160.25922 -0.162742 0.10725
160.35202 -0.164068 0.10508
160.44482 -0.165365 0.10289
160.53762 -0.166634 0.10068
160.63043 -0.167873 0.09846
160.72323 -0.169083 0.09622
160.81603 -0.170263 0.09396
160.90883 -0.171414 0.09169
161.00163 -0.172535 0.08940
161.09443 -0.173626 0.08710
161.18724 -0.174687 0.08479
161.28004 -0.175717 0.08246
161.37284 -0.176717 0.08012
161.46564 -0.177685 0.07777
161.55844 -0.178623 0.07540
161.65124 -0.179530 0.07302
161.74405 -0.180405 0.07063
161.83685 -0.181249 0.06823
161.92965 -0.182061 0.06582
162.02245 -0.182842 0.06339
162.11525 -0.183591 0.06096
162.20805 -0.184307 0.05852
162.30086 -0.184992 0.05607
162.39366 -0.185644 0.05361
162.48646 -0.186265 0.05114
162.57926 -0.186852 0.04866
162.67206 -0.187407 0.04618
162.76486 -0.187930 0.04369
162.85767 -0.188420 0.04119
162.95047 -0.188877 0.03869
163.04327 -0.189301 0.03618
163.13607 -0.189692 0.03367
163.22887 -0.190050 0.03115
163.32167 -0.190375 0.02862
163.41448 -0.190667 0.02610
163.50728 -0.190926 0.02357
163.60008 -0.191152 0.02104
163.69288 -0.191344 0.01850
163.78568 -0.191503 0.01596
163.87848 -0.191629 0.01342
163.97129 -0.191722 0.01088
164.06409 -0.191781 0.00834
164.15689 -0.191807 0.00580
164.24969 -0.191799 0.00326
164.34249 -0.191759 0.00072
164.43529 -0.191685 -0.00182
164.52810 -0.191577 -0.00435
164.62090 -0.191437 -0.00689
164.71370 -0.191263 -0.00942
164.80650 -0.191056 -0.01195
164.89930 -0.190816 -0.01448
164.99210 -0.190543 -0.01700
165.08491 -0.190236 -0.01952
165.17771 -0.189897 -0.02203
165.27051 -0.189525 -0.02454
165.36331 -0.189120 -0.02704
165.45611 -0.188682 -0.02954
165.54891 -0.188212 -0.03203
165.64172 -0.187709 -0.03451
165.73452 -0.187174 -0.03699
165.82732 -0.186606 -0.03946
165.92012 -0.186006 -0.04192
166.01292 -0.185374 -0.04437
166.10572 -0.184709 -0.04681
166.19853 -0.184013 -0.04925
166.29133 -0.183285 -0.05167
166.38413 -0.182525 -0.05408
166.47693 -0.181734 -0.05648
166.56973 -0.180912 -0.05887
166.66253 -0.180058 -0.06125
166.75534 -0.179173 -0.06362
166.84814 -0.178257 -0.06597
166.94094 -0.177311 -0.06831
167.03374 -0.176334 -0.07064
167.12654 -0.175327 -0.07296
167.21934 -0.174289 -0.07526
167.31214 -0.173222 -0.07754
167.40495 -0.172124 -0.07981
167.49775 -0.170997 -0.08207
167.59055 -0.169841 -0.08431
167.68335 -0.168656 -0.08653
167.77615 -0.167442 -0.08874
167.86895 -0.166199 -0.09093
167.96176 -0.164927 -0.09310
168.05456 -0.163627 -0.09526
168.14736 -0.162299 -0.09740
168.24016 -0.160944 -0.09951
168.33296 -0.159561 -0.10161
168.42576 -0.158150 -0.10369
168.51857 -0.156713 -0.10576
168.61137 -0.155249 -0.10780
168.70417 -0.153758 -0.10982
168.79697 -0.152242 -0.11182
168.88977 -0.150699 -0.11380
168.98257 -0.149131 -0.11576
169.07538 -0.147537 -0.11769
169.16818 -0.145918 -0.11961
169.26098 -0.144275 -0.12150
169.35378 -0.142606 -0.12337
169.44658 -0.140914 -0.12521
169.53938 -0.139198 -0.12704
169.63219 -0.137459 -0.12884
169.72499 -0.135696 -0.13061
169.81779 -0.133910 -0.13236
169.91059 -0.132102 -0.13409
170.00339 -0.130272 -0.13579
170.09619 -0.128419 -0.13747
170.18900 -0.126545 -0.13912
170.28180 -0.124650 -0.14074
170.37460 -0.122734 -0.14234
170.46740 -0.120797 -0.14392
170.56020 -0.118841 -0.14546
170.65300 -0.116864 -0.14698
170.74581 -0.114868 -0.14847
170.83861 -0.112853 -0.14994
170.93141 -0.110819 -0.15138
171.02421 -0.108767 -0.15279
171.11701 -0.106697 -0.15417
171.20981 -0.104609 -0.15552
171.30262 -0.102504 -0.15684
171.39542 -0.100382 -0.15814
171.48822 -0.098244 -0.15941
171.58102 -0.096090 -0.16064
171.67382 -0.093920 -0.16185
171.76662 -0.091735 -0.16303
171.85943 -0.089535 -0.16418
171.95223 -0.087320 -0.16529
172.04503 -0.085091 -0.16638
172.13783 -0.082849 -0.16744
172.23063 -0.080594 -0.16846
172.32343 -0.078325 -0.16946
172.41624 -0.076045 -0.17042
172.50904 -0.073752 -0.17136
172.60184 -0.071447 -0.17226
172.69464 -0.069132 -0.17313
172.78744 -0.066806 -0.17397
172.88024 -0.064469 -0.17478
172.97305 -0.062123 -0.17555
173.06585 -0.059767 -0.17629
173.15865 -0.057402 -0.17700
173.25145 -0.055028 -0.17768
173.34425 -0.052647 -0.17833
173.43705 -0.050257 -0.17894
173.52986 -0.047861 -0.17952
173.62266 -0.045457 -0.18007
173.71546 -0.043047 -0.18059
173.80826 -0.040631 -0.18107
173.90106 -0.038209 -0.18152
173.99386 -0.035783 -0.18194
174.08666 -0.033352 -0.18232
174.17947 -0.030916 -0.18267
174.27227 -0.028477 -0.18299
174.36507 -0.026034 -0.18327
174.45787 -0.023589 -0.18352
174.55067 -0.021141 -0.18374
174.64347 -0.018691 -0.18393
174.73628 -0.016240 -0.18408
174.82908 -0.013787 -0.18419
174.92188 -0.011334 -0.18428
175.01468 -0.008881 -0.18433
175.10748 -0.006428 -0.18435
175.20028 -0.003975 -0.18433
175.29309 -0.001524 -0.18428
175.38589 0.000925 -0.18420
175.47869 0.003373 -0.18408
175.57149 0.005818 -0.18393
175.66429 0.008260 -0.18375
175.75709 0.010699 -0.18353
175.84990 0.013134 -0.18328
175.94270 0.015564 -0.18300
176.03550 0.017990 -0.18269
176.12830 0.020411 -0.18234
176.22110 0.022826 -0.18196
176.31390 0.025235 -0.18154
176.40671 0.027638 -0.18110
176.49951 0.030034 -0.18062
176.59231 0.032422 -0.18010
176.68511 0.034803 -0.17956
176.77791 0.037175 -0.17898
176.87071 0.039539 -0.17837
176.96352 0.041893 -0.17773
177.05632 0.044238 -0.17706
177.14912 0.046574 -0.17636
177.24192 0.048898 -0.17562
177.33472 0.051212 -0.17485
177.42752 0.053515 -0.17405
177.52033 0.055806 -0.17322
177.61313 0.058085 -0.17236
177.70593 0.060352 -0.17147
177.79873 0.062605 -0.17055
177.89153 0.064846 -0.16959
177.98433 0.067072 -0.16861
178.07714 0.069285 -0.16759
178.16994 0.071483 -0.16655
178.26274 0.073666 -0.16547
178.35554 0.075834 -0.16437
178.44834 0.077986 -0.16324
178.54114 0.080122 -0.16208
178.63395 0.082241 -0.16089
178.72675 0.084344 -0.15967
178.81955 0.086429 -0.15842
178.91235 0.088497 -0.15714
179.00515 0.090546 -0.15584
179.09795 0.092577 -0.15451
179.19076 0.094590 -0.15315
179.28356 0.096583 -0.15176
179.37636 0.098557 -0.15035
179.46916 0.100511 -0.14891
179.56196 0.102445 -0.14744
179.65476 0.104358 -0.14595
179.74757 0.106250 -0.14443
179.84037 0.108121 -0.14289
179.93317 0.109971 -0.14132
180.02597 0.111798 -0.13972
180.11877 0.113603 -0.13811
180.21157 0.115386 -0.13646
180.30438 0.117145 -0.13480
180.39718 0.118882 -0.13311
180.48998 0.120595 -0.13139
180.58278 0.122284 -0.12966
180.67558 0.123948 -0.12790
180.76838 0.125589 -0.12611
180.86118 0.127204 -0.12431
180.95399 0.128795 -0.12248
181.04679 0.130360 -0.12064
181.13959 0.131899 -0.11877
181.23239 0.133413 -0.11688
181.32519 0.134900 -0.11497
181.41799 0.136361 -0.11304
181.51080 0.137795 -0.11110
181.60360 0.139202 -0.10913
181.69640 0.140582 -0.10714
181.78920 0.141934 -0.10514
181.88200 0.143259 -0.10312
181.97480 0.144555 -0.10108
182.06761 0.145824 -0.09902
182.16041 0.147064 -0.09694
182.25321 0.148275 -0.09485
182.34601 0.149457 -0.09275
182.43881 0.150611 -0.09062
182.53161 0.151734 -0.08849
182.62442 0.152829 -0.08633
182.71722 0.153894 -0.08417
182.81002 0.154928 -0.08198
182.90282 0.155933 -0.07979
182.99562 0.156908 -0.07758
183.08842 0.157852 -0.07536
183.18123 0.158765 -0.07313
183.27403 0.159647 -0.07088
183.36683 0.160499 -0.06862
183.45963 0.161320 -0.06636
183.55243 0.162109 -0.06408
183.64523 0.162867 -0.06179
183.73804 0.163593 -0.05949
183.83084 0.164288 -0.05718
183.92364 0.164951 -0.05486
184.01644 0.165583 -0.05254
184.10924 0.166182 -0.05021
184.20204 0.166749 -0.04786
184.29485 0.167284 -0.04552
184.38765 0.167786 -0.04316
184.48045 0.168257 -0.04080
184.57325 0.168695 -0.03843
184.66605 0.169100 -0.03606
184.75885 0.169473 -0.03368
184.85166 0.169813 -0.03130
184.94446 0.170120 -0.02891
185.03726 0.170395 -0.02652
185.13006 0.170637 -0.02413
185.22286 0.170846 -0.02173
185.31566 0.171022 -0.01934
185.40847 0.171165 -0.01694
185.50127 0.171275 -0.01454
185.59407 0.171353 -0.01213
185.68687 0.171397 -0.00973
185.77967 0.171409 -0.00733
185.87247 0.171387 -0.00493
185.96528 0.171333 -0.00253
186.05808 0.171246 -0.00013
186.15088 0.171126 0.00227
186.24368 0.170973 0.00466
186.33648 0.170787 0.00706
186.42928 0.170569 0.00945
186.52209 0.170318 0.01183
186.61489 0.170034 0.01421
186.70769 0.169718 0.01659
186.80049 0.169369 0.01896
186.89329 0.168987 0.02133
186.98609 0.168574 0.02369
187.07890 0.168127 0.02604
187.17170 0.167649 0.02839
187.26450 0.167139 0.03073
187.35730 0.166597 0.03306
187.45010 0.166023 0.03539
187.54290 0.165417 0.03770
187.63570 0.164779 0.04001
187.72851 0.164110 0.04231
187.82131 0.163410 0.04459
187.91411 0.162678 0.04687
188.00691 0.161915 0.04914
188.09971 0.161121 0.05139
188.19251 0.160297 0.05363
188.28532 0.159442 0.05586
188.37812 0.158556 0.05808
188.47092 0.157641 0.06029
188.56372 0.156695 0.06248
188.65652 0.155719 0.06466
188.74932 0.154713 0.06683
188.84213 0.153678 0.06898
188.93493 0.152614 0.07111
189.02773 0.151521 0.07323
189.12053 0.150398 0.07533
189.21333 0.149248 0.07742
189.30613 0.148068 0.07949
189.39894 0.146861 0.08155
189.49174 0.145625 0.08359
189.58454 0.144362 0.08560
189.67734 0.143071 0.08761
189.77014 0.141753 0.08959
189.86294 0.140408 0.09155
189.95575 0.139037 0.09350
190.04855 0.137638 0.09542
190.14135 0.136214 0.09733
190.23415 0.134764 0.09921
190.32695 0.133288 0.10108
190.41975 0.131787 0.10292
190.51256 0.130261 0.10474
190.60536 0.128710 0.10654
190.69816 0.127135 0.10832
190.79096 0.125536 0.11008
190.88376 0.123913 0.11181
190.97656 0.122266 0.11352
191.06937 0.120596 0.11520
191.16217 0.118904 0.11687
191.25497 0.117188 0.11851
191.34777 0.115451 0.12012
191.44057 0.113692 0.12171
191.53337 0.111911 0.12327
191.62618 0.110109 0.12481
191.71898 0.108286 0.12633
191.81178 0.106443 0.12782
191.90458 0.104580 0.12928
191.99738 0.102697 0.13071
192.09018 0.100795 0.13212
192.18299 0.098873 0.13351
192.27579 0.096933 0.13486
192.36859 0.094975 0.13619
192.46139 0.092999 0.13749
192.55419 0.091005 0.13876
192.64699 0.088994 0.14000
192.73980 0.086967 0.14122
192.83260 0.084923 0.14241
192.92540 0.082863 0.14357
193.01820 0.080788 0.14469
193.11100 0.078697 0.14579
193.20380 0.076592 0.14686
193.29661 0.074472 0.14790
193.38941 0.072339 0.14892
193.48221 0.070192 0.14990
193.57501 0.068032 0.15085
193.66781 0.065859 0.15177
193.76061 0.063674 0.15266
193.85342 0.061477 0.15351
193.94622 0.059269 0.15434
194.03902 0.057050 0.15514
194.13182 0.054820 0.15590
194.22462 0.052580 0.15664
194.31742 0.050331 0.15734
194.41022 0.048072 0.15801
194.50303 0.045804 0.15865
194.59583 0.043528 0.15926
194.68863 0.041244 0.15983
194.78143 0.038953 0.16038
194.87423 0.036655 0.16089
194.96703 0.034349 0.16136
195.05984 0.032038 0.16181
195.15264 0.029721 0.16222
195.24544 0.027399 0.16261
195.33824 0.025072 0.16295
195.43104 0.022740 0.16327
195.52384 0.020405 0.16355
195.61665 0.018066 0.16380
195.70945 0.015724 0.16402
195.80225 0.013379 0.16420
195.89505 0.011033 0.16436
195.98785 0.008684 0.16447
196.08065 0.006335 0.16456
196.17346 0.003984 0.16461
196.26626 0.001634 0.16463
196.35906 -0.000717 0.16462
196.45186 -0.003067 0.16457
196.54466 -0.005416 0.16449
196.63746 -0.007763 0.16438
196.73027 -0.010108 0.16424
196.82307 -0.012451 0.16406
196.91587 -0.014792 0.16385
197.00867 -0.017129 0.16360
197.10147 -0.019462 0.16333
197.19427 -0.021791 0.16302
197.28708 -0.024115 0.16267
197.37988 -0.026434 0.16230
197.47268 -0.028748 0.16189
197.56548 -0.031055 0.16145
197.65828 -0.033356 0.16098
197.75108 -0.035651 0.16048
197.84389 -0.037937 0.15994
197.93669 -0.040217 0.15937
198.02949 -0.042488 0.15877
198.12229 -0.044750 0.15814
198.21509 -0.047003 0.15748
198.30789 -0.049247 0.15678
198.40070 -0.051481 0.15605
198.49350 -0.053704 0.15530
198.58630 -0.055917 0.15451
198.67910 -0.058118 0.15369
198.77190 -0.060308 0.15283
198.86470 -0.062485 0.15195
198.95751 -0.064650 0.15104
199.05031 -0.066803 0.15010
199.14311 -0.068941 0.14912
199.23591 -0.071066 0.14812
199.32871 -0.073177 0.14709
199.42151 -0.075274 0.14603
199.51432 -0.077355 0.14493
199.60712 -0.079421 0.14381
199.69992 -0.081471 0.14266
199.79272 -0.083505 0.14149
199.88552 -0.085523 0.14028
199.97832 -0.087523 0.13904
200.07113 -0.089507 0.13778
200.16393 -0.091472 0.13649
200.25673 -0.093419 0.13517
200.34953 -0.095348 0.13382
200.44233 -0.097258 0.13245
200.53513 -0.099149 0.13105
200.62794 -0.101020 0.12963
200.72074 -0.102872 0.12817
200.81354 -0.104702 0.12669
200.90634 -0.106513 0.12519
200.99914 -0.108302 0.12366
201.09194 -0.110070 0.12211
201.18474 -0.111816 0.12053
201.27755 -0.113540 0.11892
201.37035 -0.115242 0.11730
201.46315 -0.116921 0.11564
201.55595 -0.118577 0.11397
201.64875 -0.120209 0.11227
201.74155 -0.121818 0.11055
201.83436 -0.123403 0.10880
201.92716 -0.124964 0.10704
202.01996 -0.126500 0.10525
202.11276 -0.128011 0.10344
202.20556 -0.129497 0.10161
202.29836 -0.130957 0.09976
202.39117 -0.132392 0.09788
202.48397 -0.133801 0.09599
202.57677 -0.135183 0.09408
202.66957 -0.136539 0.09215
202.76237 -0.137867 0.09020
202.85517 -0.139169 0.08823
202.94798 -0.140443 0.08624
203.04078 -0.141690 0.08423
203.13358 -0.142909 0.08221
203.22638 -0.144100 0.08017
203.31918 -0.145262 0.07811
203.41198 -0.146396 0.07604
203.50479 -0.147501 0.07395
203.59759 -0.148577 0.07185
203.69039 -0.149623 0.06973
203.78319 -0.150641 0.06759
203.87599 -0.151628 0.06544
203.96879 -0.152586 0.06328
204.06160 -0.153514 0.06110
204.15440 -0.154412 0.05891
204.24720 -0.155279 0.05671
204.34000 -0.156115 0.05450
204.43280 -0.156921 0.05227
204.52560 -0.157696 0.05003
204.61841 -0.158440 0.04778
204.71121 -0.159153 0.04552
204.80401 -0.159835 0.04325
204.89681 -0.160485 0.04097
204.98961 -0.161103 0.03869
205.08241 -0.161690 0.03639
205.17522 -0.162244 0.03408
205.26802 -0.162767 0.03177
205.36082 -0.163258 0.02945
205.45362 -0.163716 0.02712
205.54642 -0.164143 0.02479
205.63922 -0.164537 0.02245
205.73203 -0.164898 0.02010
205.82483 -0.165227 0.01775
205.91763 -0.165524 0.01539
206.01043 -0.165787 0.01303
206.10323 -0.166018 0.01067
206.19603 -0.166217 0.00830
206.28884 -0.166382 0.00593
206.38164 -0.166515 0.00356
206.47444 -0.166614 0.00118
206.56724 -0.166681 -0.00120
206.66004 -0.166715 -0.00357
206.75284 -0.166716 -0.00595
206.84565 -0.166684 -0.00833
206.93845 -0.166619 -0.01071
207.03125 -0.166521 -0.01309
207.12405 -0.166390 -0.01546
207.21685 -0.166226 -0.01784
207.30965 -0.166029 -0.02021
207.40246 -0.165799 -0.02258
207.49526 -0.165537 -0.02495
207.58806 -0.165242 -0.02731
207.68086 -0.164914 -0.02967
207.77366 -0.164553 -0.03203
207.86646 -0.164159 -0.03438
207.95926 -0.163733 -0.03673
208.05207 -0.163275 -0.03907
208.14487 -0.162784 -0.04140
208.23767 -0.162261 -0.04373
208.33047 -0.161705 -0.04605
208.42327 -0.161118 -0.04836
208.51607 -0.160498 -0.05067
208.60888 -0.159846 -0.05296
208.70168 -0.159163 -0.05525
208.79448 -0.158448 -0.05753
208.88728 -0.157701 -0.05979
208.98008 -0.156923 -0.06205
209.07288 -0.156113 -0.06430
209.16569 -0.155273 -0.06654
209.25849 -0.154401 -0.06876
209.35129 -0.153499 -0.07097
209.44409 -0.152566 -0.07318
209.53689 -0.151602 -0.07536
209.62969 -0.150608 -0.07754
209.72250 -0.149584 -0.07970
209.81530 -0.148530 -0.08185
209.90810 -0.147446 -0.08398
210.00090 -0.146333 -0.08610
210.09370 -0.145190 -0.08820
210.18650 -0.144018 -0.09028
210.27931 -0.142817 -0.09235
210.37211 -0.141587 -0.09441
210.46491 -0.140329 -0.09645
210.55771 -0.139043 -0.09847
210.65051 -0.137728 -0.10047
210.74331 -0.136386 -0.10245
210.83612 -0.135016 -0.10442
210.92892 -0.133619 -0.10636
211.02172 -0.132195 -0.10829
211.11452 -0.130744 -0.11020
211.20732 -0.129267 -0.11209
211.30012 -0.127763 -0.11395
211.39293 -0.126234 -0.11580
211.48573 -0.124678 -0.11763
211.57853 -0.123098 -0.11943
211.67133 -0.121492 -0.12121
211.76413 -0.119862 -0.12297
211.85693 -0.118207 -0.12471
211.94974 -0.116528 -0.12643
212.04254 -0.114825 -0.12812
212.13534 -0.113098 -0.12979
212.22814 -0.111349 -0.13143
212.32094 -0.109576 -0.13305
212.41374 -0.107781 -0.13465
212.50655 -0.105964 -0.13622
212.59935 -0.104124 -0.13777
212.69215 -0.102264 -0.13929
212.78495 -0.100382 -0.14078
212.87775 -0.098479 -0.14225
212.97055 -0.096555 -0.14369
213.06336 -0.094612 -0.14511
213.15616 -0.092649 -0.14650
213.24896 -0.090666 -0.14786
213.34176 -0.088664 -0.14920
213.43456 -0.086644 -0.15050
213.52736 -0.084606 -0.15178
213.62017 -0.082549 -0.15304
213.71297 -0.080475 -0.15426
213.80577 -0.078384 -0.15545
213.89857 -0.076276 -0.15662
213.99137 -0.074152 -0.15775
214.08417 -0.072012 -0.15886
214.17698 -0.069856 -0.15994
214.26978 -0.067686 -0.16099
214.36258 -0.065500 -0.16200
214.45538 -0.063300 -0.16299
214.54818 -0.061087 -0.16395
214.64098 -0.058860 -0.16487
214.73378 -0.056619 -0.16577
214.82659 -0.054367 -0.16663
214.91939 -0.052101 -0.16747
215.01219 -0.049825 -0.16827
215.10499 -0.047536 -0.16904
215.19779 -0.045237 -0.16978
215.29059 -0.042927 -0.17049
215.38340 -0.040608 -0.17116
215.47620 -0.038278 -0.17181
215.56900 -0.035940 -0.17242
215.66180 -0.033592 -0.17300
215.75460 -0.031236 -0.17354
215.84740 -0.028873 -0.17406
215.94021 -0.026502 -0.17454
216.03301 -0.024124 -0.17498
216.12581 -0.021739 -0.17540
216.21861 -0.019349 -0.17578
216.31141 -0.016952 -0.17613
216.40421 -0.014551 -0.17645
216.49702 -0.012144 -0.17673
216.58982 -0.009734 -0.17698
216.68262 -0.007320 -0.17720
216.77542 -0.004902 -0.17738
216.86822 -0.002481 -0.17753
216.96102 -0.000058 -0.17765
217.05383 0.002367 -0.17773
217.14663 0.004794 -0.17778
217.23943 0.007222 -0.17779
217.33223 0.009650 -0.17777
217.42503 0.012079 -0.17772
217.51783 0.014507 -0.17764
217.61064 0.016935 -0.17752
217.70344 0.019362 -0.17737
217.79624 0.021787 -0.17718
217.88904 0.024210 -0.17696
217.98184 0.026630 -0.17671
218.07464 0.029047 -0.17642
218.16745 0.031461 -0.17610
218.26025 0.033871 -0.17575
218.35305 0.036276 -0.17536
218.44585 0.038677 -0.17494
218.53865 0.041073 -0.17449
218.63145 0.043463 -0.17400
218.72426 0.045846 -0.17348
218.81706 0.048223 -0.17293
218.90986 0.050593 -0.17234
219.00266 0.052956 -0.17173
219.09546 0.055310 -0.17108
219.18826 0.057656 -0.17039
219.28107 0.059994 -0.16968
219.37387 0.062322 -0.16893
219.46667 0.064640 -0.16815
219.55947 0.066948 -0.16734
219.65227 0.069246 -0.16649
219.74507 0.071532 -0.16562
219.83788 0.073807 -0.16471
219.93068 0.076071 -0.16377
220.02348 0.078322 -0.16280
220.11628 0.080560 -0.16180
220.20908 0.082785 -0.16076
220.30188 0.084997 -0.15970
220.39469 0.087194 -0.15860
220.48749 0.089377 -0.15748
220.58029 0.091546 -0.15632
220.67309 0.093699 -0.15514
220.76589 0.095837 -0.15392
220.85869 0.097958 -0.15268
220.95150 0.100063 -0.15141
221.04430 0.102152 -0.15010
221.13710 0.104223 -0.14877
221.22990 0.106276 -0.14741
221.32270 0.108312 -0.14602
221.41550 0.110329 -0.14460
221.50830 0.112328 -0.14316
221.60111 0.114307 -0.14168
221.69391 0.116267 -0.14018
221.78671 0.118207 -0.13866
221.87951 0.120126 -0.13710
221.97231 0.122026 -0.13552
222.06511 0.123904 -0.13391
222.15792 0.125761 -0.13228
222.25072 0.127596 -0.13062
222.34352 0.129409 -0.12893
222.43632 0.131200 -0.12722
222.52912 0.132968 -0.12549
222.62192 0.134713 -0.12373
222.71473 0.136435 -0.12194
222.80753 0.138133 -0.12014
222.90033 0.139807 -0.11830
222.99313 0.141457 -0.11645
223.08593 0.143082 -0.11457
223.17873 0.144682 -0.11267
223.27154 0.146257 -0.11075
223.36434 0.147807 -0.10880
223.45714 0.149330 -0.10684
223.54994 0.150827 -0.10485
223.64274 0.152298 -0.10284
223.73554 0.153743 -0.10081
223.82835 0.155160 -0.09876
223.92115 0.156550 -0.09669
224.01395 0.157913 -0.09461
224.10675 0.159248 -0.09250
224.19955 0.160554 -0.09037
224.29235 0.161833 -0.08823
224.38516 0.163083 -0.08606
224.47796 0.164304 -0.08388
224.57076 0.165496 -0.08169
224.66356 0.166659 -0.07947
224.75636 0.167793 -0.07724
224.84916 0.168897 -0.07500
224.94197 0.169971 -0.07273
225.03477 0.171015 -0.07046
225.12757 0.172028 -0.06817
225.22037 0.173011 -0.06586
225.31317 0.173964 -0.06354
225.40597 0.174885 -0.06121
225.49878 0.175776 -0.05886
225.59158 0.176635 -0.05650
225.68438 0.177463 -0.05413
225.77718 0.178259 -0.05175
225.86998 0.179023 -0.04935
225.96278 0.179756 -0.04695
226.05559 0.180457 -0.04453
226.14839 0.181125 -0.04211
226.24119 0.181761 -0.03967
226.33399 0.182365 -0.03723
226.42679 0.182936 -0.03477
226.51959 0.183475 -0.03231
226.61240 0.183981 -0.02984
226.70520 0.184454 -0.02736
226.79800 0.184893 -0.02488
226.89080 0.185300 -0.02239
226.98360 0.185674 -0.01989
227.07640 0.186014 -0.01739
227.16921 0.186321 -0.01488
227.26201 0.186595 -0.01237
227.35481 0.186835 -0.00986
227.44761 0.187042 -0.00734
227.54041 0.187215 -0.00481
227.63321 0.187355 -0.00229
227.72602 0.187461 0.00024
227.81882 0.187533 0.00277
227.91162 0.187572 0.00531
228.00442 0.187576 0.00784
228.09722 0.187547 0.01037
228.19002 0.187485 0.01291
228.28282 0.187388 0.01544
228.37563 0.187258 0.01797
228.46843 0.187094 0.02051
228.56123 0.186897 0.02304
228.65403 0.186665 0.02556
228.74683 0.186400 0.02809
228.83963 0.186102 0.03061
228.93244 0.185770 0.03313
229.02524 0.185404 0.03564
229.11804 0.185005 0.03815
229.21084 0.184572 0.04066
229.30364 0.184106 0.04316
229.39644 0.183606 0.04565
229.48925 0.183074 0.04814
229.58205 0.182508 0.05062
229.67485 0.181909 0.05310
229.76765 0.181278 0.05556
229.86045 0.180613 0.05802
229.95325 0.179916 0.06047
230.04606 0.179186 0.06291
230.13886 0.178423 0.06534
230.23166 0.177629 0.06777
230.32446 0.176802 0.07018
230.41726 0.175942 0.07258
230.51006 0.175051 0.07497
230.60287 0.174128 0.07735
230.69567 0.173174 0.07971
230.78847 0.172187 0.08207
230.88127 0.171170 0.08441
230.97407 0.170121 0.08673
231.06687 0.169042 0.08905
231.15968 0.167931 0.09135
231.25248 0.166790 0.09363
231.34528 0.165619 0.09590
231.43808 0.164417 0.09815
231.53088 0.163185 0.10039
231.62368 0.161924 0.10262
231.71649 0.160633 0.10482
231.80929 0.159312 0.10701
231.90209 0.157962 0.10918
231.99489 0.156584 0.11133
232.08769 0.155177 0.11347
232.18049 0.153741 0.11559
232.27330 0.152277 0.11768
232.36610 0.150786 0.11976
232.45890 0.149266 0.12182
232.55170 0.147720 0.12386
232.64450 0.146146 0.12587
232.73730 0.144545 0.12787
232.83011 0.142918 0.12985
232.92291 0.141264 0.13180
233.01571 0.139585 0.13373
233.10851 0.137880 0.13564
233.20131 0.136149 0.13753
233.29411 0.134393 0.13939
233.38692 0.132613 0.14123
233.47972 0.130808 0.14305
233.57252 0.128979 0.14484
233.66532 0.127126 0.14661
233.75812 0.125249 0.14835
233.85092 0.123350 0.15007
233.94373 0.121427 0.15176
234.03653 0.119482 0.15343
234.12933 0.117515 0.15507
234.22213 0.115526 0.15668
234.31493 0.113516 0.15827
234.40773 0.111485 0.15983
234.50054 0.109432 0.16137
234.59334 0.107360 0.16287
234.68614 0.105267 0.16435
234.77894 0.103155 0.16580
234.87174 0.101024 0.16723
234.96454 0.098873 0.16862
235.05734 0.096704 0.16999
235.15015 0.094518 0.17132
235.24295 0.092313 0.17263
235.33575 0.090091 0.17391
235.42855 0.087852 0.17515
235.52135 0.085596 0.17637
235.61415 0.083325 0.17756
235.70696 0.081038 0.17871
235.79976 0.078735 0.17984
235.89256 0.076417 0.18094
235.98536 0.074085 0.18200
236.07816 0.071739 0.18303
236.17096 0.069379 0.18403
236.26377 0.067006 0.18500
236.35657 0.064621 0.18594
236.44937 0.062222 0.18685
236.54217 0.059812 0.18772
236.63497 0.057390 0.18856
236.72777 0.054958 0.18937
236.82058 0.052514 0.19015
236.91338 0.050061 0.19089
237.00618 0.047597 0.19160
237.09898 0.045124 0.19228
237.19178 0.042643 0.19292
237.28458 0.040153 0.19353
237.37739 0.037655 0.19411
237.47019 0.035149 0.19465
237.56299 0.032636 0.19516
237.65579 0.030117 0.19564
237.74859 0.027591 0.19608
237.84139 0.025060 0.19649
237.93420 0.022523 0.19686
238.02700 0.019982 0.19720
238.11980 0.017436 0.19751
238.21260 0.014886 0.19778
238.30540 0.012333 0.19801
238.39820 0.009776 0.19822
238.49101 0.007218 0.19838
238.58381 0.004657 0.19852
238.67661 0.002094 0.19862
238.76941 -0.000469 0.19868
238.86221 -0.003034 0.19871
238.95501 -0.005598 0.19871
239.04782 -0.008163 0.19867
239.14062 -0.010727 0.19860
239.23342 -0.013289 0.19849
239.32622 -0.015850 0.19835
239.41902 -0.018409 0.19817
239.51182 -0.020965 0.19796
239.60463 -0.023519 0.19771
239.69743 -0.026069 0.19743
239.79023 -0.028615 0.19712
239.88303 -0.031156 0.19677
239.97583 -0.033693 0.19639
240.06863 -0.036225 0.19597
240.16144 -0.038750 0.19552
240.25424 -0.041270 0.19503
240.34704 -0.043783 0.19451
240.43984 -0.046289 0.19396
240.53264 -0.048787 0.19338
240.62544 -0.051278 0.19275
240.71825 -0.053759 0.19210
240.81105 -0.056232 0.19141
240.90385 -0.058696 0.19069
240.99665 -0.061150 0.18994
241.08945 -0.063593 0.18915
241.18225 -0.066026 0.18833
241.27506 -0.068448 0.18748
241.36786 -0.070859 0.18660
241.46066 -0.073257 0.18568
241.55346 -0.075643 0.18473
241.64626 -0.078016 0.18375
241.73906 -0.080376 0.18273
241.83187 -0.082722 0.18169
241.92467 -0.085054 0.18061
242.01747 -0.087371 0.17950
242.11027 -0.089674 0.17836
242.20307 -0.091961 0.17719
242.29587 -0.094232 0.17599
242.38867 -0.096487 0.17475
242.48148 -0.098726 0.17349
242.57428 -0.100948 0.17220
242.66708 -0.103152 0.17088
242.75988 -0.105338 0.16952
242.85268 -0.107506 0.16814
242.94548 -0.109656 0.16673
243.03829 -0.111787 0.16529
243.13109 -0.113898 0.16382
243.22389 -0.115989 0.16233
243.31669 -0.118061 0.16080
243.40949 -0.120112 0.15925
243.50229 -0.122142 0.15767
243.59510 -0.124151 0.15606
243.68790 -0.126138 0.15442
243.78070 -0.128104 0.15276
243.87350 -0.130047 0.15107
243.96630 -0.131967 0.14936
244.05910 -0.133865 0.14762
244.15191 -0.135739 0.14585
244.24471 -0.137590 0.14406
244.33751 -0.139416 0.14225
244.43031 -0.141218 0.14041
244.52311 -0.142996 0.13854
244.61591 -0.144749 0.13665
244.70872 -0.146476 0.13474
244.80152 -0.148178 0.13281
244.89432 -0.149853 0.13085
244.98712 -0.151503 0.12887
245.07992 -0.153126 0.12687
245.17272 -0.154723 0.12484
245.26553 -0.156292 0.12280
245.35833 -0.157834 0.12073
245.45113 -0.159348 0.11864
245.54393 -0.160835 0.11653
245.63673 -0.162293 0.11441
245.72953 -0.163723 0.11226
245.82234 -0.165124 0.11009
245.91514 -0.166497 0.10791
246.00794 -0.167840 0.10570
246.10074 -0.169153 0.10348
246.19354 -0.170437 0.10124
246.28634 -0.171692 0.09898
246.37915 -0.172916 0.09671
246.47195 -0.174109 0.09442
246.56475 -0.175273 0.09212
246.65755 -0.176405 0.08979
246.75035 -0.177507 0.08746
246.84315 -0.178577 0.08511
246.93596 -0.179616 0.08274
247.02876 -0.180623 0.08036
247.12156 -0.181599 0.07797
247.21436 -0.182543 0.07556
247.30716 -0.183455 0.07315
247.39996 -0.184335 0.07072
247.49277 -0.185182 0.06827
247.58557 -0.185997 0.06582
247.67837 -0.186779 0.06336
247.77117 -0.187529 0.06088
247.86397 -0.188245 0.05840
247.95677 -0.188929 0.05590
248.04958 -0.189579 0.05340
248.14238 -0.190196 0.05089
248.23518 -0.190780 0.04837
248.32798 -0.191330 0.04584
248.42078 -0.191847 0.04331
248.51358 -0.192330 0.04076
248.60639 -0.192779 0.03822
248.69919 -0.193194 0.03566
248.79199 -0.193576 0.03310
248.88479 -0.193923 0.03054
248.97759 -0.194236 0.02797
249.07039 -0.194516 0.02540
249.16319 -0.194761 0.02282
249.25600 -0.194972 0.02024
249.34880 -0.195149 0.01766
249.44160 -0.195291 0.01507
249.53440 -0.195400 0.01249
249.62720 -0.195474 0.00990
249.72000 -0.195514 0.00731
249.81281 -0.195519 0.00473
249.90561 -0.195490 0.00214
249.99841 -0.195427 -0.00045
250.09121 -0.195330 -0.00304
250.18401 -0.195198 -0.00562
250.27681 -0.195033 -0.00821
250.36962 -0.194833 -0.01079
250.46242 -0.194598 -0.01336
250.55522 -0.194330 -0.01594
250.64802 -0.194028 -0.01851
250.74082 -0.193692 -0.02107
250.83362 -0.193322 -0.02364
250.92643 -0.192918 -0.02619
251.01923 -0.192480 -0.02874
251.11203 -0.192009 -0.03129
251.20483 -0.191504 -0.03382
251.29763 -0.190965 -0.03636
251.39043 -0.190394 -0.03888
251.48324 -0.189788 -0.04139
251.57604 -0.189150 -0.04390
251.66884 -0.188479 -0.04640
251.76164 -0.187775 -0.04889
251.85444 -0.187037 -0.05137
251.94724 -0.186268 -0.05383
252.04005 -0.185465 -0.05629
252.13285 -0.184631 -0.05874
252.22565 -0.183764 -0.06118
252.31845 -0.182865 -0.06360
252.41125 -0.181934 -0.06601
252.50405 -0.180972 -0.06841
252.59686 -0.179978 -0.07079
252.68966 -0.178953 -0.07316
252.78246 -0.177896 -0.07552
252.87526 -0.176809 -0.07787
252.96806 -0.175691 -0.08019
253.06086 -0.174542 -0.08251
253.15367 -0.173363 -0.08480
253.24647 -0.172154 -0.08708
253.33927 -0.170914 -0.08935
253.43207 -0.169646 -0.09159
253.52487 -0.168348 -0.09382
253.61767 -0.167020 -0.09604
253.71048 -0.165664 -0.09823
253.80328 -0.164279 -0.10040
253.89608 -0.162865 -0.10256
253.98888 -0.161424 -0.10470
254.08168 -0.159954 -0.10681
254.17448 -0.158457 -0.10891
254.26729 -0.156933 -0.11099
254.36009 -0.155381 -0.11304
254.45289 -0.153802 -0.11508
254.54569 -0.152198 -0.11709
254.63849 -0.150566 -0.11908
254.73129 -0.148909 -0.12105
254.82410 -0.147227 -0.12299
254.91690 -0.145519 -0.12492
255.00970 -0.143786 -0.12682
255.10250 -0.142028 -0.12869
255.19530 -0.140246 -0.13054
255.28810 -0.138440 -0.13237
255.38091 -0.136611 -0.13417
255.47371 -0.134758 -0.13595
255.56651 -0.132882 -0.13770
255.65931 -0.130983 -0.13943
255.75211 -0.129062 -0.14113
255.84491 -0.127119 -0.14281
255.93771 -0.125155 -0.14446
256.03052 -0.123169 -0.14608
256.12332 -0.121163 -0.14767
256.21612 -0.119135 -0.14924
256.30892 -0.117088 -0.15078
256.40172 -0.115021 -0.15229
256.49452 -0.112935 -0.15377
256.58733 -0.110830 -0.15523
256.68013 -0.108706 -0.15665
256.77293 -0.106564 -0.15805
256.86573 -0.104404 -0.15942
256.95853 -0.102226 -0.16076
257.05133 -0.100032 -0.16206
257.14414 -0.097821 -0.16334
257.23694 -0.095594 -0.16459
257.32974 -0.093351 -0.16581
257.42254 -0.091093 -0.16700
257.51534 -0.088819 -0.16815
257.60814 -0.086532 -0.16928
257.70095 -0.084230 -0.17037
257.79375 -0.081914 -0.17144
257.88655 -0.079585 -0.17247
257.97935 -0.077243 -0.17347
258.07215 -0.074889 -0.17444
258.16495 -0.072523 -0.17537
258.25776 -0.070145 -0.17628
258.35056 -0.067756 -0.17715
258.44336 -0.065357 -0.17799
258.53616 -0.062947 -0.17879
258.62896 -0.060527 -0.17957
258.72176 -0.058098 -0.18031
258.81457 -0.055660 -0.18101
258.90737 -0.053214 -0.18169
259.00017 -0.050760 -0.18233
259.09297 -0.048298 -0.18294
259.18577 -0.045829 -0.18351
259.27857 -0.043354 -0.18405
259.37138 -0.040872 -0.18456
259.46418 -0.038384 -0.18503
259.55698 -0.035892 -0.18547
259.64978 -0.033394 -0.18587
259.74258 -0.030892 -0.18624
259.83538 -0.028386 -0.18658
259.92819 -0.025877 -0.18688
260.02099 -0.023365 -0.18715
260.11379 -0.020850 -0.18739
260.20659 -0.018333 -0.18759
260.29939 -0.015815 -0.18775
260.39219 -0.013296 -0.18788
260.48500 -0.010775 -0.18798
260.57780 -0.008255 -0.18804
260.67060 -0.005735 -0.18807
260.76340 -0.003216 -0.18807
260.85620 -0.000698 -0.18803
260.94900 0.001819 -0.18795
261.04181 0.004333 -0.18785
261.13461 0.006845 -0.18770
261.22741 0.009354 -0.18753
261.32021 0.011859 -0.18732
261.41301 0.014360 -0.18707
261.50581 0.016857 -0.18679
261.59862 0.019349 -0.18648
261.69142 0.021835 -0.18613
261.78422 0.024316 -0.18575
261.87702 0.026790 -0.18534
261.96982 0.029258 -0.18489
262.06262 0.031719 -0.18441
262.15543 0.034172 -0.18389
262.24823 0.036617 -0.18334
262.34103 0.039053 -0.18276
262.43383 0.041480 -0.18215
262.52663 0.043898 -0.18150
262.61943 0.046306 -0.18082
262.71223 0.048704 -0.18011
262.80504 0.051091 -0.17936
262.89784 0.053467 -0.17858
262.99064 0.055831 -0.17777
263.08344 0.058183 -0.17693
263.17624 0.060523 -0.17606
263.26904 0.062850 -0.17515
263.36185 0.065163 -0.17421
263.45465 0.067463 -0.17324
263.54745 0.069748 -0.17224
263.64025 0.072019 -0.17121
263.73305 0.074275 -0.17015
263.82585 0.076515 -0.16906
263.91866 0.078739 -0.16794
264.01146 0.080947 -0.16678
264.10426 0.083139 -0.16560
264.19706 0.085313 -0.16439
264.28986 0.087470 -0.16314
264.38266 0.089609 -0.16187
264.47547 0.091730 -0.16057
264.56827 0.093832 -0.15924
264.66107 0.095915 -0.15788
264.75387 0.097979 -0.15650
264.84667 0.100022 -0.15508
264.93947 0.102046 -0.15364
265.03228 0.104049 -0.15217
265.12508 0.106031 -0.15068
265.21788 0.107992 -0.14915
265.31068 0.109931 -0.14761
265.40348 0.111848 -0.14603
265.49628 0.113743 -0.14443
265.58909 0.115615 -0.14280
265.68189 0.117464 -0.14115
265.77469 0.119290 -0.13947
265.86749 0.121092 -0.13777
265.96029 0.122870 -0.13604
266.05309 0.124623 -0.13429
266.14590 0.126352 -0.13252
266.23870 0.128056 -0.13072
266.33150 0.129734 -0.12890
266.42430 0.131387 -0.12706
266.51710 0.133014 -0.12519
266.60990 0.134615 -0.12330
266.70271 0.136189 -0.12140
266.79551 0.137736 -0.11947
266.88831 0.139256 -0.11752
266.98111 0.140749 -0.11554
267.07391 0.142214 -0.11355
267.16671 0.143651 -0.11154
267.25952 0.145061 -0.10951
267.35232 0.146441 -0.10746
267.44512 0.147793 -0.10539
267.53792 0.149116 -0.10331
267.63072 0.150410 -0.10121
267.72352 0.151674 -0.09908
267.81633 0.152909 -0.09695
267.90913 0.154114 -0.09479
268.00193 0.155289 -0.09262
268.09473 0.156434 -0.09044
268.18753 0.157548 -0.08824
268.28033 0.158631 -0.08602
268.37314 0.159683 -0.08379
268.46594 0.160705 -0.08154
268.55874 0.161695 -0.07929
268.65154 0.162654 -0.07702
268.74434 0.163581 -0.07473
268.83714 0.164476 -0.07244
268.92995 0.165339 -0.07013
269.02275 0.166170 -0.06781
269.11555 0.166969 -0.06548
269.20835 0.167736 -0.06314
269.30115 0.168470 -0.06079
269.39395 0.169171 -0.05843
269.48675 0.169840 -0.05606
269.57956 0.170475 -0.05368
269.67236 0.171078 -0.05129
269.76516 0.171648 -0.04890
269.85796 0.172184 -0.04650
269.95076 0.172687 -0.04409
270.04356 0.173157 -0.04168
270.13637 0.173593 -0.03926
270.22917 0.173996 -0.03683
270.32197 0.174365 -0.03440
270.41477 0.174700 -0.03196
270.50757 0.175002 -0.02953
270.60037 0.175269 -0.02708
270.69318 0.175503 -0.02464
270.78598 0.175704 -0.02219
270.87878 0.175870 -0.01974
270.97158 0.176002 -0.01728
271.06438 0.176101 -0.01483
271.15718 0.176165 -0.01238
271.24999 0.176196 -0.00992
271.34279 0.176193 -0.00747
271.43559 0.176155 -0.00501
271.52839 0.176084 -0.00256
271.62119 0.175979 -0.00011
271.71399 0.175841 0.00234
271.80680 0.175668 0.00479
271.89960 0.175462 0.00723
271.99240 0.175221 0.00967
272.08520 0.174948 0.01211
272.17800 0.174640 0.01454
272.27080 0.174299 0.01697
272.36361 0.173925 0.01939
272.45641 0.173517 0.02181
272.54921 0.173076 0.02422
272.64201 0.172602 0.02662
272.73481 0.172095 0.02902
272.82761 0.171554 0.03141
272.92042 0.170981 0.03379
273.01322 0.170375 0.03616
273.10602 0.169736 0.03852
273.19882 0.169065 0.04087
273.29162 0.168362 0.04322
273.38442 0.167626 0.04555
273.47723 0.166858 0.04787
273.57003 0.166059 0.05019
273.66283 0.165227 0.05248
273.75563 0.164364 0.05477
273.84843 0.163470 0.05705
273.94123 0.162544 0.05931
274.03404 0.161587 0.06156
274.12684 0.160600 0.06379
274.21964 0.159581 0.06601
274.31244 0.158533 0.06822
274.40524 0.157454 0.07041
274.49804 0.156345 0.07258
274.59085 0.155206 0.07474
274.68365 0.154038 0.07689
274.77645 0.152840 0.07901
274.86925 0.151613 0.08112
274.96205 0.150358 0.08321
275.05485 0.149074 0.08528
275.14766 0.147761 0.08734
275.24046 0.146420 0.08938
275.33326 0.145052 0.09139
275.42606 0.143656 0.09339
275.51886 0.142233 0.09537
275.61166 0.140782 0.09732
275.70447 0.139305 0.09926
275.79727 0.137802 0.10117
275.89007 0.136272 0.10307
275.98287 0.134717 0.10494
276.07567 0.133136 0.10679
276.16847 0.131530 0.10862
276.26127 0.129899 0.11042
276.35408 0.128243 0.11220
276.44688 0.126564 0.11396
276.53968 0.124860 0.11569
276.63248 0.123133 0.11740
276.72528 0.121383 0.11909
276.81808 0.119609 0.12075
276.91089 0.117813 0.12238
277.00369 0.115995 0.12399
277.09649 0.114156 0.12558
277.18929 0.112294 0.12713
277.28209 0.110412 0.12866
277.37489 0.108509 0.13017
277.46770 0.106586 0.13165
277.56050 0.104643 0.13310
277.65330 0.102680 0.13452
277.74610 0.100698 0.13591
277.83890 0.098697 0.13728
277.93170 0.096677 0.13862
278.02451 0.094640 0.13993
278.11731 0.092585 0.14121
278.21011 0.090513 0.14246
278.30291 0.088424 0.14368
278.39571 0.086319 0.14488
278.48851 0.084198 0.14604
278.58132 0.082061 0.14717
278.67412 0.079909 0.14828
278.76692 0.077743 0.14935
278.85972 0.075562 0.15039
278.95252 0.073367 0.15140
279.04532 0.071159 0.15238
279.13813 0.068938 0.15333
279.23093 0.066704 0.15425
279.32373 0.064458 0.15513
279.41653 0.062200 0.15599
279.50933 0.059932 0.15681
279.60213 0.057652 0.15760
279.69494 0.055362 0.15836
279.78774 0.053063 0.15908
279.88054 0.050754 0.15977
279.97334 0.048435 0.16043
280.06614 0.046109 0.16106
280.15894 0.043774 0.16166
280.25175 0.041432 0.16222
280.34455 0.039082 0.16275
280.43735 0.036726 0.16324
280.53015 0.034364 0.16370
280.62295 0.031995 0.16413
280.71575 0.029622 0.16453
280.80856 0.027244 0.16489
280.90136 0.024861 0.16522
280.99416 0.022474 0.16551
281.08696 0.020084 0.16578
281.17976 0.017691 0.16600
281.27256 0.015296 0.16620
281.36537 0.012899 0.16636
281.45817 0.010500 0.16648
281.55097 0.008099 0.16657
281.64377 0.005699 0.16663
281.73657 0.003298 0.16666
281.82937 0.000897 0.16665
281.92218 -0.001502 0.16660
282.01498 -0.003901 0.16653
282.10778 -0.006297 0.16642
282.20058 -0.008692 0.16627
282.29338 -0.011084 0.16609
282.38618 -0.013472 0.16588
282.47899 -0.015857 0.16564
282.57179 -0.018238 0.16536
282.66459 -0.020614 0.16504
282.75739 -0.022986 0.16470
282.85019 -0.025351 0.16432
282.94299 -0.027711 0.16390
283.03579 -0.030065 0.16346
283.12860 -0.032411 0.16298
283.22140 -0.034750 0.16246
283.31420 -0.037082 0.16192
283.40700 -0.039405 0.16134
283.49980 -0.041719 0.16073
283.59260 -0.044025 0.16008
283.68541 -0.046320 0.15941
283.77821 -0.048606 0.15870
283.87101 -0.050881 0.15796
283.96381 -0.053145 0.15718
284.05661 -0.055398 0.15638
284.14941 -0.057639 0.15554
284.24222 -0.059867 0.15467
284.33502 -0.062083 0.15377
284.42782 -0.064286 0.15284
284.52062 -0.066475 0.15188
284.61342 -0.068650 0.15089
284.70622 -0.070810 0.14986
284.79903 -0.072956 0.14881
284.89183 -0.075086 0.14772
284.98463 -0.077201 0.14661
285.07743 -0.079300 0.14547
285.17023 -0.081382 0.14429
285.26303 -0.083447 0.14309
285.35584 -0.085494 0.14186
285.44864 -0.087524 0.14059
285.54144 -0.089536 0.13930
285.63424 -0.091529 0.13799
285.72704 -0.093504 0.13664
285.81984 -0.095459 0.13527
285.91265 -0.097394 0.13386
286.00545 -0.099309 0.13244
286.09825 -0.101203 0.13098
286.19105 -0.103077 0.12950
286.28385 -0.104930 0.12799
286.37665 -0.106761 0.12645
286.46946 -0.108570 0.12489
286.56226 -0.110357 0.12330
286.65506 -0.112121 0.12169
286.74786 -0.113862 0.12006
286.84066 -0.115580 0.11839
286.93346 -0.117274 0.11671
287.02627 -0.118944 0.11500
287.11907 -0.120589 0.11327
287.21187 -0.122211 0.11151
287.30467 -0.123807 0.10973
287.39747 -0.125377 0.10793
287.49027 -0.126923 0.10610
287.58308 -0.128442 0.10426
287.67588 -0.129935 0.10239
287.76868 -0.131401 0.10050
287.86148 -0.132841 0.09859
287.95428 -0.134254 0.09666
288.04708 -0.135639 0.09472
288.13989 -0.136997 0.09275
288.23269 -0.138326 0.09076
288.32549 -0.139628 0.08875
288.41829 -0.140901 0.08673
288.51109 -0.142146 0.08468
288.60389 -0.143361 0.08262
288.69670 -0.144547 0.08054
288.78950 -0.145704 0.07845
288.88230 -0.146832 0.07634
288.97510 -0.147929 0.07421
289.06790 -0.148997 0.07207
289.16070 -0.150034 0.06991
289.25351 -0.151040 0.06774
289.34631 -0.152016 0.06555
289.43911 -0.152961 0.06335
289.53191 -0.153875 0.06113
289.62471 -0.154758 0.05891
289.71751 -0.155609 0.05667
289.81031 -0.156429 0.05441
289.90312 -0.157217 0.05215
289.99592 -0.157972 0.04987
290.08872 -0.158696 0.04759
290.18152 -0.159388 0.04529
290.27432 -0.160047 0.04299
290.36712 -0.160674 0.04067
290.45993 -0.161268 0.03835
290.55273 -0.161829 0.03601
290.64553 -0.162358 0.03367
290.73833 -0.162853 0.03132
290.83113 -0.163315 0.02897
290.92393 -0.163745 0.02661
291.01674 -0.164141 0.02424
291.10954 -0.164503 0.02186
291.20234 -0.164832 0.01948
291.29514 -0.165128 0.01710
291.38794 -0.165390 0.01471
291.48074 -0.165619 0.01232
291.57355 -0.165814 0.00992
291.66635 -0.165975 0.00752
291.75915 -0.166102 0.00512
291.85195 -0.166196 0.00272
291.94475 -0.166255 0.00031
292.03755 -0.166281 -0.00209
292.13036 -0.166274 -0.00450
292.22316 -0.166232 -0.00691
292.31596 -0.166156 -0.00931
292.40876 -0.166047 -0.01172
292.50156 -0.165904 -0.01412
292.59436 -0.165727 -0.01652
292.68717 -0.165516 -0.01892
292.77997 -0.165272 -0.02132
292.87277 -0.164994 -0.02372
292.96557 -0.164682 -0.02611
293.05837 -0.164337 -0.02849
293.15117 -0.163958 -0.03087
293.24398 -0.163546 -0.03325
293.33678 -0.163100 -0.03562
293.42958 -0.162621 -0.03799
293.52238 -0.162109 -0.04034
293.61518 -0.161564 -0.04269
293.70798 -0.160985 -0.04504
293.80079 -0.160374 -0.04737
293.89359 -0.159730 -0.04970
293.98639 -0.159053 -0.05202
294.07919 -0.158344 -0.05433
294.17199 -0.157602 -0.05663
294.26479 -0.156828 -0.05892
294.35760 -0.156022 -0.06120
294.45040 -0.155184 -0.06347
294.54320 -0.154314 -0.06572
294.63600 -0.153412 -0.06797
294.72880 -0.152479 -0.07020
294.82160 -0.151515 -0.07242
294.91441 -0.150519 -0.07462
295.00721 -0.149493 -0.07682
295.10001 -0.148435 -0.07899
295.19281 -0.147348 -0.08116
295.28561 -0.146229 -0.08331
295.37841 -0.145081 -0.08544
295.47122 -0.143903 -0.08756
295.56402 -0.142695 -0.08966
295.65682 -0.141457 -0.09174
295.74962 -0.140190 -0.09381
295.84242 -0.138894 -0.09585
295.93522 -0.137570 -0.09789
296.02803 -0.136217 -0.09990
296.12083 -0.134836 -0.10189
296.21363 -0.133426 -0.10387
296.30643 -0.131989 -0.10582
296.39923 -0.130525 -0.10776
296.49203 -0.129033 -0.10967
296.58483 -0.127515 -0.11157
296.67764 -0.125970 -0.11344
296.77044 -0.124398 -0.11529
296.86324 -0.122801 -0.11712
296.95604 -0.121178 -0.11893
297.04884 -0.119530 -0.12071
297.14164 -0.117856 -0.12248
297.23445 -0.116158 -0.12421
297.32725 -0.114435 -0.12593
297.42005 -0.112688 -0.12762
297.51285 -0.110918 -0.12929
297.60565 -0.109124 -0.13093
297.69845 -0.107307 -0.13255
297.79126 -0.105467 -0.13414
297.88406 -0.103605 -0.13571
297.97686 -0.101721 -0.13725
298.06966 -0.099815 -0.13876
298.16246 -0.097888 -0.14025
298.25526 -0.095940 -0.14171
298.34807 -0.093972 -0.14314
298.44087 -0.091983 -0.14455
298.53367 -0.089975 -0.14593
298.62647 -0.087947 -0.14728
298.71927 -0.085900 -0.14860
298.81207 -0.083835 -0.14989
298.90488 -0.081751 -0.15116
298.99768 -0.079650 -0.15239
299.09048 -0.077531 -0.15360
299.18328 -0.075395 -0.15478
299.27608 -0.073243 -0.15592
299.36888 -0.071074 -0.15704
299.46169 -0.068890 -0.15813
299.55449 -0.066690 -0.15918
299.64729 -0.064475 -0.16021
299.74009 -0.062246 -0.16120
299.83289 -0.060003 -0.16217
299.92569 -0.057746 -0.16310
300.01850 -0.055476 -0.16400
300.11130 -0.053194 -0.16487
300.20410 -0.050899 -0.16571
300.29690 -0.048592 -0.16651
300.38970 -0.046274 -0.16728
300.48250 -0.043944 -0.16802
300.57531 -0.041605 -0.16873
300.66811 -0.039255 -0.16941
300.76091 -0.036896 -0.17005
300.85371 -0.034527 -0.17066
300.94651 -0.032150 -0.17123
301.03931 -0.029764 -0.17178
301.13212 -0.027371 -0.17229
301.22492 -0.024971 -0.17276
301.31772 -0.022563 -0.17320
301.41052 -0.020149 -0.17361
301.50332 -0.017730 -0.17399
301.59612 -0.015305 -0.17433
301.68893 -0.012875 -0.17464
301.78173 -0.010440 -0.17491
301.87453 -0.008001 -0.17515
301.96733 -0.005559 -0.17535
302.06013 -0.003114 -0.17553
302.15293 -0.000666 -0.17566
302.24574 0.001784 -0.17576
302.33854 0.004236 -0.17583
302.43134 0.006689 -0.17587
302.52414 0.009142 -0.17587
302.61694 0.011596 -0.17583
302.70974 0.014049 -0.17576
302.80255 0.016502 -0.17566
302.89535 0.018954 -0.17552
302.98815 0.021404 -0.17535
303.08095 0.023852 -0.17514
303.17375 0.026297 -0.17490
303.26655 0.028739 -0.17462
303.35935 0.031178 -0.17431
303.45216 0.033612 -0.17397
303.54496 0.036042 -0.17359
303.63776 0.038467 -0.17318
303.73056 0.040887 -0.17273
303.82336 0.043301 -0.17225
303.91616 0.045708 -0.17174
304.00897 0.048108 -0.17119
304.10177 0.050502 -0.17061
304.19457 0.052887 -0.17000
304.28737 0.055264 -0.16935
304.38017 0.057632 -0.16867
304.47297 0.059991 -0.16795
304.56578 0.062341 -0.16721
304.65858 0.064680 -0.16642
304.75138 0.067009 -0.16561
304.84418 0.069327 -0.16476
304.93698 0.071634 -0.16389
305.02978 0.073928 -0.16297
305.12259 0.076211 -0.16203
305.21539 0.078480 -0.16105
305.30819 0.080736 -0.16005
305.40099 0.082979 -0.15901
305.49379 0.085207 -0.15794
305.58659 0.087421 -0.15684
305.67940 0.089620 -0.15570
305.77220 0.091804 -0.15454
305.86500 0.093972 -0.15334
305.95780 0.096123 -0.15212
306.05060 0.098258 -0.15086
306.14340 0.100376 -0.14958
306.23621 0.102477 -0.14826
306.32901 0.104559 -0.14692
306.42181 0.106623 -0.14554
306.51461 0.108669 -0.14414
306.60741 0.110695 -0.14270
306.70021 0.112702 -0.14124
306.79302 0.114689 -0.13975
306.88582 0.116656 -0.13824
306.97862 0.118602 -0.13669
307.07142 0.120527 -0.13512
307.16422 0.122430 -0.13352
307.25702 0.124312 -0.13189
307.34983 0.126172 -0.13024
307.44263 0.128009 -0.12856
307.53543 0.129824 -0.12686
307.62823 0.131615 -0.12512
307.72103 0.133382 -0.12337
307.81383 0.135126 -0.12159
307.90664 0.136845 -0.11978
307.99944 0.138540 -0.11795
308.09224 0.140210 -0.11610
308.18504 0.141854 -0.11422
308.27784 0.143473 -0.11232
308.37064 0.145067 -0.11039
308.46345 0.146634 -0.10845
308.55625 0.148174 -0.10648
308.64905 0.149688 -0.10449
308.74185 0.151174 -0.10247
308.83465 0.152633 -0.10044
308.92745 0.154064 -0.09838
309.02026 0.155468 -0.09631
309.11306 0.156843 -0.09421
309.20586 0.158189 -0.09210
309.29866 0.159507 -0.08997
309.39146 0.160796 -0.08781
309.48426 0.162055 -0.08564
309.57707 0.163285 -0.08345
309.66987 0.164485 -0.08125
309.76267 0.165656 -0.07902
309.85547 0.166795 -0.07678
309.94827 0.167905 -0.07452
310.04107 0.168983 -0.07225
310.13387 0.170031 -0.06996
310.22668 0.171047 -0.06766
310.31948 0.172032 -0.06534
310.41228 0.172986 -0.06301
310.50508 0.173908 -0.06066
310.59788 0.174797 -0.05830
310.69068 0.175655 -0.05593
310.78349 0.176481 -0.05354
310.87629 0.177274 -0.05114
310.96909 0.178034 -0.04873
311.06189 0.178762 -0.04631
311.15469 0.179456 -0.04388
311.24749 0.180118 -0.04144
311.34030 0.180746 -0.03899
311.43310 0.181342 -0.03653
311.52590 0.181903 -0.03406
311.61870 0.182431 -0.03158
311.71150 0.182926 -0.02909
311.80430 0.183386 -0.02660
311.89711 0.183813 -0.02410
311.98991 0.184205 -0.02159
312.08271 0.184564 -0.01907
312.17551 0.184888 -0.01655
312.26831 0.185178 -0.01403
312.36111 0.185434 -0.01150
312.45392 0.185656 -0.00897
312.54672 0.185843 -0.00643
312.63952 0.185995 -0.00389
312.73232 0.186113 -0.00134
312.82512 0.186197 0.00120
312.91792 0.186246 0.00375
313.01073 0.186260 0.00630
313.10353 0.186239 0.00885
313.19633 0.186184 0.01140
313.28913 0.186095 0.01395
313.38193 0.185970 0.01650
313.47473 0.185812 0.01905
313.56754 0.185618 0.02160
313.66034 0.185390 0.02415
313.75314 0.185127 0.02669
313.84594 0.184830 0.02923
313.93874 0.184498 0.03177
314.03154 0.184132 0.03431
314.12435 0.183731 0.03684
314.21715 0.183296 0.03936
314.30995 0.182827 0.04188
314.40275 0.182324 0.04440
314.49555 0.181786 0.04690
314.58835 0.181215 0.04941
314.68116 0.180609 0.05190
314.77396 0.179970 0.05439
314.86676 0.179297 0.05687
314.95956 0.178590 0.05934
315.05236 0.177850 0.06180
315.14516 0.177076 0.06425
315.23797 0.176269 0.06670
315.33077 0.175429 0.06913
315.42357 0.174556 0.07155
315.51637 0.173651 0.07396
315.60917 0.172712 0.07636
315.70197 0.171741 0.07875
315.79478 0.170738 0.08112
315.88758 0.169702 0.08348
315.98038 0.168635 0.08583
316.07318 0.167535 0.08816
316.16598 0.166404 0.09048
316.25878 0.165242 0.09279
316.35159 0.164048 0.09508
316.44439 0.162824 0.09735
316.53719 0.161568 0.09961
316.62999 0.160282 0.10185
316.72279 0.158966 0.10408
316.81559 0.157619 0.10629
316.90840 0.156243 0.10848
317.00120 0.154837 0.11065
317.09400 0.153401 0.11280
317.18680 0.151936 0.11494
317.27960 0.150443 0.11705
317.37240 0.148921 0.11915
317.46520 0.147370 0.12122
317.55801 0.145791 0.12328
317.65081 0.144185 0.12531
317.74361 0.142551 0.12732
317.83641 0.140890 0.12931
317.92921 0.139202 0.13128
318.02201 0.137487 0.13323
318.11482 0.135746 0.13515
318.20762 0.133979 0.13705
318.30042 0.132186 0.13893
318.39322 0.130368 0.14078
318.48602 0.128525 0.14261
318.57882 0.126657 0.14442
318.67163 0.124764 0.14620
318.76443 0.122848 0.14795
318.85723 0.120908 0.14968
318.95003 0.118945 0.15138
319.04283 0.116958 0.15306
319.13563 0.114949 0.15471
319.22844 0.112918 0.15633
319.32124 0.110864 0.15793
319.41404 0.108790 0.15950
319.50684 0.106694 0.16104
319.59964 0.104577 0.16255
319.69244 0.102440 0.16404
319.78525 0.100282 0.16549
319.87805 0.098105 0.16692
319.97085 0.095909 0.16832
320.06365 0.093694 0.16969
320.15645 0.091461 0.17102
320.24925 0.089209 0.17233
320.34206 0.086940 0.17361
320.43486 0.084654 0.17486
320.52766 0.082351 0.17608
320.62046 0.080032 0.17726
320.71326 0.077696 0.17842
320.80606 0.075345 0.17954
320.89887 0.072979 0.18064
320.99167 0.070598 0.18170
321.08447 0.068203 0.18273
321.17727 0.065794 0.18372
321.27007 0.063372 0.18469
321.36287 0.060937 0.18562
321.45568 0.058490 0.18652
321.54848 0.056030 0.18738
321.64128 0.053559 0.18821
321.73408 0.051076 0.18901
321.82688 0.048583 0.18978
321.91968 0.046080 0.19051
322.01249 0.043567 0.19121
322.10529 0.041044 0.19188
322.19809 0.038513 0.19251
322.29089 0.035973 0.19310
322.38369 0.033426 0.19366
322.47649 0.030871 0.19419
322.56930 0.028309 0.19469
322.66210 0.025740 0.19514
322.75490 0.023165 0.19557
322.84770 0.020585 0.19596
322.94050 0.018000 0.19631
323.03330 0.015410 0.19663
323.12611 0.012816 0.19692
323.21891 0.010218 0.19717
323.31171 0.007617 0.19738
323.40451 0.005013 0.19756
323.49731 0.002407 0.19770
323.59011 -0.000200 0.19781
323.68292 -0.002809 0.19789
323.77572 -0.005419 0.19793
323.86852 -0.008029 0.19793
323.96132 -0.010640 0.19790
324.05412 -0.013249 0.19783
324.14692 -0.015857 0.19773
324.23972 -0.018464 0.19759
324.33253 -0.021069 0.19741
324.42533 -0.023671 0.19721
324.51813 -0.026270 0.19696
324.61093 -0.028866 0.19668
324.70373 -0.031457 0.19637
324.79653 -0.034044 0.19602
324.88934 -0.036627 0.19563
324.98214 -0.039204 0.19521
325.07494 -0.041774 0.19476
325.16774 -0.044339 0.19427
325.26054 -0.046897 0.19375
325.35334 -0.049447 0.19319
325.44615 -0.051990 0.19260
325.53895 -0.054524 0.19197
325.63175 -0.057050 0.19131
325.72455 -0.059567 0.19061
325.81735 -0.062074 0.18988
325.91015 -0.064571 0.18912
326.00296 -0.067057 0.18832
326.09576 -0.069532 0.18749
326.18856 -0.071996 0.18662
326.28136 -0.074448 0.18572
326.37416 -0.076887 0.18479
326.46696 -0.079314 0.18382
326.55977 -0.081727 0.18283
326.65257 -0.084127 0.18179
326.74537 -0.086512 0.18073
326.83817 -0.088883 0.17964
326.93097 -0.091239 0.17851
327.02377 -0.093579 0.17735
327.11658 -0.095903 0.17616
327.20938 -0.098211 0.17493
327.30218 -0.100503 0.17368
327.39498 -0.102777 0.17239
327.48778 -0.105033 0.17108
327.58058 -0.107271 0.16973
327.67339 -0.109491 0.16835
327.76619 -0.111692 0.16694
327.85899 -0.113874 0.16550
327.95179 -0.116036 0.16404
328.04459 -0.118178 0.16254
328.13739 -0.120300 0.16101
328.23020 -0.122401 0.15946
328.32300 -0.124480 0.15788
328.41580 -0.126538 0.15626
328.50860 -0.128574 0.15463
328.60140 -0.130587 0.15296
328.69420 -0.132578 0.15126
328.78701 -0.134546 0.14954
328.87981 -0.136490 0.14779
328.97261 -0.138410 0.14602
329.06541 -0.140306 0.14422
329.15821 -0.142177 0.14239
329.25101 -0.144024 0.14054
329.34382 -0.145845 0.13866
329.43662 -0.147641 0.13676
329.52942 -0.149411 0.13483
329.62222 -0.151154 0.13288
329.71502 -0.152871 0.13091
329.80782 -0.154562 0.12891
329.90063 -0.156224 0.12689
329.99343 -0.157860 0.12485
330.08623 -0.159468 0.12278
330.17903 -0.161047 0.12070
330.27183 -0.162598 0.11859
330.36463 -0.164121 0.11646
330.45744 -0.165614 0.11431
330.55024 -0.167078 0.11214
330.64304 -0.168513 0.10995
330.73584 -0.169918 0.10773
330.82864 -0.171293 0.10551
330.92144 -0.172638 0.10326
331.01424 -0.173952 0.10099
331.10705 -0.175235 0.09871
331.19985 -0.176488 0.09640
331.29265 -0.177709 0.09409
331.38545 -0.178898 0.09175
331.47825 -0.180056 0.08940
331.57105 -0.181182 0.08703
331.66386 -0.182276 0.08465
331.75666 -0.183338 0.08225
331.84946 -0.184367 0.07984
331.94226 -0.185364 0.07741
332.03506 -0.186327 0.07497
332.12786 -0.187258 0.07252
332.22067 -0.188155 0.07005
332.31347 -0.189019 0.06758
332.40627 -0.189849 0.06509
332.49907 -0.190646 0.06259
332.59187 -0.191409 0.06008
332.68467 -0.192138 0.05755
332.77748 -0.192832 0.05502
332.87028 -0.193493 0.05248
332.96308 -0.194119 0.04993
333.05588 -0.194710 0.04737
333.14868 -0.195267 0.04480
333.24148 -0.195789 0.04223
333.33429 -0.196277 0.03965
333.42709 -0.196730 0.03706
333.51989 -0.197147 0.03446
333.61269 -0.197530 0.03186
333.70549 -0.197877 0.02926
333.79829 -0.198190 0.02665
333.89110 -0.198467 0.02403
333.98390 -0.198708 0.02141
334.07670 -0.198915 0.01879
334.16950 -0.199086 0.01617
334.26230 -0.199222 0.01354
334.35510 -0.199322 0.01091
334.44791 -0.199387 0.00828
334.54071 -0.199416 0.00565
334.63351 -0.199410 0.00302
334.72631 -0.199369 0.00039
334.81911 -0.199292 -0.00224
334.91191 -0.199180 -0.00487
335.00472 -0.199032 -0.00750
335.09752 -0.198849 -0.01013
335.19032 -0.198631 -0.01275
335.28312 -0.198377 -0.01537
335.37592 -0.198088 -0.01799
335.46872 -0.197764 -0.02061
335.56153 -0.197405 -0.02322
335.65433 -0.197010 -0.02582
335.74713 -0.196581 -0.02842
335.83993 -0.196117 -0.03101
335.93273 -0.195618 -0.03360
336.02553 -0.195084 -0.03618
336.11834 -0.194516 -0.03875
336.21114 -0.193913 -0.04132
336.30394 -0.193275 -0.04388
336.39674 -0.192604 -0.04643
336.48954 -0.191898 -0.04897
336.58234 -0.191158 -0.05150
336.67515 -0.190385 -0.05402
336.76795 -0.189577 -0.05653
336.86075 -0.188737 -0.05902
336.95355 -0.187862 -0.06151
337.04635 -0.186954 -0.06399
337.13915 -0.186014 -0.06645
337.23196 -0.185040 -0.06890
337.32476 -0.184034 -0.07134
337.41756 -0.182995 -0.07376
337.51036 -0.181923 -0.07617
337.60316 -0.180820 -0.07857
337.69596 -0.179684 -0.08094
337.78876 -0.178517 -0.08331
337.88157 -0.177318 -0.08566
337.97437 -0.176088 -0.08799
338.06717 -0.174827 -0.09031
338.15997 -0.173535 -0.09261
338.25277 -0.172213 -0.09489
338.34557 -0.170860 -0.09715
338.43838 -0.169477 -0.09939
338.53118 -0.168064 -0.10162
338.62398 -0.166621 -0.10383
338.71678 -0.165150 -0.10601
338.80958 -0.163649 -0.10818
338.90238 -0.162119 -0.11033
338.99519 -0.160561 -0.11246
339.08799 -0.158975 -0.11456
339.18079 -0.157361 -0.11664
339.27359 -0.155719 -0.11871
339.36639 -0.154050 -0.12074
339.45919 -0.152354 -0.12276
339.55200 -0.150632 -0.12476
339.64480 -0.148883 -0.12673
339.73760 -0.147108 -0.12867
339.83040 -0.145307 -0.13059
339.92320 -0.143481 -0.13249
340.01600 -0.141630 -0.13437
340.10881 -0.139755 -0.13621
340.20161 -0.137855 -0.13804
340.29441 -0.135931 -0.13983
340.38721 -0.133983 -0.14160
340.48001 -0.132013 -0.14335
340.57281 -0.130019 -0.14507
340.66562 -0.128003 -0.14676
340.75842 -0.125965 -0.14842
340.85122 -0.123905 -0.15006
340.94402 -0.121823 -0.15166
341.03682 -0.119721 -0.15324
341.12962 -0.117598 -0.15479
341.22243 -0.115455 -0.15631
341.31523 -0.113292 -0.15781
341.40803 -0.111110 -0.15927
341.50083 -0.108908 -0.16070
341.59363 -0.106688 -0.16211
341.68643 -0.104450 -0.16348
341.77924 -0.102194 -0.16483
341.87204 -0.099921 -0.16614
341.96484 -0.097631 -0.16742
342.05764 -0.095325 -0.16867
342.15044 -0.093002 -0.16989
342.24324 -0.090664 -0.17108
342.33605 -0.088311 -0.17223
342.42885 -0.085942 -0.17336
342.52165 -0.083560 -0.17445
342.61445 -0.081164 -0.17551
342.70725 -0.078754 -0.17654
342.80005 -0.076331 -0.17753
342.89286 -0.073896 -0.17849
342.98566 -0.071449 -0.17942
343.07846 -0.068990 -0.18032
343.17126 -0.066520 -0.18118
343.26406 -0.064039 -0.18201
343.35686 -0.061548 -0.18280
343.44967 -0.059047 -0.18356
343.54247 -0.056537 -0.18429
343.63527 -0.054018 -0.18498
343.72807 -0.051491 -0.18564
343.82087 -0.048956 -0.18626
343.91367 -0.046413 -0.18685
344.00648 -0.043863 -0.18741
344.09928 -0.041307 -0.18793
344.19208 -0.038745 -0.18842
344.28488 -0.036178 -0.18887
344.37768 -0.033605 -0.18928
344.47048 -0.031028 -0.18966
344.56328 -0.028446 -0.19001
344.65609 -0.025861 -0.19032
344.74889 -0.023273 -0.19060
344.84169 -0.020683 -0.19084
344.93449 -0.018090 -0.19105
345.02729 -0.015495 -0.19122
345.12009 -0.012899 -0.19135
345.21290 -0.010303 -0.19145
345.30570 -0.007706 -0.19152
345.39850 -0.005110 -0.19155
345.49130 -0.002514 -0.19154
345.58410 0.000081 -0.19150
345.67690 0.002674 -0.19142
345.76971 0.005265 -0.19131
345.86251 0.007853 -0.19117
345.95531 0.010438 -0.19099
346.04811 0.013019 -0.19077
346.14091 0.015596 -0.19052
346.23371 0.018169 -0.19023
346.32652 0.020736 -0.18991
346.41932 0.023298 -0.18955
346.51212 0.025854 -0.18916
346.60492 0.028404 -0.18874
346.69772 0.030947 -0.18828
346.79052 0.033482 -0.18778
346.88333 0.036009 -0.18725
346.97613 0.038528 -0.18669
347.06893 0.041038 -0.18609
347.16173 0.043539 -0.18546
347.25453 0.046029 -0.18479
347.34733 0.048510 -0.18410
347.44014 0.050980 -0.18336
347.53294 0.053439 -0.18260
347.62574 0.055886 -0.18180
347.71854 0.058321 -0.18096
347.81134 0.060744 -0.18010
347.90414 0.063154 -0.17920
347.99695 0.065550 -0.17827
348.08975 0.067932 -0.17730
348.18255 0.070300 -0.17631
348.27535 0.072654 -0.17528
348.36815 0.074992 -0.17422
348.46095 0.077314 -0.17313
348.55376 0.079620 -0.17200
348.64656 0.081910 -0.17085
348.73936 0.084183 -0.16966
348.83216 0.086439 -0.16845
348.92496 0.088677 -0.16720
349.01776 0.090897 -0.16592
349.11057 0.093098 -0.16462
349.20337 0.095280 -0.16328
349.29617 0.097443 -0.16191
349.38897 0.099586 -0.16052
349.48177 0.101709 -0.15909
349.57457 0.103811 -0.15764
349.66738 0.105892 -0.15616
349.76018 0.107952 -0.15465
349.85298 0.109990 -0.15311
349.94578 0.112006 -0.15154
350.03858 0.113999 -0.14995
350.13138 0.115970 -0.14833
350.22419 0.117917 -0.14669
350.31699 0.119841 -0.14501
350.40979 0.121741 -0.14332
350.50259 0.123616 -0.14159
350.59539 0.125467 -0.13984
350.68819 0.127293 -0.13807
350.78100 0.129094 -0.13627
350.87380 0.130868 -0.13445
350.96660 0.132617 -0.13260
351.05940 0.134340 -0.13073
351.15220 0.136036 -0.12884
351.24500 0.137705 -0.12692
351.33780 0.139346 -0.12498
351.43061 0.140961 -0.12302
351.52341 0.142547 -0.12104
351.61621 0.144105 -0.11903
351.70901 0.145635 -0.11701
351.80181 0.147136 -0.11496
351.89461 0.148608 -0.11290
351.98742 0.150050 -0.11081
352.08022 0.151463 -0.10871
352.17302 0.152847 -0.10658
352.26582 0.154200 -0.10444
352.35862 0.155523 -0.10228
352.45142 0.156816 -0.10010
352.54423 0.158077 -0.09791
352.63703 0.159308 -0.09570
352.72983 0.160508 -0.09347
352.82263 0.161676 -0.09123
352.91543 0.162812 -0.08897
353.00823 0.163916 -0.08669
353.10104 0.164989 -0.08440
353.19384 0.166029 -0.08210
353.28664 0.167037 -0.07978
353.37944 0.168012 -0.07745
353.47224 0.168954 -0.07511
353.56504 0.169863 -0.07275
353.65785 0.170739 -0.07038
353.75065 0.171582 -0.06800
353.84345 0.172392 -0.06561
353.93625 0.173167 -0.06321
354.02905 0.173909 -0.06080
354.12185 0.174618 -0.05838
354.21466 0.175292 -0.05595
354.30746 0.175932 -0.05351
354.40026 0.176538 -0.05107
354.49306 0.177109 -0.04861
354.58586 0.177646 -0.04615
354.67866 0.178149 -0.04368
354.77147 0.178617 -0.04121
354.86427 0.179050 -0.03873
354.95707 0.179449 -0.03624
355.04987 0.179812 -0.03375
355.14267 0.180141 -0.03125
355.23547 0.180435 -0.02876
355.32828 0.180694 -0.02625
355.42108 0.180918 -0.02375
355.51388 0.181107 -0.02124
355.60668 0.181260 -0.01873
355.69948 0.181379 -0.01622
355.79228 0.181462 -0.01370
355.88509 0.181511 -0.01119
355.97789 0.181524 -0.00868
356.07069 0.181502 -0.00617
356.16349 0.181445 -0.00365
356.25629 0.181354 -0.00114
356.34909 0.181227 0.00136
356.44190 0.181064 0.00387
356.53470 0.180868 0.00637
356.62750 0.180636 0.00887
356.72030 0.180369 0.01137
356.81310 0.180067 0.01386
356.90590 0.179731 0.01635
356.99871 0.179360 0.01883
357.09151 0.178955 0.02130
357.18431 0.178515 0.02377
357.27711 0.178040 0.02624
357.36991 0.177532 0.02869
357.46271 0.176989 0.03114
357.55552 0.176412 0.03358
357.64832 0.175801 0.03601
357.74112 0.175157 0.03843
357.83392 0.174478 0.04084
357.92672 0.173767 0.04324
358.01952 0.173022 0.04564
358.11232 0.172243 0.04802
358.20513 0.171432 0.05039
358.29793 0.170587 0.05274
358.39073 0.169710 0.05509
358.48353 0.168801 0.05742
358.57633 0.167859 0.05974
358.66913 0.166884 0.06204
358.76194 0.165878 0.06433
358.85474 0.164841 0.06661
358.94754 0.163771 0.06887
359.04034 0.162670 0.07112
359.13314 0.161539 0.07335
359.22594 0.160376 0.07556
359.31875 0.159183 0.07776
359.41155 0.157959 0.07994
359.50435 0.156705 0.08210
359.59715 0.155421 0.08424
359.68995 0.154108 0.08637
359.78275 0.152765 0.08848
359.87556 0.151393 0.09056
359.96836 0.149993 0.09263
360.06116 0.148563 0.09468
360.15396 0.147106 0.09670
360.24676 0.145620 0.09871
360.33956 0.144107 0.10070
360.43237 0.142567 0.10266
360.52517 0.141000 0.10460
360.61797 0.139405 0.10652
360.71077 0.137785 0.10842
360.80357 0.136138 0.11029
360.89637 0.134466 0.11214
360.98918 0.132768 0.11396
361.08198 0.131045 0.11576
361.17478 0.129297 0.11754
361.26758 0.127525 0.11929
361.36038 0.125729 0.12102
361.45318 0.123910 0.12272
361.54599 0.122067 0.12439
361.63879 0.120201 0.12604
361.73159 0.118312 0.12767
361.82439 0.116402 0.12926
361.91719 0.114469 0.13083
362.00999 0.112516 0.13237
362.10280 0.110541 0.13388
362.19560 0.108545 0.13537
362.28840 0.106530 0.13682
362.38120 0.104494 0.13825
362.47400 0.102439 0.13965
362.56680 0.100366 0.14102
362.65961 0.098273 0.14236
362.75241 0.096163 0.14367
362.84521 0.094034 0.14495
362.93801 0.091889 0.14620
363.03081 0.089726 0.14742
363.12361 0.087547 0.14861
363.21642 0.085352 0.14977
363.30922 0.083141 0.15090
363.40202 0.080916 0.15199
363.49482 0.078675 0.15306
363.58762 0.076421 0.15409
363.68042 0.074152 0.15509
363.77323 0.071870 0.15606
363.86603 0.069576 0.15699
363.95883 0.067269 0.15790
364.05163 0.064950 0.15877
364.14443 0.062619 0.15960
364.23723 0.060277 0.16041
364.33004 0.057925 0.16118
364.42284 0.055563 0.16192
364.51564 0.053191 0.16262
364.60844 0.050810 0.16329
364.70124 0.048420 0.16393
364.79404 0.046022 0.16454
364.88684 0.043617 0.16510
364.97965 0.041204 0.16564
365.07245 0.038784 0.16614
365.16525 0.036358 0.16661
365.25805 0.033927 0.16704
365.35085 0.031490 0.16744
365.44365 0.029048 0.16780
365.53646 0.026602 0.16813
365.62926 0.024152 0.16843
365.72206 0.021698 0.16869
365.81486 0.019242 0.16891
365.90766 0.016784 0.16910
366.00046 0.014323 0.16926
366.09327 0.011861 0.16938
366.18607 0.009399 0.16947
366.27887 0.006935 0.16952
366.37167 0.004472 0.16953
366.46447 0.002010 0.16952
366.55727 -0.000451 0.16946
366.65008 -0.002911 0.16937
366.74288 -0.005369 0.16925
366.83568 -0.007824 0.16909
366.92848 -0.010276 0.16890
367.02128 -0.012725 0.16867
367.11408 -0.015170 0.16841
367.20689 -0.017610 0.16812
367.29969 -0.020045 0.16779
367.39249 -0.022475 0.16742
367.48529 -0.024898 0.16702
367.57809 -0.027316 0.16659
367.67089 -0.029726 0.16612
367.76370 -0.032129 0.16562
367.85650 -0.034524 0.16508
367.94930 -0.036911 0.16451
368.04210 -0.039288 0.16391
368.13490 -0.041657 0.16327
368.22770 -0.044016 0.16260
368.32051 -0.046364 0.16190
368.41331 -0.048702 0.16116
368.50611 -0.051028 0.16039
368.59891 -0.053343 0.15958
368.69171 -0.055646 0.15875
368.78451 -0.057936 0.15788
368.87732 -0.060213 0.15698
368.97012 -0.062476 0.15605
369.06292 -0.064726 0.15508
369.15572 -0.066961 0.15408
369.24852 -0.069182 0.15306
369.34132 -0.071387 0.15200
369.43413 -0.073576 0.15090
369.52693 -0.075749 0.14978
369.61973 -0.077906 0.14863
369.71253 -0.080045 0.14745
369.80533 -0.082167 0.14623
369.89813 -0.084271 0.14499
369.99094 -0.086357 0.14372
370.08374 -0.088424 0.14241
370.17654 -0.090472 0.14108
370.26934 -0.092500 0.13972
370.36214 -0.094509 0.13833
370.45494 -0.096497 0.13691
370.54775 -0.098464 0.13547
370.64055 -0.100410 0.13400
370.73335 -0.102335 0.13249
370.82615 -0.104238 0.13097
370.91895 -0.106118 0.12941
371.01175 -0.107976 0.12783
371.10456 -0.109810 0.12622
371.19736 -0.111622 0.12459
371.29016 -0.113409 0.12293
371.38296 -0.115173 0.12124
371.47576 -0.116911 0.11953
371.56856 -0.118625 0.11780
371.66136 -0.120314 0.11604
371.75417 -0.121977 0.11426
371.84697 -0.123615 0.11245
371.93977 -0.125226 0.11062
372.03257 -0.126811 0.10877
372.12537 -0.128369 0.10689
372.21817 -0.129900 0.10500
372.31098 -0.131403 0.10308
372.40378 -0.132879 0.10114
372.49658 -0.134326 0.09918
372.58938 -0.135745 0.09720
372.68218 -0.137136 0.09520
372.77498 -0.138498 0.09318
372.86779 -0.139830 0.09114
372.96059 -0.141133 0.08908
373.05339 -0.142407 0.08700
373.14619 -0.143650 0.08491
373.23899 -0.144864 0.08280
373.33179 -0.146046 0.08067
373.42460 -0.147199 0.07852
373.51740 -0.148320 0.07636
373.61020 -0.149410 0.07418
373.70300 -0.150469 0.07199
373.79580 -0.151496 0.06978
373.88860 -0.152491 0.06755
373.98141 -0.153455 0.06532
374.07421 -0.154386 0.06306
374.16701 -0.155285 0.06080
374.25981 -0.156151 0.05852
374.35261 -0.156985 0.05623
374.44541 -0.157785 0.05393
374.53822 -0.158553 0.05162
374.63102 -0.159288 0.04930
374.72382 -0.159989 0.04696
374.81662 -0.160656 0.04462
374.90942 -0.161290 0.04226
375.00222 -0.161891 0.03990
375.09503 -0.162457 0.03753
375.18783 -0.162989 0.03515
375.28063 -0.163488 0.03277
375.37343 -0.163952 0.03037
375.46623 -0.164381 0.02797
375.55903 -0.164777 0.02557
375.65184 -0.165138 0.02315
375.74464 -0.165464 0.02074
375.83744 -0.165756 0.01831
375.93024 -0.166013 0.01589
376.02304 -0.166235 0.01346
376.11584 -0.166423 0.01103
376.20865 -0.166575 0.00859
376.30145 -0.166693 0.00615
376.39425 -0.166776 0.00371
376.48705 -0.166824 0.00127
376.57985 -0.166837 -0.00117
376.67265 -0.166816 -0.00361
376.76546 -0.166759 -0.00605
376.85826 -0.166667 -0.00849
376.95106 -0.166541 -0.01093
377.04386 -0.166380 -0.01337
377.13666 -0.166183 -0.01581
377.22946 -0.165953 -0.01824
377.32227 -0.165687 -0.02067
377.41507 -0.165386 -0.02310
377.50787 -0.165051 -0.02552
377.60067 -0.164681 -0.02793
377.69347 -0.164277 -0.03035
377.78627 -0.163839 -0.03275
377.87908 -0.163365 -0.03515
377.97188 -0.162858 -0.03755
378.06468 -0.162317 -0.03993
378.15748 -0.161741 -0.04231
378.25028 -0.161132 -0.04468
378.34308 -0.160488 -0.04705
378.43588 -0.159811 -0.04940
378.52869 -0.159100 -0.05175
378.62149 -0.158356 -0.05408
378.71429 -0.157579 -0.05640
378.80709 -0.156768 -0.05872
378.89989 -0.155925 -0.06102
378.99269 -0.155048 -0.06331
379.08550 -0.154139 -0.06558
379.17830 -0.153197 -0.06785
379.27110 -0.152224 -0.07010
379.36390 -0.151218 -0.07234
379.45670 -0.150180 -0.07456
379.54950 -0.149110 -0.07677
379.64231 -0.148009 -0.07897
379.73511 -0.146877 -0.08114
379.82791 -0.145713 -0.08331
379.92071 -0.144519 -0.08545
380.01351 -0.143294 -0.08758
380.10631 -0.142039 -0.08970
380.19912 -0.140753 -0.09179
380.29192 -0.139438 -0.09387
380.38472 -0.138093 -0.09593
380.47752 -0.136719 -0.09796
380.57032 -0.135316 -0.09998
380.66312 -0.133884 -0.10198
380.75593 -0.132423 -0.10397
380.84873 -0.130934 -0.10592
380.94153 -0.129418 -0.10786
381.03433 -0.127873 -0.10978
381.12713 -0.126301 -0.11168
381.21993 -0.124703 -0.11355
381.31274 -0.123077 -0.11540
381.40554 -0.121425 -0.11723
381.49834 -0.119748 -0.11903
381.59114 -0.118044 -0.12082
381.68394 -0.116315 -0.12257
381.77674 -0.114561 -0.12431
381.86955 -0.112782 -0.12601
381.96235 -0.110979 -0.12770
382.05515 -0.109152 -0.12935
382.14795 -0.107301 -0.13099
382.24075 -0.105427 -0.13259
382.33355 -0.103530 -0.13417
382.42636 -0.101611 -0.13573
382.51916 -0.099669 -0.13725
382.61196 -0.097706 -0.13875
382.70476 -0.095721 -0.14022
382.79756 -0.093716 -0.14166
382.89036 -0.091689 -0.14308
382.98317 -0.089643 -0.14446
383.07597 -0.087577 -0.14582
383.16877 -0.085491 -0.14715
383.26157 -0.083387 -0.14845
383.35437 -0.081263 -0.14972
383.44717 -0.079122 -0.15096
383.53998 -0.076963 -0.15217
383.63278 -0.074787 -0.15334
383.72558 -0.072594 -0.15449
383.81838 -0.070385 -0.15561
383.91118 -0.068160 -0.15669
384.00398 -0.065919 -0.15775
384.09679 -0.063663 -0.15877
384.18959 -0.061392 -0.15976
384.28239 -0.059107 -0.16072
384.37519 -0.056809 -0.16165
384.46799 -0.054497 -0.16254
384.56079 -0.052173 -0.16340
384.65360 -0.049836 -0.16423
384.74640 -0.047487 -0.16503
384.83920 -0.045127 -0.16579
384.93200 -0.042756 -0.16652
385.02480 -0.040374 -0.16721
385.11760 -0.037983 -0.16788
385.21040 -0.035582 -0.16850
385.30321 -0.033172 -0.16910
385.39601 -0.030753 -0.16966
385.48881 -0.028326 -0.17018
385.58161 -0.025892 -0.17068
385.67441 -0.023451 -0.17113
385.76721 -0.021003 -0.17156
385.86002 -0.018549 -0.17195
385.95282 -0.016089 -0.17230
386.04562 -0.013624 -0.17262
386.13842 -0.011154 -0.17290
386.23122 -0.008680 -0.17315
386.32402 -0.006203 -0.17336
386.41683 -0.003722 -0.17354
386.50963 -0.001239 -0.17369
386.60243 0.001247 -0.17380
386.69523 0.003734 -0.17387
386.78803 0.006222 -0.17391
386.88083 0.008712 -0.17391
386.97364 0.011201 -0.17388
387.06644 0.013690 -0.17381
387.15924 0.016178 -0.17371
387.25204 0.018665 -0.17357
387.34484 0.021150 -0.17340
387.43764 0.023633 -0.17319
387.53045 0.026113 -0.17295
387.62325 0.028590 -0.17267
387.71605 0.031063 -0.17236
387.80885 0.033532 -0.17201
387.90165 0.035996 -0.17162
387.99445 0.038455 -0.17121
388.08726 0.040908 -0.17075
388.18006 0.043355 -0.17026
388.27286 0.045795 -0.16974
388.36566 0.048227 -0.16918
388.45846 0.050653 -0.16859
388.55126 0.053070 -0.16797
388.64407 0.055478 -0.16731
388.73687 0.057877 -0.16661
388.82967 0.060266 -0.16588
388.92247 0.062646 -0.16512
389.01527 0.065015 -0.16432
389.10807 0.067372 -0.16349
389.20088 0.069718 -0.16263
389.29368 0.072052 -0.16173
389.38648 0.074374 -0.16080
389.47928 0.076683 -0.15984
389.57208 0.078978 -0.15884
389.66488 0.081259 -0.15782
389.75769 0.083527 -0.15676
389.85049 0.085779 -0.15566
389.94329 0.088016 -0.15454
390.03609 0.090237 -0.15338
390.12889 0.092442 -0.15219
390.22169 0.094631 -0.15097
390.31450 0.096803 -0.14972
390.40730 0.098957 -0.14844
390.50010 0.101093 -0.14713
390.59290 0.103211 -0.14578
390.68570 0.105310 -0.14441
390.77850 0.107390 -0.14301
390.87131 0.109450 -0.14158
390.96411 0.111491 -0.14011
391.05691 0.113511 -0.13862
391.14971 0.115510 -0.13710
391.24251 0.117488 -0.13555
391.33531 0.119444 -0.13398
391.42812 0.121378 -0.13237
391.52092 0.123290 -0.13074
391.61372 0.125179 -0.12908
391.70652 0.127045 -0.12739
391.79932 0.128887 -0.12568
391.89212 0.130706 -0.12394
391.98493 0.132500 -0.12217
392.07773 0.134269 -0.12038
392.17053 0.136014 -0.11857
392.26333 0.137733 -0.11672
392.35613 0.139426 -0.11486
392.44893 0.141093 -0.11297
392.54173 0.142734 -0.11105
392.63454 0.144348 -0.10912
392.72734 0.145935 -0.10715
392.82014 0.147494 -0.10517
392.91294 0.149026 -0.10316
393.00574 0.150530 -0.10113
393.09854 0.152006 -0.09908
393.19135 0.153453 -0.09701
393.28415 0.154871 -0.09492
393.37695 0.156259 -0.09281
393.46975 0.157619 -0.09067
393.56255 0.158948 -0.08852
393.65535 0.160248 -0.08635
393.74816 0.161517 -0.08416
393.84096 0.162755 -0.08195
393.93376 0.163963 -0.07972
394.02656 0.165140 -0.07748
394.11936 0.166285 -0.07522
394.21216 0.167399 -0.07294
394.30497 0.168481 -0.07064
394.39777 0.169531 -0.06833
394.49057 0.170548 -0.06601
394.58337 0.171534 -0.06367
394.67617 0.172486 -0.06131
394.76897 0.173406 -0.05894
394.86178 0.174293 -0.05656
394.95458 0.175146 -0.05416
395.04738 0.175967 -0.05176
395.14018 0.176753 -0.04933
395.23298 0.177506 -0.04690
395.32578 0.178225 -0.04446
395.41859 0.178910 -0.04200
395.51139 0.179560 -0.03954
395.60419 0.180176 -0.03706
395.69699 0.180758 -0.03458
395.78979 0.181305 -0.03209
395.88259 0.181818 -0.02959
395.97540 0.182295 -0.02708
396.06820 0.182738 -0.02456
396.16100 0.183145 -0.02204
396.25380 0.183518 -0.01951
396.34660 0.183855 -0.01697
396.43940 0.184157 -0.01443
396.53221 0.184423 -0.01188
396.62501 0.184654 -0.00933
396.71781 0.184850 -0.00678
396.81061 0.185010 -0.00422
396.90341 0.185134 -0.00166
396.99621 0.185223 0.00091
397.08902 0.185276 0.00347
397.18182 0.185293 0.00604
397.27462 0.185274 0.00861
397.36742 0.185220 0.01118
397.46022 0.185130 0.01375
397.55302 0.185004 0.01632
397.64583 0.184843 0.01889
397.73863 0.184646 0.02145
397.83143 0.184413 0.02402
397.92423 0.184144 0.02658
398.01703 0.183840 0.02914
398.10983 0.183500 0.03170
398.20264 0.183125 0.03425
398.29544 0.182714 0.03680
398.38824 0.182268 0.03934
398.48104 0.181786 0.04188
398.57384 0.181269 0.04441
398.66664 0.180717 0.04694
398.75945 0.180130 0.04946
398.85225 0.179508 0.05197
398.94505 0.178851 0.05447
399.03785 0.178159 0.05697
399.13065 0.177432 0.05945
399.22345 0.176671 0.06193
399.31625 0.175875 0.06440
399.40906 0.175046 0.06686
399.50186 0.174182 0.06931
399.59466 0.173284 0.07174
399.68746 0.172352 0.07417
399.78026 0.171386 0.07658
399.87306 0.170388 0.07898
399.96587 0.169355 0.08137
400.05867 0.168290 0.08374
400.15147 0.167191 0.08610
400.24427 0.166060 0.08844
400.33707 0.164897 0.09077
400.42987 0.163701 0.09309
400.52268 0.162472 0.09539
400.61548 0.161212 0.09767
400.70828 0.159920 0.09994
400.80108 0.158597 0.10219
400.89388 0.157243 0.10442
400.98668 0.155857 0.10664
401.07949 0.154441 0.10883
401.17229 0.152995 0.11101
401.26509 0.151518 0.11317
401.35789 0.150011 0.11531
401.45069 0.148474 0.11742
401.54349 0.146909 0.11952
401.63630 0.145314 0.12160
401.72910 0.143690 0.12366
401.82190 0.142038 0.12569
401.91470 0.140357 0.12770
402.00750 0.138649 0.12969
402.10030 0.136913 0.13166
402.19311 0.135149 0.13360
402.28591 0.133359 0.13552
402.37871 0.131542 0.13742
402.47151 0.129699 0.13929
402.56431 0.127830 0.14114
402.65711 0.125935 0.14296
402.74992 0.124015 0.14476
402.84272 0.122070 0.14653
402.93552 0.120100 0.14828
403.02832 0.118107 0.15000
403.12112 0.116089 0.15169
403.21392 0.114048 0.15335
403.30673 0.111984 0.15499
403.39953 0.109897 0.15660
403.49233 0.107788 0.15818
403.58513 0.105657 0.15974
403.67793 0.103505 0.16126
403.77073 0.101331 0.16276
403.86354 0.099137 0.16422
403.95634 0.096922 0.16566
404.04914 0.094687 0.16707
404.14194 0.092433 0.16845
404.23474 0.090160 0.16979
404.32754 0.087868 0.17111
404.42035 0.085558 0.17239
404.51315 0.083230 0.17365
404.60595 0.080884 0.17487
404.69875 0.078522 0.17606
404.79155 0.076143 0.17722
404.88435 0.073748 0.17835
404.97716 0.071338 0.17944
405.06996 0.068912 0.18050
405.16276 0.066472 0.18153
405.25556 0.064017 0.18253
405.34836 0.061549 0.18349
405.44116 0.059067 0.18442
405.53397 0.056573 0.18532
405.62677 0.054066 0.18618
405.71957 0.051547 0.18701
405.81237 0.049016 0.18780
405.90517 0.046475 0.18856
405.99797 0.043923 0.18929
406.09077 0.041361 0.18998
406.18358 0.038789 0.19063
406.27638 0.036208 0.19125
406.36918 0.033619 0.19184
406.46198 0.031022 0.19239
406.55478 0.028417 0.19291
406.64758 0.025804 0.19339
406.74039 0.023186 0.19383
406.83319 0.020561 0.19424
406.92599 0.017930 0.19462
407.01879 0.015294 0.19495
407.11159 0.012653 0.19526
407.20439 0.010009 0.19552
407.29720 0.007360 0.19575
407.39000 0.004709 0.19595
407.48280 0.002054 0.19611
407.57560 -0.000602 0.19623
407.66840 -0.003261 0.19632
407.76120 -0.005920 0.19637
407.85401 -0.008580 0.19638
407.94681 -0.011240 0.19636
408.03961 -0.013900 0.19630
408.13241 -0.016560 0.19621
408.22521 -0.019218 0.19608
408.31801 -0.021874 0.19591
408.41082 -0.024527 0.19571
408.50362 -0.027178 0.19547
408.59642 -0.029826 0.19519
408.68922 -0.032470 0.19488
408.78202 -0.035110 0.19453
408.87482 -0.037744 0.19415
408.96763 -0.040374 0.19373
409.06043 -0.042998 0.19328
409.15323 -0.045615 0.19279
409.24603 -0.048225 0.19226
409.33883 -0.050829 0.19170
409.43163 -0.053424 0.19110
409.52444 -0.056012 0.19047
409.61724 -0.058590 0.18980
409.71004 -0.061159 0.18910
409.80284 -0.063719 0.18836
409.89564 -0.066268 0.18759
409.98844 -0.068807 0.18678
410.08125 -0.071334 0.18593
410.17405 -0.073850 0.18506
410.26685 -0.076354 0.18415
410.35965 -0.078845 0.18320
410.45245 -0.081323 0.18222
410.54525 -0.083787 0.18121
410.63806 -0.086237 0.18016
410.73086 -0.088673 0.17908
410.82366 -0.091094 0.17797
410.91646 -0.093500 0.17682
411.00926 -0.095890 0.17564
411.10206 -0.098263 0.17443
411.19487 -0.100620 0.17319
411.28767 -0.102959 0.17191
411.38047 -0.105281 0.17060
411.47327 -0.107584 0.16926
411.56607 -0.109870 0.16789
411.65887 -0.112136 0.16648
411.75168 -0.114382 0.16505
411.84448 -0.116609 0.16359
411.93728 -0.118816 0.16209
412.03008 -0.121002 0.16057
412.12288 -0.123167 0.15901
412.21568 -0.125310 0.15743
412.30849 -0.127432 0.15581
412.40129 -0.129531 0.15417
412.49409 -0.131607 0.15250
412.58689 -0.133661 0.15080
412.67969 -0.135690 0.14907
412.77249 -0.137696 0.14731
412.86529 -0.139678 0.14553
412.95810 -0.141635 0.14372
413.05090 -0.143567 0.14188
413.14370 -0.145474 0.14002
413.23650 -0.147354 0.13813
413.32930 -0.149209 0.13621
413.42210 -0.151037 0.13427
413.51491 -0.152839 0.13230
413.60771 -0.154613 0.13031
413.70051 -0.156360 0.12830
413.79331 -0.158079 0.12626
413.88611 -0.159770 0.12420
413.97891 -0.161432 0.12211
414.07172 -0.163065 0.12000
414.16452 -0.164670 0.11787
414.25732 -0.166245 0.11572
414.35012 -0.167790 0.11354
414.44292 -0.169305 0.11135
414.53572 -0.170790 0.10913
414.62853 -0.172245 0.10689
414.72133 -0.173668 0.10464
414.81413 -0.175060 0.10236
414.90693 -0.176421 0.10007
414.99973 -0.177750 0.09775
415.09253 -0.179048 0.09542
415.18534 -0.180313 0.09307
415.27814 -0.181546 0.09070
415.37094 -0.182746 0.08832
415.46374 -0.183913 0.08592
415.55654 -0.185047 0.08350
415.64934 -0.186148 0.08107
415.74215 -0.187215 0.07862
415.83495 -0.188249 0.07616
415.92775 -0.189248 0.07368
416.02055 -0.190214 0.07119
416.11335 -0.191145 0.06869
416.20615 -0.192041 0.06617
416.29896 -0.192903 0.06365
416.39176 -0.193731 0.06111
416.48456 -0.194523 0.05856
416.57736 -0.195280 0.05599
416.67016 -0.196001 0.05342
416.76296 -0.196688 0.05084
416.85577 -0.197339 0.04825
416.94857 -0.197954 0.04564
417.04137 -0.198533 0.04303
417.13417 -0.199076 0.04042
417.22697 -0.199583 0.03779
417.31977 -0.200055 0.03516
417.41258 -0.200490 0.03252
417.50538 -0.200888 0.02988
417.59818 -0.201251 0.02723
417.69098 -0.201577 0.02457
417.78378 -0.201866 0.02191
417.87658 -0.202119 0.01925
417.96939 -0.202335 0.01658
418.06219 -0.202514 0.01391
418.15499 -0.202657 0.01124
418.24779 -0.202763 0.00856
418.34059 -0.202833 0.00589
418.43339 -0.202865 0.00321
418.52620 -0.202861 0.00053
418.61900 -0.202820 -0.00215
418.71180 -0.202743 -0.00482
418.80460 -0.202628 -0.00750
418.89740 -0.202477 -0.01017
418.99020 -0.202289 -0.01285
419.08301 -0.202065 -0.01552
419.17581 -0.201804 -0.01819
419.26861 -0.201506 -0.02085
419.36141 -0.201172 -0.02351
419.45421 -0.200801 -0.02616
419.54701 -0.200394 -0.02881
419.63981 -0.199951 -0.03146
419.73262 -0.199471 -0.03410
419.82542 -0.198955 -0.03673
419.91822 -0.198403 -0.03936
420.01102 -0.197816 -0.04197
420.10382 -0.197192 -0.04458
420.19662 -0.196533 -0.04719
420.28943 -0.195838 -0.04978
420.38223 -0.195107 -0.05236
420.47503 -0.194341 -0.05493
420.56783 -0.193541 -0.05750
420.66063 -0.192705 -0.06005
420.75343 -0.191834 -0.06259
420.84624 -0.190928 -0.06512
420.93904 -0.189988 -0.06764
421.03184 -0.189014 -0.07014
421.12464 -0.188005 -0.07263
421.21744 -0.186962 -0.07511
421.31024 -0.185886 -0.07757
421.40305 -0.184776 -0.08002
421.49585 -0.183633 -0.08245
421.58865 -0.182456 -0.08487
421.68145 -0.181247 -0.08727
421.77425 -0.180004 -0.08965
421.86705 -0.178730 -0.09202
421.95986 -0.177423 -0.09437
422.05266 -0.176084 -0.09671
422.14546 -0.174713 -0.09902
422.23826 -0.173311 -0.10132
422.33106 -0.171877 -0.10359
422.42386 -0.170413 -0.10585
422.51667 -0.168918 -0.10809
422.60947 -0.167392 -0.11031
422.70227 -0.165837 -0.11250
422.79507 -0.164251 -0.11468
422.88787 -0.162637 -0.11683
422.98067 -0.160992 -0.11896
423.07348 -0.159319 -0.12107
423.16628 -0.157618 -0.12316
423.25908 -0.155888 -0.12522
423.35188 -0.154130 -0.12726
423.44468 -0.152345 -0.12928
423.53748 -0.150532 -0.13127
423.63029 -0.148693 -0.13324
423.72309 -0.146826 -0.13518
423.81589 -0.144934 -0.13709
423.90869 -0.143016 -0.13898
424.00149 -0.141072 -0.14085
424.09429 -0.139103 -0.14269
424.18710 -0.137110 -0.14450
424.27990 -0.135091 -0.14628
424.37270 -0.133049 -0.14804
424.46550 -0.130984 -0.14977
424.55830 -0.128895 -0.15147
424.65110 -0.126783 -0.15314
424.74391 -0.124649 -0.15479
424.83671 -0.122493 -0.15640
424.92951 -0.120315 -0.15799
425.02231 -0.118116 -0.15954
425.11511 -0.115896 -0.16107
425.20791 -0.113656 -0.16256
425.30072 -0.111395 -0.16403
425.39352 -0.109116 -0.16546
425.48632 -0.106817 -0.16686
425.57912 -0.104499 -0.16824
425.67192 -0.102163 -0.16958
425.76472 -0.099810 -0.17089
425.85753 -0.097439 -0.17216
425.95033 -0.095051 -0.17341
426.04313 -0.092647 -0.17462
426.13593 -0.090227 -0.17580
426.22873 -0.087791 -0.17694
426.32153 -0.085340 -0.17806
426.41433 -0.082875 -0.17914
426.50714 -0.080395 -0.18018
426.59994 -0.077902 -0.18119
426.69274 -0.075395 -0.18217
426.78554 -0.072876 -0.18312
426.87834 -0.070345 -0.18403
426.97114 -0.067802 -0.18490
427.06395 -0.065247 -0.18574
427.15675 -0.062682 -0.18655
427.24955 -0.060106 -0.18732
427.34235 -0.057521 -0.18806
427.43515 -0.054926 -0.18876
427.52795 -0.052322 -0.18942
427.62076 -0.049710 -0.19005
427.71356 -0.047090 -0.19065
427.80636 -0.044463 -0.19121
427.89916 -0.041828 -0.19173
427.99196 -0.039188 -0.19222
428.08476 -0.036541 -0.19267
428.17757 -0.033889 -0.19309
428.27037 -0.031232 -0.19347
428.36317 -0.028571 -0.19381
428.45597 -0.025906 -0.19412
428.54877 -0.023238 -0.19439
428.64157 -0.020566 -0.19462
428.73438 -0.017893 -0.19482
428.82718 -0.015217 -0.19498
428.91998 -0.012540 -0.19511
429.01278 -0.009863 -0.19520
429.10558 -0.007185 -0.19525
429.19838 -0.004507 -0.19527
429.29119 -0.001829 -0.19525
429.38399 0.000847 -0.19519
429.47679 0.003521 -0.19510
429.56959 0.006193 -0.19497
429.66239 0.008863 -0.19481
429.75519 0.011529 -0.19461
429.84800 0.014192 -0.19437
429.94080 0.016850 -0.19410
430.03360 0.019504 -0.19379
430.12640 0.022153 -0.19344
430.21920 0.024795 -0.19306
430.31200 0.027432 -0.19264
430.40481 0.030062 -0.19219
430.49761 0.032685 -0.19170
430.59041 0.035300 -0.19117
430.68321 0.037906 -0.19061
430.77601 0.040505 -0.19002
430.86881 0.043093 -0.18939
430.96162 0.045673 -0.18872
431.05442 0.048242 -0.18802
431.14722 0.050800 -0.18728
431.24002 0.053348 -0.18651
431.33282 0.055884 -0.18571
431.42562 0.058407 -0.18487
431.51843 0.060918 -0.18400
431.61123 0.063416 -0.18309
431.70403 0.065901 -0.18215
431.79683 0.068372 -0.18117
431.88963 0.070828 -0.18016
431.98243 0.073269 -0.17912
432.07524 0.075695 -0.17805
432.16804 0.078105 -0.17694
432.26084 0.080499 -0.17580
432.35364 0.082876 -0.17463
432.44644 0.085236 -0.17342
432.53924 0.087578 -0.17218
432.63205 0.089902 -0.17092
432.72485 0.092208 -0.16962
432.81765 0.094495 -0.16828
432.91045 0.096762 -0.16692
433.00325 0.099010 -0.16553
433.09605 0.101237 -0.16411
433.18885 0.103444 -0.16265
433.28166 0.105629 -0.16117
433.37446 0.107794 -0.15966
433.46726 0.109936 -0.15812
433.56006 0.112056 -0.15655
433.65286 0.114153 -0.15495
433.74566 0.116227 -0.15332
433.83847 0.118278 -0.15166
433.93127 0.120305 -0.14998
434.02407 0.122308 -0.14827
434.11687 0.124286 -0.14653
434.20967 0.126239 -0.14477
434.30247 0.128167 -0.14298
434.39528 0.130069 -0.14116
434.48808 0.131945 -0.13932
434.58088 0.133794 -0.13746
434.67368 0.135617 -0.13556
434.76648 0.137412 -0.13365
434.85928 0.139181 -0.13171
434.95209 0.140921 -0.12974
435.04489 0.142633 -0.12776
435.13769 0.144317 -0.12575
435.23049 0.145972 -0.12371
435.32329 0.147598 -0.12166
435.41609 0.149195 -0.11958
435.50890 0.150762 -0.11748
435.60170 0.152299 -0.11537
435.69450 0.153806 -0.11323
435.78730 0.155282 -0.11107
435.88010 0.156728 -0.10889
435.97290 0.158142 -0.10669
436.06571 0.159525 -0.10447
436.15851 0.160877 -0.10224
436.25131 0.162196 -0.09998
436.34411 0.163484 -0.09771
436.43691 0.164739 -0.09543
436.52971 0.165962 -0.09312
436.62252 0.167152 -0.09080
436.71532 0.168309 -0.08846
436.80812 0.169432 -0.08611
436.90092 0.170523 -0.08375
436.99372 0.171579 -0.08137
437.08652 0.172602 -0.07897
437.17933 0.173591 -0.07656
437.27213 0.174546 -0.07414
437.36493 0.175466 -0.07171
437.45773 0.176352 -0.06926
437.55053 0.177203 -0.06681
437.64333 0.178019 -0.06434
437.73614 0.178800 -0.06186
437.82894 0.179546 -0.05938
437.92174 0.180257 -0.05688
438.01454 0.180933 -0.05437
438.10734 0.181573 -0.05186
438.20014 0.182177 -0.04933
438.29295 0.182746 -0.04680
438.38575 0.183278 -0.04426
438.47855 0.183775 -0.04172
438.57135 0.184236 -0.03917
438.66415 0.184661 -0.03661
438.75695 0.185049 -0.03405
438.84976 0.185402 -0.03149
438.94256 0.185718 -0.02892
439.03536 0.185998 -0.02635
439.12816 0.186241 -0.02377
439.22096 0.186448 -0.02119
439.31376 0.186619 -0.01861
439.40657 0.186753 -0.01603
439.49937 0.186850 -0.01345
439.59217 0.186912 -0.01086
439.68497 0.186936 -0.00828
439.77777 0.186924 -0.00569
439.87057 0.186876 -0.00311
439.96337 0.186792 -0.00053
440.05618 0.186670 0.00205
440.14898 0.186513 0.00462
440.24178 0.186319 0.00720
440.33458 0.186089 0.00977
440.42738 0.185823 0.01233
440.52018 0.185520 0.01489
440.61299 0.185182 0.01745
440.70579 0.184807 0.02000
440.79859 0.184397 0.02254
440.89139 0.183951 0.02508
440.98419 0.183469 0.02761
441.07699 0.182951 0.03013
441.16980 0.182398 0.03265
441.26260 0.181809 0.03516
441.35540 0.181185 0.03765
441.44820 0.180527 0.04014
441.54100 0.179833 0.04262
441.63380 0.179104 0.04509
441.72661 0.178340 0.04754
441.81941 0.177542 0.04999
441.91221 0.176710 0.05242
442.00501 0.175844 0.05484
442.09781 0.174943 0.05725
442.19061 0.174009 0.05964
442.28342 0.173041 0.06202
442.37622 0.172039 0.06439
442.46902 0.171005 0.06674
442.56182 0.169937 0.06908
442.65462 0.168837 0.07140
442.74742 0.167704 0.07370
442.84023 0.166539 0.07599
442.93303 0.165342 0.07826
443.02583 0.164113 0.08051
443.11863 0.162852 0.08275
443.21143 0.161560 0.08497
443.30423 0.160238 0.08716
443.39704 0.158884 0.08934
443.48984 0.157500 0.09150
443.58264 0.156085 0.09364
443.67544 0.154641 0.09576
443.76824 0.153167 0.09786
443.86104 0.151664 0.09993
443.95385 0.150132 0.10199
444.04665 0.148571 0.10402
444.13945 0.146982 0.10603
444.23225 0.145365 0.10802
444.32505 0.143720 0.10998
444.41785 0.142048 0.11192
444.51066 0.140348 0.11384
444.60346 0.138622 0.11573
444.69626 0.136870 0.11759
444.78906 0.135092 0.11943
444.88186 0.133288 0.12125
444.97466 0.131458 0.12304
445.06747 0.129604 0.12480
445.16027 0.127726 0.12654
445.25307 0.125823 0.12825
445.34587 0.123897 0.12993
445.43867 0.121947 0.13158
445.53147 0.119975 0.13321
445.62428 0.117979 0.13481
445.71708 0.115962 0.13638
445.80988 0.113923 0.13792
445.90268 0.111863 0.13943
445.99548 0.109782 0.14091
446.08828 0.107680 0.14236
446.18109 0.105559 0.14379
446.27389 0.103418 0.14518
446.36669 0.101257 0.14654
446.45949 0.099078 0.14787
446.55229 0.096881 0.14917
446.64509 0.094666 0.15044
446.73789 0.092433 0.15167
446.83070 0.090184 0.15288
446.92350 0.087918 0.15405
447.01630 0.085636 0.15519
447.10910 0.083339 0.15629
447.20190 0.081026 0.15737
447.29470 0.078699 0.15841
447.38751 0.076358 0.15942
447.48031 0.074003 0.16039
447.57311 0.071635 0.16133
447.66591 0.069254 0.16224
447.75871 0.066862 0.16311
447.85151 0.064457 0.16395
447.94432 0.062041 0.16476
448.03712 0.059615 0.16553
448.12992 0.057178 0.16626
448.22272 0.054731 0.16696
448.31552 0.052275 0.16763
448.40832 0.049811 0.16826
448.50113 0.047338 0.16885
448.59393 0.044858 0.16942
448.68673 0.042370 0.16994
448.77953 0.039875 0.17043
448.87233 0.037375 0.17089
448.96513 0.034868 0.17130
449.05794 0.032357 0.17169
449.15074 0.029840 0.17203
449.24354 0.027320 0.17235
449.33634 0.024796 0.17262
449.42914 0.022268 0.17286
449.52194 0.019738 0.17307
449.61475 0.017206 0.17323
449.70755 0.014672 0.17336
449.80035 0.012138 0.17346
449.89315 0.009602 0.17352
449.98595 0.007067 0.17354
450.07875 0.004532 0.17353
450.17156 0.001998 0.17348
450.26436 -0.000535 0.17340
450.35716 -0.003065 0.17328
450.44996 -0.005593 0.17312
450.54276 -0.008118 0.17293
450.63556 -0.010640 0.17270
450.72837 -0.013157 0.17244
450.82117 -0.015670 0.17214
450.91397 -0.018178 0.17180
451.00677 -0.020680 0.17143
451.09957 -0.023176 0.17102
451.19237 -0.025665 0.17058
451.28518 -0.028148 0.17010
451.37798 -0.030622 0.16959
451.47078 -0.033089 0.16904
451.56358 -0.035547 0.16846
451.65638 -0.037996 0.16784
451.74918 -0.040435 0.16719
451.84199 -0.042864 0.16650
451.93479 -0.045282 0.16578
452.02759 -0.047690 0.16502
452.12039 -0.050085 0.16423
452.21319 -0.052469 0.16341
452.30599 -0.054840 0.16255
452.39880 -0.057198 0.16166
452.49160 -0.059543 0.16074
452.58440 -0.061873 0.15978
452.67720 -0.064189 0.15879
452.77000 -0.066490 0.15776
452.86280 -0.068775 0.15670
452.95561 -0.071045 0.15562
453.04841 -0.073298 0.15449
453.14121 -0.075535 0.15334
453.23401 -0.077754 0.15216
453.32681 -0.079955 0.15094
453.41961 -0.082138 0.14969
453.51241 -0.084303 0.14841
453.60522 -0.086449 0.14710
453.69802 -0.088575 0.14576
453.79082 -0.090681 0.14439
453.88362 -0.092766 0.14299
453.97642 -0.094831 0.14157
454.06922 -0.096875 0.14011
454.16203 -0.098897 0.13862
454.25483 -0.100897 0.13710
454.34763 -0.102875 0.13556
454.44043 -0.104830 0.13399
454.53323 -0.106761 0.13239
454.62603 -0.108669 0.13076
454.71884 -0.110553 0.12911
454.81164 -0.112412 0.12743
454.90444 -0.114247 0.12572
454.99724 -0.116056 0.12399
455.09004 -0.117840 0.12223
455.18284 -0.119598 0.12044
455.27565 -0.121330 0.11863
455.36845 -0.123035 0.11680
455.46125 -0.124713 0.11494
455.55405 -0.126364 0.11306
455.64685 -0.127987 0.11116
455.73965 -0.129582 0.10923
455.83246 -0.131149 0.10728
455.92526 -0.132687 0.10531
456.01806 -0.134196 0.10332
456.11086 -0.135676 0.10130
456.20366 -0.137127 0.09927
456.29646 -0.138547 0.09721
456.38927 -0.139938 0.09513
456.48207 -0.141298 0.09304
456.57487 -0.142628 0.09092
456.66767 -0.143926 0.08879
456.76047 -0.145193 0.08664
456.85327 -0.146429 0.08447
456.94608 -0.147633 0.08228
457.03888 -0.148805 0.08008
457.13168 -0.149945 0.07786
457.22448 -0.151052 0.07562
457.31728 -0.152127 0.07337
457.41008 -0.153169 0.07110
457.50289 -0.154177 0.06882
457.59569 -0.155152 0.06652
457.68849 -0.156094 0.06421
457.78129 -0.157002 0.06189
457.87409 -0.157877 0.05955
457.96689 -0.158717 0.05721
458.05970 -0.159522 0.05485
458.15250 -0.160294 0.05248
458.24530 -0.161031 0.05009
458.33810 -0.161733 0.04770
458.43090 -0.162400 0.04530
458.52370 -0.163032 0.04289
458.61651 -0.163630 0.04047
458.70931 -0.164191 0.03804
458.80211 -0.164718 0.03561
458.89491 -0.165209 0.03316
458.98771 -0.165664 0.03071
459.08051 -0.166084 0.02826
459.17332 -0.166468 0.02580
459.26612 -0.166817 0.02333
459.35892 -0.167129 0.02086
459.45172 -0.167405 0.01838
459.54452 -0.167645 0.01590
459.63732 -0.167850 0.01342
459.73013 -0.168018 0.01093
459.82293 -0.168150 0.00844
459.91573 -0.168246 0.00595
460.00853 -0.168305 0.00346
460.10133 -0.168329 0.00097
460.19413 -0.168316 -0.00152
460.28693 -0.168267 -0.00401
460.37974 -0.168181 -0.00650
460.47254 -0.168060 -0.00899
460.56534 -0.167902 -0.01148
460.65814 -0.167709 -0.01396
460.75094 -0.167479 -0.01644
460.84374 -0.167213 -0.01892
460.93655 -0.166911 -0.02139
461.02935 -0.166573 -0.02386
461.12215 -0.166200 -0.02633
461.21495 -0.165790 -0.02879
461.30775 -0.165345 -0.03124
461.40055 -0.164864 -0.03369
461.49336 -0.164348 -0.03613
461.58616 -0.163796 -0.03856
461.67896 -0.163209 -0.04098
461.77176 -0.162587 -0.04340
461.86456 -0.161930 -0.04580
461.95736 -0.161238 -0.04820
462.05017 -0.160511 -0.05058
462.14297 -0.159749 -0.05296
462.23577 -0.158953 -0.05533
462.32857 -0.158123 -0.05768
462.42137 -0.157258 -0.06002
462.51417 -0.156360 -0.06235
462.60698 -0.155428 -0.06466
462.69978 -0.154462 -0.06697
462.79258 -0.153463 -0.06925
462.88538 -0.152430 -0.07153
462.97818 -0.151365 -0.07379
463.07098 -0.150267 -0.07603
463.16379 -0.149136 -0.07826
463.25659 -0.147973 -0.08047
463.34939 -0.146778 -0.08267
463.44219 -0.145551 -0.08484
463.53499 -0.144292 -0.08700
463.62779 -0.143002 -0.08914
463.72060 -0.141682 -0.09127
463.81340 -0.140330 -0.09337
463.90620 -0.138948 -0.09546
463.99900 -0.137535 -0.09752
464.09180 -0.136093 -0.09957
464.18460 -0.134621 -0.10159
464.27741 -0.133119 -0.10359
464.37021 -0.131589 -0.10557
464.46301 -0.130029 -0.10753
464.55581 -0.128442 -0.10947
464.64861 -0.126826 -0.11138
464.74141 -0.125183 -0.11327
464.83422 -0.123512 -0.11514
464.92702 -0.121814 -0.11699
465.01982 -0.120089 -0.11880
465.11262 -0.118338 -0.12060
465.20542 -0.116561 -0.12237
465.29822 -0.114758 -0.12411
465.39103 -0.112930 -0.12583
465.48383 -0.111076 -0.12752
465.57663 -0.109199 -0.12918
465.66943 -0.107297 -0.13082
465.76223 -0.105371 -0.13243
465.85503 -0.103422 -0.13402
465.94784 -0.101450 -0.13557
466.04064 -0.099456 -0.13710
466.13344 -0.097439 -0.13860
466.22624 -0.095401 -0.14007
466.31904 -0.093341 -0.14151
466.41184 -0.091260 -0.14292
466.50465 -0.089159 -0.14430
466.59745 -0.087038 -0.14565
466.69025 -0.084897 -0.14697
466.78305 -0.082737 -0.14826
466.87585 -0.080558 -0.14952
466.96865 -0.078360 -0.15074
467.06146 -0.076145 -0.15194
467.15426 -0.073913 -0.15311
467.24706 -0.071663 -0.15424
467.33986 -0.069398 -0.15534
467.43266 -0.067116 -0.15641
467.52546 -0.064818 -0.15744
467.61826 -0.062505 -0.15844
467.71107 -0.060178 -0.15941
467.80387 -0.057837 -0.16035
467.89667 -0.055482 -0.16125
467.98947 -0.053114 -0.16212
468.08227 -0.050733 -0.16295
468.17507 -0.048340 -0.16375
468.26788 -0.045935 -0.16452
468.36068 -0.043519 -0.16525
468.45348 -0.041093 -0.16595
468.54628 -0.038656 -0.16661
468.63908 -0.036209 -0.16724
468.73188 -0.033753 -0.16783
468.82469 -0.031289 -0.16838
468.91749 -0.028816 -0.16891
469.01029 -0.026335 -0.16939
469.10309 -0.023848 -0.16984
469.19589 -0.021353 -0.17026
469.28869 -0.018853 -0.17064
469.38150 -0.016347 -0.17098
469.47430 -0.013836 -0.17129
469.56710 -0.011320 -0.17156
469.65990 -0.008800 -0.17180
469.75270 -0.006276 -0.17200
469.84550 -0.003750 -0.17216
469.93831 -0.001220 -0.17229
470.03111 0.001311 -0.17238
470.12391 0.003844 -0.17243
470.21671 0.006377 -0.17245
470.30951 0.008911 -0.17243
470.40231 0.011445 -0.17238
470.49512 0.013979 -0.17229
470.58792 0.016511 -0.17216
470.68072 0.019042 -0.17200
470.77352 0.021570 -0.17180
470.86632 0.024096 -0.17156
470.95912 0.026619 -0.17129
471.05193 0.029138 -0.17098
471.14473 0.031653 -0.17064
471.23753 0.034163 -0.17026
471.33033 0.036667 -0.16984
471.42313 0.039166 -0.16939
471.51593 0.041659 -0.16890
471.60874 0.044144 -0.16838
471.70154 0.046623 -0.16782
471.79434 0.049093 -0.16722
471.88714 0.051556 -0.16659
471.97994 0.054009 -0.16592
472.07274 0.056453 -0.16522
472.16555 0.058887 -0.16449
472.25835 0.061310 -0.16372
472.35115 0.063723 -0.16291
472.44395 0.066124 -0.16207
472.53675 0.068514 -0.16119
472.62955 0.070891 -0.16028
472.72236 0.073255 -0.15934
472.81516 0.075606 -0.15836
472.90796 0.077943 -0.15735
473.00076 0.080265 -0.15631
473.09356 0.082573 -0.15523
473.18636 0.084865 -0.15412
473.27917 0.087142 -0.15297
473.37197 0.089402 -0.15179
473.46477 0.091646 -0.15059
473.55757 0.093872 -0.14934
473.65037 0.096081 -0.14807
473.74317 0.098272 -0.14676
473.83598 0.100444 -0.14543
473.92878 0.102597 -0.14406
474.02158 0.104730 -0.14266
474.11438 0.106844 -0.14123
474.20718 0.108937 -0.13977
474.29998 0.111010 -0.13827
474.39278 0.113061 -0.13675
474.48559 0.115090 -0.13520
474.57839 0.117098 -0.13362
474.67119 0.119083 -0.13202
474.76399 0.121045 -0.13038
474.85679 0.122983 -0.12871
474.94959 0.124898 -0.12702
475.04240 0.126789 -0.12530
475.13520 0.128655 -0.12355
475.22800 0.130496 -0.12177
475.32080 0.132312 -0.11997
475.41360 0.134103 -0.11814
475.50640 0.135867 -0.11629
475.59921 0.137605 -0.11441
475.69201 0.139316 -0.11250
475.78481 0.140999 -0.11057
475.87761 0.142656 -0.10862
475.97041 0.144284 -0.10664
476.06321 0.145884 -0.10464
476.15602 0.147456 -0.10261
476.24882 0.148998 -0.10057
476.34162 0.150512 -0.09850
476.43442 0.151996 -0.09640
476.52722 0.153450 -0.09429
476.62002 0.154874 -0.09216
476.71283 0.156267 -0.09000
476.80563 0.157630 -0.08782
476.89843 0.158962 -0.08563
476.99123 0.160262 -0.08341
477.08403 0.161531 -0.08118
477.17683 0.162767 -0.07893
477.26964 0.163972 -0.07666
477.36244 0.165144 -0.07437
477.45524 0.166284 -0.07206
477.54804 0.167391 -0.06974
477.64084 0.168464 -0.06740
477.73364 0.169504 -0.06505
477.82645 0.170511 -0.06268
477.91925 0.171484 -0.06029
478.01205 0.172423 -0.05789
478.10485 0.173327 -0.05548
478.19765 0.174197 -0.05306
478.29045 0.175033 -0.05062
478.38326 0.175833 -0.04817
478.47606 0.176599 -0.04570
478.56886 0.177330 -0.04323
478.66166 0.178025 -0.04074
478.75446 0.178685 -0.03825
478.84726 0.179309 -0.03574
478.94007 0.179897 -0.03322
479.03287 0.180450 -0.03070
479.12567 0.180966 -0.02817
479.21847 0.181446 -0.02562
479.31127 0.181890 -0.02308
479.40407 0.182298 -0.02052
479.49688 0.182669 -0.01796
479.58968 0.183004 -0.01539
479.68248 0.183302 -0.01282
479.77528 0.183563 -0.01024
479.86808 0.183788 -0.00766
479.96088 0.183976 -0.00507
480.05369 0.184127 -0.00248
480.14649 0.184241 0.00011
480.23929 0.184318 0.00270
480.33209 0.184358 0.00530
480.42489 0.184361 0.00790
480.51769 0.184326 0.01050
480.61050 0.184255 0.01310
480.70330 0.184147 0.01569
480.79610 0.184002 0.01829
480.88890 0.183819 0.02089
480.98170 0.183600 0.02348
481.07450 0.183344 0.02607
481.16730 0.183050 0.02866
481.26011 0.182720 0.03125
481.35291 0.182353 0.03383
481.44571 0.181949 0.03641
481.53851 0.181509 0.03898
481.63131 0.181031 0.04154
481.72411 0.180517 0.04411
481.81692 0.179967 0.04666
481.90972 0.179380 0.04921
482.00252 0.178757 0.05175
482.09532 0.178098 0.05428
482.18812 0.177402 0.05680
482.28092 0.176671 0.05931
482.37373 0.175904 0.06182
482.46653 0.175101 0.06431
482.55933 0.174262 0.06680
482.65213 0.173388 0.06927
482.74493 0.172479 0.07173
482.83773 0.171535 0.07418
482.93054 0.170555 0.07661
483.02334 0.169542 0.07904
483.11614 0.168493 0.08145
483.20894 0.167410 0.08384
483.30174 0.166293 0.08622
483.39454 0.165142 0.08859
483.48735 0.163957 0.09094
483.58015 0.162739 0.09328
483.67295 0.161488 0.09560
483.76575 0.160203 0.09790
483.85855 0.158886 0.10018
483.95135 0.157536 0.10245
484.04416 0.156153 0.10470
484.13696 0.154739 0.10693
484.22976 0.153293 0.10914
484.32256 0.151815 0.11133
484.41536 0.150306 0.11350
484.50816 0.148766 0.11565
484.60097 0.147195 0.11778
484.69377 0.145594 0.11989
484.78657 0.143963 0.12198
484.87937 0.142302 0.12404
484.97217 0.140611 0.12608
485.06497 0.138892 0.12810
485.15778 0.137143 0.13010
485.25058 0.135366 0.13207
485.34338 0.133561 0.13402
485.43618 0.131728 0.13594
485.52898 0.129868 0.13784
485.62178 0.127980 0.13971
485.71459 0.126066 0.14156
485.80739 0.124126 0.14338
485.90019 0.122159 0.14517
485.99299 0.120166 0.14694
486.08579 0.118149 0.14868
486.17859 0.116106 0.15040
486.27140 0.114039 0.15208
486.36420 0.111948 0.15374
486.45700 0.109833 0.15537
486.54980 0.107695 0.15696
486.64260 0.105534 0.15853
486.73540 0.103350 0.16008
486.82821 0.101145 0.16159
486.92101 0.098917 0.16307
487.01381 0.096669 0.16452
487.10661 0.094400 0.16594
487.19941 0.092110 0.16732
487.29221 0.089800 0.16868
487.38502 0.087471 0.17001
487.47782 0.085123 0.17130
487.57062 0.082756 0.17256
487.66342 0.080371 0.17379
487.75622 0.077969 0.17499
487.84902 0.075549 0.17615
487.94182 0.073113 0.17728
488.03463 0.070660 0.17838
488.12743 0.068191 0.17944
488.22023 0.065707 0.18047
488.31303 0.063208 0.18146
488.40583 0.060695 0.18242
488.49863 0.058168 0.18335
488.59144 0.055628 0.18424
488.68424 0.053074 0.18510
488.77704 0.050508 0.18592
488.86984 0.047930 0.18671
488.96264 0.045341 0.18746
489.05544 0.042741 0.18817
489.14825 0.040130 0.18885
489.24105 0.037510 0.18949
489.33385 0.034879 0.19010
489.42665 0.032240 0.19067
489.51945 0.029593 0.19121
489.61225 0.026938 0.19171
489.70506 0.024275 0.19217
489.79786 0.021605 0.19260
489.89066 0.018929 0.19299
489.98346 0.016248 0.19334
490.07626 0.013560 0.19365
490.16906 0.010868 0.19393
490.26187 0.008172 0.19417
490.35467 0.005472 0.19438
490.44747 0.002769 0.19455
490.54027 0.000063 0.19468
490.63307 -0.002646 0.19477
490.72587 -0.005356 0.19483
490.81868 -0.008067 0.19484
490.91148 -0.010778 0.19483
491.00428 -0.013490 0.19477
491.09708 -0.016202 0.19468
491.18988 -0.018912 0.19454
491.28268 -0.021621 0.19438
491.37549 -0.024328 0.19417
491.46829 -0.027032 0.19393
491.56109 -0.029734 0.19365
491.65389 -0.032432 0.19333
491.74669 -0.035125 0.19298
491.83949 -0.037815 0.19259
491.93230 -0.040498 0.19216
492.02510 -0.043177 0.19169
492.11790 -0.045849 0.19119
492.21070 -0.048514 0.19065
492.30350 -0.051172 0.19007
492.39630 -0.053823 0.18946
492.48911 -0.056465 0.18881
492.58191 -0.059098 0.18813
492.67471 -0.061723 0.18741
492.76751 -0.064337 0.18665
492.86031 -0.066941 0.18585
492.95311 -0.069534 0.18502
493.04592 -0.072116 0.18416
493.13872 -0.074686 0.18326
493.23152 -0.077244 0.18232
493.32432 -0.079789 0.18135
493.41712 -0.082320 0.18034
493.50992 -0.084838 0.17930
493.60273 -0.087341 0.17822
493.69553 -0.089830 0.17711
493.78833 -0.092303 0.17597
493.88113 -0.094761 0.17479
493.97393 -0.097202 0.17358
494.06673 -0.099626 0.17233
494.15954 -0.102034 0.17105
494.25234 -0.104423 0.16973
494.34514 -0.106795 0.16839
494.43794 -0.109148 0.16701
494.53074 -0.111482 0.16560
494.62354 -0.113796 0.16415
494.71634 -0.116090 0.16268
494.80915 -0.118364 0.16117
494.90195 -0.120617 0.15963
494.99475 -0.122849 0.15806
495.08755 -0.125058 0.15646
495.18035 -0.127246 0.15483
495.27315 -0.129411 0.15317
495.36596 -0.131553 0.15148
495.45876 -0.133671 0.14975
495.55156 -0.135766 0.14800
495.64436 -0.137836 0.14623
495.73716 -0.139882 0.14442
495.82996 -0.141902 0.14258
495.92277 -0.143897 0.14072
496.01557 -0.145866 0.13883
496.10837 -0.147809 0.13691
496.20117 -0.149725 0.13496
496.29397 -0.151614 0.13299
496.38677 -0.153475 0.13100
496.47958 -0.155309 0.12897
496.57238 -0.157114 0.12692
496.66518 -0.158891 0.12485
496.75798 -0.160639 0.12275
496.85078 -0.162358 0.12063
496.94358 -0.164048 0.11848
497.03639 -0.165707 0.11631
497.12919 -0.167336 0.11412
497.22199 -0.168935 0.11191
497.31479 -0.170502 0.10967
497.40759 -0.172039 0.10741
497.50039 -0.173544 0.10513
497.59320 -0.175017 0.10283
497.68600 -0.176458 0.10051
497.77880 -0.177867 0.09817
497.87160 -0.179243 0.09581
497.96440 -0.180587 0.09343
498.05720 -0.181897 0.09104
498.15001 -0.183173 0.08862
498.24281 -0.184416 0.08619
498.33561 -0.185625 0.08374
498.42841 -0.186800 0.08127
498.52121 -0.187940 0.07879
498.61401 -0.189046 0.07629
498.70682 -0.190117 0.07377
498.79962 -0.191152 0.07124
498.89242 -0.192153 0.06870
498.98522 -0.193117 0.06614
499.07802 -0.194046 0.06357
499.17082 -0.194940 0.06099
499.26363 -0.195797 0.05840
499.35643 -0.196618 0.05579
499.44923 -0.197402 0.05317
499.54203 -0.198150 0.05054
499.63483 -0.198861 0.04790
499.72763 -0.199536 0.04525
499.82044 -0.200173 0.04259
499.91324 -0.200773 0.03993
500.00604 -0.201336 0.03725
500.09884 -0.201862 0.03457
500.19164 -0.202350 0.03188
500.28444 -0.202800 0.02918
500.37725 -0.203213 0.02648
500.47005 -0.203588 0.02377
500.56285 -0.203925 0.02105
500.65565 -0.204224 0.01833
500.74845 -0.204486 0.01561
500.84125 -0.204709 0.01289
500.93406 -0.204894 0.01016
501.02686 -0.205041 0.00742
501.11966 -0.205150 0.00469
501.21246 -0.205221 0.00195
501.30526 -0.205253 -0.00078
501.39806 -0.205247 -0.00352
501.49086 -0.205203 -0.00626
501.58367 -0.205121 -0.00899
501.67647 -0.205001 -0.01173
501.76927 -0.204842 -0.01446
501.86207 -0.204645 -0.01719
501.95487 -0.204410 -0.01992
502.04767 -0.204137 -0.02264
502.14048 -0.203826 -0.02536
502.23328 -0.203477 -0.02808
502.32608 -0.203090 -0.03079
502.41888 -0.202665 -0.03350
502.51168 -0.202203 -0.03620
502.60448 -0.201702 -0.03889
502.69729 -0.201164 -0.04158
502.79009 -0.200589 -0.04426
502.88289 -0.199976 -0.04693
502.97569 -0.199326 -0.04959
503.06849 -0.198638 -0.05225
503.16129 -0.197914 -0.05489
503.25410 -0.197153 -0.05753
503.34690 -0.196354 -0.06015
503.43970 -0.195520 -0.06276
503.53250 -0.194649 -0.06536
503.62530 -0.193741 -0.06795
503.71810 -0.192798 -0.07053
503.81091 -0.191818 -0.07309
503.90371 -0.190803 -0.07564
503.99651 -0.189752 -0.07818
504.08931 -0.188666 -0.08070
504.18211 -0.187545 -0.08320
504.27491 -0.186389 -0.08569
504.36772 -0.185198 -0.08817
504.46052 -0.183973 -0.09063
504.55332 -0.182713 -0.09307
504.64612 -0.181420 -0.09549
504.73892 -0.180092 -0.09790
504.83172 -0.178731 -0.10028
504.92453 -0.177337 -0.10265
505.01733 -0.175910 -0.10500
505.11013 -0.174450 -0.10733
505.20293 -0.172958 -0.10964
505.29573 -0.171434 -0.11193
505.38853 -0.169877 -0.11419
505.48134 -0.168290 -0.11644
505.57414 -0.166671 -0.11866
505.66694 -0.165021 -0.12087
505.75974 -0.163340 -0.12304
505.85254 -0.161629 -0.12520
505.94534 -0.159888 -0.12733
506.03815 -0.158118 -0.12944
506.13095 -0.156318 -0.13152
506.22375 -0.154490 -0.13358
506.31655 -0.152633 -0.13561
506.40935 -0.150747 -0.13762
506.50215 -0.148834 -0.13960
506.59496 -0.146893 -0.14156
506.68776 -0.144925 -0.14349
506.78056 -0.142930 -0.14539
506.87336 -0.140909 -0.14726
506.96616 -0.138862 -0.14911
507.05896 -0.136790 -0.15092
507.15177 -0.134692 -0.15271
507.24457 -0.132570 -0.15447
507.33737 -0.130423 -0.15620
507.43017 -0.128252 -0.15790
507.52297 -0.126058 -0.15957
507.61577 -0.123840 -0.16121
507.70858 -0.121600 -0.16282
507.80138 -0.119338 -0.16440
507.89418 -0.117054 -0.16595
507.98698 -0.114748 -0.16747
508.07978 -0.112422 -0.16895
508.17258 -0.110075 -0.17040
508.26538 -0.107708 -0.17182
508.35819 -0.105322 -0.17321
508.45099 -0.102917 -0.17456
508.54379 -0.100492 -0.17588
508.63659 -0.098050 -0.17717
508.72939 -0.095590 -0.17843
508.82219 -0.093113 -0.17965
508.91500 -0.090619 -0.18083
509.00780 -0.088109 -0.18199
509.10060 -0.085583 -0.18310
509.19340 -0.083042 -0.18418
509.28620 -0.080486 -0.18523
509.37900 -0.077916 -0.18624
509.47181 -0.075332 -0.18722
509.56461 -0.072734 -0.18816
509.65741 -0.070124 -0.18907
509.75021 -0.067502 -0.18994
509.84301 -0.064868 -0.19077
509.93581 -0.062222 -0.19157
510.02862 -0.059566 -0.19233
510.12142 -0.056899 -0.19305
510.21422 -0.054223 -0.19374
510.30702 -0.051538 -0.19439
510.39982 -0.048844 -0.19501
510.49262 -0.046141 -0.19558
510.58543 -0.043432 -0.19612
510.67823 -0.040715 -0.19662
510.77103 -0.037991 -0.19709
510.86383 -0.035261 -0.19752
510.95663 -0.032526 -0.19791
511.04943 -0.029786 -0.19826
511.14224 -0.027041 -0.19857
511.23504 -0.024292 -0.19885
511.32784 -0.021540 -0.19909
511.42064 -0.018785 -0.19929
511.51344 -0.016028 -0.19946
511.60624 -0.013269 -0.19958
511.69905 -0.010508 -0.19967
511.79185 -0.007747 -0.19972
511.88465 -0.004985 -0.19973
511.97745 -0.002224 -0.19971
512.07025 0.000536 -0.19964
512.16305 0.003295 -0.19954
512.25586 0.006052 -0.19940
512.34866 0.008806 -0.19923
512.44146 0.011558 -0.19901
512.53426 0.014306 -0.19876
512.62706 0.017050 -0.19847
512.71986 0.019789 -0.19814
512.81267 0.022524 -0.19778
512.90547 0.025252 -0.19737
512.99827 0.027975 -0.19693
513.09107 0.030691 -0.19646
513.18387 0.033399 -0.19594
513.27667 0.036100 -0.19539
513.36948 0.038793 -0.19480
513.46228 0.041477 -0.19418
513.55508 0.044151 -0.19351
513.64788 0.046816 -0.19282
513.74068 0.049470 -0.19208
513.83348 0.052114 -0.19131
513.92629 0.054746 -0.19050
514.01909 0.057366 -0.18966
514.11189 0.059974 -0.18878
514.20469 0.062569 -0.18786
514.29749 0.065151 -0.18691
514.39029 0.067719 -0.18593
514.48310 0.070272 -0.18491
514.57590 0.072811 -0.18385
514.66870 0.075334 -0.18276
514.76150 0.077841 -0.18164
514.85430 0.080332 -0.18048
514.94710 0.082807 -0.17929
515.03990 0.085264 -0.17806
515.13271 0.087703 -0.17680
515.22551 0.090124 -0.17551
515.31831 0.092526 -0.17418
515.41111 0.094909 -0.17282
515.50391 0.097273 -0.17143
515.59671 0.099616 -0.17001
515.68952 0.101939 -0.16855
515.78232 0.104241 -0.16707
515.87512 0.106521 -0.16555
515.96792 0.108780 -0.16400
516.06072 0.111016 -0.16242
516.15352 0.113229 -0.16081
516.24633 0.115420 -0.15917
516.33913 0.117587 -0.15750
516.43193 0.119729 -0.15580
516.52473 0.121848 -0.15408
516.61753 0.123941 -0.15232
516.71033 0.126010 -0.15054
516.80314 0.128052 -0.14872
516.89594 0.130069 -0.14688
516.98874 0.132060 -0.14502
517.08154 0.134023 -0.14312
517.17434 0.135959 -0.14120
517.26714 0.137868 -0.13925
517.35995 0.139749 -0.13728
517.45275 0.141602 -0.13528
517.54555 0.143426 -0.13326
517.63835 0.145221 -0.13121
517.73115 0.146987 -0.12914
517.82395 0.148723 -0.12705
517.91676 0.150429 -0.12493
518.00956 0.152105 -0.12279
518.10236 0.153750 -0.12062
518.19516 0.155364 -0.11844
518.28796 0.156947 -0.11623
518.38076 0.158499 -0.11400
518.47357 0.160018 -0.11175
518.56637 0.161506 -0.10948
518.65917 0.162961 -0.10719
518.75197 0.164383 -0.10489
518.84477 0.165772 -0.10256
518.93757 0.167128 -0.10021
519.03038 0.168451 -0.09785
519.12318 0.169740 -0.09547
519.21598 0.170995 -0.09307
519.30878 0.172215 -0.09066
519.40158 0.173401 -0.08823
519.49438 0.174553 -0.08578
519.58719 0.175670 -0.08332
519.67999 0.176751 -0.08084
519.77279 0.177797 -0.07835
519.86559 0.178808 -0.07585
519.95839 0.179783 -0.07333
520.05119 0.180722 -0.07080
520.14400 0.181625 -0.06826
520.23680 0.182491 -0.06571
520.32960 0.183322 -0.06315
520.42240 0.184116 -0.06057
520.51520 0.184873 -0.05799
520.60800 0.185593 -0.05540
520.70081 0.186277 -0.05279
520.79361 0.186923 -0.05018
520.88641 0.187532 -0.04756
520.97921 0.188104 -0.04494
521.07201 0.188638 -0.04230
521.16481 0.189135 -0.03966
521.25762 0.189594 -0.03702
521.35042 0.190016 -0.03437
521.44322 0.190400 -0.03171
521.53602 0.190746 -0.02905
521.62882 0.191054 -0.02639
521.72162 0.191324 -0.02372
521.81442 0.191556 -0.02105
521.90723 0.191751 -0.01838
522.00003 0.191907 -0.01570
522.09283 0.192025 -0.01303
522.18563 0.192106 -0.01036
522.27843 0.192148 -0.00768
522.37123 0.192152 -0.00501
522.46404 0.192118 -0.00233
522.55684 0.192046 0.00034
522.64964 0.191936 0.00301
522.74244 0.191788 0.00568
522.83524 0.191603 0.00834
522.92804 0.191379 0.01100
523.02085 0.191117 0.01366
523.11365 0.190818 0.01631
523.20645 0.190481 0.01895
523.29925 0.190107 0.02159
523.39205 0.189695 0.02423
523.48485 0.189245 0.02685
523.57766 0.188759 0.02947
523.67046 0.188235 0.03208
523.76326 0.187674 0.03469
523.85606 0.187076 0.03728
523.94886 0.186441 0.03986
524.04166 0.185770 0.04244
524.13447 0.185062 0.04500
524.22727 0.184317 0.04755
524.32007 0.183537 0.05009
524.41287 0.182720 0.05262
524.50567 0.181867 0.05514
524.59847 0.180979 0.05764
524.69128 0.180056 0.06013
524.78408 0.179096 0.06261
524.87688 0.178102 0.06507
524.96968 0.177073 0.06752
525.06248 0.176010 0.06995
525.15528 0.174911 0.07236
525.24809 0.173779 0.07476
525.34089 0.172613 0.07714
525.43369 0.171413 0.07950
525.52649 0.170179 0.08185
525.61929 0.168912 0.08417
525.71209 0.167612 0.08648
525.80490 0.166280 0.08877
525.89770 0.164915 0.09104
525.99050 0.163518 0.09329
526.08330 0.162090 0.09552
526.17610 0.160629 0.09772
526.26890 0.159138 0.09991
526.36171 0.157616 0.10207
526.45451 0.156063 0.10421
526.54731 0.154480 0.10633
526.64011 0.152867 0.10842
526.73291 0.151224 0.11049
526.82571 0.149552 0.11254
526.91852 0.147851 0.11456
527.01132 0.146122 0.11656
527.10412 0.144364 0.11853
527.19692 0.142579 0.12048
527.28972 0.140766 0.12240
527.38252 0.138927 0.12429
527.47533 0.137060 0.12616
527.56813 0.135167 0.12800
527.66093 0.133249 0.12981
527.75373 0.131305 0.13159
527.84653 0.129335 0.13334
527.93933 0.127341 0.13507
528.03214 0.125323 0.13677
528.12494 0.123281 0.13844
528.21774 0.121216 0.14007
528.31054 0.119127 0.14168
528.40334 0.117016 0.14326
528.49614 0.114883 0.14481
528.58894 0.112729 0.14632
528.68175 0.110553 0.14781
528.77455 0.108356 0.14926
528.86735 0.106139 0.15068
528.96015 0.103902 0.15207
529.05295 0.101645 0.15342
529.14575 0.099370 0.15475
529.23856 0.097077 0.15604
529.33136 0.094765 0.15730
529.42416 0.092436 0.15852
529.51696 0.090090 0.15971
529.60976 0.087727 0.16087
529.70256 0.085348 0.16199
529.79537 0.082954 0.16308
529.88817 0.080545 0.16413
529.98097 0.078121 0.16515
530.07377 0.075683 0.16613
530.16657 0.073232 0.16708
530.25937 0.070767 0.16799
530.35218 0.068290 0.16887
530.44498 0.065802 0.16971
530.53778 0.063301 0.17051
530.63058 0.060790 0.17128
530.72338 0.058268 0.17201
530.81618 0.055736 0.17271
530.90899 0.053195 0.17337
531.00179 0.050646 0.17399
531.09459 0.048087 0.17458
531.18739 0.045521 0.17513
531.28019 0.042948 0.17564
531.37299 0.040368 0.17612
531.46580 0.037782 0.17656
531.55860 0.035190 0.17696
531.65140 0.032593 0.17732
531.74420 0.029991 0.17765
531.83700 0.027386 0.17794
531.92980 0.024777 0.17819
532.02261 0.022165 0.17840
532.11541 0.019550 0.17858
532.20821 0.016934 0.17872
532.30101 0.014317 0.17882
532.39381 0.011698 0.17888
532.48661 0.009080 0.17891
532.57942 0.006461 0.17889
532.67222 0.003844 0.17885
532.76502 0.001228 0.17876
532.85782 -0.001386 0.17863
532.95062 -0.003998 0.17847
533.04342 -0.006606 0.17827
533.13623 -0.009211 0.17803
533.22903 -0.011812 0.17776
533.32183 -0.014408 0.17745
533.41463 -0.016999 0.17710
533.50743 -0.019584 0.17671
533.60023 -0.022163 0.17629
533.69304 -0.024735 0.17583
533.78584 -0.027300 0.17533
533.87864 -0.029857 0.17480
533.97144 -0.032405 0.17423
534.06424 -0.034945 0.17362
534.15704 -0.037475 0.17297
534.24985 -0.039994 0.17229
534.34265 -0.042504 0.17158
534.43545 -0.045002 0.17083
534.52825 -0.047489 0.17004
534.62105 -0.049964 0.16921
534.71385 -0.052426 0.16836
534.80666 -0.054875 0.16746
534.89946 -0.057310 0.16653
534.99226 -0.059731 0.16557
535.08506 -0.062138 0.16457
535.17786 -0.064529 0.16354
535.27066 -0.066905 0.16247
535.36346 -0.069265 0.16137
535.45627 -0.071608 0.16023
535.54907 -0.073933 0.15907
535.64187 -0.076242 0.15786
535.73467 -0.078532 0.15663
535.82747 -0.080803 0.15536
535.92027 -0.083056 0.15406
536.01308 -0.085289 0.15273
536.10588 -0.087502 0.15137
536.19868 -0.089694 0.14997
536.29148 -0.091866 0.14854
536.38428 -0.094016 0.14709
536.47708 -0.096145 0.14560
536.56989 -0.098251 0.14408
536.66269 -0.100335 0.14253
536.75549 -0.102395 0.14095
536.84829 -0.104432 0.13935
536.94109 -0.106445 0.13771
537.03389 -0.108434 0.13604
537.12670 -0.110397 0.13435
537.21950 -0.112336 0.13263
537.31230 -0.114249 0.13088
537.40510 -0.116135 0.12910
537.49790 -0.117996 0.12730
537.59070 -0.119830 0.12547
537.68351 -0.121636 0.12362
537.77631 -0.123415 0.12173
537.86911 -0.125166 0.11983
537.96191 -0.126888 0.11790
538.05471 -0.128582 0.11594
538.14751 -0.130247 0.11396
538.24032 -0.131883 0.11196
538.33312 -0.133489 0.10993
538.42592 -0.135064 0.10788
538.51872 -0.136610 0.10581
538.61152 -0.138125 0.10372
538.70432 -0.139608 0.10160
538.79713 -0.141061 0.09947
538.88993 -0.142481 0.09731
538.98273 -0.143870 0.09514
539.07553 -0.145227 0.09294
539.16833 -0.146551 0.09073
539.26113 -0.147842 0.08849
539.35394 -0.149101 0.08624
539.44674 -0.150326 0.08397
539.53954 -0.151517 0.08169
539.63234 -0.152675 0.07938
539.72514 -0.153799 0.07706
539.81794 -0.154888 0.07473
539.91075 -0.155943 0.07238
540.00355 -0.156963 0.07001
540.09635 -0.157948 0.06764
540.18915 -0.158898 0.06524
540.28195 -0.159813 0.06284
540.37475 -0.160692 0.06042
540.46756 -0.161535 0.05799
540.56036 -0.162343 0.05555
540.65316 -0.163114 0.05309
540.74596 -0.163850 0.05063
540.83876 -0.164548 0.04815
540.93156 -0.165211 0.04567
541.02437 -0.165837 0.04318
541.11717 -0.166426 0.04068
541.20997 -0.166978 0.03817
541.30277 -0.167493 0.03565
541.39557 -0.167970 0.03313
541.48837 -0.168411 0.03060
541.58118 -0.168814 0.02806
541.67398 -0.169180 0.02552
541.76678 -0.169509 0.02297
541.85958 -0.169800 0.02042
541.95238 -0.170053 0.01787
542.04518 -0.170269 0.01531
542.13799 -0.170447 0.01275
542.23079 -0.170587 0.01019
542.32359 -0.170689 0.00763
542.41639 -0.170754 0.00507
542.50919 -0.170781 0.00250
542.60199 -0.170770 -0.00006
542.69479 -0.170722 -0.00263
542.78760 -0.170635 -0.00519
542.88040 -0.170511 -0.00775
542.97320 -0.170349 -0.01031
543.06600 -0.170150 -0.01286
543.15880 -0.169912 -0.01541
543.25160 -0.169637 -0.01796
543.34441 -0.169325 -0.02050
543.43721 -0.168975 -0.02304
543.53001 -0.168588 -0.02557
543.62281 -0.168164 -0.02810
543.71561 -0.167702 -0.03062
543.80841 -0.167203 -0.03313
543.90122 -0.166667 -0.03564
543.99402 -0.166094 -0.03813
544.08682 -0.165485 -0.04062
544.17962 -0.164839 -0.04310
544.27242 -0.164156 -0.04556
544.36522 -0.163437 -0.04802
544.45803 -0.162682 -0.05047
544.55083 -0.161890 -0.05290
544.64363 -0.161063 -0.05533
544.73643 -0.160201 -0.05774
544.82923 -0.159302 -0.06014
544.92203 -0.158369 -0.06252
545.01484 -0.157400 -0.06489
545.10764 -0.156396 -0.06725
545.20044 -0.155358 -0.06959
545.29324 -0.154285 -0.07191
545.38604 -0.153178 -0.07422
545.47884 -0.152036 -0.07651
545.57165 -0.150862 -0.07879
545.66445 -0.149653 -0.08105
545.75725 -0.148411 -0.08329
545.85005 -0.147137 -0.08551
545.94285 -0.145829 -0.08771
546.03565 -0.144489 -0.08989
546.12846 -0.143117 -0.09206
546.22126 -0.141713 -0.09420
546.31406 -0.140278 -0.09632
546.40686 -0.138811 -0.09842
546.49966 -0.137313 -0.10050
546.59246 -0.135785 -0.10256
546.68527 -0.134226 -0.10459
546.77807 -0.132637 -0.10660
546.87087 -0.131019 -0.10859
546.96367 -0.129371 -0.11056
547.05647 -0.127695 -0.11249
547.14927 -0.125989 -0.11441
547.24208 -0.124256 -0.11630
547.33488 -0.122494 -0.11816
547.42768 -0.120705 -0.12000
547.52048 -0.118889 -0.12181
547.61328 -0.117047 -0.12360
547.70608 -0.115178 -0.12536
547.79889 -0.113283 -0.12709
547.89169 -0.111362 -0.12879
547.98449 -0.109416 -0.13046
548.07729 -0.107446 -0.13211
548.17009 -0.105451 -0.13373
548.26289 -0.103432 -0.13531
548.35570 -0.101390 -0.13687
548.44850 -0.099325 -0.13840
548.54130 -0.097237 -0.13990
548.63410 -0.095128 -0.14136
548.72690 -0.092996 -0.14280
548.81970 -0.090843 -0.14420
548.91251 -0.088670 -0.14558
549.00531 -0.086476 -0.14692
549.09811 -0.084262 -0.14823
549.19091 -0.082029 -0.14950
549.28371 -0.079777 -0.15075
549.37651 -0.077506 -0.15196
549.46931 -0.075218 -0.15313
549.56212 -0.072912 -0.15428
549.65492 -0.070589 -0.15539
549.74772 -0.068250 -0.15646
549.84052 -0.065894 -0.15751
549.93332 -0.063524 -0.15851
550.02612 -0.061138 -0.15949
550.11893 -0.058737 -0.16042
550.21173 -0.056323 -0.16133
550.30453 -0.053895 -0.16219
550.39733 -0.051455 -0.16303
550.49013 -0.049002 -0.16382
550.58293 -0.046537 -0.16458
550.67574 -0.044060 -0.16531
550.76854 -0.041573 -0.16599
550.86134 -0.039076 -0.16665
550.95414 -0.036568 -0.16726
551.04694 -0.034052 -0.16784
551.13974 -0.031527 -0.16838
551.23255 -0.028993 -0.16889
551.32535 -0.026452 -0.16935
551.41815 -0.023904 -0.16978
551.51095 -0.021349 -0.17018
551.60375 -0.018789 -0.17053
551.69655 -0.016222 -0.17085
551.78936 -0.013651 -0.17113
551.88216 -0.011076 -0.17138
551.97496 -0.008497 -0.17158
552.06776 -0.005914 -0.17175
552.16056 -0.003329 -0.17188
552.25336 -0.000741 -0.17197
552.34617 0.001848 -0.17203
552.43897 0.004438 -0.17205
552.53177 0.007028 -0.17202
552.62457 0.009619 -0.17197
552.71737 0.012209 -0.17187
552.81017 0.014798 -0.17174
552.90298 0.017385 -0.17156
552.99578 0.019970 -0.17135
553.08858 0.022552 -0.17111
553.18138 0.025131 -0.17082
553.27418 0.027706 -0.17050
553.36698 0.030276 -0.17014
553.45979 0.032841 -0.16974
553.55259 0.035401 -0.16930
553.64539 0.037955 -0.16883
553.73819 0.040502 -0.16832
553.83099 0.043042 -0.16777
553.92379 0.045574 -0.16719
554.01660 0.048097 -0.16657
554.10940 0.050612 -0.16591
554.20220 0.053118 -0.16521
554.29500 0.055614 -0.16448
554.38780 0.058099 -0.16371
554.48060 0.060573 -0.16291
554.57341 0.063036 -0.16207
554.66621 0.065487 -0.16119
554.75901 0.067925 -0.16028
554.85181 0.070350 -0.15933
554.94461 0.072761 -0.15835
555.03741 0.075158 -0.15733
555.13022 0.077541 -0.15627
555.22302 0.079909 -0.15519
555.31582 0.082261 -0.15406
555.40862 0.084596 -0.15290
555.50142 0.086915 -0.15171
555.59422 0.089217 -0.15049
555.68703 0.091501 -0.14923
555.77983 0.093767 -0.14794
555.87263 0.096015 -0.14661
555.96543 0.098243 -0.14525
556.05823 0.100451 -0.14386
556.15103 0.102640 -0.14244
556.24383 0.104808 -0.14098
556.33664 0.106955 -0.13949
556.42944 0.109080 -0.13798
556.52224 0.111183 -0.13643
556.61504 0.113264 -0.13485
556.70784 0.115322 -0.13324
556.80064 0.117357 -0.13159
556.89345 0.119368 -0.12992
556.98625 0.121355 -0.12822
557.07905 0.123317 -0.12649
557.17185 0.125254 -0.12474
557.26465 0.127166 -0.12295
557.35745 0.129051 -0.12114
557.45026 0.130911 -0.11929
557.54306 0.132743 -0.11742
557.63586 0.134549 -0.11553
557.72866 0.136327 -0.11361
557.82146 0.138077 -0.11166
557.91426 0.139799 -0.10968
558.00707 0.141492 -0.10768
558.09987 0.143156 -0.10566
558.19267 0.144791 -0.10361
558.28547 0.146396 -0.10154
558.37827 0.147971 -0.09944
558.47107 0.149515 -0.09732
558.56388 0.151029 -0.09518
558.65668 0.152511 -0.09302
558.74948 0.153962 -0.09083
558.84228 0.155382 -0.08862
558.93508 0.156769 -0.08639
559.02788 0.158124 -0.08414
559.12069 0.159446 -0.08187
559.21349 0.160735 -0.07959
559.30629 0.161990 -0.07728
559.39909 0.163213 -0.07495
559.49189 0.164401 -0.07261
559.58469 0.165555 -0.07025
559.67750 0.166675 -0.06787
559.77030 0.167760 -0.06547
559.86310 0.168811 -0.06306
559.95590 0.169826 -0.06064
560.04870 0.170806 -0.05819
560.14150 0.171751 -0.05574
560.23431 0.172659 -0.05327
560.32711 0.173532 -0.05078
560.41991 0.174369 -0.04829
560.51271 0.175169 -0.04578
560.60551 0.175932 -0.04325
560.69831 0.176659 -0.04072
560.79112 0.177349 -0.03818
560.88392 0.178002 -0.03562
560.97672 0.178618 -0.03306
561.06952 0.179196 -0.03049
561.16232 0.179737 -0.02790
561.25512 0.180240 -0.02531
561.34793 0.180706 -0.02272
561.44073 0.181134 -0.02011
561.53353 0.181523 -0.01750
561.62633 0.181875 -0.01488
561.71913 0.182188 -0.01226
561.81193 0.182463 -0.00963
561.90474 0.182700 -0.00700
561.99754 0.182899 -0.00436
562.09034 0.183059 -0.00172
562.18314 0.183180 0.00092
562.27594 0.183263 0.00357
562.36874 0.183307 0.00621
562.46155 0.183313 0.00886
562.55435 0.183280 0.01151
562.64715 0.183209 0.01416
562.73995 0.183099 0.01681
562.83275 0.182950 0.01945
562.92555 0.182763 0.02210
563.01835 0.182537 0.02474
563.11116 0.182272 0.02738
563.20396 0.181969 0.03002
563.29676 0.181627 0.03265
563.38956 0.181247 0.03528
563.48236 0.180829 0.03790
563.57516 0.180372 0.04052
563.66797 0.179877 0.04313
563.76077 0.179344 0.04573
563.85357 0.178773 0.04833
563.94637 0.178164 0.05092
564.03917 0.177518 0.05350
564.13197 0.176833 0.05608
564.22478 0.176111 0.05864
564.31758 0.175351 0.06119
564.41038 0.174554 0.06374
564.50318 0.173720 0.06627
564.59598 0.172849 0.06879
564.68878 0.171941 0.07130
564.78159 0.170997 0.07379
564.87439 0.170015 0.07628
564.96719 0.168998 0.07875
565.05999 0.167944 0.08120
565.15279 0.166855 0.08364
565.24559 0.165730 0.08607
565.33840 0.164569 0.08848
565.43120 0.163373 0.09087
565.52400 0.162142 0.09325
565.61680 0.160876 0.09561
565.70960 0.159576 0.09795
565.80240 0.158241 0.10027
565.89521 0.156873 0.10258
565.98801 0.155470 0.10487
566.08081 0.154034 0.10713
566.17361 0.152565 0.10938
566.26641 0.151063 0.11160
566.35921 0.149528 0.11381
566.45202 0.147961 0.11599
566.54482 0.146362 0.11815
566.63762 0.144731 0.12029
566.73042 0.143069 0.12241
566.82322 0.141376 0.12450
566.91602 0.139652 0.12657
567.00883 0.137898 0.12862
567.10163 0.136113 0.13064
567.19443 0.134299 0.13263
567.28723 0.132456 0.13460
567.38003 0.130583 0.13655
567.47283 0.128682 0.13847
567.56564 0.126753 0.14036
567.65844 0.124796 0.14222
567.75124 0.122811 0.14406
567.84404 0.120800 0.14587
567.93684 0.118761 0.14765
568.02964 0.116697 0.14940
568.12245 0.114606 0.15112
568.21525 0.112491 0.15281
568.30805 0.110350 0.15448
568.40085 0.108184 0.15611
568.49365 0.105995 0.15771
568.58645 0.103782 0.15929
568.67926 0.101545 0.16083
568.77206 0.099286 0.16234
568.86486 0.097004 0.16381
568.95766 0.094700 0.16526
569.05046 0.092375 0.16667
569.14326 0.090029 0.16805
569.23607 0.087662 0.16940
569.32887 0.085276 0.17072
569.42167 0.082869 0.17200
569.51447 0.080444 0.17324
569.60727 0.078000 0.17446
569.70007 0.075538 0.17563
569.79287 0.073058 0.17678
569.88568 0.070561 0.17789
569.97848 0.068047 0.17896
570.07128 0.065518 0.18000
570.16408 0.062972 0.18100
570.25688 0.060412 0.18197
570.34968 0.057836 0.18290
570.44249 0.055247 0.18379
570.53529 0.052644 0.18465
570.62809 0.050029 0.18547
570.72089 0.047400 0.18626
570.81369 0.044760 0.18701
570.90649 0.042108 0.18772
570.99930 0.039445 0.18839
571.09210 0.036772 0.18902
571.18490 0.034089 0.18962
571.27770 0.031396 0.19018
571.37050 0.028695 0.19071
571.46330 0.025986 0.19119
571.55611 0.023268 0.19164
571.64891 0.020544 0.19204
571.74171 0.017813 0.19241
571.83451 0.015076 0.19274
571.92731 0.012333 0.19304
572.02011 0.009586 0.19329
572.11292 0.006834 0.19351
572.20572 0.004078 0.19368
572.29852 0.001319 0.19382
572.39132 -0.001443 0.19392
572.48412 -0.004207 0.19398
572.57692 -0.006973 0.19400
572.66973 -0.009739 0.19398
572.76253 -0.012507 0.19393
572.85533 -0.015274 0.19383
572.94813 -0.018041 0.19370
573.04093 -0.020806 0.19352
573.13373 -0.023570 0.19331
573.22654 -0.026332 0.19306
573.31934 -0.029090 0.19277
573.41214 -0.031846 0.19244
573.50494 -0.034597 0.19207
573.59774 -0.037344 0.19167
573.69054 -0.040086 0.19122
573.78335 -0.042822 0.19074
573.87615 -0.045553 0.19022
573.96895 -0.048276 0.18966
574.06175 -0.050992 0.18906
574.15455 -0.053701 0.18842
574.24735 -0.056401 0.18774
574.34016 -0.059092 0.18703
574.43296 -0.061774 0.18628
574.52576 -0.064445 0.18549
574.61856 -0.067106 0.18466
574.71136 -0.069757 0.18380
574.80416 -0.072395 0.18290
574.89697 -0.075021 0.18196
574.98977 -0.077635 0.18098
575.08257 -0.080236 0.17997
575.17537 -0.082822 0.17892
575.26817 -0.085395 0.17784
575.36097 -0.087953 0.17672
575.45378 -0.090495 0.17556
575.54658 -0.093022 0.17437
575.63938 -0.095532 0.17314
575.73218 -0.098026 0.17188
575.82498 -0.100502 0.17058
575.91778 -0.102960 0.16924
576.01059 -0.105400 0.16787
576.10339 -0.107821 0.16647
576.19619 -0.110223 0.16503
576.28899 -0.112605 0.16356
576.38179 -0.114966 0.16206
576.47459 -0.117307 0.16052
576.56739 -0.119626 0.15895
576.66020 -0.121924 0.15735
576.75300 -0.124200 0.15572
576.84580 -0.126452 0.15405
576.93860 -0.128682 0.15235
577.03140 -0.130888 0.15062
577.12420 -0.133070 0.14886
577.21701 -0.135228 0.14707
577.30981 -0.137360 0.14524
577.40261 -0.139467 0.14339
577.49541 -0.141549 0.14151
577.58821 -0.143604 0.13960
577.68101 -0.145632 0.13766
577.77382 -0.147634 0.13569
577.86662 -0.149608 0.13370
577.95942 -0.151554 0.13167
578.05222 -0.153471 0.12962
578.14502 -0.155360 0.12754
578.23782 -0.157220 0.12544
578.33063 -0.159051 0.12331
578.42343 -0.160851 0.12115
578.51623 -0.162621 0.11897
578.60903 -0.164361 0.11676
578.70183 -0.166070 0.11453
578.79463 -0.167748 0.11227
578.88744 -0.169393 0.10999
578.98024 -0.171007 0.10769
579.07304 -0.172589 0.10537
579.16584 -0.174138 0.10302
579.25864 -0.175654 0.10065
579.35144 -0.177136 0.09826
579.44425 -0.178585 0.09585
579.53705 -0.180000 0.09342
579.62985 -0.181381 0.09097
579.72265 -0.182728 0.08850
579.81545 -0.184039 0.08601
579.90825 -0.185316 0.08350
580.00106 -0.186557 0.08098
580.09386 -0.187763 0.07844
580.18666 -0.188933 0.07588
580.27946 -0.190067 0.07330
580.37226 -0.191164 0.07071
580.46506 -0.192225 0.06810
580.55787 -0.193249 0.06548
580.65067 -0.194237 0.06284
580.74347 -0.195187 0.06019
580.83627 -0.196099 0.05753
580.92907 -0.196974 0.05485
581.02187 -0.197811 0.05217
581.11468 -0.198611 0.04947
581.20748 -0.199372 0.04676
581.30028 -0.200095 0.04403
581.39308 -0.200779 0.04130
581.48588 -0.201425 0.03856
581.57868 -0.202032 0.03581
581.67149 -0.202600 0.03305
581.76429 -0.203129 0.03029
581.85709 -0.203619 0.02751
581.94989 -0.204070 0.02473
582.04269 -0.204481 0.02195
582.13549 -0.204853 0.01915
582.22830 -0.205186 0.01636
582.32110 -0.205479 0.01355
582.41390 -0.205732 0.01075
582.50670 -0.205945 0.00794
582.59950 -0.206119 0.00513
582.69230 -0.206253 0.00231
582.78511 -0.206347 -0.00050
582.87791 -0.206401 -0.00332
582.97071 -0.206416 -0.00614
583.06351 -0.206390 -0.00896
583.15631 -0.206324 -0.01178
583.24911 -0.206219 -0.01459
583.34191 -0.206073 -0.01741
583.43472 -0.205888 -0.02022
583.52752 -0.205663 -0.02303
583.62032 -0.205397 -0.02583
583.71312 -0.205093 -0.02864
583.80592 -0.204748 -0.03144
583.89872 -0.204364 -0.03423
583.99153 -0.203940 -0.03702
584.08433 -0.203476 -0.03980
584.17713 -0.202973 -0.04257
584.26993 -0.202431 -0.04534
584.36273 -0.201849 -0.04810
584.45553 -0.201229 -0.05085
584.54834 -0.200569 -0.05359
584.64114 -0.199870 -0.05632
584.73394 -0.199132 -0.05905
584.82674 -0.198356 -0.06176
584.91954 -0.197542 -0.06446
585.01234 -0.196689 -0.06715
585.10515 -0.195797 -0.06983
585.19795 -0.194868 -0.07249
585.29075 -0.193901 -0.07514
585.38355 -0.192896 -0.07778
585.47635 -0.191854 -0.08040
585.56915 -0.190775 -0.08301
585.66196 -0.189658 -0.08560
585.75476 -0.188505 -0.08818
585.84756 -0.187315 -0.09074
585.94036 -0.186088 -0.09328
586.03316 -0.184826 -0.09581
586.12596 -0.183528 -0.09832
586.21877 -0.182194 -0.10081
586.31157 -0.180824 -0.10328
586.40437 -0.179420 -0.10573
586.49717 -0.177980 -0.10816
586.58997 -0.176506 -0.11057
586.68277 -0.174998 -0.11296
586.77558 -0.173456 -0.11533
586.86838 -0.171880 -0.11768
586.96118 -0.170271 -0.12000
587.05398 -0.168629 -0.12230
587.14678 -0.166954 -0.12458
587.23958 -0.165247 -0.12684
587.33239 -0.163507 -0.12907
587.42519 -0.161736 -0.13127
587.51799 -0.159934 -0.13345
587.61079 -0.158100 -0.13561
587.70359 -0.156236 -0.13773
587.79639 -0.154342 -0.13984
587.88920 -0.152418 -0.14191
587.98200 -0.150464 -0.14396
588.07480 -0.148481 -0.14598
588.16760 -0.146469 -0.14797
588.26040 -0.144429 -0.14994
588.35320 -0.142362 -0.15187
588.44601 -0.140266 -0.15378
588.53881 -0.138144 -0.15566
588.63161 -0.135994 -0.15750
588.72441 -0.133819 -0.15932
588.81721 -0.131618 -0.16110
588.91001 -0.129391 -0.16286
589.00282 -0.127140 -0.16458
589.09562 -0.124863 -0.16627
589.18842 -0.122563 -0.16793
589.28122 -0.120240 -0.16956
589.37402 -0.117893 -0.17115
589.46682 -0.115523 -0.17271
589.55963 -0.113132 -0.17424
589.65243 -0.110718 -0.17573
589.74523 -0.108284 -0.17719
589.83803 -0.105828 -0.17861
589.93083 -0.103353 -0.18000
590.02363 -0.100858 -0.18136
590.11643 -0.098343 -0.18268
590.20924 -0.095810 -0.18396
590.30204 -0.093258 -0.18521
590.39484 -0.090689 -0.18642
590.48764 -0.088102 -0.18760
590.58044 -0.085499 -0.18874
590.67324 -0.082879 -0.18984
590.76605 -0.080244 -0.19091
590.85885 -0.077594 -0.19194
590.95165 -0.074929 -0.19293
591.04445 -0.072250 -0.19389
591.13725 -0.069557 -0.19480
591.23005 -0.066852 -0.19568
591.32286 -0.064134 -0.19652
591.41566 -0.061404 -0.19732
591.50846 -0.058663 -0.19809
591.60126 -0.055910 -0.19881
591.69406 -0.053148 -0.19950
591.78686 -0.050376 -0.20015
591.87967 -0.047594 -0.20076
591.97247 -0.044804 -0.20133
592.06527 -0.042006 -0.20186
592.15807 -0.039201 -0.20235
592.25087 -0.036388 -0.20280
592.34367 -0.033569 -0.20322
592.43648 -0.030745 -0.20359
592.52928 -0.027915 -0.20392
592.62208 -0.025080 -0.20422
592.71488 -0.022241 -0.20447
592.80768 -0.019399 -0.20468
592.90048 -0.016554 -0.20486
592.99329 -0.013706 -0.20499
593.08609 -0.010856 -0.20509
593.17889 -0.008005 -0.20514
593.27169 -0.005154 -0.20515
593.36449 -0.002302 -0.20513
593.45729 0.000549 -0.20506
593.55010 0.003400 -0.20496
593.64290 0.006248 -0.20481
593.73570 0.009095 -0.20463
593.82850 0.011939 -0.20440
593.92130 0.014779 -0.20414
594.01410 0.017616 -0.20383
594.10691 0.020448 -0.20349
594.19971 0.023276 -0.20311
594.29251 0.026098 -0.20268
594.38531 0.028913 -0.20222
594.47811 0.031722 -0.20172
594.57091 0.034524 -0.20118
594.66372 0.037318 -0.20059
594.75652 0.040104 -0.19998
594.84932 0.042880 -0.19932
594.94212 0.045648 -0.19862
595.03492 0.048405 -0.19788
595.12772 0.051152 -0.19711
595.22053 0.053887 -0.19630
595.31333 0.056611 -0.19545
595.40613 0.059323 -0.19456
595.49893 0.062022 -0.19363
595.59173 0.064707 -0.19267
595.68453 0.067379 -0.19167
595.77734 0.070036 -0.19063
595.87014 0.072679 -0.18955
595.96294 0.075306 -0.18844
596.05574 0.077917 -0.18729
596.14854 0.080512 -0.18611
596.24134 0.083090 -0.18488
596.33415 0.085650 -0.18363
596.42695 0.088192 -0.18234
596.51975 0.090716 -0.18101
596.61255 0.093220 -0.17964
596.70535 0.095706 -0.17825
596.79815 0.098171 -0.17682
596.89095 0.100615 -0.17535
596.98376 0.103039 -0.17385
597.07656 0.105441 -0.17232
597.16936 0.107821 -0.17075
597.26216 0.110179 -0.16915
597.35496 0.112514 -0.16752
597.44776 0.114825 -0.16585
597.54057 0.117113 -0.16416
597.63337 0.119376 -0.16243
597.72617 0.121614 -0.16067
597.81897 0.123828 -0.15888
597.91177 0.126016 -0.15706
598.00457 0.128177 -0.15521
598.09738 0.130312 -0.15333
598.19018 0.132421 -0.15142
598.28298 0.134502 -0.14948
598.37578 0.136555 -0.14751
598.46858 0.138580 -0.14552
598.56138 0.140576 -0.14349
598.65419 0.142543 -0.14144
598.74699 0.144482 -0.13936
598.83979 0.146390 -0.13726
598.93259 0.148268 -0.13513
599.02539 0.150116 -0.13297
599.11819 0.151933 -0.13079
599.21100 0.153718 -0.12859
599.30380 0.155472 -0.12636
599.39660 0.157195 -0.12410
599.48940 0.158884 -0.12183
599.58220 0.160542 -0.11953
599.67500 0.162166 -0.11720
599.76781 0.163757 -0.11486
599.86061 0.165315 -0.11249
599.95341 0.166838 -0.11010
600.04621 0.168328 -0.10770
600.13901 0.169783 -0.10527
600.23181 0.171203 -0.10282
600.32462 0.172588 -0.10035
600.41742 0.173938 -0.09787
600.51022 0.175253 -0.09537
600.60302 0.176531 -0.09285
600.69582 0.177774 -0.09031
600.78862 0.178980 -0.08775
600.88143 0.180149 -0.08518
600.97423 0.181282 -0.08260
601.06703 0.182378 -0.08000
601.15983 0.183436 -0.07738
601.25263 0.184457 -0.07475
601.34543 0.185441 -0.07211
601.43824 0.186386 -0.06946
601.53104 0.187294 -0.06679
601.62384 0.188163 -0.06411
601.71664 0.188994 -0.06142
601.80944 0.189787 -0.05872
601.90224 0.190541 -0.05601
601.99505 0.191256 -0.05329
602.08785 0.191932 -0.05056
602.18065 0.192569 -0.04782
602.27345 0.193167 -0.04507
602.36625 0.193726 -0.04232
602.45905 0.194245 -0.03956
602.55186 0.194725 -0.03680
602.64466 0.195165 -0.03403
602.73746 0.195566 -0.03125
602.83026 0.195926 -0.02847
602.92306 0.196247 -0.02568
603.01586 0.196528 -0.02290
603.10867 0.196770 -0.02011
603.20147 0.196971 -0.01731
603.29427 0.197132 -0.01452
603.38707 0.197253 -0.01172
603.47987 0.197335 -0.00893
603.57267 0.197376 -0.00613
603.66547 0.197377 -0.00334
603.75828 0.197339 -0.00054
603.85108 0.197260 0.00225
603.94388 0.197141 0.00504
604.03668 0.196983 0.00782
604.12948 0.196784 0.01061
604.22228 0.196546 0.01338
604.31509 0.196268 0.01616
604.40789 0.195950 0.01893
604.50069 0.195593 0.02169
604.59349 0.195196 0.02445
604.68629 0.194760 0.02719
604.77909 0.194284 0.02994
604.87190 0.193769 0.03267
604.96470 0.193215 0.03540
605.05750 0.192622 0.03811
605.15030 0.191990 0.04082
605.24310 0.191320 0.04351
605.33590 0.190611 0.04620
605.42871 0.189863 0.04887
605.52151 0.189077 0.05153
605.61431 0.188253 0.05418
605.70711 0.187392 0.05682
605.79991 0.186492 0.05944
605.89271 0.185555 0.06205
605.98552 0.184581 0.06464
606.07832 0.183570 0.06722
606.17112 0.182522 0.06978
606.26392 0.181437 0.07233
606.35672 0.180316 0.07486
606.44952 0.179159 0.07737
606.54233 0.177965 0.07987
606.63513 0.176737 0.08234
606.72793 0.175472 0.08480
606.82073 0.174173 0.08724
606.91353 0.172839 0.08965
607.00633 0.171470 0.09205
607.09914 0.170067 0.09443
607.19194 0.168630 0.09678
607.28474 0.167160 0.09912
607.37754 0.165656 0.10143
607.47034 0.164119 0.10372
607.56314 0.162550 0.10598
607.65595 0.160948 0.10823
607.74875 0.159314 0.11044
607.84155 0.157648 0.11264
607.93435 0.155952 0.11480
608.02715 0.154224 0.11695
608.11995 0.152466 0.11906
608.21276 0.150678 0.12115
608.30556 0.148859 0.12322
608.39836 0.147012 0.12525
608.49116 0.145135 0.12726
608.58396 0.143230 0.12924
608.67676 0.141297 0.13119
608.76957 0.139336 0.13311
608.86237 0.137347 0.13501
608.95517 0.135332 0.13687
609.04797 0.133290 0.13871
609.14077 0.131222 0.14051
609.23357 0.129129 0.14228
609.32638 0.127010 0.14402
609.41918 0.124866 0.14573
609.51198 0.122698 0.14741
609.60478 0.120507 0.14906
609.69758 0.118292 0.15067
609.79038 0.116054 0.15225
609.88319 0.113794 0.15380
609.97599 0.111512 0.15531
610.06879 0.109208 0.15679
610.16159 0.106884 0.15824
610.25439 0.104539 0.15965
610.34719 0.102174 0.16103
610.43999 0.099790 0.16237
610.53280 0.097387 0.16368
610.62560 0.094965 0.16495
610.71840 0.092526 0.16618
610.81120 0.090069 0.16738
610.90400 0.087595 0.16855
610.99680 0.085105 0.16967
611.08961 0.082600 0.17076
611.18241 0.080079 0.17182
611.27521 0.077543 0.17283
611.36801 0.074993 0.17381
611.46081 0.072429 0.17475
611.55361 0.069853 0.17565
611.64642 0.067264 0.17652
611.73922 0.064662 0.17735
611.83202 0.062050 0.17813
611.92482 0.059427 0.17888
612.01762 0.056793 0.17960
612.11042 0.054149 0.18027
612.20323 0.051497 0.18090
612.29603 0.048835 0.18150
612.38883 0.046166 0.18206
612.48163 0.043489 0.18257
612.57443 0.040806 0.18305
612.66723 0.038116 0.18349
612.76004 0.035420 0.18389
612.85284 0.032719 0.18425
612.94564 0.030013 0.18457
613.03844 0.027304 0.18485
613.13124 0.024591 0.18509
613.22404 0.021875 0.18529
613.31685 0.019157 0.18545
613.40965 0.016437 0.18557
613.50245 0.013716 0.18565
613.59525 0.010995 0.18569
613.68805 0.008273 0.18569
613.78085 0.005552 0.18565
613.87366 0.002833 0.18557
613.96646 0.000115 0.18546
614.05926 -0.002600 0.18530
614.15206 -0.005313 0.18510
614.24486 -0.008022 0.18486
614.33766 -0.010726 0.18459
614.43047 -0.013427 0.18427
614.52327 -0.016121 0.18391
614.61607 -0.018810 0.18352
614.70887 -0.021493 0.18308
614.80167 -0.024168 0.18261
614.89447 -0.026836 0.18210
614.98728 -0.029496 0.18154
615.08008 -0.032147 0.18095
615.17288 -0.034789 0.18032
615.26568 -0.037421 0.17966
615.35848 -0.040043 0.17895
615.45128 -0.042653 0.17821
615.54409 -0.045252 0.17742
615.63689 -0.047839 0.17660
615.72969 -0.050413 0.17575
615.82249 -0.052974 0.17485
615.91529 -0.055522 0.17392
616.00809 -0.058054 0.17295
616.10090 -0.060573 0.17194
616.19370 -0.063075 0.17090
616.28650 -0.065562 0.16982
616.37930 -0.068032 0.16870
616.47210 -0.070486 0.16755
616.56490 -0.072922 0.16636
616.65771 -0.075339 0.16514
616.75051 -0.077739 0.16388
616.84331 -0.080119 0.16259
616.93611 -0.082479 0.16126
617.02891 -0.084820 0.15990
617.12171 -0.087139 0.15850
617.21452 -0.089438 0.15707
617.30732 -0.091715 0.15561
617.40012 -0.093970 0.15412
617.49292 -0.096203 0.15259
617.58572 -0.098412 0.15103
617.67852 -0.100598 0.14943
617.77132 -0.102760 0.14781
617.86413 -0.104897 0.14615
617.95693 -0.107010 0.14447
618.04973 -0.109097 0.14275
618.14253 -0.111158 0.14100
618.23533 -0.113193 0.13923
618.32813 -0.115202 0.13742
618.42094 -0.117183 0.13558
618.51374 -0.119136 0.13372
618.60654 -0.121062 0.13183
618.69934 -0.122959 0.12991
618.79214 -0.124828 0.12796
618.88494 -0.126667 0.12599
618.97775 -0.128476 0.12399
619.07055 -0.130256 0.12196
619.16335 -0.132005 0.11991
619.25615 -0.133724 0.11783
619.34895 -0.135411 0.11573
619.44175 -0.137067 0.11360
619.53456 -0.138691 0.11145
619.62736 -0.140282 0.10928
619.72016 -0.141841 0.10708
619.81296 -0.143368 0.10486
619.90576 -0.144861 0.10262
619.99856 -0.146320 0.10036
620.09137 -0.147746 0.09808
620.18417 -0.149138 0.09578
620.27697 -0.150495 0.09345
620.36977 -0.151817 0.09111
620.46257 -0.153104 0.08875
620.55537 -0.154356 0.08637
620.64818 -0.155573 0.08398
620.74098 -0.156754 0.08156
620.83378 -0.157898 0.07913
620.92658 -0.159006 0.07669
621.01938 -0.160078 0.07422
621.11218 -0.161113 0.07175
621.20499 -0.162110 0.06926
621.29779 -0.163071 0.06675
621.39059 -0.163994 0.06423
621.48339 -0.164879 0.06170
621.57619 -0.165727 0.05915
621.66899 -0.166537 0.05660
621.76180 -0.167308 0.05403
621.85460 -0.168041 0.05145
621.94740 -0.168735 0.04887
622.04020 -0.169391 0.04627
622.13300 -0.170008 0.04366
622.22580 -0.170586 0.04105
622.31861 -0.171125 0.03843
622.41141 -0.171625 0.03580
622.50421 -0.172086 0.03316
622.59701 -0.172507 0.03052
622.68981 -0.172889 0.02787
622.78261 -0.173231 0.02522
622.87542 -0.173534 0.02256
622.96822 -0.173797 0.01990
623.06102 -0.174020 0.01724
623.15382 -0.174203 0.01457
623.24662 -0.174347 0.01191
623.33942 -0.174451 0.00924
623.43223 -0.174515 0.00657
623.52503 -0.174539 0.00390
623.61783 -0.174523 0.00123
623.71063 -0.174467 -0.00144
623.80343 -0.174372 -0.00410
623.89623 -0.174236 -0.00677
623.98904 -0.174061 -0.00943
624.08184 -0.173846 -0.01209
624.17464 -0.173592 -0.01474
624.26744 -0.173298 -0.01739
624.36024 -0.172964 -0.02004
624.45304 -0.172591 -0.02267
624.54584 -0.172178 -0.02531
624.63865 -0.171726 -0.02793
624.73145 -0.171235 -0.03055
624.82425 -0.170704 -0.03316
624.91705 -0.170135 -0.03576
625.00985 -0.169527 -0.03835
625.10265 -0.168880 -0.04093
625.19546 -0.168195 -0.04350
625.28826 -0.167471 -0.04607
625.38106 -0.166709 -0.04861
625.47386 -0.165909 -0.05115
625.56666 -0.165071 -0.05368
625.65946 -0.164195 -0.05619
625.75227 -0.163282 -0.05868
625.84507 -0.162331 -0.06117
625.93787 -0.161343 -0.06363
626.03067 -0.160319 -0.06609
626.12347 -0.159258 -0.06852
626.21627 -0.158160 -0.07094
626.30908 -0.157026 -0.07335
626.40188 -0.155856 -0.07573
626.49468 -0.154651 -0.07810
626.58748 -0.153410 -0.08045
626.68028 -0.152134 -0.08278
626.77308 -0.150824 -0.08509
626.86589 -0.149478 -0.08738
626.95869 -0.148099 -0.08965
627.05149 -0.146685 -0.09190
627.14429 -0.145238 -0.09412
627.23709 -0.143758 -0.09633
627.32989 -0.142245 -0.09851
627.42270 -0.140699 -0.10067
627.51550 -0.139121 -0.10280
627.60830 -0.137510 -0.10491
627.70110 -0.135869 -0.10700
627.79390 -0.134196 -0.10906
627.88670 -0.132492 -0.11109
627.97951 -0.130758 -0.11310
628.07231 -0.128993 -0.11509
628.16511 -0.127199 -0.11704
628.25791 -0.125376 -0.11897
628.35071 -0.123524 -0.12087
628.44351 -0.121643 -0.12275
628.53632 -0.119734 -0.12459
628.62912 -0.117798 -0.12640
628.72192 -0.115835 -0.12819
628.81472 -0.113844 -0.12995
628.90752 -0.111828 -0.13167
629.00032 -0.109785 -0.13337
629.09313 -0.107717 -0.13503
629.18593 -0.105624 -0.13667
629.27873 -0.103507 -0.13827
629.37153 -0.101366 -0.13984
629.46433 -0.099201 -0.14137
629.55713 -0.097013 -0.14288
629.64994 -0.094802 -0.14435
629.74274 -0.092569 -0.14579
629.83554 -0.090315 -0.14719
629.92834 -0.088040 -0.14856
630.02114 -0.085744 -0.14990
630.11394 -0.083427 -0.15120
630.20675 -0.081092 -0.15247
630.29955 -0.078737 -0.15370
630.39235 -0.076364 -0.15489
630.48515 -0.073973 -0.15605
630.57795 -0.071564 -0.15717
630.67075 -0.069138 -0.15826
630.76356 -0.066696 -0.15931
630.85636 -0.064238 -0.16033
630.94916 -0.061765 -0.16130
631.04196 -0.059277 -0.16224
631.13476 -0.056775 -0.16315
631.22756 -0.054259 -0.16401
631.32036 -0.051730 -0.16484
631.41317 -0.049189 -0.16563
631.50597 -0.046636 -0.16638
631.59877 -0.044071 -0.16709
631.69157 -0.041495 -0.16776
631.78437 -0.038910 -0.16840
631.87717 -0.036314 -0.16899
631.96998 -0.033709 -0.16955
632.06278 -0.031096 -0.17007
632.15558 -0.028475 -0.17055
632.24838 -0.025847 -0.17098
632.34118 -0.023212 -0.17138
632.43398 -0.020570 -0.17174
632.52679 -0.017923 -0.17206
632.61959 -0.015271 -0.17235
632.71239 -0.012615 -0.17259
632.80519 -0.009955 -0.17279
632.89799 -0.007291 -0.17295
632.99079 -0.004625 -0.17307
633.08360 -0.001957 -0.17315
633.17640 0.000712 -0.17319
633.26920 0.003383 -0.17319
633.36200 0.006053 -0.17315
633.45480 0.008724 -0.17307
633.54760 0.011393 -0.17295
633.64041 0.014061 -0.17279
633.73321 0.016726 -0.17260
633.82601 0.019389 -0.17236
633.91881 0.022049 -0.17208
634.01161 0.024705 -0.17176
634.10441 0.027356 -0.17140
634.19722 0.030002 -0.17100
634.29002 0.032643 -0.17056
634.38282 0.035277 -0.17008
634.47562 0.037904 -0.16957
634.56842 0.040524 -0.16901
634.66122 0.043136 -0.16841
634.75403 0.045739 -0.16778
634.84683 0.048333 -0.16710
634.93963 0.050917 -0.16639
635.03243 0.053491 -0.16564
635.12523 0.056053 -0.16485
635.21803 0.058605 -0.16402
635.31084 0.061144 -0.16315
635.40364 0.063670 -0.16225
635.49644 0.066184 -0.16130
635.58924 0.068683 -0.16032
635.68204 0.071168 -0.15931
635.77484 0.073638 -0.15825
635.86765 0.076093 -0.15716
635.96045 0.078532 -0.15603
636.05325 0.080954 -0.15486
636.14605 0.083359 -0.15366
636.23885 0.085746 -0.15242
636.33165 0.088115 -0.15115
636.42446 0.090466 -0.14984
636.51726 0.092797 -0.14850
636.61006 0.095108 -0.14712
636.70286 0.097399 -0.14570
636.79566 0.099669 -0.14425
636.88846 0.101918 -0.14277
636.98127 0.104145 -0.14126
637.07407 0.106350 -0.13971
637.16687 0.108531 -0.13812
637.25967 0.110690 -0.13651
637.35247 0.112824 -0.13486
637.44527 0.114935 -0.13318
637.53808 0.117020 -0.13147
637.63088 0.119080 -0.12973
637.72368 0.121115 -0.12796
637.81648 0.123123 -0.12615
637.90928 0.125104 -0.12432
638.00208 0.127059 -0.12245
638.09488 0.128985 -0.12056
638.18769 0.130884 -0.11864
638.28049 0.132754 -0.11669
638.37329 0.134596 -0.11471
638.46609 0.136408 -0.11270
638.55889 0.138191 -0.11067
638.65169 0.139943 -0.10861
638.74450 0.141665 -0.10652
638.83730 0.143356 -0.10441
638.93010 0.145015 -0.10228
639.02290 0.146643 -0.10011
639.11570 0.148239 -0.09793
639.20850 0.149803 -0.09571
639.30131 0.151334 -0.09348
639.39411 0.152831 -0.09122
639.48691 0.154295 -0.08894
639.57971 0.155725 -0.08664
639.67251 0.157121 -0.08432
639.76531 0.158483 -0.08197
639.85812 0.159810 -0.07961
639.95092 0.161101 -0.07722
640.04372 0.162358 -0.07482
640.13652 0.163578 -0.07240
640.22932 0.164763 -0.06995
640.32212 0.165911 -0.06749
640.41493 0.167023 -0.06502
640.50773 0.168098 -0.06252
640.60053 0.169135 -0.06001
640.69333 0.170136 -0.05749
640.78613 0.171099 -0.05495
640.87893 0.172024 -0.05239
640.97174 0.172911 -0.04982
641.06454 0.173760 -0.04724
641.15734 0.174571 -0.04464
641.25014 0.175343 -0.04204
641.34294 0.176076 -0.03942
641.43574 0.176770 -0.03678
641.52855 0.177425 -0.03414
641.62135 0.178040 -0.03149
641.71415 0.178616 -0.02883
641.80695 0.179153 -0.02616
641.89975 0.179650 -0.02348
641.99255 0.180106 -0.02080
642.08536 0.180523 -0.01810
642.17816 0.180900 -0.01540
642.27096 0.181236 -0.01270
642.36376 0.181532 -0.00999
642.45656 0.181788 -0.00727
642.54936 0.182003 -0.00455
642.64217 0.182178 -0.00183
642.73497 0.182312 0.00089
642.82777 0.182405 0.00362
642.92057 0.182458 0.00635
643.01337 0.182470 0.00908
643.10617 0.182441 0.01181
643.19898 0.182371 0.01455
643.29178 0.182261 0.01728
643.38458 0.182110 0.02000
643.47738 0.181918 0.02273
643.57018 0.181685 0.02546
643.66298 0.181412 0.02818
643.75579 0.181098 0.03090
643.84859 0.180743 0.03361
643.94139 0.180348 0.03632
644.03419 0.179913 0.03902
644.12699 0.179437 0.04172
644.21979 0.178920 0.04441
644.31260 0.178364 0.04709
644.40540 0.177767 0.04976
644.49820 0.177130 0.05243
644.59100 0.176453 0.05509
644.68380 0.175737 0.05773
644.77660 0.174981 0.06037
644.86940 0.174185 0.06300
644.96221 0.173350 0.06561
645.05501 0.172476 0.06821
645.14781 0.171563 0.07080
645.24061 0.170611 0.07338
645.33341 0.169621 0.07594
645.42621 0.168592 0.07849
645.51902 0.167525 0.08103
645.61182 0.166420 0.08355
645.70462 0.165277 0.08605
645.79742 0.164096 0.08853
645.89022 0.162879 0.09100
645.98302 0.161624 0.09345
646.07583 0.160332 0.09589
646.16863 0.159004 0.09830
646.26143 0.157639 0.10069
646.35423 0.156239 0.10307
646.44703 0.154803 0.10542
646.53983 0.153331 0.10776
646.63264 0.151825 0.11007
646.72544 0.150283 0.11236
646.81824 0.148707 0.11463
646.91104 0.147097 0.11687
647.00384 0.145453 0.11909
647.09664 0.143776 0.12129
647.18945 0.142065 0.12346
647.28225 0.140322 0.12561
647.37505 0.138546 0.12773
647.46785 0.136739 0.12983
647.56065 0.134899 0.13190
647.65345 0.133028 0.13394
647.74626 0.131127 0.13596
647.83906 0.129195 0.13795
647.93186 0.127233 0.13991
648.02466 0.125241 0.14184
648.11746 0.123220 0.14374
648.21026 0.121170 0.14562
648.30307 0.119092 0.14746
648.39587 0.116986 0.14927
648.48867 0.114852 0.15105
648.58147 0.112691 0.15280
648.67427 0.110504 0.15452
648.76707 0.108290 0.15621
648.85988 0.106051 0.15787
648.95268 0.103786 0.15949
649.04548 0.101497 0.16108
649.13828 0.099184 0.16263
649.23108 0.096846 0.16416
649.32388 0.094486 0.16564
649.41669 0.092102 0.16710
649.50949 0.089697 0.16852
649.60229 0.087269 0.16990
649.69509 0.084821 0.17125
649.78789 0.082351 0.17256
649.88069 0.079862 0.17384
649.97350 0.077352 0.17508
650.06630 0.074824 0.17628
650.15910 0.072277 0.17745
650.25190 0.069712 0.17858
650.34470 0.067129 0.17967
650.43750 0.064529 0.18073
650.53031 0.061913 0.18174
650.62311 0.059281 0.18272
650.71591 0.056633 0.18366
650.80871 0.053971 0.18456
650.90151 0.051295 0.18542
650.99431 0.048605 0.18625
651.08712 0.045901 0.18703
651.17992 0.043186 0.18778
651.27272 0.040458 0.18848
651.36552 0.037719 0.18915
651.45832 0.034969 0.18977
651.55112 0.032209 0.19036
651.64392 0.029440 0.19090
651.73673 0.026661 0.19141
651.82953 0.023874 0.19187
651.92233 0.021079 0.19230
652.01513 0.018277 0.19268
652.10793 0.015469 0.19302
652.20073 0.012654 0.19332
652.29354 0.009834 0.19358
652.38634 0.007009 0.19380
652.47914 0.004179 0.19398
652.57194 0.001346 0.19412
652.66474 -0.001490 0.19421
652.75754 -0.004328 0.19426
652.85035 -0.007169 0.19428
652.94315 -0.010010 0.19425
653.03595 -0.012853 0.19418
653.12875 -0.015695 0.19407
653.22155 -0.018536 0.19391
653.31435 -0.021377 0.19372
653.40716 -0.024216 0.19348
653.49996 -0.027052 0.19321
653.59276 -0.029885 0.19289
653.68556 -0.032715 0.19253
653.77836 -0.035541 0.19213
653.87116 -0.038361 0.19168
653.96397 -0.041177 0.19120
654.05677 -0.043986 0.19068
654.14957 -0.046789 0.19011
654.24237 -0.049584 0.18951
654.33517 -0.052372 0.18886
654.42797 -0.055152 0.18817
654.52078 -0.057922 0.18744
654.61358 -0.060683 0.18668
654.70638 -0.063433 0.18587
654.79918 -0.066173 0.18502
654.89198 -0.068902 0.18413
654.98478 -0.071619 0.18320
655.07759 -0.074323 0.18224
655.17039 -0.077014 0.18123
655.26319 -0.079691 0.18018
655.35599 -0.082354 0.17910
655.44879 -0.085003 0.17797
655.54159 -0.087636 0.17681
655.63440 -0.090253 0.17561
655.72720 -0.092853 0.17437
655.82000 -0.095437 0.17310
655.91280 -0.098003 0.17178
656.00560 -0.100550 0.17043
656.09840 -0.103079 0.16904
656.19121 -0.105589 0.16762
656.28401 -0.108079 0.16615
656.37681 -0.110549 0.16466
656.46961 -0.112998 0.16312
656.56241 -0.115425 0.16155
656.65521 -0.117831 0.15995
656.74802 -0.120214 0.15831
656.84082 -0.122574 0.15663
656.93362 -0.124911 0.15492
657.02642 -0.127223 0.15318
657.11922 -0.129512 0.15141
657.21202 -0.131775 0.14960
657.30483 -0.134013 0.14775
657.39763 -0.136225 0.14588
657.49043 -0.138410 0.14397
657.58323 -0.140569 0.14203
657.67603 -0.142701 0.14006
657.76883 -0.144804 0.13806
657.86164 -0.146880 0.13603
657.95444 -0.148926 0.13396
658.04724 -0.150944 0.13187
658.14004 -0.152931 0.12975
658.23284 -0.154889 0.12760
658.32564 -0.156817 0.12542
658.41844 -0.158713 0.12321
658.51125 -0.160579 0.12098
658.60405 -0.162412 0.11872
658.69685 -0.164213 0.11643
658.78965 -0.165982 0.11412
658.88245 -0.167719 0.11178
658.97525 -0.169421 0.10941
659.06806 -0.171091 0.10702
659.16086 -0.172726 0.10461
659.25366 -0.174327 0.10217
659.34646 -0.175893 0.09971
659.43926 -0.177424 0.09722
659.53206 -0.178919 0.09472
659.62487 -0.180379 0.09219
659.71767 -0.181803 0.08964
659.81047 -0.183191 0.08707
659.90327 -0.184541 0.08448
659.99607 -0.185855 0.08187
660.08887 -0.187132 0.07924
660.18168 -0.188371 0.07659
660.27448 -0.189572 0.07393
660.36728 -0.190735 0.07125
660.46008 -0.191860 0.06855
660.55288 -0.192946 0.06583
660.64568 -0.193993 0.06310
660.73849 -0.195001 0.06035
660.83129 -0.195970 0.05759
660.92409 -0.196899 0.05482
661.01689 -0.197789 0.05203
661.10969 -0.198638 0.04922
661.20249 -0.199448 0.04641
661.29530 -0.200217 0.04358
661.38810 -0.200945 0.04075
661.48090 -0.201633 0.03790
661.57370 -0.202280 0.03504
661.66650 -0.202885 0.03217
661.75930 -0.203450 0.02930
661.85211 -0.203973 0.02641
661.94491 -0.204455 0.02352
662.03771 -0.204896 0.02062
662.13051 -0.205294 0.01772
662.22331 -0.205651 0.01481
662.31611 -0.205967 0.01189
662.40892 -0.206240 0.00897
662.50172 -0.206471 0.00605
662.59452 -0.206660 0.00312
662.68732 -0.206807 0.00019
662.78012 -0.206912 -0.00274
662.87292 -0.206974 -0.00567
662.96573 -0.206994 -0.00861
663.05853 -0.206972 -0.01154
663.15133 -0.206908 -0.01448
663.24413 -0.206801 -0.01741
663.33693 -0.206652 -0.02034
663.42973 -0.206461 -0.02327
663.52254 -0.206228 -0.02620
663.61534 -0.205952 -0.02912
663.70814 -0.205634 -0.03204
663.80094 -0.205274 -0.03496
663.89374 -0.204872 -0.03787
663.98654 -0.204428 -0.04077
664.07935 -0.203943 -0.04367
664.17215 -0.203415 -0.04656
664.26495 -0.202845 -0.04944
664.35775 -0.202234 -0.05231
664.45055 -0.201581 -0.05518
664.54335 -0.200887 -0.05803
664.63616 -0.200152 -0.06088
664.72896 -0.199376 -0.06371
664.82176 -0.198558 -0.06654
664.91456 -0.197700 -0.06935
665.00736 -0.196801 -0.07215
665.10016 -0.195861 -0.07493
665.19296 -0.194882 -0.07770
665.28577 -0.193862 -0.08046
665.37857 -0.192802 -0.08320
665.47137 -0.191702 -0.08593
665.56417 -0.190563 -0.08864
665.65697 -0.189385 -0.09134
665.74977 -0.188168 -0.09401
665.84258 -0.186912 -0.09667
665.93538 -0.185617 -0.09931
666.02818 -0.184284 -0.10194
666.12098 -0.182913 -0.10454
666.21378 -0.181505 -0.10712
666.30658 -0.180059 -0.10968
666.39939 -0.178575 -0.11222
666.49219 -0.177055 -0.11474
666.58499 -0.175499 -0.11724
666.67779 -0.173906 -0.11972
666.77059 -0.172277 -0.12217
666.86339 -0.170612 -0.12459
666.95620 -0.168913 -0.12700
667.04900 -0.167178 -0.12938
667.14180 -0.165409 -0.13173
667.23460 -0.163606 -0.13406
667.32740 -0.161769 -0.13636
667.42020 -0.159898 -0.13863
667.51301 -0.157995 -0.14088
667.60581 -0.156058 -0.14310
667.69861 -0.154090 -0.14529
667.79141 -0.152090 -0.14745
667.88421 -0.150058 -0.14959
667.97701 -0.147995 -0.15169
668.06982 -0.145901 -0.15376
668.16262 -0.143778 -0.15581
668.25542 -0.141624 -0.15782
668.34822 -0.139442 -0.15980
668.44102 -0.137230 -0.16175
668.53382 -0.134990 -0.16367
668.62663 -0.132722 -0.16555
668.71943 -0.130427 -0.16740
668.81223 -0.128105 -0.16922
668.90503 -0.125756 -0.17101
668.99783 -0.123381 -0.17276
669.09063 -0.120981 -0.17447
669.18344 -0.118555 -0.17615
669.27624 -0.116106 -0.17780
669.36904 -0.113632 -0.17941
669.46184 -0.111134 -0.18098
669.55464 -0.108614 -0.18252
669.64744 -0.106071 -0.18402
669.74025 -0.103506 -0.18548
669.83305 -0.100920 -0.18691
669.92585 -0.098313 -0.18830
670.01865 -0.095686 -0.18965
670.11145 -0.093039 -0.19096
670.20425 -0.090373 -0.19224
670.29706 -0.087688 -0.19347
670.38986 -0.084985 -0.19467
670.48266 -0.082264 -0.19582
670.57546 -0.079527 -0.19694
670.66826 -0.076773 -0.19802
670.76106 -0.074003 -0.19906
670.85387 -0.071218 -0.20006
670.94667 -0.068419 -0.20101
671.03947 -0.065605 -0.20193
671.13227 -0.062778 -0.20281
671.22507 -0.059938 -0.20364
671.31787 -0.057085 -0.20444
671.41068 -0.054221 -0.20519
671.50348 -0.051346 -0.20590
671.59628 -0.048461 -0.20657
671.68908 -0.045565 -0.20719
671.78188 -0.042660 -0.20778
671.87468 -0.039747 -0.20832
671.96748 -0.036825 -0.20882
672.06029 -0.033896 -0.20928
672.15309 -0.030960 -0.20970
672.24589 -0.028018 -0.21007
672.33869 -0.025071 -0.21040
672.43149 -0.022118 -0.21069
672.52429 -0.019161 -0.21093
672.61710 -0.016200 -0.21114
672.70990 -0.013236 -0.21130
672.80270 -0.010270 -0.21141
672.89550 -0.007301 -0.21149
672.98830 -0.004332 -0.21152
673.08110 -0.001361 -0.21151
673.17391 0.001609 -0.21145
673.26671 0.004578 -0.21135
673.35951 0.007547 -0.21121
673.45231 0.010513 -0.21103
673.54511 0.013477 -0.21080
673.63791 0.016438 -0.21053
673.73072 0.019396 -0.21022
673.82352 0.022349 -0.20986
673.91632 0.025296 -0.20946
674.00912 0.028239 -0.20902
674.10192 0.031175 -0.20854
674.19472 0.034104 -0.20801
674.28753 0.037026 -0.20745
674.38033 0.039940 -0.20684
674.47313 0.042845 -0.20619
674.56593 0.045741 -0.20549
674.65873 0.048627 -0.20476
674.75153 0.051503 -0.20398
674.84434 0.054367 -0.20316
674.93714 0.057220 -0.20230
675.02994 0.060060 -0.20140
675.12274 0.062888 -0.20046
675.21554 0.065702 -0.19947
675.30834 0.068502 -0.19845
675.40115 0.071287 -0.19739
675.49395 0.074057 -0.19628
675.58675 0.076811 -0.19514
675.67955 0.079549 -0.19396
675.77235 0.082270 -0.19273
675.86515 0.084973 -0.19147
675.95796 0.087658 -0.19017
676.05076 0.090325 -0.18883
676.14356 0.092972 -0.18745
676.23636 0.095599 -0.18604
676.32916 0.098206 -0.18459
676.42196 0.100792 -0.18309
676.51477 0.103357 -0.18157
676.60757 0.105899 -0.18000
676.70037 0.108419 -0.17840
676.79317 0.110916 -0.17677
676.88597 0.113389 -0.17509
676.97877 0.115839 -0.17338
677.07158 0.118263 -0.17164
677.16438 0.120663 -0.16986
677.25718 0.123037 -0.16805
677.34998 0.125384 -0.16621
677.44278 0.127705 -0.16433
677.53558 0.129999 -0.16241
677.62839 0.132266 -0.16047
677.72119 0.134504 -0.15849
677.81399 0.136714 -0.15648
677.90679 0.138894 -0.15444
677.99959 0.141045 -0.15237
678.09239 0.143167 -0.15026
678.18520 0.145258 -0.14813
678.27800 0.147318 -0.14597
678.37080 0.149347 -0.14378
678.46360 0.151344 -0.14156
678.55640 0.153309 -0.13931
678.64920 0.155241 -0.13703
678.74200 0.157141 -0.13473
678.83481 0.159007 -0.13240
678.92761 0.160840 -0.13004
679.02041 0.162639 -0.12766
679.11321 0.164403 -0.12525
679.20601 0.166132 -0.12281
679.29881 0.167826 -0.12036
679.39162 0.169485 -0.11787
679.48442 0.171107 -0.11537
679.57722 0.172694 -0.11284
679.67002 0.174244 -0.11029
679.76282 0.175757 -0.10772
679.85562 0.177232 -0.10513
679.94843 0.178671 -0.10251
680.04123 0.180071 -0.09988
680.13403 0.181433 -0.09723
680.22683 0.182757 -0.09456
680.31963 0.184043 -0.09187
680.41243 0.185289 -0.08916
680.50524 0.186496 -0.08643
680.59804 0.187664 -0.08369
680.69084 0.188792 -0.08093
680.78364 0.189880 -0.07816
680.87644 0.190928 -0.07537
680.96924 0.191935 -0.07257
681.06205 0.192902 -0.06975
681.15485 0.193828 -0.06692
681.24765 0.194714 -0.06408
681.34045 0.195558 -0.06123
681.43325 0.196360 -0.05836
681.52605 0.197122 -0.05549
681.61886 0.197841 -0.05260
681.71166 0.198519 -0.04971
681.80446 0.199155 -0.04681
681.89726 0.199749 -0.04389
681.99006 0.200301 -0.04097
682.08286 0.200810 -0.03805
682.17567 0.201277 -0.03512
682.26847 0.201702 -0.03218
682.36127 0.202083 -0.02923
682.45407 0.202423 -0.02629
682.54687 0.202719 -0.02333
682.63967 0.202973 -0.02038
682.73248 0.203184 -0.01742
682.82528 0.203352 -0.01446
682.91808 0.203478 -0.01150
683.01088 0.203560 -0.00854
683.10368 0.203600 -0.00558
683.19648 0.203596 -0.00262
683.28929 0.203550 0.00034
683.38209 0.203461 0.00330
683.47489 0.203329 0.00625
683.56769 0.203154 0.00921
683.66049 0.202936 0.01215
683.75329 0.202676 0.01510
683.84610 0.202373 0.01804
683.93890 0.202027 0.02097
684.03170 0.201639 0.02390
684.12450 0.201209 0.02682
684.21730 0.200736 0.02973
684.31010 0.200221 0.03263
684.40291 0.199664 0.03553
684.49571 0.199065 0.03842
684.58851 0.198424 0.04129
684.68131 0.197742 0.04416
684.77411 0.197018 0.04701
684.86691 0.196252 0.04986
684.95972 0.195446 0.05269
685.05252 0.194598 0.05550
685.14532 0.193710 0.05831
685.23812 0.192781 0.06110
685.33092 0.191812 0.06387
685.42372 0.190802 0.06663
685.51652 0.189753 0.06937
685.60933 0.188664 0.07210
685.70213 0.187535 0.07481
685.79493 0.186367 0.07750
685.88773 0.185161 0.08017
685.98053 0.183915 0.08282
686.07333 0.182631 0.08546
686.16614 0.181309 0.08807
686.25894 0.179949 0.09067
686.35174 0.178552 0.09324
686.44454 0.177117 0.09579
686.53734 0.175646 0.09832
686.63014 0.174138 0.10082
686.72295 0.172594 0.10331
686.81575 0.171013 0.10577
686.90855 0.169398 0.10820
687.00135 0.167747 0.11061
687.09415 0.166061 0.11299
687.18695 0.164341 0.11535
687.27976 0.162586 0.11768
687.37256 0.160798 0.11998
687.46536 0.158977 0.12226
687.55816 0.157123 0.12451
687.65096 0.155237 0.12673
687.74376 0.153318 0.12892
687.83657 0.151368 0.13108
687.92937 0.149386 0.13322
688.02217 0.147374 0.13532
688.11497 0.145332 0.13739
688.20777 0.143260 0.13943
688.30057 0.141158 0.14144
688.39338 0.139027 0.14341
688.48618 0.136868 0.14536
688.57898 0.134681 0.14727
688.67178 0.132467 0.14914
688.76458 0.130225 0.15099
688.85738 0.127957 0.15280
688.95019 0.125663 0.15457
689.04299 0.123343 0.15631
689.13579 0.120999 0.15802
689.22859 0.118630 0.15969
689.32139 0.116237 0.16132
689.41419 0.113821 0.16292
689.50700 0.111382 0.16448
689.59980 0.108920 0.16600
689.69260 0.106437 0.16749
689.78540 0.103932 0.16894
689.87820 0.101407 0.17035
689.97100 0.098862 0.17172
690.06381 0.096297 0.17305
690.15661 0.093713 0.17435
690.24941 0.091111 0.17560
690.34221 0.088491 0.17682
690.43501 0.085854 0.17799
690.52781 0.083200 0.17913
690.62062 0.080530 0.18023
690.71342 0.077845 0.18128
690.80622 0.075144 0.18230
690.89902 0.072430 0.18327
690.99182 0.069701 0.18421
691.08462 0.066960 0.18510
691.17743 0.064206 0.18595
691.27023 0.061440 0.18676
691.36303 0.058664 0.18753
691.45583 0.055876 0.18826
691.54863 0.053079 0.18894
691.64143 0.050272 0.18958
691.73424 0.047456 0.19018
691.82704 0.044632 0.19074
691.91984 0.041801 0.19125
692.01264 0.038963 0.19172
692.10544 0.036119 0.19215
692.19824 0.033269 0.19254
692.29105 0.030414 0.19288
692.38385 0.027555 0.19318
692.47665 0.024692 0.19344
692.56945 0.021826 0.19366
692.66225 0.018958 0.19383
692.75505 0.016088 0.19395
692.84785 0.013217 0.19404
692.94066 0.010345 0.19408
693.03346 0.007473 0.19408
693.12626 0.004603 0.19403
693.21906 0.001734 0.19395
693.31186 -0.001134 0.19382
693.40466 -0.003998 0.19364
693.49747 -0.006859 0.19342
693.59027 -0.009716 0.19316
693.68307 -0.012569 0.19286
693.77587 -0.015416 0.19252
693.86867 -0.018257 0.19213
693.96147 -0.021092 0.19170
694.05428 -0.023919 0.19122
694.14708 -0.026739 0.19071
694.23988 -0.029550 0.19015
694.33268 -0.032352 0.18955
694.42548 -0.035145 0.18890
694.51828 -0.037927 0.18822
694.61109 -0.040698 0.18749
694.70389 -0.043457 0.18673
694.79669 -0.046205 0.18592
694.88949 -0.048939 0.18507
694.98229 -0.051660 0.18417
695.07509 -0.054367 0.18324
695.16790 -0.057060 0.18227
695.26070 -0.059737 0.18126
695.35350 -0.062398 0.18020
695.44630 -0.065043 0.17911
695.53910 -0.067670 0.17798
695.63190 -0.070280 0.17681
695.72471 -0.072872 0.17560
695.81751 -0.075445 0.17435
695.91031 -0.077999 0.17306
696.00311 -0.080533 0.17173
696.09591 -0.083046 0.17037
696.18871 -0.085538 0.16897
696.28152 -0.088008 0.16753
696.37432 -0.090456 0.16605
696.46712 -0.092882 0.16454
696.55992 -0.095284 0.16299
696.65272 -0.097662 0.16141
696.74552 -0.100016 0.15979
696.83833 -0.102345 0.15813
696.93113 -0.104648 0.15644
697.02393 -0.106926 0.15472
697.11673 -0.109177 0.15296
697.20953 -0.111401 0.15117
697.30233 -0.113597 0.14935
697.39514 -0.115766 0.14749
697.48794 -0.117906 0.14560
697.58074 -0.120017 0.14368
697.67354 -0.122098 0.14173
697.76634 -0.124150 0.13974
697.85914 -0.126171 0.13773
697.95195 -0.128162 0.13569
698.04475 -0.130121 0.13361
698.13755 -0.132048 0.13151
698.23035 -0.133943 0.12938
698.32315 -0.135806 0.12722
698.41595 -0.137636 0.12503
698.50876 -0.139432 0.12282
698.60156 -0.141194 0.12058
698.69436 -0.142922 0.11831
698.78716 -0.144616 0.11602
698.87996 -0.146274 0.11371
698.97276 -0.147897 0.11136
699.06557 -0.149485 0.10900
699.15837 -0.151036 0.10661
699.25117 -0.152551 0.10420
699.34397 -0.154029 0.10177
699.43677 -0.155469 0.09931
699.52957 -0.156873 0.09683
699.62237 -0.158238 0.09434
699.71518 -0.159566 0.09182
699.80798 -0.160855 0.08928
699.90078 -0.162105 0.08673
699.99358 -0.163317 0.08416
700.08638 -0.164489 0.08156
700.17918 -0.165621 0.07896
700.27199 -0.166714 0.07633
700.36479 -0.167767 0.07369
700.45759 -0.168779 0.07104
700.55039 -0.169751 0.06837
700.64319 -0.170683 0.06568
700.73599 -0.171573 0.06298
700.82880 -0.172422 0.06027
700.92160 -0.173230 0.05755
701.01440 -0.173997 0.05482
701.10720 -0.174722 0.05207
701.20000 -0.175405 0.04932
701.29280 -0.176046 0.04656
701.38561 -0.176644 0.04378
701.47841 -0.177201 0.04100
701.57121 -0.177715 0.03821
701.66401 -0.178187 0.03542
701.75681 -0.178616 0.03261
701.84961 -0.179002 0.02981
701.94242 -0.179346 0.02699
702.03522 -0.179646 0.02418
702.12802 -0.179904 0.02135
702.22082 -0.180119 0.01853
702.31362 -0.180291 0.01570
702.40642 -0.180419 0.01288
702.49923 -0.180505 0.01005
702.59203 -0.180547 0.00722
702.68483 -0.180546 0.00439
702.77763 -0.180503 0.00156
702.87043 -0.180416 -0.00127
702.96323 -0.180286 -0.00409
703.05604 -0.180112 -0.00691
703.14884 -0.179896 -0.00973
703.24164 -0.179637 -0.01255
703.33444 -0.179335 -0.01536
703.42724 -0.178990 -0.01816
703.52004 -0.178603 -0.02096
703.61285 -0.178173 -0.02375
703.70565 -0.177700 -0.02653
703.79845 -0.177185 -0.02931
703.89125 -0.176627 -0.03207
703.98405 -0.176028 -0.03483
704.07685 -0.175386 -0.03758
704.16966 -0.174702 -0.04032
704.26246 -0.173977 -0.04304
704.35526 -0.173210 -0.04575
704.44806 -0.172402 -0.04845
704.54086 -0.171553 -0.05114
704.63366 -0.170662 -0.05382
704.72647 -0.169731 -0.05647
704.81927 -0.168759 -0.05912
704.91207 -0.167747 -0.06175
705.00487 -0.166695 -0.06436
705.09767 -0.165603 -0.06695
705.19047 -0.164472 -0.06953
705.28328 -0.163301 -0.07209
705.37608 -0.162091 -0.07463
705.46888 -0.160842 -0.07715
705.56168 -0.159555 -0.07965
705.65448 -0.158230 -0.08213
705.74728 -0.156867 -0.08459
705.84009 -0.155467 -0.08703
705.93289 -0.154029 -0.08944
706.02569 -0.152554 -0.09184
706.11849 -0.151043 -0.09421
706.21129 -0.149496 -0.09655
706.30409 -0.147913 -0.09887
706.39689 -0.146294 -0.10117
706.48970 -0.144641 -0.10344
706.58250 -0.142953 -0.10568
706.67530 -0.141230 -0.10790
706.76810 -0.139474 -0.11009
706.86090 -0.137684 -0.11225
706.95370 -0.135862 -0.11438
707.04651 -0.134006 -0.11649
707.13931 -0.132119 -0.11857
707.23211 -0.130200 -0.12061
707.32491 -0.128249 -0.12263
707.41771 -0.126268 -0.12461
707.51051 -0.124257 -0.12657
707.60332 -0.122215 -0.12849
707.69612 -0.120145 -0.13038
707.78892 -0.118045 -0.13224
707.88172 -0.115917 -0.13406
707.97452 -0.113761 -0.13586
708.06732 -0.111578 -0.13761
708.16013 -0.109368 -0.13934
708.25293 -0.107132 -0.14103
708.34573 -0.104870 -0.14268
708.43853 -0.102582 -0.14430
708.53133 -0.100270 -0.14588
708.62413 -0.097933 -0.14743
708.71694 -0.095573 -0.14894
708.80974 -0.093190 -0.15041
708.90254 -0.090784 -0.15185
708.99534 -0.088357 -0.15325
709.08814 -0.085908 -0.15461
709.18094 -0.083438 -0.15593
709.27375 -0.080948 -0.15721
709.36655 -0.078438 -0.15846
709.45935 -0.075909 -0.15966
709.55215 -0.073362 -0.16083
709.64495 -0.070797 -0.16195
709.73775 -0.068215 -0.16304
709.83056 -0.065616 -0.16408
709.92336 -0.063001 -0.16509
710.01616 -0.060371 -0.16605
710.10896 -0.057726 -0.16698
710.20176 -0.055066 -0.16786
710.29456 -0.052394 -0.16870
710.38737 -0.049708 -0.16950
710.48017 -0.047010 -0.17025
710.57297 -0.044301 -0.17097
710.66577 -0.041580 -0.17164
710.75857 -0.038849 -0.17227
710.85137 -0.036109 -0.17286
710.94418 -0.033359 -0.17340
711.03698 -0.030601 -0.17391
711.12978 -0.027836 -0.17437
711.22258 -0.025063 -0.17478
711.31538 -0.022284 -0.17515
711.40818 -0.019499 -0.17548
711.50099 -0.016709 -0.17577
711.59379 -0.013915 -0.17601
711.68659 -0.011117 -0.17621
711.77939 -0.008315 -0.17637
711.87219 -0.005512 -0.17648
711.96499 -0.002706 -0.17655
712.05780 0.000100 -0.17657
712.15060 0.002907 -0.17655
712.24340 0.005714 -0.17649
712.33620 0.008520 -0.17639
712.42900 0.011324 -0.17624
712.52180 0.014126 -0.17604
712.61461 0.016925 -0.17580
712.70741 0.019721 -0.17552
712.80021 0.022512 -0.17520
712.89301 0.025299 -0.17483
712.98581 0.028080 -0.17442
713.07861 0.030854 -0.17397
713.17141 0.033622 -0.17347
713.26422 0.036382 -0.17293
713.35702 0.039134 -0.17234
713.44982 0.041878 -0.17172
713.54262 0.044611 -0.17105
713.63542 0.047335 -0.17034
713.72822 0.050047 -0.16958
713.82103 0.052749 -0.16879
713.91383 0.055438 -0.16795
714.00663 0.058114 -0.16707
714.09943 0.060777 -0.16615
714.19223 0.063426 -0.16518
714.28503 0.066060 -0.16418
714.37784 0.068679 -0.16313
714.47064 0.071282 -0.16205
714.56344 0.073868 -0.16092
714.65624 0.076437 -0.15976
714.74904 0.078989 -0.15855
714.84184 0.081522 -0.15730
714.93465 0.084036 -0.15602
715.02745 0.086530 -0.15469
715.12025 0.089004 -0.15333
715.21305 0.091458 -0.15192
715.30585 0.093890 -0.15048
715.39865 0.096300 -0.14901
715.49146 0.098687 -0.14749
715.58426 0.101051 -0.14594
715.67706 0.103391 -0.14435
715.76986 0.105708 -0.14272
715.86266 0.107999 -0.14106
715.95546 0.110265 -0.13936
716.04827 0.112505 -0.13763
716.14107 0.114718 -0.13586
716.23387 0.116905 -0.13406
716.32667 0.119063 -0.13222
716.41947 0.121194 -0.13035
716.51227 0.123296 -0.12844
716.60508 0.125369 -0.12651
716.69788 0.127413 -0.12454
716.79068 0.129426 -0.12254
716.88348 0.131408 -0.12051
716.97628 0.133360 -0.11844
717.06908 0.135280 -0.11635
717.16189 0.137168 -0.11423
717.25469 0.139023 -0.11207
717.34749 0.140845 -0.10989
717.44029 0.142634 -0.10768
717.53309 0.144389 -0.10544
717.62589 0.146110 -0.10318
717.71870 0.147796 -0.10088
717.81150 0.149447 -0.09856
717.90430 0.151063 -0.09622
717.99710 0.152642 -0.09385
718.08990 0.154185 -0.09145
718.18270 0.155692 -0.08904
718.27551 0.157161 -0.08659
718.36831 0.158593 -0.08413
718.46111 0.159987 -0.08164
718.55391 0.161343 -0.07913
718.64671 0.162660 -0.07660
718.73951 0.163939 -0.07405
718.83232 0.165178 -0.07147
718.92512 0.166378 -0.06888
719.01792 0.167538 -0.06627
719.11072 0.168658 -0.06364
719.20352 0.169738 -0.06100
719.29632 0.170777 -0.05833
719.38913 0.171775 -0.05565
719.48193 0.172732 -0.05296
719.57473 0.173648 -0.05025
719.66753 0.174522 -0.04752
719.76033 0.175354 -0.04479
719.85313 0.176144 -0.04203
719.94593 0.176892 -0.03927
720.03874 0.177597 -0.03649
720.13154 0.178259 -0.03370
720.22434 0.178879 -0.03091
720.31714 0.179455 -0.02810
720.40994 0.179989 -0.02528
720.50274 0.180479 -0.02245
720.59555 0.180925 -0.01962
720.68835 0.181328 -0.01678
720.78115 0.181687 -0.01393
720.87395 0.182002 -0.01108
720.96675 0.182274 -0.00822
721.05955 0.182501 -0.00536
721.15236 0.182684 -0.00249
721.24516 0.182823 0.00038
721.33796 0.182918 0.00326
721.43076 0.182968 0.00613
721.52356 0.182975 0.00901
721.61636 0.182936 0.01188
721.70917 0.182854 0.01476
721.80197 0.182727 0.01764
721.89477 0.182556 0.02051
721.98757 0.182340 0.02338
722.08037 0.182080 0.02625
722.17317 0.181776 0.02911
722.26598 0.181427 0.03197
722.35878 0.181035 0.03483
722.45158 0.180598 0.03768
722.54438 0.180117 0.04052
722.63718 0.179593 0.04336
722.72998 0.179024 0.04619
722.82279 0.178412 0.04901
722.91559 0.177756 0.05182
723.00839 0.177056 0.05462
723.10119 0.176314 0.05741
723.19399 0.175528 0.06019
723.28679 0.174699 0.06296
723.37960 0.173827 0.06572
723.47240 0.172913 0.06846
723.56520 0.171956 0.07119
723.65800 0.170956 0.07390
723.75080 0.169915 0.07660
723.84360 0.168832 0.07929
723.93641 0.167707 0.08195
724.02921 0.166541 0.08461
724.12201 0.165334 0.08724
724.21481 0.164086 0.08985
724.30761 0.162797 0.09245
724.40041 0.161468 0.09502
724.49322 0.160099 0.09758
724.58602 0.158690 0.10012
724.67882 0.157242 0.10263
724.77162 0.155755 0.10512
724.86442 0.154229 0.10759
724.95722 0.152664 0.11004
725.05003 0.151062 0.11246
725.14283 0.149421 0.11486
725.23563 0.147744 0.11723
725.32843 0.146029 0.11958
725.42123 0.144278 0.12190
725.51403 0.142491 0.12420
725.60684 0.140667 0.12646
725.69964 0.138809 0.12870
725.79244 0.136915 0.13092
725.88524 0.134987 0.13310
725.97804 0.133025 0.13525
726.07084 0.131029 0.13737
726.16365 0.128999 0.13947
726.25645 0.126937 0.14153
726.34925 0.124843 0.14356
726.44205 0.122717 0.14556
726.53485 0.120559 0.14753
726.62765 0.118371 0.14946
726.72045 0.116152 0.15136
726.81326 0.113903 0.15322
726.90606 0.111625 0.15506
726.99886 0.109319 0.15685
727.09166 0.106983 0.15862
727.18446 0.104620 0.16034
727.27726 0.102230 0.16203
727.37007 0.099813 0.16368
727.46287 0.097370 0.16530
727.55567 0.094901 0.16688
727.64847 0.092408 0.16842
727.74127 0.089890 0.16993
727.83407 0.087347 0.17139
727.92688 0.084782 0.17282
728.01968 0.082194 0.17420
728.11248 0.079584 0.17555
728.20528 0.076952 0.17686
728.29808 0.074299 0.17813
728.39088 0.071626 0.17935
728.48369 0.068933 0.18054
728.57649 0.066221 0.18168
728.66929 0.063491 0.18279
728.76209 0.060743 0.18385
728.85489 0.057978 0.18487
728.94769 0.055196 0.18584
729.04050 0.052398 0.18678
729.13330 0.049584 0.18767
729.22610 0.046757 0.18852
729.31890 0.043915 0.18932
729.41170 0.041059 0.19009
729.50450 0.038191 0.19080
729.59731 0.035312 0.19148
729.69011 0.032420 0.19211
729.78291 0.029518 0.19270
729.87571 0.026606 0.19324
729.96851 0.023685 0.19373
730.06131 0.020755 0.19419
730.15412 0.017816 0.19459
730.24692 0.014871 0.19496
730.33972 0.011919 0.19528
730.43252 0.008961 0.19555
730.52532 0.005997 0.19577
730.61812 0.003029 0.19596
730.71093 0.000057 0.19609
730.80373 -0.002918 0.19618
730.89653 -0.005896 0.19623
730.98933 -0.008875 0.19623
731.08213 -0.011856 0.19618
731.17493 -0.014837 0.19609
731.26774 -0.017818 0.19596
731.36054 -0.020799 0.19577
731.45334 -0.023777 0.19554
731.54614 -0.026753 0.19527
731.63894 -0.029727 0.19495
731.73174 -0.032696 0.19459
731.82455 -0.035662 0.19418
731.91735 -0.038622 0.19372
732.01015 -0.041577 0.19322
732.10295 -0.044525 0.19267
732.19575 -0.047466 0.19208
732.28855 -0.050399 0.19144
732.38136 -0.053324 0.19076
732.47416 -0.056240 0.19004
732.56696 -0.059146 0.18927
732.65976 -0.062042 0.18845
732.75256 -0.064926 0.18759
732.84536 -0.067798 0.18669
732.93817 -0.070658 0.18574
733.03097 -0.073505 0.18475
733.12377 -0.076338 0.18371
733.21657 -0.079157 0.18263
733.30937 -0.081960 0.18151
733.40217 -0.084748 0.18035
733.49497 -0.087519 0.17914
733.58778 -0.090273 0.17789
733.68058 -0.093009 0.17660
733.77338 -0.095727 0.17526
733.86618 -0.098426 0.17389
733.95898 -0.101105 0.17247
734.05178 -0.103764 0.17101
734.14459 -0.106403 0.16951
734.23739 -0.109019 0.16797
734.33019 -0.111614 0.16639
734.42299 -0.114186 0.16477
734.51579 -0.116734 0.16311
734.60859 -0.119259 0.16142
734.70140 -0.121759 0.15968
734.79420 -0.124233 0.15790
734.88700 -0.126683 0.15609
734.97980 -0.129105 0.15424
735.07260 -0.131502 0.15235
735.16540 -0.133870 0.15043
735.25821 -0.136211 0.14847
735.35101 -0.138523 0.14647
735.44381 -0.140806 0.14444
735.53661 -0.143060 0.14237
735.62941 -0.145283 0.14027
735.72221 -0.147476 0.13813
735.81502 -0.149637 0.13596
735.90782 -0.151767 0.13376
736.00062 -0.153865 0.13152
736.09342 -0.155929 0.12925
736.18622 -0.157961 0.12695
736.27902 -0.159959 0.12462
736.37183 -0.161923 0.12226
736.46463 -0.163852 0.11986
736.55743 -0.165746 0.11744
736.65023 -0.167605 0.11499
736.74303 -0.169427 0.11251
736.83583 -0.171214 0.11000
736.92864 -0.172963 0.10747
737.02144 -0.174675 0.10490
737.11424 -0.176349 0.10231
737.20704 -0.177985 0.09970
737.29984 -0.179583 0.09706
737.39264 -0.181142 0.09439
737.48545 -0.182661 0.09170
737.57825 -0.184141 0.08899
737.67105 -0.185581 0.08626
737.76385 -0.186981 0.08350
737.85665 -0.188340 0.08072
737.94945 -0.189658 0.07792
738.04226 -0.190934 0.07510
738.13506 -0.192169 0.07225
738.22786 -0.193362 0.06939
738.32066 -0.194512 0.06651
738.41346 -0.195620 0.06362
738.50626 -0.196685 0.06070
738.59907 -0.197707 0.05777
738.69187 -0.198686 0.05483
738.78467 -0.199621 0.05186
738.87747 -0.200512 0.04889
738.97027 -0.201359 0.04590
739.06307 -0.202162 0.04289
739.15588 -0.202920 0.03988
739.24868 -0.203634 0.03685
739.34148 -0.204302 0.03381
739.43428 -0.204926 0.03076
739.52708 -0.205504 0.02770
739.61988 -0.206037 0.02463
739.71269 -0.206524 0.02155
739.80549 -0.206966 0.01846
739.89829 -0.207361 0.01537
739.99109 -0.207711 0.01227
740.08389 -0.208015 0.00916
740.17669 -0.208272 0.00605
740.26949 -0.208483 0.00294
740.36230 -0.208648 -0.00018
740.45510 -0.208767 -0.00330
740.54790 -0.208839 -0.00643
740.64070 -0.208864 -0.00955
740.73350 -0.208843 -0.01268
740.82630 -0.208776 -0.01580
740.91911 -0.208662 -0.01893
741.01191 -0.208501 -0.02206
741.10471 -0.208294 -0.02518
741.19751 -0.208040 -0.02830
741.29031 -0.207740 -0.03141
741.38311 -0.207393 -0.03453
741.47592 -0.207000 -0.03763
741.56872 -0.206561 -0.04074
741.66152 -0.206075 -0.04383
741.75432 -0.205543 -0.04692
741.84712 -0.204965 -0.05000
741.93992 -0.204341 -0.05308
742.03273 -0.203671 -0.05614
742.12553 -0.202955 -0.05919
742.21833 -0.202193 -0.06224
742.31113 -0.201387 -0.06527
742.40393 -0.200534 -0.06829
742.49673 -0.199637 -0.07130
742.58954 -0.198695 -0.07429
742.68234 -0.197707 -0.07728
742.77514 -0.196676 -0.08024
742.86794 -0.195599 -0.08319
742.96074 -0.194479 -0.08613
743.05354 -0.193315 -0.08905
743.14635 -0.192107 -0.09195
743.23915 -0.190855 -0.09483
743.33195 -0.189561 -0.09770
743.42475 -0.188223 -0.10054
743.51755 -0.186843 -0.10337
743.61035 -0.185420 -0.10617
743.70316 -0.183955 -0.10896
743.79596 -0.182449 -0.11172
743.88876 -0.180901 -0.11446
743.98156 -0.179312 -0.11718
744.07436 -0.177682 -0.11987
744.16716 -0.176012 -0.12254
744.25997 -0.174302 -0.12518
744.35277 -0.172552 -0.12780
744.44557 -0.170763 -0.13039
744.53837 -0.168934 -0.13295
744.63117 -0.167068 -0.13549
744.72397 -0.165163 -0.13800
744.81678 -0.163220 -0.14048
744.90958 -0.161240 -0.14293
745.00238 -0.159223 -0.14535
745.09518 -0.157170 -0.14775
745.18798 -0.155081 -0.15011
745.28078 -0.152956 -0.15244
745.37359 -0.150796 -0.15473
745.46639 -0.148602 -0.15700
745.55919 -0.146373 -0.15923
745.65199 -0.144111 -0.16143
745.74479 -0.141815 -0.16359
745.83759 -0.139487 -0.16572
745.93040 -0.137127 -0.16781
746.02320 -0.134735 -0.16987
746.11600 -0.132312 -0.17190
746.20880 -0.129859 -0.17388
746.30160 -0.127376 -0.17583
746.39440 -0.124863 -0.17774
746.48721 -0.122321 -0.17962
746.58001 -0.119751 -0.18145
746.67281 -0.117153 -0.18325
746.76561 -0.114528 -0.18501
746.85841 -0.111877 -0.18673
746.95121 -0.109199 -0.18840
747.04401 -0.106496 -0.19004
747.13682 -0.103768 -0.19164
747.22962 -0.101016 -0.19319
747.32242 -0.098240 -0.19471
747.41522 -0.095442 -0.19618
747.50802 -0.092621 -0.19761
747.60082 -0.089778 -0.19899
747.69363 -0.086914 -0.20034
747.78643 -0.084030 -0.20164
747.87923 -0.081126 -0.20290
747.97203 -0.078203 -0.20411
748.06483 -0.075261 -0.20528
748.15763 -0.072302 -0.20640
748.25044 -0.069325 -0.20748
748.34324 -0.066332 -0.20852
748.43604 -0.063323 -0.20950
748.52884 -0.060299 -0.21045
748.62164 -0.057261 -0.21135
748.71444 -0.054209 -0.21220
748.80725 -0.051143 -0.21300
748.90005 -0.048066 -0.21376
748.99285 -0.044976 -0.21447
749.08565 -0.041876 -0.21514
749.17845 -0.038765 -0.21576
749.27125 -0.035645 -0.21633
749.36406 -0.032515 -0.21686
749.45686 -0.029378 -0.21733
749.54966 -0.026233 -0.21776
749.64246 -0.023082 -0.21814
749.73526 -0.019924 -0.21848
749.82806 -0.016761 -0.21876
749.92087 -0.013593 -0.21900
750.01367 -0.010422 -0.21919
750.10647 -0.007247 -0.21933
750.19927 -0.004070 -0.21943
750.29207 -0.000892 -0.21947
750.38487 0.002288 -0.21947
750.47768 0.005468 -0.21942
750.57048 0.008648 -0.21932
750.66328 0.011826 -0.21918
750.75608 0.015003 -0.21898
750.84888 0.018177 -0.21874
750.94168 0.021347 -0.21845
751.03449 0.024514 -0.21811
751.12729 0.027675 -0.21772
751.22009 0.030832 -0.21728
751.31289 0.033982 -0.21680
751.40569 0.037125 -0.21627
751.49849 0.040260 -0.21569
751.59130 0.043387 -0.21507
751.68410 0.046504 -0.21439
751.77690 0.049612 -0.21367
751.86970 0.052710 -0.21290
751.96250 0.055796 -0.21209
752.05530 0.058870 -0.21123
752.14811 0.061932 -0.21032
752.24091 0.064980 -0.20936
752.33371 0.068014 -0.20836
752.42651 0.071034 -0.20732
752.51931 0.074038 -0.20622
752.61211 0.077025 -0.20508
752.70492 0.079996 -0.20390
752.79772 0.082950 -0.20267
752.89052 0.085885 -0.20140
752.98332 0.088802 -0.20008
753.07612 0.091699 -0.19872
753.16892 0.094575 -0.19731
753.26173 0.097431 -0.19586
753.35453 0.100266 -0.19437
753.44733 0.103078 -0.19284
753.54013 0.105867 -0.19126
753.63293 0.108633 -0.18964
753.72573 0.111375 -0.18797
753.81853 0.114092 -0.18627
753.91134 0.116783 -0.18452
754.00414 0.119449 -0.18274
754.09694 0.122088 -0.18091
754.18974 0.124700 -0.17905
754.28254 0.127284 -0.17714
754.37534 0.129840 -0.17520
754.46815 0.132367 -0.17321
754.56095 0.134864 -0.17119
754.65375 0.137331 -0.16913
754.74655 0.139767 -0.16703
754.83935 0.142172 -0.16490
754.93215 0.144545 -0.16273
755.02496 0.146886 -0.16052
755.11776 0.149194 -0.15828
755.21056 0.151468 -0.15601
755.30336 0.153708 -0.15370
755.39616 0.155914 -0.15135
755.48896 0.158085 -0.14897
755.58177 0.160220 -0.14656
755.67457 0.162319 -0.14412
755.76737 0.164382 -0.14165
755.86017 0.166407 -0.13914
755.95297 0.168396 -0.13660
756.04577 0.170346 -0.13404
756.13858 0.172258 -0.13144
756.23138 0.174131 -0.12882
756.32418 0.175964 -0.12617
756.41698 0.177758 -0.12349
756.50978 0.179512 -0.12078
756.60258 0.181226 -0.11805
756.69539 0.182898 -0.11529
756.78819 0.184530 -0.11250
756.88099 0.186119 -0.10969
756.97379 0.187667 -0.10686
757.06659 0.189172 -0.10401
757.15939 0.190634 -0.10113
757.25220 0.192053 -0.09823
757.34500 0.193429 -0.09531
757.43780 0.194761 -0.09237
757.53060 0.196049 -0.08940
757.62340 0.197292 -0.08642
757.71620 0.198491 -0.08342
757.80901 0.199645 -0.08041
757.90181 0.200753 -0.07737
757.99461 0.201816 -0.07432
758.08741 0.202834 -0.07125
758.18021 0.203805 -0.06817
758.27301 0.204731 -0.06508
758.36582 0.205609 -0.06197
758.45862 0.206442 -0.05884
758.55142 0.207227 -0.05571
758.64422 0.207965 -0.05256
758.73702 0.208657 -0.04941
758.82982 0.209300 -0.04624
758.92263 0.209897 -0.04306
759.01543 0.210446 -0.03988
759.10823 0.210946 -0.03669
759.20103 0.211400 -0.03349
759.29383 0.211805 -0.03028
759.38663 0.212162 -0.02707
759.47944 0.212470 -0.02385
759.57224 0.212731 -0.02063
759.66504 0.212943 -0.01741
759.75784 0.213107 -0.01418
759.85064 0.213222 -0.01095
759.94344 0.213289 -0.00772
760.03625 0.213308 -0.00449
760.12905 0.213278 -0.00126
760.22185 0.213200 0.00197
760.31465 0.213073 0.00519
760.40745 0.212898 0.00842
760.50025 0.212674 0.01164
760.59305 0.212402 0.01486
760.68586 0.212082 0.01807
760.77866 0.211714 0.02127
760.87146 0.211297 0.02447
760.96426 0.210833 0.02767
761.05706 0.210320 0.03085
761.14986 0.209760 0.03403
761.24267 0.209152 0.03720
761.33547 0.208497 0.04036
761.42827 0.207794 0.04350
761.52107 0.207044 0.04664
761.61387 0.206247 0.04976
761.70667 0.205403 0.05287
761.79948 0.204513 0.05597
761.89228 0.203576 0.05905
761.98508 0.202593 0.06212
762.07788 0.201563 0.06517
762.17068 0.200488 0.06820
762.26348 0.199368 0.07122
762.35629 0.198202 0.07422
762.44909 0.196992 0.07720
762.54189 0.195736 0.08016
762.63469 0.194437 0.08311
762.72749 0.193093 0.08603
762.82029 0.191705 0.08893
762.91310 0.190274 0.09180
763.00590 0.188800 0.09466
763.09870 0.187283 0.09749
763.19150 0.185723 0.10030
763.28430 0.184122 0.10308
763.37710 0.182479 0.10584
763.46991 0.180795 0.10857
763.56271 0.179069 0.11127
763.65551 0.177303 0.11395
763.74831 0.175498 0.11660
763.84111 0.173652 0.11922
763.93391 0.171767 0.12181
764.02672 0.169844 0.12438
764.11952 0.167882 0.12691
764.21232 0.165882 0.12941
764.30512 0.163845 0.13188
764.39792 0.161771 0.13432
764.49072 0.159661 0.13672
764.58353 0.157515 0.13909
764.67633 0.155333 0.14143
764.76913 0.153117 0.14373
764.86193 0.150866 0.14600
764.95473 0.148581 0.14823
765.04753 0.146263 0.15043
765.14034 0.143912 0.15259
765.23314 0.141529 0.15472
765.32594 0.139115 0.15680
765.41874 0.136669 0.15885
765.51154 0.134193 0.16086
765.60434 0.131687 0.16283
765.69715 0.129152 0.16476
765.78995 0.126588 0.16665
765.88275 0.123996 0.16850
765.97555 0.121376 0.17031
766.06835 0.118730 0.17208
766.16115 0.116058 0.17381
766.25396 0.113360 0.17550
766.34676 0.110637 0.17714
766.43956 0.107889 0.17874
766.53236 0.105119 0.18030
766.62516 0.102325 0.18181
766.71796 0.099509 0.18328
766.81077 0.096671 0.18471
766.90357 0.093813 0.18609
766.99637 0.090934 0.18743
767.08917 0.088035 0.18872
767.18197 0.085118 0.18996
767.27477 0.082183 0.19116
767.36758 0.079230 0.19232
767.46038 0.076260 0.19343
767.55318 0.073274 0.19449
767.64598 0.070273 0.19550
767.73878 0.067258 0.19647
767.83158 0.064228 0.19739
767.92438 0.061186 0.19826
768.01719 0.058130 0.19908
768.10999 0.055064 0.19986
768.20279 0.051986 0.20059
768.29559 0.048898 0.20127
768.38839 0.045801 0.20190
768.48119 0.042694 0.20248
768.57400 0.039580 0.20302
768.66680 0.036459 0.20350
768.75960 0.033331 0.20394
768.85240 0.030198 0.20433
768.94520 0.027059 0.20466
769.03800 0.023917 0.20495
769.13081 0.020770 0.20519
769.22361 0.017622 0.20538
769.31641 0.014471 0.20552
769.40921 0.011319 0.20561
769.50201 0.008167 0.20566
769.59481 0.005015 0.20565
769.68762 0.001864 0.20559
769.78042 -0.001284 0.20549
769.87322 -0.004430 0.20533
769.96602 -0.007573 0.20512
770.05882 -0.010712 0.20487
770.15162 -0.013845 0.20457
770.24443 -0.016973 0.20421
770.33723 -0.020094 0.20381
770.43003 -0.023208 0.20336
770.52283 -0.026314 0.20286
770.61563 -0.029412 0.20231
770.70843 -0.032499 0.20171
770.80124 -0.035577 0.20107
770.89404 -0.038643 0.20037
770.98684 -0.041698 0.19963
771.07964 -0.044740 0.19884
771.17244 -0.047769 0.19800
771.26524 -0.050784 0.19712
771.35805 -0.053784 0.19618
771.45085 -0.056769 0.19520
771.54365 -0.059737 0.19418
771.63645 -0.062689 0.19310
771.72925 -0.065623 0.19198
771.82205 -0.068538 0.19082
771.91486 -0.071435 0.18960
772.00766 -0.074311 0.18835
772.10046 -0.077167 0.18704
772.19326 -0.080002 0.18570
772.28606 -0.082815 0.18431
772.37886 -0.085605 0.18287
772.47167 -0.088372 0.18139
772.56447 -0.091115 0.17987
772.65727 -0.093834 0.17830
772.75007 -0.096527 0.17669
772.84287 -0.099194 0.17504
772.93567 -0.101834 0.17335
773.02848 -0.104447 0.17161
773.12128 -0.107032 0.16984
773.21408 -0.109589 0.16802
773.30688 -0.112116 0.16617
773.39968 -0.114613 0.16427
773.49248 -0.117080 0.16234
773.58529 -0.119516 0.16036
773.67809 -0.121920 0.15835
773.77089 -0.124292 0.15630
773.86369 -0.126631 0.15421
773.95649 -0.128936 0.15209
774.04929 -0.131208 0.14993
774.14210 -0.133444 0.14774
774.23490 -0.135646 0.14551
774.32770 -0.137812 0.14324
774.42050 -0.139942 0.14094
774.51330 -0.142034 0.13861
774.60610 -0.144090 0.13625
774.69890 -0.146108 0.13385
774.79171 -0.148087 0.13142
774.88451 -0.150027 0.12896
774.97731 -0.151929 0.12647
775.07011 -0.153790 0.12395
775.16291 -0.155611 0.12140
775.25571 -0.157391 0.11883
775.34852 -0.159131 0.11622
775.44132 -0.160828 0.11359
775.53412 -0.162484 0.11093
775.62692 -0.164097 0.10824
775.71972 -0.165667 0.10554
775.81252 -0.167194 0.10280
775.90533 -0.168677 0.10004
775.99813 -0.170117 0.09726
776.09093 -0.171512 0.09446
776.18373 -0.172862 0.09163
776.27653 -0.174167 0.08879
776.36933 -0.175426 0.08592
776.46214 -0.176640 0.08303
776.55494 -0.177808 0.08013
776.64774 -0.178930 0.07721
776.74054 -0.180004 0.07427
776.83334 -0.181032 0.07131
776.92614 -0.182013 0.06834
777.01895 -0.182946 0.06535
777.11175 -0.183832 0.06235
777.20455 -0.184670 0.05933
777.29735 -0.185459 0.05630
777.39015 -0.186201 0.05326
777.48295 -0.186894 0.05021
777.57576 -0.187538 0.04715
777.66856 -0.188133 0.04408
777.76136 -0.188679 0.04100
777.85416 -0.189176 0.03791
777.94696 -0.189624 0.03481
778.03976 -0.190022 0.03171
778.13257 -0.190371 0.02860
778.22537 -0.190671 0.02549
778.31817 -0.190920 0.02237
778.41097 -0.191120 0.01925
778.50377 -0.191270 0.01613
778.59657 -0.191370 0.01300
778.68938 -0.191420 0.00988
778.78218 -0.191421 0.00675
778.87498 -0.191371 0.00362
778.96778 -0.191272 0.00050
779.06058 -0.191122 -0.00262
779.15338 -0.190923 -0.00574
779.24619 -0.190674 -0.00886
779.33899 -0.190376 -0.01197
779.43179 -0.190027 -0.01507
779.52459 -0.189629 -0.01817
779.61739 -0.189182 -0.02126
779.71019 -0.188685 -0.02435
779.80300 -0.188139 -0.02742
779.89580 -0.187543 -0.03049
779.98860 -0.186899 -0.03355
780.08140 -0.186206 -0.03659
780.17420 -0.185464 -0.03962
780.26700 -0.184674 -0.04264
780.35981 -0.183835 -0.04565
780.45261 -0.182949 -0.04864
780.54541 -0.182014 -0.05162
780.63821 -0.181032 -0.05458
780.73101 -0.180003 -0.05753
780.82381 -0.178927 -0.06046
780.91662 -0.177803 -0.06337
781.00942 -0.176633 -0.06626
781.10222 -0.175417 -0.06913
781.19502 -0.174155 -0.07199
781.28782 -0.172848 -0.07482
781.38062 -0.171495 -0.07763
781.47342 -0.170097 -0.08041
781.56623 -0.168655 -0.08318
781.65903 -0.167168 -0.08592
781.75183 -0.165637 -0.08863
781.84463 -0.164063 -0.09132
781.93743 -0.162447 -0.09398
782.03023 -0.160787 -0.09662
782.12304 -0.159085 -0.09923
782.21584 -0.157341 -0.10181
782.30864 -0.155557 -0.10436
782.40144 -0.153731 -0.10689
782.49424 -0.151865 -0.10938
782.58704 -0.149959 -0.11184
782.67985 -0.148013 -0.11427
782.77265 -0.146029 -0.11667
782.86545 -0.144006 -0.11903
782.95825 -0.141945 -0.12137
783.05105 -0.139847 -0.12366
783.14385 -0.137712 -0.12593
783.23666 -0.135541 -0.12816
783.32946 -0.133334 -0.13035
783.42226 -0.131092 -0.13250
783.51506 -0.128815 -0.13462
783.60786 -0.126505 -0.13670
783.70066 -0.124161 -0.13875
783.79347 -0.121784 -0.14075
783.88627 -0.119376 -0.14272
783.97907 -0.116935 -0.14464
784.07187 -0.114464 -0.14653
784.16467 -0.111963 -0.14837
784.25747 -0.109432 -0.15018
784.35028 -0.106872 -0.15194
784.44308 -0.104284 -0.15366
784.53588 -0.101668 -0.15534
784.62868 -0.099026 -0.15697
784.72148 -0.096357 -0.15856
784.81428 -0.093663 -0.16011
784.90709 -0.090944 -0.16161
784.99989 -0.088201 -0.16307
785.09269 -0.085434 -0.16448
785.18549 -0.082645 -0.16585
785.27829 -0.079834 -0.16717
785.37109 -0.077002 -0.16844
785.46390 -0.074149 -0.16967
785.55670 -0.071277 -0.17085
785.64950 -0.068386 -0.17198
785.74230 -0.065477 -0.17307
785.83510 -0.062550 -0.17410
785.92790 -0.059607 -0.17509
786.02071 -0.056647 -0.17603
786.11351 -0.053673 -0.17693
786.20631 -0.050685 -0.17777
786.29911 -0.047683 -0.17856
786.39191 -0.044668 -0.17931
786.48471 -0.041642 -0.18000
786.57752 -0.038604 -0.18064
786.67032 -0.035556 -0.18124
786.76312 -0.032499 -0.18178
786.85592 -0.029433 -0.18227
786.94872 -0.026359 -0.18272
787.04152 -0.023278 -0.18311
787.13433 -0.020191 -0.18345
787.22713 -0.017098 -0.18374
787.31993 -0.014001 -0.18398
787.41273 -0.010901 -0.18417
787.50553 -0.007797 -0.18430
787.59833 -0.004691 -0.18439
787.69114 -0.001584 -0.18442
787.78394 0.001523 -0.18440
787.87674 0.004630 -0.18433
787.96954 0.007736 -0.18421
788.06234 0.010840 -0.18404
788.15514 0.013941 -0.18382
788.24794 0.017038 -0.18355
788.34075 0.020130 -0.18322
788.43355 0.023217 -0.18284
788.52635 0.026298 -0.18241
788.61915 0.029372 -0.18194
788.71195 0.032438 -0.18141
788.80475 0.035495 -0.18082
788.89756 0.038543 -0.18019
788.99036 0.041580 -0.17951
789.08316 0.044606 -0.17878
789.17596 0.047620 -0.17800
789.26876 0.050621 -0.17716
789.36156 0.053609 -0.17628
789.45437 0.056582 -0.17535
789.54717 0.059540 -0.17437
789.63997 0.062482 -0.17334
789.73277 0.065407 -0.17226
789.82557 0.068314 -0.17113
789.91837 0.071203 -0.16996
790.01118 0.074073 -0.16873
790.10398 0.076923 -0.16746
790.19678 0.079752 -0.16614
790.28958 0.082559 -0.16477
790.38238 0.085344 -0.16336
790.47518 0.088106 -0.16190
790.56799 0.090844 -0.16040
790.66079 0.093558 -0.15885
790.75359 0.096246 -0.15725
790.84639 0.098908 -0.15561
790.93919 0.101544 -0.15392
791.03199 0.104151 -0.15219
791.12480 0.106731 -0.15042
791.21760 0.109281 -0.14861
791.31040 0.111802 -0.14675
791.40320 0.114293 -0.14485
791.49600 0.116752 -0.14290
791.58880 0.119180 -0.14092
791.68161 0.121575 -0.13890
791.77441 0.123937 -0.13683
791.86721 0.126265 -0.13473
791.96001 0.128559 -0.13259
792.05281 0.130818 -0.13041
792.14561 0.133042 -0.12819
792.23842 0.135229 -0.12593
792.33122 0.137379 -0.12364
792.42402 0.139491 -0.12131
792.51682 0.141566 -0.11894
792.60962 0.143601 -0.11654
792.70242 0.145598 -0.11411
792.79523 0.147554 -0.11164
792.88803 0.149471 -0.10914
792.98083 0.151346 -0.10661
793.07363 0.153180 -0.10405
793.16643 0.154971 -0.10145
793.25923 0.156721 -0.09883
793.35204 0.158427 -0.09617
793.44484 0.160089 -0.09349
793.53764 0.161708 -0.09078
793.63044 0.163282 -0.08804
793.72324 0.164812 -0.08527
793.81604 0.166296 -0.08248
793.90885 0.167734 -0.07966
794.00165 0.169126 -0.07682
794.09445 0.170471 -0.07395
794.18725 0.171769 -0.07106
794.28005 0.173020 -0.06815
794.37285 0.174223 -0.06522
794.46566 0.175378 -0.06227
794.55846 0.176484 -0.05929
794.65126 0.177542 -0.05630
794.74406 0.178550 -0.05329
794.83686 0.179509 -0.05026
794.92966 0.180418 -0.04722
795.02246 0.181277 -0.04416
795.11527 0.182086 -0.04108
795.20807 0.182844 -0.03799
795.30087 0.183551 -0.03489
795.39367 0.184208 -0.03177
795.48647 0.184813 -0.02864
795.57927 0.185366 -0.02551
795.67208 0.185868 -0.02236
795.76488 0.186318 -0.01920
795.85768 0.186716 -0.01603
795.95048 0.187061 -0.01286
796.04328 0.187355 -0.00968
796.13608 0.187596 -0.00650
796.22889 0.187784 -0.00331
796.32169 0.187920 -0.00011
796.41449 0.188003 0.00309
796.50729 0.188033 0.00629
796.60009 0.188011 0.00949
796.69289 0.187935 0.01269
796.78570 0.187807 0.01589
796.87850 0.187626 0.01909
796.97130 0.187392 0.02229
797.06410 0.187105 0.02548
797.15690 0.186765 0.02867
797.24970 0.186372 0.03186
797.34251 0.185927 0.03504
797.43531 0.185429 0.03822
797.52811 0.184878 0.04138
797.62091 0.184275 0.04454
797.71371 0.183620 0.04769
797.80651 0.182912 0.05083
797.89932 0.182153 0.05396
797.99212 0.181341 0.05708
798.08492 0.180478 0.06018
798.17772 0.179563 0.06327
798.27052 0.178597 0.06635
798.36332 0.177579 0.06941
798.45613 0.176511 0.07246
798.54893 0.175392 0.07548
798.64173 0.174223 0.07850
798.73453 0.173004 0.08149
798.82733 0.171735 0.08446
798.92013 0.170416 0.08742
799.01294 0.169048 0.09035
799.10574 0.167631 0.09326
799.19854 0.166166 0.09615
799.29134 0.164653 0.09901
799.38414 0.163091 0.10185
799.47694 0.161483 0.10466
799.56975 0.159827 0.10745
799.66255 0.158125 0.11022
799.75535 0.156376 0.11295
799.84815 0.154582 0.11566
799.94095 0.152742 0.11834
800.03375 0.150857 0.12098
800.12656 0.148928 0.12360
800.21936 0.146955 0.12619
800.31216 0.144939 0.12874
800.40496 0.142880 0.13126
800.49776 0.140778 0.13375
800.59056 0.138635 0.13620
800.68337 0.136450 0.13862
800.77617 0.134225 0.14101
800.86897 0.131959 0.14335
800.96177 0.129654 0.14567
801.05457 0.127310 0.14794
801.14737 0.124927 0.15017
801.24018 0.122506 0.15237
801.33298 0.120049 0.15452
801.42578 0.117555 0.15664
801.51858 0.115025 0.15872
801.61138 0.112459 0.16075
801.70418 0.109859 0.16274
801.79698 0.107226 0.16469
801.88979 0.104559 0.16660
801.98259 0.101859 0.16846
802.07539 0.099128 0.17028
802.16819 0.096366 0.17205
802.26099 0.093573 0.17378
802.35379 0.090750 0.17546
802.44660 0.087899 0.17710
802.53940 0.085020 0.17868
802.63220 0.082113 0.18023
802.72500 0.079180 0.18172
802.81780 0.076220 0.18316
802.91060 0.073236 0.18456
803.00341 0.070227 0.18591
803.09621 0.067195 0.18721
803.18901 0.064141 0.18845
803.28181 0.061064 0.18965
803.37461 0.057966 0.19080
803.46741 0.054848 0.19189
803.56022 0.051711 0.19294
803.65302 0.048555 0.19393
803.74582 0.045382 0.19487
803.83862 0.042191 0.19576
803.93142 0.038985 0.19659
804.02422 0.035764 0.19737
804.11703 0.032528 0.19810
804.20983 0.029279 0.19877
804.30263 0.026017 0.19940
804.39543 0.022743 0.19996
804.48823 0.019459 0.20047
804.58103 0.016165 0.20093
804.67384 0.012862 0.20133
804.76664 0.009550 0.20168
804.85944 0.006232 0.20198
804.95224 0.002907 0.20221
805.04504 -0.000423 0.20240
805.13784 -0.003758 0.20253
805.23065 -0.007097 0.20260
805.32345 -0.010438 0.20261
805.41625 -0.013781 0.20257
805.50905 -0.017125 0.20248
805.60185 -0.020469 0.20233
805.69465 -0.023812 0.20212
805.78746 -0.027153 0.20186
805.88026 -0.030491 0.20154
805.97306 -0.033826 0.20117
806.06586 -0.037156 0.20074
806.15866 -0.040481 0.20026
806.25146 -0.043799 0.19972
806.34427 -0.047110 0.19912
806.43707 -0.050413 0.19847
806.52987 -0.053707 0.19776
806.62267 -0.056991 0.19700
806.71547 -0.060264 0.19619
806.80827 -0.063525 0.19532
806.90108 -0.066773 0.19439
806.99388 -0.070008 0.19341
807.08668 -0.073228 0.19238
807.17948 -0.076433 0.19129
807.27228 -0.079622 0.19015
807.36508 -0.082793 0.18895
807.45789 -0.085946 0.18770
807.55069 -0.089081 0.18640
807.64349 -0.092196 0.18505
807.73629 -0.095290 0.18364
807.82909 -0.098362 0.18218
807.92189 -0.101412 0.18067
808.01470 -0.104439 0.17911
808.10750 -0.107442 0.17749
808.20030 -0.110420 0.17583
808.29310 -0.113372 0.17412
808.38590 -0.116298 0.17235
808.47870 -0.119196 0.17054
808.57150 -0.122066 0.16868
808.66431 -0.124907 0.16676
808.75711 -0.127718 0.16481
808.84991 -0.130498 0.16280
808.94271 -0.133247 0.16075
809.03551 -0.135964 0.15864
809.12831 -0.138648 0.15650
809.22112 -0.141299 0.15431
809.31392 -0.143914 0.15207
809.40672 -0.146495 0.14979
809.49952 -0.149040 0.14746
809.59232 -0.151547 0.14509
809.68512 -0.154018 0.14268
809.77793 -0.156450 0.14023
809.87073 -0.158844 0.13773
809.96353 -0.161198 0.13520
810.05633 -0.163512 0.13262
810.14913 -0.165785 0.13000
810.24193 -0.168016 0.12735
810.33474 -0.170206 0.12465
810.42754 -0.172352 0.12192
810.52034 -0.174455 0.11915
810.61314 -0.176514 0.11635
810.70594 -0.178529 0.11351
810.79874 -0.180498 0.11063
810.89155 -0.182421 0.10773
810.98435 -0.184298 0.10478
811.07715 -0.186128 0.10181
811.16995 -0.187910 0.09880
811.26275 -0.189644 0.09576
811.35555 -0.191330 0.09270
811.44836 -0.192967 0.08960
811.54116 -0.194554 0.08647
811.63396 -0.196091 0.08332
811.72676 -0.197577 0.08014
811.81956 -0.199012 0.07693
811.91236 -0.200396 0.07370
812.00517 -0.201728 0.07044
812.09797 -0.203008 0.06716
812.19077 -0.204235 0.06385
812.28357 -0.205409 0.06053
812.37637 -0.206529 0.05718
812.46917 -0.207596 0.05381
812.56198 -0.208608 0.05043
812.65478 -0.209566 0.04702
812.74758 -0.210469 0.04360
812.84038 -0.211317 0.04016
812.93318 -0.212109 0.03670
813.02598 -0.212846 0.03323
813.11879 -0.213526 0.02975
813.21159 -0.214150 0.02625
813.30439 -0.214718 0.02274
813.39719 -0.215229 0.01922
813.48999 -0.215683 0.01569
813.58279 -0.216080 0.01215
813.67560 -0.216420 0.00860
813.76840 -0.216702 0.00504
813.86120 -0.216927 0.00148
813.95400 -0.217094 -0.00209
814.04680 -0.217203 -0.00566
814.13960 -0.217254 -0.00924
814.23241 -0.217248 -0.01282
814.32521 -0.217183 -0.01640
814.41801 -0.217060 -0.01998
814.51081 -0.216878 -0.02357
814.60361 -0.216639 -0.02715
814.69641 -0.216341 -0.03073
814.78922 -0.215986 -0.03430
814.88202 -0.215572 -0.03787
814.97482 -0.215100 -0.04144
815.06762 -0.214569 -0.04500
815.16042 -0.213981 -0.04856
815.25322 -0.213335 -0.05210
815.34602 -0.212631 -0.05564
815.43883 -0.211870 -0.05917
815.53163 -0.211051 -0.06268
815.62443 -0.210174 -0.06619
815.71723 -0.209241 -0.06968
815.81003 -0.208250 -0.07316
815.90283 -0.207202 -0.07662
815.99564 -0.206098 -0.08007
816.08844 -0.204937 -0.08350
816.18124 -0.203721 -0.08692
816.27404 -0.202448 -0.09032
816.36684 -0.201120 -0.09369
816.45964 -0.199736 -0.09705
816.55245 -0.198297 -0.10039
816.64525 -0.196804 -0.10370
816.73805 -0.195256 -0.10699
816.83085 -0.193654 -0.11026
816.92365 -0.191999 -0.11350
817.01645 -0.190290 -0.11672
817.10926 -0.188529 -0.11991
817.20206 -0.186715 -0.12307
817.29486 -0.184849 -0.12620
817.38766 -0.182931 -0.12931
817.48046 -0.180962 -0.13238
817.57326 -0.178943 -0.13543
817.66607 -0.176873 -0.13844
817.75887 -0.174754 -0.14142
817.85167 -0.172585 -0.14436
817.94447 -0.170368 -0.14728
818.03727 -0.168103 -0.15015
818.13007 -0.165790 -0.15299
818.22288 -0.163430 -0.15580
818.31568 -0.161024 -0.15856
818.40848 -0.158572 -0.16129
818.50128 -0.156075 -0.16398
818.59408 -0.153533 -0.16663
818.68688 -0.150947 -0.16923
818.77969 -0.148318 -0.17180
818.87249 -0.145647 -0.17432
818.96529 -0.142933 -0.17680
819.05809 -0.140178 -0.17924
819.15089 -0.137383 -0.18163
819.24369 -0.134547 -0.18398
819.33650 -0.131673 -0.18628
819.42930 -0.128760 -0.18854
819.52210 -0.125809 -0.19075
819.61490 -0.122822 -0.19291
819.70770 -0.119798 -0.19502
819.80050 -0.116739 -0.19708
819.89331 -0.113645 -0.19910
819.98611 -0.110518 -0.20106
820.07891 -0.107357 -0.20297
820.17171 -0.104164 -0.20483
820.26451 -0.100940 -0.20664
820.35731 -0.097686 -0.20840
820.45012 -0.094402 -0.21010
820.54292 -0.091089 -0.21175
820.63572 -0.087748 -0.21335
820.72852 -0.084380 -0.21489
820.82132 -0.080986 -0.21638
820.91412 -0.077567 -0.21781
821.00693 -0.074123 -0.21918
821.09973 -0.070656 -0.22050
821.19253 -0.067166 -0.22176
821.28533 -0.063654 -0.22297
821.37813 -0.060122 -0.22411
821.47093 -0.056570 -0.22520
821.56374 -0.053000 -0.22623
821.65654 -0.049411 -0.22720
821.74934 -0.045806 -0.22812
821.84214 -0.042184 -0.22897
821.93494 -0.038548 -0.22976
822.02774 -0.034897 -0.23049
822.12054 -0.031234 -0.23117
822.21335 -0.027559 -0.23178
822.30615 -0.023872 -0.23233
822.39895 -0.020176 -0.23282
822.49175 -0.016470 -0.23325
822.58455 -0.012756 -0.23362
822.67735 -0.009036 -0.23393
822.77016 -0.005309 -0.23417
822.86296 -0.001577 -0.23436
822.95576 0.002159 -0.23448
823.04856 0.005897 -0.23454
823.14136 0.009638 -0.23453
823.23416 0.013380 -0.23447
823.32697 0.017121 -0.23434
823.41977 0.020862 -0.23415
823.51257 0.024600 -0.23390
823.60537 0.028335 -0.23359
823.69817 0.032066 -0.23321
823.79097 0.035792 -0.23277
823.88378 0.039512 -0.23227
823.97658 0.043224 -0.23171
824.06938 0.046928 -0.23108
824.16218 0.050623 -0.23039
824.25498 0.054307 -0.22965
824.34778 0.057980 -0.22884
824.44059 0.061640 -0.22796
824.53339 0.065288 -0.22703
824.62619 0.068920 -0.22604
824.71899 0.072537 -0.22498
824.81179 0.076138 -0.22387
824.90459 0.079721 -0.22269
824.99740 0.083286 -0.22145
825.09020 0.086831 -0.22016
825.18300 0.090356 -0.21880
825.27580 0.093859 -0.21738
825.36860 0.097340 -0.21591
825.46140 0.100798 -0.21438
825.55421 0.104230 -0.21278
825.64701 0.107638 -0.21113
825.73981 0.111019 -0.20943
825.83261 0.114373 -0.20766
825.92541 0.117698 -0.20584
826.01821 0.120994 -0.20396
826.11102 0.124260 -0.20203
826.20382 0.127495 -0.20004
826.29662 0.130698 -0.19800
826.38942 0.133868 -0.19590
826.48222 0.137004 -0.19375
826.57502 0.140105 -0.19155
826.66783 0.143170 -0.18929
826.76063 0.146199 -0.18698
826.85343 0.149190 -0.18462
826.94623 0.152143 -0.18221
827.03903 0.155056 -0.17974
827.13183 0.157930 -0.17723
827.22464 0.160763 -0.17467
827.31744 0.163554 -0.17206
827.41024 0.166302 -0.16940
827.50304 0.169007 -0.16670
827.59584 0.171668 -0.16395
827.68864 0.174284 -0.16115
827.78145 0.176854 -0.15831
827.87425 0.179378 -0.15543
827.96705 0.181855 -0.15250
828.05985 0.184283 -0.14953
828.15265 0.186663 -0.14651
828.24545 0.188993 -0.14346
828.33826 0.191273 -0.14037
828.43106 0.193503 -0.13723
828.52386 0.195681 -0.13406
828.61666 0.197806 -0.13085
828.70946 0.199879 -0.12760
828.80226 0.201899 -0.12432
828.89506 0.203864 -0.12100
828.98787 0.205775 -0.11765
829.08067 0.207631 -0.11427
829.17347 0.209431 -0.11085
829.26627 0.211174 -0.10740
829.35907 0.212860 -0.10392
829.45187 0.214489 -0.10041
829.54468 0.216060 -0.09687
829.63748 0.217573 -0.09331
829.73028 0.219026 -0.08972
829.82308 0.220420 -0.08610
829.91588 0.221754 -0.08246
830.00868 0.223028 -0.07879
830.10149 0.224241 -0.07510
830.19429 0.225393 -0.07139
830.28709 0.226484 -0.06766
830.37989 0.227513 -0.06391
830.47269 0.228479 -0.06014
830.56549 0.229383 -0.05636
830.65830 0.230224 -0.05255
830.75110 0.231001 -0.04874
830.84390 0.231715 -0.04490
830.93670 0.232366 -0.04106
831.02950 0.232953 -0.03720
831.12230 0.233475 -0.03333
831.21511 0.233933 -0.02945
831.30791 0.234326 -0.02556
831.40071 0.234655 -0.02167
831.49351 0.234918 -0.01776
831.58631 0.235117 -0.01386
831.67911 0.235250 -0.00994
831.77192 0.235318 -0.00603
831.86472 0.235321 -0.00211
831.95752 0.235258 0.00181
832.05032 0.235130 0.00573
832.14312 0.234936 0.00965
832.23592 0.234677 0.01356
832.32873 0.234352 0.01748
832.42153 0.233962 0.02139
832.51433 0.233507 0.02529
832.60713 0.232986 0.02919
832.69993 0.232400 0.03307
832.79273 0.231748 0.03695
832.88554 0.231032 0.04082
832.97834 0.230251 0.04468
833.07114 0.229405 0.04853
833.16394 0.228495 0.05236
833.25674 0.227520 0.05618
833.34954 0.226482 0.05998
833.44235 0.225379 0.06377
833.53515 0.224213 0.06754
833.62795 0.222983 0.07129
833.72075 0.221691 0.07502
833.81355 0.220336 0.07873
833.90635 0.218918 0.08241
833.99916 0.217438 0.08608
834.09196 0.215897 0.08972
834.18476 0.214295 0.09333
834.27756 0.212632 0.09692
834.37036 0.210908 0.10048
834.46316 0.209124 0.10401
834.55597 0.207281 0.10751
834.64877 0.205379 0.11098
834.74157 0.203418 0.11442
834.83437 0.201399 0.11782
834.92717 0.199323 0.12120
835.01997 0.197190 0.12454
835.11278 0.195001 0.12784
835.20558 0.192756 0.13110
835.29838 0.190455 0.13433
835.39118 0.188101 0.13752
835.48398 0.185692 0.14067
835.57678 0.183230 0.14378
835.66958 0.180715 0.14684
835.76239 0.178149 0.14987
835.85519 0.175532 0.15285
835.94799 0.172864 0.15579
836.04079 0.170146 0.15868
836.13359 0.167379 0.16152
836.22639 0.164565 0.16432
836.31920 0.161702 0.16707
836.41200 0.158794 0.16978
836.50480 0.155839 0.17243
836.59760 0.152840 0.17503
836.69040 0.149796 0.17758
836.78320 0.146709 0.18008
836.87601 0.143580 0.18253
836.96881 0.140410 0.18492
837.06161 0.137198 0.18726
837.15441 0.133948 0.18954
837.24721 0.130658 0.19177
837.34001 0.127331 0.19394
837.43282 0.123967 0.19606
837.52562 0.120566 0.19812
837.61842 0.117132 0.20011
837.71122 0.113663 0.20205
837.80402 0.110161 0.20393
837.89682 0.106628 0.20575
837.98963 0.103063 0.20751
838.08243 0.099469 0.20921
838.17523 0.095846 0.21084
838.26803 0.092195 0.21241
838.36083 0.088518 0.21392
838.45363 0.084815 0.21537
838.54644 0.081088 0.21675
838.63924 0.077337 0.21807
838.73204 0.073564 0.21932
838.82484 0.069770 0.22051
838.91764 0.065956 0.22163
839.01044 0.062123 0.22268
839.10325 0.058272 0.22367
839.19605 0.054405 0.22459
839.28885 0.050522 0.22544
839.38165 0.046625 0.22623
839.47445 0.042715 0.22695
839.56725 0.038793 0.22760
839.66006 0.034860 0.22818
839.75286 0.030918 0.22869
839.84566 0.026967 0.22914
839.93846 0.023009 0.22951
840.03126 0.019045 0.22982
840.12406 0.015076 0.23005
840.21687 0.011103 0.23022
840.30967 0.007128 0.23032
840.40247 0.003152 0.23034
840.49527 -0.000824 0.23030
840.58807 -0.004798 0.23019
840.68087 -0.008770 0.23001
840.77368 -0.012739 0.22975
840.86648 -0.016703 0.22943
840.95928 -0.020660 0.22904
841.05208 -0.024610 0.22858
841.14488 -0.028551 0.22805
841.23768 -0.032483 0.22745
841.33049 -0.036404 0.22678
841.42329 -0.040312 0.22604
841.51609 -0.044207 0.22523
841.60889 -0.048087 0.22435
841.70169 -0.051951 0.22340
841.79449 -0.055798 0.22239
841.88730 -0.059627 0.22130
841.98010 -0.063436 0.22015
842.07290 -0.067224 0.21893
842.16570 -0.070991 0.21765
842.25850 -0.074734 0.21630
842.35130 -0.078453 0.21488
842.44411 -0.082146 0.21339
842.53691 -0.085813 0.21184
842.62971 -0.089452 0.21022
842.72251 -0.093061 0.20854
842.81531 -0.096641 0.20679
842.90811 -0.100189 0.20498
843.00091 -0.103704 0.20311
843.09372 -0.107186 0.20117
843.18652 -0.110633 0.19917
843.27932 -0.114045 0.19711
843.37212 -0.117419 0.19498
843.46492 -0.120755 0.19280
843.55772 -0.124052 0.19056
843.65053 -0.127308 0.18825
843.74333 -0.130523 0.18589
843.83613 -0.133696 0.18347
843.92893 -0.136825 0.18100
844.02173 -0.139909 0.17846
844.11453 -0.142948 0.17587
844.20734 -0.145941 0.17323
844.30014 -0.148886 0.17053
844.39294 -0.151782 0.16778
844.48574 -0.154628 0.16498
844.57854 -0.157424 0.16212
844.67134 -0.160169 0.15921
844.76415 -0.162861 0.15626
844.85695 -0.165500 0.15325
844.94975 -0.168085 0.15020
845.04255 -0.170614 0.14710
845.13535 -0.173088 0.14395
845.22815 -0.175504 0.14076
845.32096 -0.177863 0.13752
845.41376 -0.180163 0.13424
845.50656 -0.182404 0.13092
845.59936 -0.184585 0.12755
845.69216 -0.186705 0.12415
845.78496 -0.188763 0.12071
845.87777 -0.190759 0.11722
845.97057 -0.192691 0.11371
846.06337 -0.194560 0.11015
846.15617 -0.196364 0.10657
846.24897 -0.198103 0.10294
846.34177 -0.199777 0.09929
846.43458 -0.201383 0.09560
846.52738 -0.202923 0.09189
846.62018 -0.204395 0.08814
846.71298 -0.205799 0.08437
846.80578 -0.207134 0.08058
846.89858 -0.208400 0.07675
846.99139 -0.209596 0.07290
847.08419 -0.210722 0.06903
847.17699 -0.211777 0.06514
847.26979 -0.212760 0.06123
847.36259 -0.213673 0.05730
847.45539 -0.214513 0.05335
847.54820 -0.215281 0.04939
847.64100 -0.215977 0.04541
847.73380 -0.216599 0.04142
847.82660 -0.217149 0.03741
847.91940 -0.217624 0.03340
848.01220 -0.218026 0.02937
848.10501 -0.218354 0.02534
848.19781 -0.218608 0.02130
848.29061 -0.218787 0.01725
848.38341 -0.218892 0.01320
848.47621 -0.218922 0.00915
848.56901 -0.218877 0.00509
848.66182 -0.218757 0.00104
848.75462 -0.218563 -0.00302
848.84742 -0.218293 -0.00707
848.94022 -0.217949 -0.01112
849.03302 -0.217530 -0.01516
849.12582 -0.217035 -0.01919
849.21863 -0.216466 -0.02322
849.31143 -0.215823 -0.02724
849.40423 -0.215104 -0.03124
849.49703 -0.214312 -0.03524
849.58983 -0.213445 -0.03922
849.68263 -0.212503 -0.04318
849.77543 -0.211488 -0.04713
849.86824 -0.210400 -0.05106
849.96104 -0.209238 -0.05497
850.05384 -0.208003 -0.05886
850.14664 -0.206695 -0.06273
850.23944 -0.205315 -0.06658
850.33224 -0.203863 -0.07040
850.42505 -0.202340 -0.07419
850.51785 -0.200745 -0.07796
850.61065 -0.199080 -0.08170
850.70345 -0.197345 -0.08540
850.79625 -0.195539 -0.08908
850.88905 -0.193665 -0.09272
850.98186 -0.191722 -0.09633
851.07466 -0.189711 -0.09991
851.16746 -0.187633 -0.10344
851.26026 -0.185488 -0.10694
851.35306 -0.183277 -0.11040
851.44586 -0.181000 -0.11382
851.53867 -0.178658 -0.11719
851.63147 -0.176253 -0.12053
851.72427 -0.173784 -0.12381
851.81707 -0.171253 -0.12706
851.90987 -0.168661 -0.13025
852.00267 -0.166007 -0.13340
852.09548 -0.163293 -0.13650
852.18828 -0.160521 -0.13954
852.28108 -0.157690 -0.14254
852.37388 -0.154802 -0.14548
852.46668 -0.151857 -0.14837
852.55948 -0.148857 -0.15120
852.65229 -0.145803 -0.15398
852.74509 -0.142695 -0.15670
852.83789 -0.139535 -0.15936
852.93069 -0.136324 -0.16197
853.02349 -0.133063 -0.16451
853.11629 -0.129752 -0.16699
853.20910 -0.126394 -0.16941
853.30190 -0.122988 -0.17176
853.39470 -0.119537 -0.17405
853.48750 -0.116042 -0.17627
853.58030 -0.112503 -0.17843
853.67310 -0.108922 -0.18052
853.76591 -0.105300 -0.18254
853.85871 -0.101638 -0.18450
853.95151 -0.097938 -0.18638
854.04431 -0.094201 -0.18819
854.13711 -0.090429 -0.18994
854.22991 -0.086622 -0.19161
854.32272 -0.082782 -0.19320
854.41552 -0.078910 -0.19473
854.50832 -0.075008 -0.19617
854.60112 -0.071077 -0.19755
854.69392 -0.067118 -0.19885
854.78672 -0.063133 -0.20007
854.87953 -0.059124 -0.20121
854.97233 -0.055091 -0.20228
855.06513 -0.051037 -0.20327
855.15793 -0.046962 -0.20418
855.25073 -0.042868 -0.20501
855.34353 -0.038757 -0.20577
855.43634 -0.034631 -0.20644
855.52914 -0.030490 -0.20703
855.62194 -0.026336 -0.20754
855.71474 -0.022171 -0.20797
855.80754 -0.017996 -0.20832
855.90034 -0.013813 -0.20859
855.99315 -0.009623 -0.20878
856.08595 -0.005429 -0.20888
856.17875 -0.001231 -0.20890
856.27155 0.002969 -0.20884
856.36435 0.007169 -0.20870
856.45715 0.011368 -0.20847
856.54995 0.015563 -0.20817
856.64276 0.019755 -0.20777
856.73556 0.023940 -0.20730
856.82836 0.028117 -0.20674
856.92116 0.032285 -0.20610
857.01396 0.036441 -0.20538
857.10676 0.040586 -0.20457
857.19957 0.044715 -0.20369
857.29237 0.048829 -0.20272
857.38517 0.052926 -0.20166
857.47797 0.057003 -0.20053
857.57077 0.061060 -0.19931
857.66357 0.065094 -0.19802
857.75638 0.069104 -0.19664
857.84918 0.073089 -0.19518
857.94198 0.077047 -0.19364
858.03478 0.080975 -0.19202
858.12758 0.084874 -0.19032
858.22038 0.088740 -0.18855
858.31319 0.092573 -0.18669
858.40599 0.096370 -0.18476
858.49879 0.100131 -0.18275
858.59159 0.103854 -0.18066
858.68439 0.107536 -0.17850
858.77719 0.111178 -0.17626
858.87000 0.114776 -0.17395
858.96280 0.118330 -0.17156
859.05560 0.121838 -0.16910
859.14840 0.125299 -0.16657
859.24120 0.128711 -0.16396
859.33400 0.132072 -0.16129
859.42681 0.135382 -0.15854
859.51961 0.138638 -0.15573
859.61241 0.141839 -0.15285
859.70521 0.144984 -0.14990
859.79801 0.148072 -0.14689
859.89081 0.151101 -0.14381
859.98362 0.154069 -0.14067
860.07642 0.156976 -0.13747
860.16922 0.159820 -0.13420
860.26202 0.162600 -0.13088
860.35482 0.165314 -0.12749
860.44762 0.167961 -0.12405
860.54043 0.170540 -0.12055
860.63323 0.173050 -0.11700
860.72603 0.175490 -0.11339
860.81883 0.177857 -0.10973
860.91163 0.180152 -0.10601
861.00443 0.182373 -0.10225
861.09724 0.184519 -0.09844
861.19004 0.186589 -0.09458
861.28284 0.188582 -0.09068
861.37564 0.190496 -0.08673
861.46844 0.192332 -0.08274
861.56124 0.194087 -0.07871
861.65405 0.195761 -0.07464
861.74685 0.197353 -0.07053
861.83965 0.198862 -0.06638
861.93245 0.200287 -0.06220
862.02525 0.201628 -0.05798
862.11805 0.202883 -0.05374
862.21086 0.204052 -0.04946
862.30366 0.205135 -0.04516
862.39646 0.206129 -0.04083
862.48926 0.207036 -0.03647
862.58206 0.207854 -0.03210
862.67486 0.208582 -0.02770
862.76767 0.209220 -0.02328
862.86047 0.209767 -0.01884
862.95327 0.210224 -0.01439
863.04607 0.210588 -0.00992
863.13887 0.210861 -0.00544
863.23167 0.211042 -0.00095
863.32447 0.211130 0.00354
863.41728 0.211124 0.00805
863.51008 0.211026 0.01256
863.60288 0.210833 0.01707
863.69568 0.210548 0.02158
863.78848 0.210168 0.02609
863.88128 0.209694 0.03060
863.97409 0.209126 0.03510
864.06689 0.208463 0.03960
864.15969 0.207707 0.04409
864.25249 0.206856 0.04856
864.34529 0.205911 0.05303
864.43809 0.204872 0.05748
864.53090 0.203739 0.06191
864.62370 0.202512 0.06632
864.71650 0.201192 0.07072
864.80930 0.199778 0.07509
864.90210 0.198272 0.07944
864.99490 0.196673 0.08376
865.08771 0.194982 0.08805
865.18051 0.193199 0.09231
865.27331 0.191324 0.09654
865.36611 0.189359 0.10073
865.45891 0.187304 0.10489
865.55171 0.185159 0.10901
865.64452 0.182925 0.11309
865.73732 0.180602 0.11713
865.83012 0.178192 0.12113
865.92292 0.175695 0.12507
866.01572 0.173111 0.12898
866.10852 0.170443 0.13283
866.20133 0.167690 0.13663
866.29413 0.164854 0.14037
866.38693 0.161935 0.14406
866.47973 0.158934 0.14770
866.57253 0.155853 0.15127
866.66533 0.152693 0.15478
866.75814 0.149454 0.15824
866.85094 0.146138 0.16162
866.94374 0.142746 0.16494
867.03654 0.139280 0.16820
867.12934 0.135740 0.17138
867.22214 0.132128 0.17449
867.31495 0.128445 0.17753
867.40775 0.124693 0.18050
867.50055 0.120872 0.18339
867.59335 0.116986 0.18620
867.68615 0.113034 0.18893
867.77895 0.109019 0.19158
867.87176 0.104942 0.19415
867.96456 0.100805 0.19663
868.05736 0.096609 0.19903
868.15016 0.092356 0.20134
868.24296 0.088048 0.20357
868.33576 0.083686 0.20570
868.42857 0.079273 0.20775
868.52137 0.074810 0.20970
868.61417 0.070299 0.21156
868.70697 0.065741 0.21332
868.79977 0.061140 0.21499
868.89257 0.056496 0.21656
868.98538 0.051812 0.21804
869.07818 0.047089 0.21941
869.17098 0.042330 0.22068
869.26378 0.037537 0.22186
869.35658 0.032712 0.22293
869.44938 0.027857 0.22389
869.54219 0.022974 0.22476
869.63499 0.018065 0.22551
869.72779 0.013132 0.22617
869.82059 0.008178 0.22671
869.91339 0.003205 0.22715
870.00619 -0.001785 0.22748
870.09899 -0.006789 0.22770
870.19180 -0.011806 0.22782
870.28460 -0.016833 0.22782
870.37740 -0.021867 0.22772
870.47020 -0.026907 0.22750
870.56300 -0.031950 0.22717
870.65580 -0.036994 0.22673
870.74861 -0.042036 0.22618
870.84141 -0.047073 0.22552
870.93421 -0.052104 0.22475
871.02701 -0.057126 0.22386
871.11981 -0.062136 0.22287
871.21261 -0.067133 0.22176
871.30542 -0.072113 0.22054
871.39822 -0.077075 0.21920
871.49102 -0.082015 0.21776
871.58382 -0.086931 0.21620
871.67662 -0.091821 0.21453
871.76942 -0.096682 0.21275
871.86223 -0.101512 0.21086
871.95503 -0.106309 0.20886
872.04783 -0.111069 0.20675
872.14063 -0.115791 0.20453
872.23343 -0.120471 0.20220
872.32623 -0.125108 0.19976
872.41904 -0.129699 0.19721
872.51184 -0.134241 0.19456
872.60464 -0.138733 0.19180
872.69744 -0.143171 0.18894
872.79024 -0.147553 0.18597
872.88304 -0.151877 0.18290
872.97585 -0.156140 0.17972
873.06865 -0.160340 0.17645
873.16145 -0.164475 0.17307
873.25425 -0.168542 0.16960
873.34705 -0.172539 0.16603
873.43985 -0.176463 0.16236
873.53266 -0.180313 0.15859
873.62546 -0.184085 0.15473
873.71826 -0.187779 0.15078
873.81106 -0.191390 0.14674
873.90386 -0.194918 0.14261
873.99666 -0.198360 0.13839
874.08947 -0.201714 0.13409
874.18227 -0.204978 0.12970
874.27507 -0.208150 0.12523
874.36787 -0.211227 0.12068
874.46067 -0.214208 0.11604
874.55347 -0.217090 0.11134
874.64628 -0.219872 0.10655
874.73908 -0.222552 0.10170
874.83188 -0.225128 0.09677
874.92468 -0.227598 0.09178
875.01748 -0.229959 0.08672
875.11028 -0.232212 0.08159
875.20309 -0.234353 0.07640
875.29589 -0.236381 0.07115
875.38869 -0.238294 0.06585
875.48149 -0.240092 0.06049
875.57429 -0.241771 0.05508
875.66709 -0.243332 0.04961
875.75990 -0.244771 0.04410
875.85270 -0.246089 0.03855
875.94550 -0.247283 0.03295
876.03830 -0.248353 0.02732
876.13110 -0.249297 0.02164
876.22390 -0.250114 0.01593
876.31671 -0.250802 0.01020
876.40951 -0.251362 0.00443
876.50231 -0.251791 -0.00136
876.59511 -0.252089 -0.00718
876.68791 -0.252255 -0.01302
876.78071 -0.252288 -0.01887
876.87351 -0.252187 -0.02474
876.96632 -0.251953 -0.03061
877.05912 -0.251583 -0.03650
877.15192 -0.251078 -0.04239
877.24472 -0.250437 -0.04828
877.33752 -0.249659 -0.05418
877.43032 -0.248745 -0.06006
877.52313 -0.247694 -0.06594
877.61593 -0.246505 -0.07181
877.70873 -0.245179 -0.07766
877.80153 -0.243716 -0.08350
877.89433 -0.242115 -0.08932
877.98713 -0.240377 -0.09511
878.07994 -0.238502 -0.10088
878.17274 -0.236489 -0.10662
878.26554 -0.234340 -0.11232
878.35834 -0.232055 -0.11799
878.45114 -0.229633 -0.12361
878.54394 -0.227077 -0.12920
878.63675 -0.224385 -0.13473
878.72955 -0.221559 -0.14022
878.82235 -0.218600 -0.14566
878.91515 -0.215509 -0.15103
879.00795 -0.212286 -0.15635
879.10075 -0.208932 -0.16161
879.19356 -0.205449 -0.16680
879.28636 -0.201838 -0.17192
879.37916 -0.198099 -0.17696
879.47196 -0.194235 -0.18194
879.56476 -0.190246 -0.18683
879.65756 -0.186134 -0.19164
879.75037 -0.181901 -0.19636
879.84317 -0.177548 -0.20100
879.93597 -0.173077 -0.20554
880.02877 -0.168490 -0.20999
880.12157 -0.163789 -0.21435
880.21437 -0.158975 -0.21860
880.30718 -0.154051 -0.22274
880.39998 -0.149018 -0.22678
880.49278 -0.143880 -0.23071
880.58558 -0.138638 -0.23453
880.67838 -0.133294 -0.23823
880.77118 -0.127852 -0.24182
880.86399 -0.122313 -0.24528
880.95679 -0.116680 -0.24862
881.04959 -0.110957 -0.25183
881.14239 -0.105144 -0.25491
881.23519 -0.099246 -0.25786
881.32799 -0.093266 -0.26068
881.42080 -0.087205 -0.26335
881.51360 -0.081068 -0.26589
881.60640 -0.074858 -0.26829
881.69920 -0.068577 -0.27055
881.79200 -0.062228 -0.27265
881.88480 -0.055816 -0.27461
881.97761 -0.049344 -0.27642
882.07041 -0.042814 -0.27808
882.16321 -0.036232 -0.27958
882.25601 -0.029599 -0.28093
882.34881 -0.022920 -0.28211
882.44161 -0.016198 -0.28314
882.53442 -0.009438 -0.28401
882.62722 -0.002643 -0.28471
882.72002 0.004183 -0.28525
882.81282 0.011036 -0.28562
882.90562 0.017913 -0.28583
882.99842 0.024808 -0.28587
883.09123 0.031718 -0.28574
883.18403 0.038639 -0.28543
883.27683 0.045567 -0.28496
883.36963 0.052497 -0.28432
883.46243 0.059425 -0.28350
883.55523 0.066347 -0.28251
883.64803 0.073258 -0.28134
883.74084 0.080155 -0.28000
883.83364 0.087032 -0.27849
883.92644 0.093885 -0.27680
884.01924 0.100710 -0.27493
884.11204 0.107503 -0.27289
884.20484 0.114258 -0.27068
884.29765 0.120971 -0.26829
884.39045 0.127638 -0.26573
884.48325 0.134254 -0.26299
884.57605 0.140814 -0.26008
884.66885 0.147315 -0.25700
884.76165 0.153750 -0.25375
884.85446 0.160117 -0.25033
884.94726 0.166409 -0.24673
885.04006 0.172623 -0.24297
885.13286 0.178754 -0.23905
885.22566 0.184798 -0.23496
885.31846 0.190749 -0.23070
885.41127 0.196603 -0.22628
885.50407 0.202357 -0.22170
885.59687 0.208004 -0.21697
885.68967 0.213541 -0.21207
885.78247 0.218964 -0.20703
885.87527 0.224268 -0.20183
885.96808 0.229448 -0.19648
886.06088 0.234501 -0.19099
886.15368 0.239421 -0.18536
886.24648 0.244206 -0.17958
886.33928 0.248850 -0.17366
886.43208 0.253349 -0.16761
886.52489 0.257700 -0.16143
886.61769 0.261899 -0.15513
886.71049 0.265941 -0.14869
886.80329 0.269822 -0.14214
886.89609 0.273540 -0.13547
886.98889 0.277089 -0.12868
887.08170 0.280468 -0.12179
887.17450 0.283671 -0.11479
887.26730 0.286696 -0.10769
887.36010 0.289540 -0.10050
887.45290 0.292198 -0.09321
887.54570 0.294669 -0.08584
887.63851 0.296948 -0.07838
887.73131 0.299034 -0.07084
887.82411 0.300923 -0.06323
887.91691 0.302612 -0.05556
888.00971 0.304100 -0.04782
888.10251 0.305383 -0.04002
888.19532 0.306459 -0.03217
888.28812 0.307327 -0.02427
888.38092 0.307983 -0.01633
888.47372 0.308427 -0.00836
888.56652 0.308657 -0.00036
888.65932 0.308671 0.00767
888.75213 0.308467 0.01572
888.84493 0.308044 0.02378
888.93773 0.307402 0.03185
889.03053 0.306539 0.03991
889.12333 0.305454 0.04798
889.21613 0.304147 0.05603
889.30894 0.302618 0.06406
889.40174 0.300866 0.07207
889.49454 0.298891 0.08005
889.58734 0.296693 0.08799
889.68014 0.294272 0.09589
889.77294 0.291630 0.10374
889.86575 0.288766 0.11153
889.95855 0.285682 0.11926
890.05135 0.282378 0.12692
890.14415 0.278856 0.13451
890.23695 0.275117 0.14202
890.32975 0.271163 0.14943
890.42255 0.266995 0.15676
890.51536 0.262616 0.16398
890.60816 0.258028 0.17109
890.70096 0.253234 0.17809
890.79376 0.248235 0.18497
890.88656 0.243036 0.19172
890.97936 0.237638 0.19834
891.07217 0.232046 0.20483
891.16497 0.226262 0.21116
891.25777 0.220290 0.21735
891.35057 0.214135 0.22337
891.44337 0.207800 0.22924
891.53617 0.201289 0.23493
891.62898 0.194608 0.24045
891.72178 0.187760 0.24579
891.81458 0.180750 0.25095
891.90738 0.173584 0.25591
892.00018 0.166268 0.26068
892.09298 0.158805 0.26524
892.18579 0.151202 0.26960
892.27859 0.143466 0.27375
892.37139 0.135601 0.27768
892.46419 0.127613 0.28139
892.55699 0.119511 0.28488
892.64979 0.111299 0.28813
892.74260 0.102984 0.29115
892.83540 0.094574 0.29394
892.92820 0.086076 0.29649
893.02100 0.077496 0.29879
893.11380 0.068841 0.30084
893.20660 0.060120 0.30264
893.29941 0.051340 0.30419
893.39221 0.042508 0.30549
893.48501 0.033633 0.30652
893.57781 0.024722 0.30730
893.67061 0.015783 0.30781
893.76341 0.006824 0.30807
893.85622 -0.002145 0.30805
893.94902 -0.011118 0.30777
894.04182 -0.020086 0.30723
894.13462 -0.029040 0.30641
894.22742 -0.037972 0.30533
894.32022 -0.046874 0.30398
894.41303 -0.055736 0.30237
894.50583 -0.064550 0.30048
894.59863 -0.073308 0.29834
894.69143 -0.082001 0.29592
894.78423 -0.090621 0.29325
894.87703 -0.099158 0.29031
894.96984 -0.107604 0.28711
895.06264 -0.115951 0.28366
895.15544 -0.124190 0.27995
895.24824 -0.132313 0.27599
895.34104 -0.140312 0.27178
895.43384 -0.148177 0.26732
895.52665 -0.155902 0.26263
895.61945 -0.163477 0.25770
895.71225 -0.170895 0.25253
895.80505 -0.178148 0.24714
895.89785 -0.185228 0.24152
895.99065 -0.192128 0.23568
896.08346 -0.198840 0.22963
896.17626 -0.205356 0.22338
896.26906 -0.211671 0.21692
896.36186 -0.217777 0.21027
896.45466 -0.223666 0.20343
896.54746 -0.229334 0.19641
896.64027 -0.234772 0.18922
896.73307 -0.239977 0.18186
896.82587 -0.244940 0.17434
896.91867 -0.249658 0.16667
897.01147 -0.254124 0.15885
897.10427 -0.258334 0.15090
897.19707 -0.262283 0.14282
897.28988 -0.265966 0.13462
897.38268 -0.269379 0.12631
897.47548 -0.272518 0.11790
897.56828 -0.275381 0.10940
897.66108 -0.277962 0.10082
897.75388 -0.280261 0.09216
897.84669 -0.282273 0.08344
897.93949 -0.283996 0.07466
898.03229 -0.285430 0.06584
898.12509 -0.286571 0.05698
898.21789 -0.287419 0.04810
898.31069 -0.287974 0.03920
898.40350 -0.288233 0.03029
898.49630 -0.288198 0.02139
898.58910 -0.287868 0.01251
898.68190 -0.287244 0.00364
898.77470 -0.286327 -0.00518
898.86750 -0.285118 -0.01397
898.96031 -0.283619 -0.02270
899.05311 -0.281831 -0.03136
899.14591 -0.279758 -0.03995
899.23871 -0.277401 -0.04846
899.33151 -0.274765 -0.05688
899.42431 -0.271851 -0.06519
899.51712 -0.268665 -0.07339
899.60992 -0.265210 -0.08147
899.70272 -0.261491 -0.08942
899.79552 -0.257512 -0.09723
899.88832 -0.253280 -0.10489
899.98112 -0.248798 -0.11239
900.07393 -0.244073 -0.11973
900.16673 -0.239112 -0.12690
900.25953 -0.233920 -0.13388
900.35233 -0.228505 -0.14067
900.44513 -0.222873 -0.14727
900.53793 -0.217031 -0.15366
900.63074 -0.210987 -0.15985
900.72354 -0.204750 -0.16581
900.81634 -0.198326 -0.17155
900.90914 -0.191725 -0.17706
901.00194 -0.184954 -0.18234
901.09474 -0.178023 -0.18737
901.18755 -0.170940 -0.19215
901.28035 -0.163715 -0.19669
901.37315 -0.156357 -0.20097
901.46595 -0.148875 -0.20499
901.55875 -0.141279 -0.20874
901.65155 -0.133578 -0.21223
901.74436 -0.125783 -0.21544
901.83716 -0.117903 -0.21839
901.92996 -0.109948 -0.22105
902.02276 -0.101929 -0.22344
902.11556 -0.093855 -0.22556
902.20836 -0.085737 -0.22739
902.30117 -0.077585 -0.22894
902.39397 -0.069409 -0.23021
902.48677 -0.061220 -0.23119
902.57957 -0.053028 -0.23190
902.67237 -0.044842 -0.23232
902.76517 -0.036674 -0.23247
902.85798 -0.028532 -0.23234
902.95078 -0.020428 -0.23193
903.04358 -0.012371 -0.23124
903.13638 -0.004371 -0.23029
903.22918 0.003563 -0.22907
903.32198 0.011420 -0.22758
903.41479 0.019192 -0.22583
903.50759 0.026870 -0.22382
903.60039 0.034443 -0.22156
903.69319 0.041903 -0.21905
903.78599 0.049242 -0.21630
903.87879 0.056451 -0.21330
903.97159 0.063522 -0.21008
904.06440 0.070446 -0.20662
904.15720 0.077216 -0.20295
904.25000 0.083825 -0.19906
904.34280 0.090265 -0.19496
904.43560 0.096529 -0.19066
904.52840 0.102610 -0.18617
904.62121 0.108503 -0.18149
904.71401 0.114200 -0.17663
904.80681 0.119696 -0.17160
904.89961 0.124986 -0.16641
904.99241 0.130064 -0.16106
905.08521 0.134925 -0.15556
905.17802 0.139566 -0.14993
905.27082 0.143982 -0.14416
905.36362 0.148168 -0.13828
905.45642 0.152122 -0.13228
905.54922 0.155841 -0.12617
905.64202 0.159321 -0.11998
905.73483 0.162560 -0.11369
905.82763 0.165556 -0.10733
905.92043 0.168307 -0.10091
906.01323 0.170813 -0.09442
906.10603 0.173071 -0.08789
906.19883 0.175082 -0.08132
906.29164 0.176845 -0.07471
906.38444 0.178359 -0.06809
906.47724 0.179626 -0.06145
906.57004 0.180646 -0.05481
906.66284 0.181420 -0.04817
906.75564 0.181950 -0.04155
906.84845 0.182237 -0.03495
906.94125 0.182284 -0.02839
907.03405 0.182092 -0.02186
907.12685 0.181665 -0.01539
907.21965 0.181006 -0.00897
907.31245 0.180117 -0.00262
907.40526 0.179002 0.00366
907.49806 0.177667 0.00986
907.59086 0.176113 0.01597
907.68366 0.174347 0.02199
907.77646 0.172372 0.02790
907.86926 0.170194 0.03370
907.96207 0.167818 0.03938
908.05487 0.165249 0.04494
908.14767 0.162493 0.05037
908.24047 0.159556 0.05566
908.33327 0.156443 0.06081
908.42607 0.153162 0.06581
908.51888 0.149719 0.07067
908.61168 0.146119 0.07536
908.70448 0.142371 0.07989
908.79728 0.138481 0.08426
908.89008 0.134455 0.08845
908.98288 0.130302 0.09247
909.07569 0.126027 0.09631
909.16849 0.121640 0.09997
909.26129 0.117147 0.10345
909.35409 0.112555 0.10673
909.44689 0.107872 0.10983
909.53969 0.103107 0.11274
909.63250 0.098266 0.11545
909.72530 0.093357 0.11797
909.81810 0.088388 0.12030
909.91090 0.083366 0.12242
910.00370 0.078300 0.12435
910.09650 0.073197 0.12608
910.18931 0.068064 0.12762
910.28211 0.062910 0.12895
910.37491 0.057741 0.13009
910.46771 0.052565 0.13104
910.56051 0.047390 0.13179
910.65331 0.042222 0.13234
910.74611 0.037070 0.13270
910.83892 0.031940 0.13288
910.93172 0.026839 0.13286
911.02452 0.021773 0.13267
911.11732 0.016751 0.13228
911.21012 0.011777 0.13172
911.30292 0.006859 0.13098
911.39573 0.002003 0.13007
911.48853 -0.002785 0.12899
911.58133 -0.007500 0.12775
911.67413 -0.012134 0.12634
911.76693 -0.016684 0.12477
911.85973 -0.021144 0.12306
911.95254 -0.025508 0.12119
912.04534 -0.029771 0.11918
912.13814 -0.033929 0.11703
912.23094 -0.037977 0.11474
912.32374 -0.041912 0.11233
912.41654 -0.045728 0.10979
912.50935 -0.049423 0.10713
912.60215 -0.052992 0.10436
912.69495 -0.056432 0.10148
912.78775 -0.059740 0.09850
912.88055 -0.062913 0.09543
912.97335 -0.065949 0.09226
913.06616 -0.068845 0.08901
913.15896 -0.071598 0.08568
913.25176 -0.074208 0.08228
913.34456 -0.076671 0.07881
913.43736 -0.078987 0.07528
913.53016 -0.081155 0.07169
913.62297 -0.083173 0.06806
913.71577 -0.085041 0.06438
913.80857 -0.086758 0.06066
913.90137 -0.088325 0.05692
913.99417 -0.089739 0.05315
914.08697 -0.091003 0.04935
914.17978 -0.092117 0.04555
914.27258 -0.093080 0.04174
914.36538 -0.093894 0.03792
914.45818 -0.094560 0.03411
914.55098 -0.095079 0.03031
914.64378 -0.095453 0.02652
914.73659 -0.095682 0.02275
914.82939 -0.095770 0.01901
914.92219 -0.095717 0.01529
915.01499 -0.095527 0.01161
915.10779 -0.095201 0.00797
915.20059 -0.094742 0.00438
915.29340 -0.094153 0.00083
915.38620 -0.093436 -0.00266
915.47900 -0.092595 -0.00610
915.57180 -0.091633 -0.00947
915.66460 -0.090552 -0.01278
915.75740 -0.089357 -0.01601
915.85021 -0.088050 -0.01918
915.94301 -0.086636 -0.02226
916.03581 -0.085118 -0.02527
916.12861 -0.083501 -0.02819
916.22141 -0.081786 -0.03103
916.31421 -0.079980 -0.03378
916.40702 -0.078086 -0.03643
916.49982 -0.076108 -0.03899
916.59262 -0.074051 -0.04145
916.68542 -0.071917 -0.04382
916.77822 -0.069713 -0.04608
916.87102 -0.067443 -0.04824
916.96383 -0.065109 -0.05030
917.05663 -0.062718 -0.05225
917.14943 -0.060274 -0.05410
917.24223 -0.057780 -0.05583
917.33503 -0.055242 -0.05746
917.42783 -0.052663 -0.05898
917.52064 -0.050049 -0.06038
917.61344 -0.047403 -0.06168
917.70624 -0.044731 -0.06287
917.79904 -0.042036 -0.06394
917.89184 -0.039323 -0.06491
917.98464 -0.036595 -0.06576
918.07744 -0.033858 -0.06651
918.17025 -0.031116 -0.06715
918.26305 -0.028372 -0.06767
918.35585 -0.025631 -0.06810
918.44865 -0.022897 -0.06841
918.54145 -0.020173 -0.06862
918.63425 -0.017463 -0.06873
918.72706 -0.014772 -0.06873
918.81986 -0.012103 -0.06863
918.91266 -0.009459 -0.06844
919.00546 -0.006844 -0.06815
919.09826 -0.004262 -0.06776
919.19106 -0.001715 -0.06728
919.28387 0.000793 -0.06671
919.37667 0.003259 -0.06605
919.46947 0.005681 -0.06530
919.56227 0.008054 -0.06447
919.65507 0.010378 -0.06356
919.74787 0.012648 -0.06258
919.84068 0.014862 -0.06151
919.93348 0.017019 -0.06038
920.02628 0.019116 -0.05917
920.11908 0.021150 -0.05789
920.21188 0.023120 -0.05656
920.30468 0.025024 -0.05516
920.39749 0.026861 -0.05370
920.49029 0.028627 -0.05219
920.58309 0.030323 -0.05062
920.67589 0.031947 -0.04901
920.76869 0.033498 -0.04735
920.86149 0.034973 -0.04565
920.95430 0.036374 -0.04391
921.04710 0.037698 -0.04213
921.13990 0.038945 -0.04032
921.23270 0.040114 -0.03849
921.32550 0.041206 -0.03662
921.41830 0.042219 -0.03473
921.51111 0.043153 -0.03282
921.60391 0.044009 -0.03090
921.69671 0.044786 -0.02896
921.78951 0.045485 -0.02701
921.88231 0.046105 -0.02505
921.97511 0.046648 -0.02309
922.06792 0.047114 -0.02112
922.16072 0.047502 -0.01916
922.25352 0.047815 -0.01720
922.34632 0.048052 -0.01524
922.43912 0.048215 -0.01330
922.53192 0.048304 -0.01137
922.62473 0.048321 -0.00945
922.71753 0.048267 -0.00755
922.81033 0.048143 -0.00567
922.90313 0.047950 -0.00382
922.99593 0.047690 -0.00198
923.08873 0.047365 -0.00018
923.18154 0.046975 0.00160
923.27434 0.046523 0.00334
923.36714 0.046010 0.00506
923.45994 0.045438 0.00673
923.55274 0.044809 0.00837
923.64554 0.044124 0.00997
923.73835 0.043386 0.01153
923.83115 0.042597 0.01305
923.92395 0.041758 0.01452
924.01675 0.040871 0.01595
924.10955 0.039939 0.01733
924.20235 0.038964 0.01866
924.29516 0.037948 0.01995
924.38796 0.036892 0.02118
924.48076 0.035800 0.02236
924.57356 0.034674 0.02350
924.66636 0.033515 0.02457
924.75916 0.032326 0.02560
924.85196 0.031109 0.02657
924.94477 0.029867 0.02748
925.03757 0.028601 0.02835
925.13037 0.027314 0.02915
925.22317 0.026008 0.02990
925.31597 0.024685 0.03059
925.40877 0.023348 0.03123
925.50158 0.021998 0.03181
925.59438 0.020639 0.03234
925.68718 0.019271 0.03281
925.77998 0.017898 0.03322
925.87278 0.016520 0.03358
925.96558 0.015142 0.03388
926.05839 0.013763 0.03413
926.15119 0.012387 0.03433
926.24399 0.011016 0.03447
926.33679 0.009650 0.03456
926.42959 0.008293 0.03459
926.52239 0.006946 0.03458
926.61520 0.005611 0.03451
926.70800 0.004289 0.03440
926.80080 0.002983 0.03424
926.89360 0.001693 0.03403
926.98640 0.000423 0.03377
927.07920 -0.000828 0.03347
927.17201 -0.002057 0.03312
927.26481 -0.003263 0.03273
927.35761 -0.004444 0.03230
927.45041 -0.005600 0.03183
927.54321 -0.006728 0.03132
927.63601 -0.007828 0.03077
927.72882 -0.008899 0.03019
927.82162 -0.009939 0.02957
927.91442 -0.010948 0.02892
928.00722 -0.011924 0.02823
928.10002 -0.012867 0.02752
928.19282 -0.013776 0.02677
928.28563 -0.014649 0.02600
928.37843 -0.015487 0.02521
928.47123 -0.016288 0.02439
928.56403 -0.017053 0.02355
928.65683 -0.017780 0.02268
928.74963 -0.018469 0.02180
928.84244 -0.019119 0.02090
928.93524 -0.019732 0.01998
929.02804 -0.020305 0.01905
929.12084 -0.020839 0.01810
929.21364 -0.021333 0.01715
929.30644 -0.021788 0.01618
929.39925 -0.022204 0.01521
929.49205 -0.022581 0.01423
929.58485 -0.022918 0.01324
929.67765 -0.023216 0.01225
929.77045 -0.023474 0.01126
929.86325 -0.023695 0.01027
929.95606 -0.023876 0.00928
930.04886 -0.024020 0.00829
930.14166 -0.024126 0.00730
930.23446 -0.024195 0.00632
930.32726 -0.024227 0.00535
930.42006 -0.024222 0.00438
930.51287 -0.024182 0.00342
930.60567 -0.024107 0.00247
930.69847 -0.023998 0.00154
930.79127 -0.023855 0.00062
930.88407 -0.023680 -0.00029
930.97687 -0.023472 -0.00119
931.06968 -0.023233 -0.00207
931.16248 -0.022963 -0.00293
931.25528 -0.022664 -0.00377
931.34808 -0.022336 -0.00460
931.44088 -0.021981 -0.00540
931.53368 -0.021599 -0.00619
931.62648 -0.021191 -0.00695
931.71929 -0.020758 -0.00769
931.81209 -0.020302 -0.00841
931.90489 -0.019823 -0.00910
931.99769 -0.019322 -0.00977
932.09049 -0.018801 -0.01041
932.18329 -0.018260 -0.01103
932.27610 -0.017701 -0.01162
932.36890 -0.017125 -0.01219
932.46170 -0.016533 -0.01273
932.55450 -0.015925 -0.01324
932.64730 -0.015304 -0.01373
932.74010 -0.014670 -0.01418
932.83291 -0.014025 -0.01461
932.92571 -0.013369 -0.01501
933.01851 -0.012704 -0.01538
933.11131 -0.012031 -0.01573
933.20411 -0.011350 -0.01604
933.29691 -0.010664 -0.01633
933.38972 -0.009973 -0.01658
933.48252 -0.009278 -0.01681
933.57532 -0.008580 -0.01701
933.66812 -0.007881 -0.01719
933.76092 -0.007181 -0.01733
933.85372 -0.006482 -0.01745
933.94653 -0.005784 -0.01754
934.03933 -0.005089 -0.01760
934.13213 -0.004397 -0.01763
934.22493 -0.003710 -0.01764
934.31773 -0.003029 -0.01762
934.41053 -0.002353 -0.01758
934.50334 -0.001685 -0.01751
934.59614 -0.001025 -0.01742
934.68894 -0.000374 -0.01730
934.78174 0.000267 -0.01716
934.87454 0.000898 -0.01700
934.96734 0.001517 -0.01681
935.06015 0.002124 -0.01660
935.15295 0.002718 -0.01637
935.24575 0.003299 -0.01612
935.33855 0.003866 -0.01585
935.43135 0.004418 -0.01556
935.52415 0.004954 -0.01525
935.61696 0.005475 -0.01493
935.70976 0.005979 -0.01459
935.80256 0.006466 -0.01423
935.89536 0.006936 -0.01385
935.98816 0.007389 -0.01347
936.08096 0.007823 -0.01306
936.17377 0.008238 -0.01265
936.26657 0.008635 -0.01222
936.35937 0.009012 -0.01178
936.45217 0.009370 -0.01134
936.54497 0.009709 -0.01088
936.63777 0.010027 -0.01041
936.73058 0.010326 -0.00994
936.82338 0.010604 -0.00945
936.91618 0.010863 -0.00897
937.00898 0.011101 -0.00847
937.10178 0.011318 -0.00797
937.19458 0.011515 -0.00747
937.28739 0.011693 -0.00697
937.38019 0.011849 -0.00646
937.47299 0.011986 -0.00595
937.56579 0.012103 -0.00544
937.65859 0.012199 -0.00493
937.75139 0.012276 -0.00442
937.84420 0.012334 -0.00391
937.93700 0.012372 -0.00341
938.02980 0.012391 -0.00291
938.12260 0.012392 -0.00241
938.21540 0.012373 -0.00191
938.30820 0.012337 -0.00143
938.40100 0.012283 -0.00094
938.49381 0.012212 -0.00047
938.58661 0.012123 0.00000
938.67941 0.012018 0.00047
938.77221 0.011896 0.00092
938.86501 0.011759 0.00137
938.95781 0.011606 0.00180
939.05062 0.011439 0.00223
939.14342 0.011257 0.00264
939.23622 0.011061 0.00305
939.32902 0.010852 0.00344
939.42182 0.010630 0.00383
939.51462 0.010396 0.00420
939.60743 0.010150 0.00456
939.70023 0.009893 0.00490
939.79303 0.009625 0.00524
939.88583 0.009347 0.00556
939.97863 0.009060 0.00586
940.07143 0.008764 0.00616
940.16424 0.008459 0.00644
940.25704 0.008147 0.00670
940.34984 0.007828 0.00695
940.44264 0.007502 0.00719
940.53544 0.007170 0.00741
940.62824 0.006833 0.00762
940.72105 0.006491 0.00781
940.81385 0.006145 0.00799
940.90665 0.005795 0.00815
940.99945 0.005442 0.00830
941.09225 0.005087 0.00843
941.18505 0.004730 0.00855
941.27786 0.004372 0.00866
941.37066 0.004013 0.00874
941.46346 0.003654 0.00882
941.55626 0.003295 0.00888
941.64906 0.002938 0.00893
941.74186 0.002581 0.00896
941.83467 0.002227 0.00898
941.92747 0.001875 0.00898
942.02027 0.001526 0.00897
942.11307 0.001180 0.00895
942.20587 0.000838 0.00892
942.29867 0.000501 0.00887
942.39148 0.000168 0.00881
942.48428 -0.000159 0.00873
942.57708 -0.000481 0.00865
942.66988 -0.000797 0.00855
942.76268 -0.001106 0.00845
942.85548 -0.001409 0.00833
942.94829 -0.001705 0.00820
943.04109 -0.001993 0.00806
943.13389 -0.002274 0.00791
943.22669 -0.002547 0.00776
943.31949 -0.002811 0.00759
943.41229 -0.003067 0.00741
943.50510 -0.003314 0.00723
943.59790 -0.003552 0.00704
943.69070 -0.003781 0.00684
943.78350 -0.004000 0.00663
943.87630 -0.004210 0.00642
943.96910 -0.004410 0.00620
944.06191 -0.004600 0.00598
944.15471 -0.004780 0.00575
944.24751 -0.004950 0.00552
944.34031 -0.005110 0.00528
944.43311 -0.005259 0.00504
944.52591 -0.005399 0.00479
944.61872 -0.005527 0.00454
944.71152 -0.005646 0.00429
944.80432 -0.005754 0.00404
944.89712 -0.005851 0.00378
944.98992 -0.005939 0.00352
945.08272 -0.006015 0.00326
945.17552 -0.006082 0.00301
945.26833 -0.006139 0.00275
945.36113 -0.006185 0.00249
945.45393 -0.006221 0.00223
945.54673 -0.006247 0.00197
945.63953 -0.006264 0.00172
945.73233 -0.006271 0.00146
945.82514 -0.006268 0.00121
945.91794 -0.006257 0.00096
946.01074 -0.006235 0.00071
946.10354 -0.006205 0.00047
946.19634 -0.006167 0.00022
946.28914 -0.006119 -0.00001
946.38195 -0.006063 -0.00025
946.47475 -0.005999 -0.00048
946.56755 -0.005928 -0.00070
946.66035 -0.005848 -0.00092
946.75315 -0.005761 -0.00114
946.84595 -0.005667 -0.00135
946.93876 -0.005566 -0.00155
947.03156 -0.005458 -0.00175
947.12436 -0.005344 -0.00194
947.21716 -0.005224 -0.00213
947.30996 -0.005098 -0.00231
947.40276 -0.004967 -0.00248
947.49557 -0.004830 -0.00265
947.58837 -0.004688 -0.00281
947.68117 -0.004542 -0.00297
947.77397 -0.004391 -0.00311
947.86677 -0.004236 -0.00325
947.95957 -0.004077 -0.00339
948.05238 -0.003915 -0.00351
948.14518 -0.003750 -0.00363
948.23798 -0.003582 -0.00374
948.33078 -0.003411 -0.00385
948.42358 -0.003238 -0.00394
948.51638 -0.003064 -0.00403
948.60919 -0.002887 -0.00411
948.70199 -0.002709 -0.00419
948.79479 -0.002530 -0.00426
948.88759 -0.002350 -0.00431
948.98039 -0.002169 -0.00437
949.07319 -0.001989 -0.00441
949.16600 -0.001808 -0.00445
949.25880 -0.001628 -0.00448
949.35160 -0.001448 -0.00450
949.44440 -0.001269 -0.00452
949.53720 -0.001091 -0.00453
949.63000 -0.000914 -0.00453
949.72281 -0.000739 -0.00452
949.81561 -0.000565 -0.00451
949.90841 -0.000394 -0.00450
950.00121 -0.000225 -0.00447
950.09401 -0.000058 -0.00444
950.18681 0.000106 -0.00441
950.27962 0.000267 -0.00436
950.37242 0.000426 -0.00432
950.46522 0.000581 -0.00426
950.55802 0.000732 -0.00420
950.65082 0.000880 -0.00414
950.74362 0.001024 -0.00407
950.83643 0.001165 -0.00400
950.92923 0.001301 -0.00392
951.02203 0.001433 -0.00384
951.11483 0.001561 -0.00375
951.20763 0.001685 -0.00366
951.30043 0.001804 -0.00356
951.39324 0.001918 -0.00346
951.48604 0.002028 -0.00336
951.57884 0.002133 -0.00326
951.67164 0.002233 -0.00315
951.76444 0.002328 -0.00303
951.85724 0.002418 -0.00292
951.95004 0.002503 -0.00280
952.04285 0.002583 -0.00269
952.13565 0.002658 -0.00256
952.22845 0.002728 -0.00244
952.32125 0.002792 -0.00232
952.41405 0.002852 -0.00219
952.50685 0.002906 -0.00207
952.59966 0.002955 -0.00194
952.69246 0.002999 -0.00181
952.78526 0.003037 -0.00168
952.87806 0.003071 -0.00155
952.97086 0.003100 -0.00142
953.06366 0.003123 -0.00129
953.15647 0.003142 -0.00116
953.24927 0.003155 -0.00104
953.34207 0.003164 -0.00091
953.43487 0.003168 -0.00078
953.52767 0.003167 -0.00065
953.62047 0.003162 -0.00053
953.71328 0.003152 -0.00040
953.80608 0.003137 -0.00028
953.89888 0.003118 -0.00016
953.99168 0.003095 -0.00004
954.08448 0.003068 0.00008
954.17728 0.003036 0.00019
954.27009 0.003001 0.00030
954.36289 0.002961 0.00041
954.45569 0.002918 0.00052
954.54849 0.002872 0.00063
954.64129 0.002822 0.00073
954.73409 0.002768 0.00083
954.82690 0.002712 0.00093
954.91970 0.002652 0.00102
955.01250 0.002590 0.00112
955.10530 0.002524 0.00120
955.19810 0.002456 0.00129
955.29090 0.002386 0.00137
955.38371 0.002313 0.00145
955.47651 0.002237 0.00152
955.56931 0.002160 0.00160
955.66211 0.002081 0.00166
955.75491 0.002000 0.00173
955.84771 0.001917 0.00179
955.94052 0.001833 0.00185
956.03332 0.001748 0.00190
956.12612 0.001661 0.00195
956.21892 0.001574 0.00200
956.31172 0.001485 0.00204
956.40452 0.001396 0.00208
956.49733 0.001306 0.00211
956.59013 0.001216 0.00214
956.68293 0.001125 0.00217
956.77573 0.001034 0.00220
956.86853 0.000943 0.00222
956.96133 0.000852 0.00223
957.05414 0.000761 0.00225
957.14694 0.000671 0.00226
957.23974 0.000581 0.00226
957.33254 0.000492 0.00227
957.42534 0.000403 0.00227
957.51814 0.000316 0.00226
957.61095 0.000229 0.00225
957.70375 0.000143 0.00224
957.79655 0.000058 0.00223
957.88935 -0.000025 0.00221
957.98215 -0.000107 0.00220
958.07495 -0.000187 0.00217
958.16776 -0.000266 0.00215
958.26056 -0.000343 0.00212
958.35336 -0.000419 0.00209
958.44616 -0.000492 0.00206
958.53896 -0.000564 0.00202
958.63176 -0.000634 0.00198
958.72456 -0.000702 0.00194
958.81737 -0.000767 0.00190
958.91017 -0.000831 0.00185
959.00297 -0.000892 0.00181
959.09577 -0.000951 0.00176
959.18857 -0.001007 0.00171
959.28137 -0.001061 0.00165
959.37418 -0.001113 0.00160
959.46698 -0.001162 0.00155
959.55978 -0.001209 0.00149
959.65258 -0.001253 0.00143
959.74538 -0.001294 0.00137
959.83818 -0.001334 0.00131
959.93099 -0.001370 0.00125
960.02379 -0.001404 0.00119
960.11659 -0.001435 0.00112
960.20939 -0.001464 0.00106
960.30219 -0.001489 0.00100
960.39499 -0.001513 0.00093
960.48780 -0.001534 0.00087
960.58060 -0.001552 0.00080
960.67340 -0.001567 0.00074
960.76620 -0.001580 0.00067
960.85900 -0.001591 0.00061
960.95180 -0.001598 0.00054
961.04461 -0.001604 0.00048
961.13741 -0.001607 0.00041
961.23021 -0.001607 0.00035
961.32301 -0.001605 0.00028
961.41581 -0.001601 0.00022
961.50861 -0.001595 0.00016
961.60142 -0.001586 0.00010
961.69422 -0.001575 0.00003
961.78702 -0.001562 -0.00003
961.87982 -0.001546 -0.00008
961.97262 -0.001529 -0.00014
962.06542 -0.001510 -0.00020
962.15823 -0.001488 -0.00025
962.25103 -0.001465 -0.00031
962.34383 -0.001440 -0.00036
962.43663 -0.001414 -0.00041
962.52943 -0.001385 -0.00046
962.62223 -0.001355 -0.00051
962.71504 -0.001324 -0.00056
962.80784 -0.001291 -0.00060
962.90064 -0.001256 -0.00065
962.99344 -0.001221 -0.00069
963.08624 -0.001184 -0.00073
963.17904 -0.001145 -0.00077
963.27185 -0.001106 -0.00081
963.36465 -0.001066 -0.00084
963.45745 -0.001025 -0.00088
963.55025 -0.000983 -0.00091
963.64305 -0.000940 -0.00094
963.73585 -0.000896 -0.00097
963.82866 -0.000852 -0.00099
963.92146 -0.000807 -0.00102
964.01426 -0.000762 -0.00104
964.10706 -0.000716 -0.00106
964.19986 -0.000670 -0.00108
964.29266 -0.000624 -0.00109
964.38547 -0.000577 -0.00111
964.47827 -0.000531 -0.00112
964.57107 -0.000484 -0.00113
964.66387 -0.000437 -0.00114
964.75667 -0.000391 -0.00115
964.84947 -0.000344 -0.00115
964.94228 -0.000298 -0.00116
965.03508 -0.000252 -0.00116
965.12788 -0.000207 -0.00116
965.22068 -0.000162 -0.00116
965.31348 -0.000117 -0.00115
965.40628 -0.000073 -0.00115
965.49908 -0.000029 -0.00114
965.59189 0.000014 -0.00113
965.68469 0.000056 -0.00113
965.77749 0.000097 -0.00111
965.87029 0.000138 -0.00110
965.96309 0.000178 -0.00109
966.05589 0.000217 -0.00107
966.14870 0.000255 -0.00105
966.24150 0.000292 -0.00104
966.33430 0.000328 -0.00102
966.42710 0.000363 -0.00100
966.51990 0.000396 -0.00098
966.61270 0.000429 -0.00095
966.70551 0.000461 -0.00093
966.79831 0.000491 -0.00090
966.89111 0.000520 -0.00088
966.98391 0.000548 -0.00085
967.07671 0.000574 -0.00082
967.16951 0.000600 -0.00080
967.26232 0.000624 -0.00077
967.35512 0.000647 -0.00074
967.44792 0.000668 -0.00071
967.54072 0.000688 -0.00068
967.63352 0.000707 -0.00064
967.72632 0.000724 -0.00061
967.81913 0.000740 -0.00058
967.91193 0.000755 -0.00055
968.00473 0.000768 -0.00052
968.09753 0.000780 -0.00048
968.19033 0.000791 -0.00045
968.28313 0.000800 -0.00042
968.37594 0.000808 -0.00038
968.46874 0.000814 -0.00035
968.56154 0.000820 -0.00032
968.65434 0.000824 -0.00028
968.74714 0.000826 -0.00025
968.83994 0.000828 -0.00022
968.93275 0.000828 -0.00018
969.02555 0.000827 -0.00015
969.11835 0.000825 -0.00012
969.21115 0.000821 -0.00009
969.30395 0.000816 -0.00005
969.39675 0.000811 -0.00002
969.48956 0.000804 0.00001
969.58236 0.000796 0.00004
969.67516 0.000787 0.00007
969.76796 0.000777 0.00010
969.86076 0.000766 0.00012
969.95356 0.000754 0.00015
970.04637 0.000741 0.00018
970.13917 0.000727 0.00020
970.23197 0.000712 0.00023
970.32477 0.000697 0.00025
970.41757 0.000680 0.00028
970.51037 0.000663 0.00030
970.60318 0.000645 0.00032
970.69598 0.000627 0.00035
970.78878 0.000608 0.00037
970.88158 0.000588 0.00039
970.97438 0.000568 0.00040
971.06718 0.000547 0.00042
971.15999 0.000526 0.00044
971.25279 0.000504 0.00045
971.34559 0.000482 0.00047
971.43839 0.000460 0.00048
971.53119 0.000437 0.00050
971.62399 0.000414 0.00051
971.71680 0.000391 0.00052
971.80960 0.000368 0.00053
971.90240 0.000344 0.00054
971.99520 0.000320 0.00055
972.08800 0.000297 0.00056
972.18080 0.000273 0.00056
972.27360 0.000249 0.00057
972.36641 0.000225 0.00057
972.45921 0.000201 0.00058
972.55201 0.000177 0.00058
972.64481 0.000154 0.00058
972.73761 0.000130 0.00058
972.83041 0.000107 0.00058
972.92322 0.000084 0.00058
973.01602 0.000061 0.00058
973.10882 0.000039 0.00058
973.20162 0.000017 0.00057
973.29442 -0.000005 0.00057
973.38722 -0.000026 0.00056
973.48003 -0.000047 0.00056
973.57283 -0.000068 0.00055
973.66563 -0.000088 0.00054
973.75843 -0.000108 0.00054
973.85123 -0.000127 0.00053
973.94403 -0.000146 0.00052
974.03684 -0.000164 0.00051
974.12964 -0.000182 0.00050
974.22244 -0.000199 0.00049
974.31524 -0.000216 0.00047
974.40804 -0.000231 0.00046
974.50084 -0.000247 0.00045
974.59365 -0.000261 0.00044
974.68645 -0.000276 0.00042
974.77925 -0.000289 0.00041
974.87205 -0.000302 0.00039
974.96485 -0.000314 0.00038
975.05765 -0.000325 0.00037
975.15046 -0.000336 0.00035
975.24326 -0.000346 0.00033
975.33606 -0.000356 0.00032
975.42886 -0.000364 0.00030
975.52166 -0.000372 0.00029
975.61446 -0.000380 0.00027
975.70727 -0.000386 0.00025
975.80007 -0.000392 0.00024
975.89287 -0.000398 0.00022
975.98567 -0.000402 0.00020
976.07847 -0.000406 0.00019
976.17127 -0.000409 0.00017
976.26408 -0.000412 0.00015
976.35688 -0.000414 0.00014
976.44968 -0.000415 0.00012
976.54248 -0.000416 0.00010
976.63528 -0.000416 0.00009
976.72808 -0.000415 0.00007
976.82089 -0.000414 0.00005
976.91369 -0.000412 0.00004
977.00649 -0.000410 0.00002
977.09929 -0.000407 0.00001
977.19209 -0.000404 -0.00001
977.28489 -0.000400 -0.00002
977.37770 -0.000395 -0.00004
977.47050 -0.000390 -0.00005
977.56330 -0.000384 -0.00007
977.65610 -0.000378 -0.00008
977.74890 -0.000372 -0.00009
977.84170 -0.000365 -0.00011
977.93451 -0.000357 -0.00012
978.02731 -0.000350 -0.00013
978.12011 -0.000341 -0.00014
978.21291 -0.000333 -0.00016
978.30571 -0.000324 -0.00017
978.39851 -0.000315 -0.00018
978.49132 -0.000305 -0.00019
978.58412 -0.000295 -0.00020
978.67692 -0.000285 -0.00021
978.76972 -0.000275 -0.00022
978.86252 -0.000264 -0.00022
978.95532 -0.000253 -0.00023
979.04812 -0.000242 -0.00024
979.14093 -0.000231 -0.00025
979.23373 -0.000220 -0.00025
979.32653 -0.000208 -0.00026
979.41933 -0.000196 -0.00026
979.51213 -0.000185 -0.00027
979.60493 -0.000173 -0.00027
979.69774 -0.000161 -0.00028
979.79054 -0.000149 -0.00028
979.88334 -0.000137 -0.00029
979.97614 -0.000125 -0.00029
980.06894 -0.000113 -0.00029
980.16174 -0.000101 -0.00029
980.25455 -0.000089 -0.00029
980.34735 -0.000077 -0.00029
980.44015 -0.000066 -0.00030
980.53295 -0.000054 -0.00030
980.62575 -0.000042 -0.00029
980.71855 -0.000031 -0.00029
980.81136 -0.000020 -0.00029
980.90416 -0.000008 -0.00029
980.99696 0.000003 -0.00029
981.08976 0.000013 -0.00029
981.18256 0.000024 -0.00028
981.27536 0.000034 -0.00028
981.36817 0.000045 -0.00028
981.46097 0.000055 -0.00027
981.55377 0.000064 -0.00027
981.64657 0.000074 -0.00026
981.73937 0.000083 -0.00026
981.83217 0.000092 -0.00025
981.92498 0.000101 -0.00025
982.01778 0.000109 -0.00024
982.11058 0.000117 -0.00024
982.20338 0.000125 -0.00023
982.29618 0.000132 -0.00022
982.38898 0.000139 -0.00022
982.48179 0.000146 -0.00021
982.57459 0.000153 -0.00020
982.66739 0.000159 -0.00020
982.76019 0.000165 -0.00019
982.85299 0.000170 -0.00018
982.94579 0.000175 -0.00017
983.03860 0.000180 -0.00017
983.13140 0.000185 -0.00016
983.22420 0.000189 -0.00015
983.31700 0.000193 -0.00014
983.40980 0.000196 -0.00013
983.50260 0.000199 -0.00012
983.59541 0.000202 -0.00012
983.68821 0.000205 -0.00011
983.78101 0.000207 -0.00010
983.87381 0.000208 -0.00009
983.96661 0.000210 -0.00008
984.05941 0.000211 -0.00007
984.15222 0.000212 -0.00007
984.24502 0.000212 -0.00006
984.33782 0.000212 -0.00005
984.43062 0.000212 -0.00004
984.52342 0.000212 -0.00003
984.61622 0.000211 -0.00002
984.70903 0.000210 -0.00002
984.80183 0.000209 -0.00001
984.89463 0.000207 -0.00000
984.98743 0.000205 0.00001
985.08023 0.000203 0.00001
985.17303 0.000200 0.00002
985.26584 0.000198 0.00003
985.35864 0.000195 0.00004
985.45144 0.000191 0.00004
985.54424 0.000188 0.00005
985.63704 0.000184 0.00006
985.72984 0.000181 0.00006
985.82264 0.000176 0.00007
985.91545 0.000172 0.00007
986.00825 0.000168 0.00008
986.10105 0.000163 0.00008
986.19385 0.000158 0.00009
986.28665 0.000154 0.00009
986.37945 0.000148 0.00010
986.47226 0.000143 0.00010
986.56506 0.000138 0.00011
986.65786 0.000132 0.00011
986.75066 0.000127 0.00012
986.84346 0.000121 0.00012
986.93626 0.000116 0.00012
987.02907 0.000110 0.00013
987.12187 0.000104 0.00013
987.21467 0.000098 0.00013
987.30747 0.000092 0.00013
987.40027 0.000086 0.00014
987.49307 0.000080 0.00014
987.58588 0.000074 0.00014
987.67868 0.000068 0.00014
987.77148 0.000062 0.00014
987.86428 0.000056 0.00014
987.95708 0.000049 0.00015
988.04988 0.000043 0.00015
988.14269 0.000037 0.00015
988.23549 0.000031 0.00015
988.32829 0.000026 0.00015
988.42109 0.000020 0.00015
988.51389 0.000014 0.00015
988.60669 0.000008 0.00014
988.69950 0.000003 0.00014
988.79230 -0.000003 0.00014
988.88510 -0.000008 0.00014
988.97790 -0.000014 0.00014
989.07070 -0.000019 0.00014
989.16350 -0.000024 0.00014
989.25631 -0.000029 0.00013
989.34911 -0.000034 0.00013
989.44191 -0.000039 0.00013
989.53471 -0.000043 0.00013
989.62751 -0.000048 0.00012
989.72031 -0.000052 0.00012
989.81312 -0.000056 0.00012
989.90592 -0.000060 0.00011
989.99872 -0.000064 0.00011
990.09152 -0.000068 0.00011
990.18432 -0.000072 0.00010
990.27712 -0.000075 0.00010
990.36993 -0.000078 0.00010
990.46273 -0.000081 0.00009
990.55553 -0.000084 0.00009
990.64833 -0.000087 0.00009
990.74113 -0.000089 0.00008
990.83393 -0.000092 0.00008
990.92674 -0.000094 0.00007
991.01954 -0.000096 0.00007
991.11234 -0.000098 0.00007
991.20514 -0.000100 0.00006
991.29794 -0.000101 0.00006
991.39074 -0.000102 0.00005
991.48355 -0.000103 0.00005
991.57635 -0.000104 0.00004
991.66915 -0.000105 0.00004
991.76195 -0.000106 0.00004
991.85475 -0.000106 0.00003
991.94755 -0.000107 0.00003
992.04036 -0.000107 0.00002
992.13316 -0.000107 0.00002
992.22596 -0.000107 0.00001
992.31876 -0.000106 0.00001
992.41156 -0.000106 0.00001
992.50436 -0.000105 0.00000
992.59717 -0.000104 -0.00000
992.68997 -0.000103 -0.00001
992.78277 -0.000102 -0.00001
992.87557 -0.000101 -0.00001
992.96837 -0.000100 -0.00002
993.06117 -0.000098 -0.00002
993.15397 -0.000097 -0.00002
993.24678 -0.000095 -0.00003
993.33958 -0.000093 -0.00003
993.43238 -0.000091 -0.00003
993.52518 -0.000089 -0.00004
993.61798 -0.000087 -0.00004
993.71078 -0.000085 -0.00004
993.80359 -0.000082 -0.00005
993.89639 -0.000080 -0.00005
993.98919 -0.000077 -0.00005
994.08199 -0.000075 -0.00005
994.17479 -0.000072 -0.00006
994.26759 -0.000069 -0.00006
994.36040 -0.000067 -0.00006
994.45320 -0.000064 -0.00006
994.54600 -0.000061 -0.00006
994.63880 -0.000058 -0.00007
994.73160 -0.000055 -0.00007
994.82440 -0.000052 -0.00007
994.91721 -0.000049 -0.00007
995.01001 -0.000046 -0.00007
995.10281 -0.000043 -0.00007
995.19561 -0.000040 -0.00007
995.28841 -0.000037 -0.00007
995.38121 -0.000034 -0.00008
995.47402 -0.000031 -0.00008
995.56682 -0.000027 -0.00008
995.65962 -0.000024 -0.00008
995.75242 -0.000021 -0.00008
995.84522 -0.000018 -0.00008
995.93802 -0.000015 -0.00008
996.03083 -0.000012 -0.00008
996.12363 -0.000009 -0.00008
996.21643 -0.000006 -0.00008
996.30923 -0.000003 -0.00008
996.40203 -0.000000 -0.00008
996.49483 0.000003 -0.00007
996.58764 0.000005 -0.00007
996.68044 0.000008 -0.00007
996.77324 0.000011 -0.00007
996.86604 0.000013 -0.00007
996.95884 0.000016 -0.00007
997.05164 0.000018 -0.00007
997.14445 0.000021 -0.00007
997.23725 0.000023 -0.00007
997.33005 0.000025 -0.00007
997.42285 0.000028 -0.00006
997.51565 0.000030 -0.00006
997.60845 0.000032 -0.00006
997.70126 0.000034 -0.00006
997.79406 0.000036 -0.00006
997.88686 0.000038 -0.00006
997.97966 0.000039 -0.00005
998.07246 0.000041 -0.00005
998.16526 0.000042 -0.00005
998.25807 0.000044 -0.00005
998.35087 0.000045 -0.00005
998.44367 0.000047 -0.00004
998.53647 0.000048 -0.00004
998.62927 0.000049 -0.00004
998.72207 0.000050 -0.00004
998.81488 0.000051 -0.00004
998.90768 0.000052 -0.00003
999.00048 0.000052 -0.00003
999.09328 0.000053 -0.00003
999.18608 0.000054 -0.00003
999.27888 0.000054 -0.00002
999.37169 0.000055 -0.00002
999.46449 0.000055 -0.00002
999.55729 0.000055 -0.00002
999.65009 0.000055 -0.00002
999.74289 0.000055 -0.00001
999.83569 0.000055 -0.00001
999.92849 0.000055 -0.00001
1000.02130 0.000055 -0.00001
1000.11410 0.000055 -0.00000
1000.20690 0.000054 -0.00000
1000.29970 0.000054 -0.00000
1000.39250 0.000054 0.00000
1000.48530 0.000053 0.00000
1000.57811 0.000052 0.00000
1000.67091 0.000052 0.00001
1000.76371 0.000051 0.00001
1000.85651 0.000050 0.00001
1000.94931 0.000049 0.00001
1001.04211 0.000048 0.00001
1001.13492 0.000047 0.00002
1001.22772 0.000046 0.00002
1001.32052 0.000045 0.00002
1001.41332 0.000044 0.00002
1001.50612 0.000043 0.00002
1001.59892 0.000042 0.00002
1001.69173 0.000040 0.00002
1001.78453 0.000039 0.00003
1001.87733 0.000038 0.00003
1001.97013 0.000036 0.00003
1002.06293 0.000035 0.00003
1002.15573 0.000033 0.00003
1002.24854 0.000032 0.00003
1002.34134 0.000030 0.00003
1002.43414 0.000029 0.00003
1002.52694 0.000027 0.00003
1002.61974 0.000026 0.00003
1002.71254 0.000024 0.00003
1002.80535 0.000023 0.00003
1002.89815 0.000021 0.00004
1002.99095 0.000020 0.00004
1003.08375 0.000018 0.00004
1003.17655 0.000017 0.00004
1003.26935 0.000015 0.00004
1003.36216 0.000013 0.00004
1003.45496 0.000012 0.00004
1003.54776 0.000010 0.00004
1003.64056 0.000009 0.00004
1003.73336 0.000007 0.00004
1003.82616 0.000006 0.00004
1003.91897 0.000004 0.00004
1004.01177 0.000003 0.00004
1004.10457 0.000001 0.00004
1004.19737 -0.000000 0.00004
1004.29017 -0.000002 0.00004
1004.38297 -0.000003 0.00004
1004.47578 -0.000004 0.00003
1004.56858 -0.000006 0.00003
1004.66138 -0.000007 0.00003
1004.75418 -0.000008 0.00003
1004.84698 -0.000009 0.00003
1004.93978 -0.000011 0.00003
1005.03259 -0.000012 0.00003
1005.12539 -0.000013 0.00003
1005.21819 -0.000014 0.00003
1005.31099 -0.000015 0.00003
1005.40379 -0.000016 0.00003
1005.49659 -0.000017 0.00003
1005.58940 -0.000018 0.00003
1005.68220 -0.000019 0.00003
1005.77500 -0.000020 0.00002
1005.86780 -0.000020 0.00002
1005.96060 -0.000021 0.00002
1006.05340 -0.000022 0.00002
1006.14621 -0.000022 0.00002
1006.23901 -0.000023 0.00002
1006.33181 -0.000024 0.00002
1006.42461 -0.000024 0.00002
1006.51741 -0.000025 0.00002
1006.61021 -0.000025 0.00001
1006.70301 -0.000025 0.00001
1006.79582 -0.000026 0.00001
1006.88862 -0.000026 0.00001
1006.98142 -0.000026 0.00001
1007.07422 -0.000026 0.00001
1007.16702 -0.000027 0.00001
1007.25982 -0.000027 0.00001
1007.35263 -0.000027 0.00001
1007.44543 -0.000027 0.00000
1007.53823 -0.000027 0.00000
1007.63103 -0.000027 0.00000
1007.72383 -0.000027 0.00000
1007.81663 -0.000027 0.00000
1007.90944 -0.000026 -0.00000
1008.00224 -0.000026 -0.00000
1008.09504 -0.000026 -0.00000
1008.18784 -0.000026 -0.00000
1008.28064 -0.000025 -0.00000
1008.37344 -0.000025 -0.00001
1008.46625 -0.000025 -0.00001
1008.55905 -0.000024 -0.00001
1008.65185 -0.000024 -0.00001
1008.74465 -0.000024 -0.00001
1008.83745 -0.000023 -0.00001
1008.93025 -0.000023 -0.00001
1009.02306 -0.000022 -0.00001
1009.11586 -0.000021 -0.00001
1009.20866 -0.000021 -0.00001
1009.30146 -0.000020 -0.00001
1009.39426 -0.000020 -0.00001
1009.48706 -0.000019 -0.00001
1009.57987 -0.000018 -0.00001
1009.67267 -0.000018 -0.00002
1009.76547 -0.000017 -0.00002
1009.85827 -0.000016 -0.00002
1009.95107 -0.000015 -0.00002
1010.04387 -0.000015 -0.00002
1010.13668 -0.000014 -0.00002
1010.22948 -0.000013 -0.00002
1010.32228 -0.000012 -0.00002
1010.41508 -0.000012 -0.00002
1010.50788 -0.000011 -0.00002
1010.60068 -0.000010 -0.00002
1010.69349 -0.000009 -0.00002
1010.78629 -0.000009 -0.00002
1010.87909 -0.000008 -0.00002
1010.97189 -0.000007 -0.00002
1011.06469 -0.000006 -0.00002
1011.15749 -0.000005 -0.00002
1011.25030 -0.000005 -0.00002
1011.34310 -0.000004 -0.00002
1011.43590 -0.000003 -0.00002
1011.52870 -0.000002 -0.00002
1011.62150 -0.000002 -0.00002
1011.71430 -0.000001 -0.00002
1011.80711 -0.000000 -0.00002
1011.89991 0.000001 -0.00002
1011.99271 0.000001 -0.00002
1012.08551 0.000002 -0.00002
1012.17831 0.000003 -0.00002
1012.27111 0.000003 -0.00002
1012.36392 0.000004 -0.00002
1012.45672 0.000005 -0.00002
1012.54952 0.000005 -0.00002
1012.64232 0.000006 -0.00002
1012.73512 0.000006 -0.00002
1012.82792 0.000007 -0.00002
1012.92073 0.000008 -0.00002
1013.01353 0.000008 -0.00002
1013.10633 0.000009 -0.00002
1013.19913 0.000009 -0.00002
1013.29193 0.000010 -0.00001
1013.38473 0.000010 -0.00001
1013.47753 0.000010 -0.00001
1013.57034 0.000011 -0.00001
1013.66314 0.000011 -0.00001
1013.75594 0.000012 -0.00001
1013.84874 0.000012 -0.00001
1013.94154 0.000012 -0.00001
1014.03434 0.000012 -0.00001
1014.12715 0.000013 -0.00001
1014.21995 0.000013 -0.00001
1014.31275 0.000013 -0.00001
1014.40555 0.000013 -0.00001
1014.49835 0.000014 -0.00001
1014.59115 0.000014 -0.00001
1014.68396 0.000014 -0.00001
1014.77676 0.000014 -0.00001
1014.86956 0.000014 -0.00001
1014.96236 0.000014 -0.00001
1015.05516 0.000014 -0.00000
1015.14796 0.000014 -0.00000
1015.24077 0.000014 -0.00000
1015.33357 0.000014 -0.00000
1015.42637 0.000014 -0.00000
1015.51917 0.000014 -0.00000
1015.61197 0.000014 -0.00000
1015.70477 0.000014 -0.00000
1015.79758 0.000014 -0.00000
1015.89038 0.000014 0.00000
1015.98318 0.000014 0.00000
1016.07598 0.000013 0.00000
1016.16878 0.000013 0.00000
1016.26158 0.000013 0.00000
1016.35439 0.000013 0.00000
1016.44719 0.000013 0.00000
1016.53999 0.000012 0.00000
1016.63279 0.000012 0.00000
1016.72559 0.000012 0.00000
1016.81839 0.000012 0.00000
1016.91120 0.000011 0.00000
1017.00400 0.000011 0.00001
1017.09680 0.000011 0.00001
1017.18960 0.000010 0.00001
1017.28240 0.000010 0.00001
1017.37520 0.000010 0.00001
1017.46801 0.000009 0.00001
1017.56081 0.000009 0.00001
1017.65361 0.000009 0.00001
1017.74641 0.000008 0.00001
1017.83921 0.000008 0.00001
1017.93201 0.000007 0.00001
1018.02482 0.000007 0.00001
1018.11762 0.000007 0.00001
1018.21042 0.000006 0.00001
1018.30322 0.000006 0.00001
1018.39602 0.000005 0.00001
1018.48882 0.000005 0.00001
1018.58163 0.000005 0.00001
1018.67443 0.000004 0.00001
1018.76723 0.000004 0.00001
1018.86003 0.000003 0.00001
1018.95283 0.000003 0.00001
1019.04563 0.000003 0.00001
1019.13844 0.000002 0.00001
1019.23124 0.000002 0.00001
1019.32404 0.000001 0.00001
1019.41684 0.000001 0.00001
1019.50964 0.000001 0.00001
1019.60244 0.000000 0.00001
1019.69525 -0.000000 0.00001
1019.78805 -0.000000 0.00001
1019.88085 -0.000001 0.00001
1019.97365 -0.000001 0.00001
1020.06645 -0.000001 0.00001
1020.15925 -0.000002 0.00001
1020.25205 -0.000002 0.00001
1020.34486 -0.000002 0.00001
1020.43766 -0.000003 0.00001
1020.53046 -0.000003 0.00001
1020.62326 -0.000003 0.00001
1020.71606 -0.000003 0.00001
1020.80886 -0.000004 0.00001
1020.90167 -0.000004 0.00001
1020.99447 -0.000004 0.00001
1021.08727 -0.000004 0.00001
1021.18007 -0.000005 0.00001
1021.27287 -0.000005 0.00001
1021.36567 -0.000005 0.00001
1021.45848 -0.000005 0.00001
1021.55128 -0.000005 0.00000
1021.64408 -0.000006 0.00000
1021.73688 -0.000006 0.00000
1021.82968 -0.000006 0.00000
1021.92248 -0.000006 0.00000
1022.01529 -0.000006 0.00000
1022.10809 -0.000006 0.00000
1022.20089 -0.000006 0.00000
1022.29369 -0.000006 0.00000
1022.38649 -0.000007 0.00000
1022.47929 -0.000007 0.00000
1022.57210 -0.000007 0.00000
1022.66490 -0.000007 0.00000
1022.75770 -0.000007 0.00000
1022.85050 -0.000007 0.00000
1022.94330 -0.000007 0.00000
1023.03610 -0.000007 0.00000
1023.12891 -0.000007 0.00000
1023.22171 -0.000007 -0.00000
1023.31451 -0.000007 -0.00000
1023.40731 -0.000007 -0.00000
1023.50011 -0.000007 -0.00000
1023.59291 -0.000006 -0.00000
1023.68572 -0.000006 -0.00000
1023.77852 -0.000006 -0.00000
1023.87132 -0.000006 -0.00000
1023.96412 -0.000006 -0.00000
1024.05692 -0.000006 -0.00000
1024.14972 -0.000006 -0.00000
1024.24253 -0.000006 -0.00000
1024.33533 -0.000006 -0.00000
1024.42813 -0.000006 -0.00000
1024.52093 -0.000005 -0.00000
1024.61373 -0.000005 -0.00000
1024.70653 -0.000005 -0.00000
1024.79934 -0.000005 -0.00000
1024.89214 -0.000005 -0.00000
1024.98494 -0.000005 -0.00000
1025.07774 -0.000004 -0.00000
1025.17054 -0.000004 -0.00000
1025.26334 -0.000004 -0.00000
1025.35615 -0.000004 -0.00000
1025.44895 -0.000004 -0.00000
1025.54175 -0.000003 -0.00001
1025.63455 -0.000003 -0.00001
1025.72735 -0.000003 -0.00001
1025.82015 -0.000003 -0.00001
1025.91296 -0.000003 -0.00001
1026.00576 -0.000003 -0.00001
1026.09856 -0.000002 -0.00001
1026.19136 -0.000002 -0.00001
1026.28416 -0.000002 -0.00001
1026.37696 -0.000002 -0.00001
1026.46977 -0.000001 -0.00001
1026.56257 -0.000001 -0.00001
1026.65537 -0.000001 -0.00001
1026.74817 -0.000001 -0.00001
1026.84097 -0.000001 -0.00001
1026.93377 -0.000000 -0.00001
1027.02657 -0.000000 -0.00001
1027.11938 -0.000000 -0.00001
1027.21218 0.000000 -0.00001
1027.30498 0.000000 -0.00001
1027.39778 0.000000 -0.00001
1027.49058 0.000001 -0.00001
1027.58338 0.000001 -0.00001
1027.67619 0.000001 -0.00001
1027.76899 0.000001 -0.00001
1027.86179 0.000001 -0.00001
1027.95459 0.000001 -0.00001
1028.04739 0.000002 -0.00000
1028.14019 0.000002 -0.00000
1028.23300 0.000002 -0.00000
1028.32580 0.000002 -0.00000
1028.41860 0.000002 -0.00000
1028.51140 0.000002 -0.00000
1028.60420 0.000002 -0.00000
1028.69700 0.000003 -0.00000
1028.78981 0.000003 -0.00000
1028.88261 0.000003 -0.00000
1028.97541 0.000003 -0.00000
1029.06821 0.000003 -0.00000
1029.16101 0.000003 -0.00000
1029.25381 0.000003 -0.00000
1029.34662 0.000003 -0.00000
1029.43942 0.000003 -0.00000
1029.53222 0.000003 -0.00000
1029.62502 0.000003 -0.00000
1029.71782 0.000004 -0.00000
1029.81062 0.000004 -0.00000
1029.90343 0.000004 -0.00000
1029.99623 0.000004 -0.00000
1030.08903 0.000004 -0.00000
1030.18183 0.000004 -0.00000
1030.27463 0.000004 -0.00000
1030.36743 0.000004 -0.00000
1030.46024 0.000004 -0.00000
1030.55304 0.000004 -0.00000
1030.64584 0.000004 -0.00000
1030.73864 0.000004 -0.00000
1030.83144 0.000004 -0.00000
1030.92424 0.000004 -0.00000
1031.01705 0.000004 -0.00000
1031.10985 0.000004 -0.00000
1031.20265 0.000004 -0.00000
1031.29545 0.000004 -0.00000
1031.38825 0.000004 -0.00000
1031.48105 0.000004 -0.00000
1031.57386 0.000004 0.00000
1031.66666 0.000003 0.00000
1031.75946 0.000003 0.00000
1031.85226 0.000003 0.00000
1031.94506 0.000003 0.00000
1032.03786 0.000003 0.00000
1032.13067 0.000003 0.00000
1032.22347 0.000003 0.00000
1032.31627 0.000003 0.00000
1032.40907 0.000003 0.00000
1032.50187 0.000003 0.00000
1032.59467 0.000003 0.00000
1032.68748 0.000003 0.00000
1032.78028 0.000003 0.00000
1032.87308 0.000002 0.00000
1032.96588 0.000002 0.00000
1033.05868 0.000002 0.00000
1033.15148 0.000002 0.00000
1033.24429 0.000002 0.00000
1033.33709 0.000002 0.00000
1033.42989 0.000002 0.00000
1033.52269 0.000002 0.00000
1033.61549 0.000002 0.00000
1033.70829 0.000002 0.00000
1033.80109 0.000001 0.00000
1033.89390 0.000001 0.00000
1033.98670 0.000001 0.00000
1034.07950 0.000001 0.00000
1034.17230 0.000001 0.00000
1034.26510 0.000001 0.00000
1034.35790 0.000001 0.00000
1034.45071 0.000001 0.00000
1034.54351 0.000001 0.00000
1034.63631 0.000001 0.00000
1034.72911 0.000000 0.00000
1034.82191 0.000000 0.00000
1034.91471 0.000000 0.00000
1035.00752 0.000000 0.00000
1035.10032 0.000000 0.00000
1035.19312 0.000000 0.00000
1035.28592 -0.000000 0.00000
1035.37872 -0.000000 0.00000
1035.47152 -0.000000 0.00000
1035.56433 -0.000000 0.00000
1035.65713 -0.000000 0.00000
1035.74993 -0.000000 0.00000
1035.84273 -0.000001 0.00000
1035.93553 -0.000001 0.00000
1036.02833 -0.000001 0.00000
1036.12114 -0.000001 0.00000
1036.21394 -0.000001 0.00000
1036.30674 -0.000001 0.00000
1036.39954 -0.000001 0.00000
1036.49234 -0.000001 0.00000
1036.58514 -0.000001 0.00000
1036.67795 -0.000001 0.00000
1036.77075 -0.000001 0.00000
1036.86355 -0.000001 0.00000
1036.95635 -0.000001 0.00000
1037.04915 -0.000001 0.00000
1037.14195 -0.000001 0.00000
1037.23476 -0.000001 0.00000
1037.32756 -0.000001 0.00000
1037.42036 -0.000001 0.00000
1037.51316 -0.000001 0.00000
1037.60596 -0.000002 0.00000
1037.69876 -0.000002 0.00000
1037.79157 -0.000002 0.00000
1037.88437 -0.000002 0.00000
1037.97717 -0.000002 0.00000
1038.06997 -0.000002 0.00000
1038.16277 -0.000002 0.00000
1038.25557 -0.000002 -0.00000
1038.34838 -0.000002 -0.00000
1038.44118 -0.000002 -0.00000
1038.53398 -0.000002 -0.00000
1038.62678 -0.000002 -0.00000
1038.71958 -0.000002 -0.00000
1038.81238 -0.000002 -0.00000
1038.90519 -0.000002 -0.00000
1038.99799 -0.000002 -0.00000
1039.09079 -0.000002 -0.00000
1039.18359 -0.000002 -0.00000
1039.27639 -0.000001 -0.00000
1039.36919 -0.000001 -0.00000
1039.46200 -0.000001 -0.00000
1039.55480 -0.000001 -0.00000
1039.64760 -0.000001 -0.00000
1039.74040 -0.000001 -0.00000
1039.83320 -0.000001 -0.00000
1039.92600 -0.000001 -0.00000
1040.01881 -0.000001 -0.00000
1040.11161 -0.000001 -0.00000
1040.20441 -0.000001 -0.00000
1040.29721 -0.000001 -0.00000
1040.39001 -0.000001 -0.00000
1040.48281 -0.000001 -0.00000
1040.57561 -0.000001 -0.00000
1040.66842 -0.000001 -0.00000
1040.76122 -0.000001 -0.00000
1040.85402 -0.000001 -0.00000
1040.94682 -0.000001 -0.00000
1041.03962 -0.000001 -0.00000
1041.13242 -0.000001 -0.00000
1041.22523 -0.000001 -0.00000
1041.31803 -0.000001 -0.00000
1041.41083 -0.000001 -0.00000
1041.50363 -0.000001 -0.00000
1041.59643 -0.000000 -0.00000
1041.68923 -0.000000 -0.00000
1041.78204 -0.000000 -0.00000
1041.87484 -0.000000 -0.00000
1041.96764 -0.000000 -0.00000
1042.06044 -0.000000 -0.00000
1042.15324 -0.000000 -0.00000
1042.24604 -0.000000 -0.00000
1042.33885 -0.000000 -0.00000
1042.43165 -0.000000 -0.00000
1042.52445 0.000000 -0.00000
1042.61725 0.000000 -0.00000
1042.71005 0.000000 -0.00000
1042.80285 0.000000 -0.00000
1042.89566 0.000000 -0.00000
1042.98846 0.000000 -0.00000
1043.08126 0.000000 -0.00000
1043.17406 0.000000 -0.00000
1043.26686 0.000000 -0.00000
1043.35966 0.000000 -0.00000
1043.45247 0.000000 -0.00000
1043.54527 0.000001 -0.00000
1043.63807 0.000001 -0.00000
1043.73087 0.000001 -0.00000
1043.82367 0.000001 -0.00000
1043.91647 0.000001 -0.00000
1044.00928 0.000001 -0.00000
1044.10208 0.000001 -0.00000
1044.19488 0.000001 -0.00000
1044.28768 0.000001 -0.00000
1044.38048 0.000001 -0.00000
1044.47328 0.000001 -0.00000
1044.56609 0.000001 -0.00000
1044.65889 0.000001 -0.00000
1044.75169 0.000001 -0.00000
1044.84449 0.000001 -0.00000
1044.93729 0.000001 -0.00000
1045.03009 0.000001 -0.00000
1045.12290 0.000001 -0.00000
1045.21570 0.000001 -0.00000
1045.30850 0.000001 -0.00000
1045.40130 0.000001 -0.00000
1045.49410 0.000001 -0.00000
1045.58690 0.000001 -0.00000
1045.67971 0.000001 -0.00000
1045.77251 0.000001 -0.00000
1045.86531 0.000001 -0.00000
1045.95811 0.000001 -0.00000
1046.05091 0.000001 -0.00000
1046.14371 0.000001 -0.00000
1046.23652 0.000001 -0.00000
1046.32932 0.000001 -0.00000
1046.42212 0.000001 -0.00000
1046.51492 0.000001 -0.00000
1046.60772 0.000001 -0.00000
1046.70052 0.000001 -0.00000
1046.79333 0.000001 -0.00000
1046.88613 0.000001 -0.00000
1046.97893 0.000001 -0.00000
1047.07173 0.000001 -0.00000
1047.16453 0.000001 -0.00000
1047.25733 0.000001 -0.00000
1047.35013 0.000001 -0.00000
1047.44294 0.000001 -0.00000
1047.53574 0.000001 -0.00000
1047.62854 0.000001 -0.00000
1047.72134 0.000001 -0.00000
1047.81414 0.000001 0.00000
1047.90694 0.000001 0.00000
1047.99975 0.000001 0.00000
1048.09255 0.000001 0.00000
1048.18535 0.000001 0.00000
1048.27815 0.000001 0.00000
1048.37095 0.000001 0.00000
1048.46375 0.000001 0.00000
1048.55656 0.000001 0.00000
1048.64936 0.000001 0.00000
1048.74216 0.000001 0.00000
1048.83496 0.000001 0.00000
1048.92776 0.000001 0.00000
1049.02056 0.000000 0.00000
1049.11337 0.000000 0.00000
1049.20617 0.000000 0.00000
1049.29897 0.000000 0.00000
1049.39177 0.000000 0.00000
1049.48457 0.000000 0.00000
1049.57737 0.000000 0.00000
1049.67018 0.000000 0.00000
1049.76298 0.000000 0.00000
1049.85578 0.000000 0.00000
1049.94858 0.000000 0.00000
1050.04138 0.000000 0.00000
1050.13418 0.000000 0.00000
1050.22699 0.000000 0.00000
1050.31979 0.000000 0.00000
1050.41259 0.000000 0.00000
1050.50539 0.000000 0.00000
1050.59819 0.000000 0.00000
1050.69099 0.000000 0.00000
1050.78380 0.000000 0.00000
1050.87660 -0.000000 0.00000
1050.96940 -0.000000 0.00000
1051.06220 -0.000000 0.00000
1051.15500 -0.000000 0.00000
1051.24780 -0.000000 0.00000
1051.34061 -0.000000 0.00000
1051.43341 -0.000000 0.00000
1051.52621 -0.000000 0.00000
1051.61901 -0.000000 0.00000
1051.71181 -0.000000 0.00000
1051.80461 -0.000000 0.00000
1051.89742 -0.000000 0.00000
1051.99022 -0.000000 0.00000
1052.08302 -0.000000 0.00000
1052.17582 -0.000000 0.00000
1052.26862 -0.000000 0.00000
1052.36142 -0.000000 0.00000
1052.45423 -0.000000 0.00000
1052.54703 -0.000000 0.00000
1052.63983 -0.000000 0.00000
1052.73263 -0.000000 -0.00000
1052.82543 -0.000000 -0.00000
1052.91823 -0.000000 -0.00000
1053.01104 -0.000000 -0.00000
1053.10384 -0.000000 -0.00000
1053.19664 -0.000000 -0.00000
1053.28944 -0.000000 -0.00000
1053.38224 -0.000000 -0.00000
1053.47504 -0.000000 -0.00000
1053.56785 -0.000000 -0.00000
1053.66065 -0.000000 -0.00000
1053.75345 -0.000000 -0.00000
1053.84625 -0.000000 -0.00000
1053.93905 -0.000000 -0.00000
1054.03185 -0.000000 -0.00000
1054.12465 -0.000000 -0.00000
1054.21746 -0.000000 -0.00000
1054.31026 -0.000000 -0.00000
1054.40306 -0.000000 -0.00000
1054.49586 -0.000000 -0.00000
1054.58866 -0.000000 -0.00000
1054.68146 -0.000000 -0.00000
1054.77427 -0.000000 -0.00000
1054.86707 -0.000000 -0.00000
1054.95987 -0.000000 -0.00000
1055.05267 -0.000000 -0.00000
1055.14547 -0.000000 -0.00000
1055.23827 -0.000000 -0.00000
1055.33108 -0.000000 -0.00000
1055.42388 -0.000000 -0.00000
1055.51668 -0.000000 -0.00000
1055.60948 -0.000000 -0.00000
1055.70228 -0.000000 -0.00000
1055.79508 -0.000000 -0.00000
1055.88789 -0.000000 -0.00000
1055.98069 -0.000000 -0.00000
1056.07349 -0.000000 -0.00000
1056.16629 -0.000000 -0.00000
1056.25909 -0.000000 -0.00000
1056.35189 -0.000000 -0.00000
1056.44470 -0.000000 -0.00000
1056.53750 -0.000000 -0.00000
1056.63030 -0.000000 -0.00000
1056.72310 -0.000000 -0.00000
1056.81590 -0.000000 -0.00000
1056.90870 -0.000000 -0.00000
1057.00151 -0.000000 -0.00000
1057.09431 -0.000000 -0.00000
1057.18711 -0.000000 -0.00000
1057.27991 -0.000000 -0.00000
1057.37271 -0.000000 -0.00000
1057.46551 -0.000000 -0.00000
1057.55832 -0.000000 -0.00000
1057.65112 0.000000 -0.00000
1057.74392 0.000000 -0.00000
1057.83672 0.000000 -0.00000
1057.92952 0.000000 -0.00000
1058.02232 0.000000 -0.00000
1058.11513 0.000000 -0.00000
1058.20793 0.000000 -0.00000
1058.30073 0.000000 -0.00000
1058.39353 0.000000 -0.00000
1058.48633 0.000000 -0.00000
1058.57913 0.000000 -0.00000
1058.67194 0.000000 -0.00000
1058.76474 0.000000 -0.00000
1058.85754 0.000000 -0.00000
1058.95034 0.000000 -0.00000
1059.04314 0.000000 -0.00000
1059.13594 0.000000 -0.00000
1059.22875 0.000000 -0.00000
1059.32155 0.000000 -0.00000
1059.41435 0.000000 -0.00000
1059.50715 0.000000 -0.00000
1059.59995 0.000000 -0.00000
1059.69275 0.000000 -0.00000
1059.78556 0.000000 -0.00000
1059.87836 0.000000 -0.00000
1059.97116 0.000000 -0.00000
1060.06396 0.000000 -0.00000
1060.15676 0.000000 -0.00000
1060.24956 0.000000 -0.00000
1060.34237 0.000000 -0.00000
1060.43517 0.000000 -0.00000
1060.52797 0.000000 -0.00000
1060.62077 0.000000 -0.00000
1060.71357 0.000000 -0.00000
1060.80637 0.000000 -0.00000
1060.89917 0.000000 -0.00000
1060.99198 0.000000 -0.00000
1061.08478 0.000000 -0.00000
1061.17758 0.000000 -0.00000
1061.27038 0.000000 -0.00000
1061.36318 0.000000 -0.00000
1061.45598 0.000000 -0.00000
1061.54879 0.000000 -0.00000
1061.64159 0.000000 -0.00000
1061.73439 0.000000 -0.00000
1061.82719 0.000000 -0.00000
1061.91999 0.000000 -0.00000
1062.01279 0.000000 -0.00000
1062.10560 0.000000 -0.00000
1062.19840 0.000000 -0.00000
1062.29120 0.000000 -0.00000
1062.38400 0.000000 -0.00000
1062.47680 0.000000 -0.00000
1062.56960 0.000000 -0.00000
1062.66241 0.000000 -0.00000
1062.75521 0.000000 -0.00000
1062.84801 0.000000 -0.00000
1062.94081 0.000000 -0.00000
1063.03361 0.000000 -0.00000
1063.12641 0.000000 -0.00000
1063.21922 0.000000 -0.00000
1063.31202 0.000000 -0.00000
1063.40482 0.000000 -0.00000
1063.49762 0.000000 -0.00000
1063.59042 0.000000 -0.00000
1063.68322 0.000000 -0.00000
1063.77603 0.000000 -0.00000
1063.86883 0.000000 -0.00000
1063.96163 0.000000 -0.00000
1064.05443 0.000000 -0.00000
1064.14723 0.000000 -0.00000
1064.24003 0.000000 -0.00000
1064.33284 0.000000 -0.00000
1064.42564 0.000000 -0.00000
1064.51844 0.000000 -0.00000
1064.61124 0.000000 -0.00000
1064.70404 0.000000 -0.00000
1064.79684 0.000000 -0.00000
1064.88965 0.000000 -0.00000
1064.98245 0.000000 -0.00000
1065.07525 0.000000 -0.00000
1065.16805 0.000000 -0.00000
1065.26085 0.000000 -0.00000
1065.35365 0.000000 -0.00000
1065.44646 0.000000 -0.00000
1065.53926 0.000000 -0.00000
1065.63206 0.000000 -0.00000
1065.72486 0.000000 -0.00000
1065.81766 0.000000 -0.00000
1065.91046 0.000000 -0.00000
1066.00327 0.000000 -0.00000
1066.09607 0.000000 -0.00000
1066.18887 0.000000 -0.00000
1066.28167 0.000000 -0.00000
1066.37447 0.000000 -0.00000
1066.46727 0.000000 -0.00000
1066.56008 0.000000 -0.00000
1066.65288 0.000000 -0.00000
1066.74568 0.000000 -0.00000
1066.83848 0.000000 -0.00000
1066.93128 -0.000000 -0.00000
1067.02408 -0.000000 -0.00000
1067.11689 -0.000000 -0.00000
1067.20969 -0.000000 -0.00000
1067.30249 -0.000000 -0.00000
1067.39529 -0.000000 -0.00000
1067.48809 -0.000000 -0.00000
1067.58089 -0.000000 -0.00000
1067.67370 -0.000000 -0.00000
1067.76650 -0.000000 -0.00000
1067.85930 -0.000000 -0.00000
1067.95210 -0.000000 -0.00000
1068.04490 -0.000000 -0.00000
1068.13770 -0.000000 -0.00000
1068.23050 -0.000000 -0.00000
1068.32331 -0.000000 -0.00000
1068.41611 -0.000000 -0.00000
1068.50891 -0.000000 -0.00000
1068.60171 -0.000000 -0.00000
1068.69451 -0.000000 -0.00000
1068.78731 -0.000000 -0.00000
1068.88012 -0.000000 -0.00000
1068.97292 -0.000000 -0.00000
1069.06572 -0.000000 -0.00000
1069.15852 -0.000000 -0.00000
1069.25132 -0.000000 -0.00000
1069.34412 -0.000000 -0.00000
1069.43693 -0.000000 -0.00000
1069.52973 -0.000000 -0.00000
1069.62253 -0.000000 -0.00000
1069.71533 -0.000000 -0.00000
1069.80813 -0.000000 -0.00000
1069.90093 -0.000000 -0.00000
1069.99374 -0.000000 -0.00000
1070.08654 -0.000000 -0.00000
1070.17934 -0.000000 -0.00000
1070.27214 -0.000000 -0.00000
1070.36494 -0.000000 -0.00000
1070.45774 -0.000000 -0.00000
1070.55055 -0.000000 -0.00000
1070.64335 -0.000000 -0.00000
1070.73615 -0.000000 -0.00000
1070.82895 -0.000000 -0.00000
1070.92175 -0.000000 -0.00000
1071.01455 -0.000000 -0.00000
1071.10736 -0.000000 -0.00000
1071.20016 -0.000000 -0.00000
1071.29296 -0.000000 -0.00000
1071.38576 -0.000000 -0.00000
1071.47856 -0.000000 -0.00000
1071.57136 -0.000000 -0.00000
1071.66417 -0.000000 -0.00000
1071.75697 -0.000000 -0.00000
1071.84977 -0.000000 -0.00000
1071.94257 -0.000000 -0.00000
1072.03537 -0.000000 -0.00000
1072.12817 -0.000000 -0.00000
1072.22098 0.000000 -0.00000
1072.31378 0.000000 -0.00000
1072.40658 0.000000 -0.00000
1072.49938 0.000000 -0.00000
1072.59218 0.000000 -0.00000
1072.68498 0.000000 -0.00000
1072.77779 0.000000 -0.00000
1072.87059 0.000000 -0.00000
1072.96339 0.000000 -0.00000
1073.05619 0.000000 -0.00000
1073.14899 0.000000 -0.00000
1073.24179 0.000000 -0.00000
1073.33460 0.000000 -0.00000
1073.42740 0.000000 -0.00000
1073.52020 0.000000 -0.00000
1073.61300 0.000000 -0.00000
1073.70580 0.000000 -0.00000
1073.79860 0.000000 -0.00000
1073.89141 0.000000 -0.00000
1073.98421 0.000000 -0.00000
1074.07701 0.000000 -0.00000
1074.16981 0.000000 -0.00000
1074.26261 0.000000 -0.00000
1074.35541 0.000000 -0.00000
1074.44822 0.000000 -0.00000
1074.54102 0.000000 -0.00000
1074.63382 0.000000 -0.00000
1074.72662 0.000000 -0.00000
1074.81942 0.000000 -0.00000
1074.91222 0.000000 -0.00000
1075.00502 0.000000 -0.00000
1075.09783 0.000000 -0.00000
1075.19063 0.000000 -0.00000
1075.28343 0.000000 -0.00000
1075.37623 0.000000 -0.00000
1075.46903 0.000000 -0.00000
1075.56183 0.000000 -0.00000
1075.65464 0.000000 -0.00000
1075.74744 0.000000 -0.00000
1075.84024 0.000000 -0.00000
1075.93304 0.000000 -0.00000
1076.02584 0.000000 -0.00000
1076.11864 0.000000 -0.00000
1076.21145 0.000000 -0.00000
1076.30425 0.000000 -0.00000
1076.39705 0.000000 -0.00000
1076.48985 0.000000 -0.00000
1076.58265 0.000000 -0.00000
1076.67545 0.000000 -0.00000
1076.76826 0.000000 -0.00000
1076.86106 0.000000 -0.00000
1076.95386 0.000000 -0.00000
1077.04666 0.000000 -0.00000
1077.13946 0.000000 -0.00000
1077.23226 0.000000 -0.00000
1077.32507 0.000000 -0.00000
1077.41787 0.000000 -0.00000
1077.51067 0.000000 -0.00000
1077.60347 0.000000 -0.00000
1077.69627 0.000000 -0.00000
1077.78907 0.000000 -0.00000
1077.88188 0.000000 -0.00000
1077.97468 0.000000 -0.00000
1078.06748 0.000000 -0.00000
1078.16028 0.000000 -0.00000
1078.25308 0.000000 -0.00000
1078.34588 0.000000 -0.00000
1078.43869 0.000000 -0.00000
1078.53149 0.000000 -0.00000
1078.62429 0.000000 -0.00000
1078.71709 0.000000 -0.00000
1078.80989 0.000000 -0.00000
1078.90269 0.000000 -0.00000
1078.99550 0.000000 -0.00000
1079.08830 0.000000 -0.00000
1079.18110 0.000000 -0.00000
1079.27390 0.000000 -0.00000
1079.36670 0.000000 -0.00000
1079.45950 0.000000 -0.00000
1079.55231 0.000000 -0.00000
1079.64511 0.000000 -0.00000
1079.73791 0.000000 -0.00000
1079.83071 0.000000 -0.00000
1079.92351 0.000000 -0.00000
1080.01631 0.000000 -0.00000
1080.10912 0.000000 -0.00000
1080.20192 0.000000 -0.00000
1080.29472 0.000000 -0.00000
1080.38752 0.000000 -0.00000
1080.48032 0.000000 -0.00000
1080.57312 0.000000 -0.00000
1080.66593 0.000000 -0.00000
1080.75873 0.000000 -0.00000
1080.85153 0.000000 -0.00000
1080.94433 0.000000 -0.00000
1081.03713 0.000000 -0.00000
1081.12993 0.000000 -0.00000
1081.22274 0.000000 -0.00000
1081.31554 0.000000 -0.00000
1081.40834 0.000000 -0.00000
1081.50114 0.000000 -0.00000
1081.59394 0.000000 -0.00000
1081.68674 0.000000 -0.00000
1081.77954 0.000000 -0.00000
1081.87235 0.000000 -0.00000
1081.96515 0.000000 -0.00000
1082.05795 0.000000 -0.00000
1082.15075 0.000000 -0.00000
1082.24355 0.000000 -0.00000
1082.33635 0.000000 -0.00000
1082.42916 0.000000 -0.00000
1082.52196 0.000000 -0.00000
1082.61476 0.000000 -0.00000
1082.70756 0.000000 -0.00000
1082.80036 0.000000 -0.00000
1082.89316 0.000000 -0.00000
1082.98597 0.000000 -0.00000
1083.07877 0.000000 -0.00000
1083.17157 0.000000 -0.00000
1083.26437 0.000000 -0.00000
1083.35717 0.000000 -0.00000
1083.44997 0.000000 -0.00000
1083.54278 0.000000 -0.00000
1083.63558 0.000000 -0.00000
1083.72838 0.000000 -0.00000
1083.82118 0.000000 -0.00000
1083.91398 0.000000 -0.00000
1084.00678 0.000000 -0.00000
1084.09959 0.000000 -0.00000
1084.19239 0.000000 -0.00000
1084.28519 0.000000 -0.00000
1084.37799 0.000000 -0.00000
1084.47079 0.000000 -0.00000
1084.56359 0.000000 -0.00000
1084.65640 0.000000 -0.00000
1084.74920 0.000000 -0.00000
1084.84200 0.000000 -0.00000
1084.93480 0.000000 -0.00000
1085.02760 0.000000 -0.00000
1085.12040 0.000000 -0.00000
1085.21321 0.000000 -0.00000
1085.30601 0.000000 -0.00000
1085.39881 0.000000 -0.00000
1085.49161 0.000000 -0.00000
1085.58441 0.000000 -0.00000
1085.67721 0.000000 -0.00000
1085.77002 0.000000 -0.00000
1085.86282 0.000000 -0.00000
1085.95562 0.000000 -0.00000
1086.04842 0.000000 -0.00000
1086.14122 0.000000 -0.00000
1086.23402 0.000000 -0.00000
1086.32683 0.000000 -0.00000
1086.41963 0.000000 -0.00000
1086.51243 0.000000 -0.00000
1086.60523 0.000000 -0.00000
1086.69803 0.000000 -0.00000
1086.79083 0.000000 -0.00000
1086.88364 0.000000 -0.00000
1086.97644 0.000000 -0.00000
1087.06924 0.000000 -0.00000
1087.16204 0.000000 -0.00000
1087.25484 0.000000 -0.00000
1087.34764 0.000000 -0.00000
1087.44045 0.000000 -0.00000
1087.53325 0.000000 -0.00000
1087.62605 0.000000 -0.00000
1087.71885 0.000000 -0.00000
1087.81165 0.000000 -0.00000
1087.90445 0.000000 -0.00000
1087.99726 0.000000 -0.00000
1088.09006 0.000000 -0.00000
1088.18286 0.000000 -0.00000
1088.27566 0.000000 -0.00000
1088.36846 0.000000 -0.00000
1088.46126 0.000000 -0.00000
1088.55406 0.000000 -0.00000
1088.64687 0.000000 -0.00000
1088.73967 0.000000 -0.00000
1088.83247 0.000000 -0.00000
1088.92527 0.000000 -0.00000
1089.01807 0.000000 -0.00000
1089.11087 0.000000 -0.00000
1089.20368 0.000000 -0.00000
1089.29648 0.000000 -0.00000
1089.38928 0.000000 -0.00000
1089.48208 0.000000 -0.00000
1089.57488 0.000000 -0.00000
1089.66768 0.000000 -0.00000
1089.76049 0.000000 -0.00000
1089.85329 0.000000 -0.00000
1089.94609 0.000000 -0.00000
1090.03889 0.000000 -0.00000
1090.13169 0.000000 -0.00000
1090.22449 0.000000 -0.00000
1090.31730 0.000000 -0.00000
1090.41010 0.000000 -0.00000
1090.50290 0.000000 -0.00000
1090.59570 0.000000 -0.00000
1090.68850 0.000000 -0.00000
1090.78130 0.000000 -0.00000
1090.87411 0.000000 -0.00000
1090.96691 0.000000 -0.00000
1091.05971 0.000000 -0.00000
1091.15251 0.000000 -0.00000
1091.24531 0.000000 -0.00000
1091.33811 0.000000 -0.00000
1091.43092 0.000000 -0.00000
1091.52372 0.000000 -0.00000
1091.61652 0.000000 -0.00000
1091.70932 0.000000 -0.00000
1091.80212 0.000000 -0.00000
1091.89492 0.000000 -0.00000
1091.98773 0.000000 -0.00000
1092.08053 0.000000 -0.00000
1092.17333 0.000000 -0.00000
1092.26613 0.000000 -0.00000
1092.35893 0.000000 -0.00000
1092.45173 0.000000 -0.00000
1092.54454 0.000000 -0.00000
1092.63734 0.000000 -0.00000
1092.73014 0.000000 -0.00000
1092.82294 0.000000 -0.00000
1092.91574 0.000000 -0.00000
1093.00854 0.000000 -0.00000
1093.10135 0.000000 -0.00000
1093.19415 0.000000 -0.00000
1093.28695 0.000000 -0.00000
1093.37975 0.000000 -0.00000
1093.47255 0.000000 -0.00000
1093.56535 0.000000 -0.00000
1093.65816 0.000000 -0.00000
1093.75096 0.000000 -0.00000
1093.84376 0.000000 -0.00000
1093.93656 0.000000 -0.00000
1094.02936 0.000000 -0.00000
1094.12216 0.000000 -0.00000
1094.21497 0.000000 -0.00000
1094.30777 0.000000 -0.00000
1094.40057 0.000000 -0.00000
1094.49337 0.000000 -0.00000
1094.58617 0.000000 -0.00000
1094.67897 0.000000 -0.00000
1094.77178 0.000000 -0.00000
1094.86458 0.000000 -0.00000
1094.95738 0.000000 -0.00000
1095.05018 0.000000 -0.00000
1095.14298 0.000000 -0.00000
1095.23578 0.000000 -0.00000
1095.32858 0.000000 -0.00000
1095.42139 0.000000 -0.00000
1095.51419 0.000000 -0.00000
1095.60699 0.000000 -0.00000
1095.69979 0.000000 -0.00000
1095.79259 0.000000 -0.00000
1095.88539 0.000000 -0.00000
1095.97820 0.000000 -0.00000
1096.07100 0.000000 -0.00000
1096.16380 0.000000 -0.00000
1096.25660 0.000000 -0.00000
1096.34940 0.000000 -0.00000
1096.44220 0.000000 -0.00000
1096.53501 0.000000 -0.00000
1096.62781 0.000000 -0.00000
1096.72061 0.000000 -0.00000
1096.81341 0.000000 -0.00000
1096.90621 0.000000 -0.00000
1096.99901 0.000000 -0.00000
1097.09182 0.000000 -0.00000
1097.18462 0.000000 -0.00000
1097.27742 0.000000 -0.00000
1097.37022 0.000000 -0.00000
1097.46302 0.000000 -0.00000
1097.55582 0.000000 -0.00000
1097.64863 0.000000 -0.00000
1097.74143 0.000000 -0.00000
1097.83423 0.000000 -0.00000
1097.92703 0.000000 -0.00000
1098.01983 0.000000 -0.00000
1098.11263 0.000000 -0.00000
1098.20544 0.000000 -0.00000
1098.29824 0.000000 -0.00000
1098.39104 0.000000 -0.00000
1098.48384 0.000000 -0.00000
1098.57664 0.000000 -0.00000
1098.66944 0.000000 -0.00000
1098.76225 0.000000 -0.00000
1098.85505 0.000000 -0.00000
1098.94785 0.000000 -0.00000
1099.04065 0.000000 -0.00000
1099.13345 0.000000 -0.00000
1099.22625 0.000000 -0.00000
1099.31906 0.000000 -0.00000
1099.41186 0.000000 -0.00000
1099.50466 0.000000 -0.00000
1099.59746 0.000000 -0.00000
1099.69026 0.000000 -0.00000
1099.78306 0.000000 -0.00000
1099.87587 0.000000 -0.00000
1099.96867 0.000000 -0.00000
1100.06147 0.000000 -0.00000
1100.15427 0.000000 -0.00000
1100.24707 0.000000 -0.00000
1100.33987 0.000000 -0.00000
1100.43268 0.000000 -0.00000
1100.52548 0.000000 -0.00000
1100.61828 0.000000 -0.00000
1100.71108 0.000000 -0.00000
1100.80388 0.000000 -0.00000
1100.89668 0.000000 -0.00000
1100.98949 0.000000 -0.00000
1101.08229 0.000000 -0.00000
1101.17509 0.000000 -0.00000
1101.26789 0.000000 -0.00000
1101.36069 0.000000 -0.00000
1101.45349 0.000000 -0.00000
1101.54630 0.000000 -0.00000
1101.63910 0.000000 -0.00000
1101.73190 0.000000 -0.00000
1101.82470 0.000000 -0.00000
1101.91750 0.000000 -0.00000
1102.01030 0.000000 -0.00000
1102.10310 0.000000 -0.00000
1102.19591 0.000000 -0.00000
1102.28871 0.000000 -0.00000
1102.38151 0.000000 -0.00000
1102.47431 0.000000 -0.00000
1102.56711 0.000000 -0.00000
1102.65991 0.000000 -0.00000
1102.75272 0.000000 -0.00000
1102.84552 0.000000 -0.00000
1102.93832 0.000000 -0.00000
1103.03112 0.000000 -0.00000
1103.12392 0.000000 -0.00000
1103.21672 0.000000 -0.00000
1103.30953 0.000000 -0.00000
1103.40233 0.000000 -0.00000
1103.49513 0.000000 -0.00000
1103.58793 0.000000 -0.00000
1103.68073 0.000000 -0.00000
1103.77353 0.000000 -0.00000
1103.86634 0.000000 -0.00000
1103.95914 0.000000 -0.00000
1104.05194 0.000000 -0.00000
1104.14474 0.000000 -0.00000
1104.23754 0.000000 -0.00000
1104.33034 0.000000 -0.00000
1104.42315 0.000000 -0.00000
1104.51595 0.000000 -0.00000
1104.60875 0.000000 -0.00000
1104.70155 0.000000 -0.00000
1104.79435 0.000000 -0.00000
1104.88715 0.000000 -0.00000
1104.97996 0.000000 -0.00000
1105.07276 0.000000 -0.00000
1105.16556 0.000000 -0.00000
1105.25836 0.000000 -0.00000
1105.35116 0.000000 -0.00000
1105.44396 0.000000 -0.00000
1105.53677 0.000000 -0.00000
1105.62957 0.000000 -0.00000
1105.72237 0.000000 -0.00000
1105.81517 0.000000 -0.00000
1105.90797 0.000000 -0.00000
1106.00077 0.000000 -0.00000
1106.09358 0.000000 -0.00000
1106.18638 0.000000 -0.00000
1106.27918 0.000000 -0.00000
1106.37198 0.000000 -0.00000
1106.46478 0.000000 -0.00000
1106.55758 0.000000 -0.00000
1106.65039 0.000000 -0.00000
1106.74319 0.000000 -0.00000
1106.83599 0.000000 -0.00000
1106.92879 0.000000 -0.00000
1107.02159 0.000000 -0.00000
1107.11439 0.000000 -0.00000
1107.20720 0.000000 -0.00000
1107.30000 0.000000 -0.00000
1107.39280 0.000000 -0.00000
1107.48560 0.000000 -0.00000
1107.57840 0.000000 -0.00000
1107.67120 0.000000 -0.00000
1107.76401 0.000000 -0.00000
1107.85681 0.000000 -0.00000
1107.94961 0.000000 -0.00000
1108.04241 0.000000 -0.00000
1108.13521 0.000000 -0.00000
1108.22801 0.000000 -0.00000
1108.32082 0.000000 -0.00000
1108.41362 0.000000 -0.00000
1108.50642 0.000000 -0.00000
1108.59922 0.000000 -0.00000
1108.69202 0.000000 -0.00000
1108.78482 0.000000 -0.00000
1108.87762 0.000000 -0.00000
1108.97043 0.000000 -0.00000
1109.06323 0.000000 -0.00000
1109.15603 0.000000 -0.00000
1109.24883 0.000000 -0.00000
1109.34163 0.000000 -0.00000
1109.43443 0.000000 -0.00000
1109.52724 0.000000 -0.00000
1109.62004 0.000000 -0.00000
1109.71284 0.000000 -0.00000
1109.80564 0.000000 -0.00000
1109.89844 0.000000 -0.00000
1109.99124 0.000000 -0.00000
1110.08405 0.000000 -0.00000
1110.17685 0.000000 -0.00000
1110.26965 0.000000 -0.00000
1110.36245 0.000000 -0.00000
1110.45525 0.000000 -0.00000
1110.54805 0.000000 -0.00000
1110.64086 0.000000 -0.00000
1110.73366 0.000000 -0.00000
1110.82646 0.000000 -0.00000
1110.91926 0.000000 -0.00000
1111.01206 0.000000 -0.00000
1111.10486 0.000000 -0.00000
1111.19767 0.000000 -0.00000
1111.29047 0.000000 -0.00000
1111.38327 0.000000 -0.00000
1111.47607 0.000000 -0.00000
1111.56887 0.000000 -0.00000
1111.66167 0.000000 -0.00000
1111.75448 0.000000 -0.00000
1111.84728 0.000000 -0.00000
1111.94008 0.000000 -0.00000
1112.03288 0.000000 -0.00000
1112.12568 0.000000 -0.00000
1112.21848 0.000000 -0.00000
1112.31129 0.000000 -0.00000
1112.40409 0.000000 -0.00000
1112.49689 0.000000 -0.00000
1112.58969 0.000000 -0.00000
1112.68249 0.000000 -0.00000
1112.77529 0.000000 -0.00000
1112.86810 0.000000 -0.00000
1112.96090 0.000000 -0.00000
1113.05370 0.000000 -0.00000
1113.14650 0.000000 -0.00000
1113.23930 0.000000 -0.00000
1113.33210 0.000000 -0.00000
1113.42491 0.000000 -0.00000
1113.51771 0.000000 -0.00000
1113.61051 0.000000 -0.00000
1113.70331 0.000000 -0.00000
1113.79611 0.000000 -0.00000
1113.88891 0.000000 -0.00000
1113.98172 0.000000 -0.00000
1114.07452 0.000000 -0.00000
1114.16732 0.000000 -0.00000
1114.26012 0.000000 -0.00000
1114.35292 0.000000 -0.00000
1114.44572 0.000000 -0.00000
1114.53853 0.000000 -0.00000
1114.63133 0.000000 -0.00000
1114.72413 0.000000 -0.00000
1114.81693 0.000000 -0.00000
1114.90973 0.000000 -0.00000
1115.00253 0.000000 -0.00000
1115.09534 0.000000 -0.00000
1115.18814 0.000000 -0.00000
1115.28094 0.000000 -0.00000
1115.37374 0.000000 -0.00000
1115.46654 0.000000 -0.00000
1115.55934 0.000000 -0.00000
1115.65214 0.000000 -0.00000
1115.74495 0.000000 -0.00000
1115.83775 0.000000 -0.00000
1115.93055 0.000000 -0.00000
1116.02335 0.000000 -0.00000
1116.11615 0.000000 -0.00000
1116.20895 0.000000 -0.00000
1116.30176 0.000000 -0.00000
1116.39456 0.000000 -0.00000
1116.48736 0.000000 -0.00000
1116.58016 0.000000 -0.00000
1116.67296 0.000000 -0.00000
1116.76576 0.000000 -0.00000
1116.85857 0.000000 -0.00000
1116.95137 0.000000 -0.00000
1117.04417 0.000000 -0.00000
1117.13697 0.000000 -0.00000
1117.22977 0.000000 -0.00000
1117.32257 0.000000 -0.00000
1117.41538 0.000000 -0.00000
1117.50818 0.000000 -0.00000
1117.60098 0.000000 -0.00000
1117.69378 0.000000 -0.00000
1117.78658 0.000000 -0.00000
1117.87938 0.000000 -0.00000
1117.97219 0.000000 -0.00000
1118.06499 0.000000 -0.00000
1118.15779 0.000000 -0.00000
1118.25059 0.000000 -0.00000
1118.34339 0.000000 -0.00000
1118.43619 0.000000 -0.00000
1118.52900 0.000000 -0.00000
1118.62180 0.000000 -0.00000
1118.71460 0.000000 -0.00000
1118.80740 0.000000 -0.00000
1118.90020 0.000000 -0.00000
1118.99300 0.000000 -0.00000
1119.08581 0.000000 -0.00000
1119.17861 0.000000 -0.00000
1119.27141 0.000000 -0.00000
1119.36421 0.000000 -0.00000
1119.45701 0.000000 -0.00000
1119.54981 0.000000 -0.00000
1119.64262 0.000000 -0.00000
1119.73542 0.000000 -0.00000
1119.82822 0.000000 -0.00000
1119.92102 0.000000 -0.00000
1120.01382 0.000000 -0.00000
1120.10662 0.000000 -0.00000
1120.19943 0.000000 -0.00000
1120.29223 0.000000 -0.00000
1120.38503 0.000000 0.00000
1120.47783 0.000000 0.00000
1120.57063 0.000000 0.00000
1120.66343 0.000000 0.00000
1120.75624 0.000000 0.00000
1120.84904 0.000000 0.00000
1120.94184 0.000000 0.00000
1121.03464 0.000000 0.00000
1121.12744 0.000000 0.00000
1121.22024 0.000000 0.00000
1121.31305 0.000000 0.00000
1121.40585 0.000000 0.00000
1121.49865 0.000000 0.00000
1121.59145 0.000000 0.00000
1121.68425 0.000000 0.00000
1121.77705 0.000000 0.00000
1121.86986 0.000000 0.00000
1121.96266 0.000000 0.00000
1122.05546 0.000000 0.00000
1122.14826 0.000000 0.00000
1122.24106 0.000000 0.00000
1122.33386 0.000000 0.00000
1122.42666 0.000000 0.00000
1122.51947 0.000000 0.00000
1122.61227 0.000000 0.00000
1122.70507 0.000000 0.00000
1122.79787 0.000000 0.00000
1122.89067 0.000000 0.00000
1122.98347 0.000000 0.00000
1123.07628 0.000000 0.00000
1123.16908 0.000000 0.00000
1123.26188 0.000000 0.00000
1123.35468 0.000000 0.00000
1123.44748 0.000000 0.00000
1123.54028 0.000000 0.00000
1123.63309 0.000000 0.00000
1123.72589 0.000000 0.00000
1123.81869 0.000000 0.00000
1123.91149 0.000000 0.00000
1124.00429 0.000000 0.00000
1124.09709 0.000000 0.00000
1124.18990 0.000000 0.00000
1124.28270 0.000000 0.00000
1124.37550 0.000000 0.00000
1124.46830 0.000000 0.00000
1124.56110 0.000000 0.00000
1124.65390 0.000000 0.00000
1124.74671 0.000000 0.00000
1124.83951 0.000000 0.00000
1124.93231 0.000000 0.00000
1125.02511 0.000000 0.00000
1125.11791 0.000000 0.00000
1125.21071 0.000000 0.00000
1125.30352 0.000000 0.00000
1125.39632 0.000000 0.00000
1125.48912 0.000000 0.00000
1125.58192 0.000000 0.00000
1125.67472 0.000000 0.00000
1125.76752 0.000000 0.00000
1125.86033 0.000000 0.00000
1125.95313 0.000000 0.00000
1126.04593 0.000000 0.00000
1126.13873 0.000000 0.00000
1126.23153 0.000000 0.00000
1126.32433 0.000000 0.00000
1126.41714 0.000000 0.00000
1126.50994 0.000000 0.00000
1126.60274 0.000000 0.00000
1126.69554 0.000000 0.00000
1126.78834 0.000000 0.00000
1126.88114 0.000000 0.00000
1126.97395 0.000000 0.00000
1127.06675 0.000000 0.00000
1127.15955 0.000000 0.00000
1127.25235 0.000000 0.00000
1127.34515 0.000000 0.00000
1127.43795 0.000000 0.00000
1127.53076 0.000000 0.00000
1127.62356 0.000000 0.00000
1127.71636 0.000000 0.00000
1127.80916 0.000000 0.00000
1127.90196 0.000000 0.00000
1127.99476 0.000000 0.00000
1128.08757 0.000000 0.00000
1128.18037 0.000000 0.00000
1128.27317 0.000000 0.00000
1128.36597 0.000000 0.00000
1128.45877 0.000000 0.00000
1128.55157 0.000000 0.00000
1128.64438 0.000000 0.00000
1128.73718 0.000000 0.00000
1128.82998 0.000000 0.00000
1128.92278 0.000000 0.00000
1129.01558 0.000000 0.00000
1129.10838 0.000000 0.00000
1129.20118 0.000000 0.00000
1129.29399 0.000000 0.00000
1129.38679 0.000000 0.00000
1129.47959 0.000000 0.00000
1129.57239 0.000000 0.00000
1129.66519 0.000000 0.00000
1129.75799 0.000000 0.00000
1129.85080 0.000000 0.00000
1129.94360 0.000000 0.00000
1130.03640 0.000000 0.00000
1130.12920 0.000000 0.00000
1130.22200 0.000000 0.00000
1130.31480 0.000000 0.00000
1130.40761 0.000000 0.00000
1130.50041 0.000000 0.00000
1130.59321 0.000000 0.00000
1130.68601 0.000000 0.00000
1130.77881 0.000000 0.00000
1130.87161 0.000000 0.00000
1130.96442 0.000000 0.00000
1131.05722 0.000000 0.00000
1131.15002 0.000000 0.00000
1131.24282 0.000000 0.00000
1131.33562 0.000000 0.00000
1131.42842 0.000000 0.00000
1131.52123 0.000000 0.00000
1131.61403 0.000000 0.00000
1131.70683 0.000000 0.00000
1131.79963 0.000000 0.00000
1131.89243 0.000000 0.00000
1131.98523 0.000000 0.00000
1132.07804 0.000000 0.00000
1132.17084 0.000000 0.00000
1132.26364 0.000000 0.00000
1132.35644 0.000000 0.00000
1132.44924 0.000000 0.00000
1132.54204 0.000000 0.00000
1132.63485 0.000000 0.00000
1132.72765 0.000000 0.00000
1132.82045 0.000000 0.00000
1132.91325 0.000000 0.00000
1133.00605 0.000000 0.00000
1133.09885 0.000000 0.00000
1133.19166 0.000000 0.00000
1133.28446 0.000000 0.00000
1133.37726 0.000000 0.00000
1133.47006 0.000000 0.00000
1133.56286 0.000000 0.00000
1133.65566 0.000000 0.00000
1133.74847 0.000000 0.00000
1133.84127 0.000000 0.00000
1133.93407 0.000000 0.00000
1134.02687 0.000000 0.00000
1134.11967 0.000000 0.00000
1134.21247 0.000000 0.00000
1134.30528 0.000000 0.00000
1134.39808 0.000000 0.00000
1134.49088 0.000000 0.00000
1134.58368 0.000000 0.00000
1134.67648 0.000000 0.00000
1134.76928 0.000000 0.00000
1134.86209 0.000000 0.00000
1134.95489 0.000000 0.00000
1135.04769 0.000000 0.00000
1135.14049 0.000000 0.00000
1135.23329 0.000000 0.00000
1135.32609 0.000000 0.00000
1135.41890 0.000000 0.00000
1135.51170 0.000000 0.00000
1135.60450 0.000000 0.00000
1135.69730 0.000000 0.00000
1135.79010 0.000000 0.00000
1135.88290 0.000000 0.00000
1135.97570 0.000000 0.00000
1136.06851 0.000000 0.00000
1136.16131 0.000000 0.00000
1136.25411 0.000000 0.00000
1136.34691 0.000000 0.00000
1136.43971 0.000000 0.00000
1136.53251 0.000000 0.00000
1136.62532 0.000000 0.00000
1136.71812 0.000000 0.00000
1136.81092 0.000000 0.00000
1136.90372 0.000000 0.00000
1136.99652 0.000000 0.00000
1137.08932 0.000000 0.00000
1137.18213 0.000000 0.00000
1137.27493 0.000000 0.00000
1137.36773 0.000000 0.00000
1137.46053 0.000000 0.00000
1137.55333 0.000000 0.00000
1137.64613 0.000000 0.00000
1137.73894 0.000000 0.00000
1137.83174 0.000000 0.00000
1137.92454 0.000000 0.00000
1138.01734 0.000000 0.00000
1138.11014 0.000000 0.00000
1138.20294 0.000000 0.00000
1138.29575 0.000000 0.00000
1138.38855 0.000000 0.00000
1138.48135 0.000000 0.00000
1138.57415 0.000000 0.00000
1138.66695 0.000000 0.00000
1138.75975 0.000000 0.00000
1138.85256 0.000000 0.00000
1138.94536 0.000000 0.00000
1139.03816 0.000000 0.00000
1139.13096 0.000000 0.00000
1139.22376 0.000000 0.00000
1139.31656 0.000000 0.00000
1139.40937 0.000000 0.00000
1139.50217 0.000000 0.00000
1139.59497 0.000000 0.00000
1139.68777 0.000000 0.00000
1139.78057 0.000000 0.00000
1139.87337 0.000000 0.00000
1139.96618 0.000000 0.00000
1140.05898 0.000000 0.00000
1140.15178 0.000000 0.00000
1140.24458 0.000000 0.00000
1140.33738 0.000000 0.00000
1140.43018 0.000000 0.00000
1140.52299 0.000000 0.00000
1140.61579 0.000000 0.00000
1140.70859 0.000000 0.00000
1140.80139 0.000000 0.00000
1140.89419 0.000000 0.00000
1140.98699 0.000000 0.00000
1141.07980 0.000000 0.00000
1141.17260 0.000000 0.00000
1141.26540 0.000000 0.00000
1141.35820 0.000000 0.00000
1141.45100 0.000000 0.00000
1141.54380 0.000000 0.00000
1141.63661 0.000000 0.00000
1141.72941 0.000000 0.00000
1141.82221 0.000000 0.00000
1141.91501 0.000000 0.00000
1142.00781 0.000000 0.00000
1142.10061 0.000000 0.00000
1142.19342 0.000000 0.00000
1142.28622 0.000000 0.00000
1142.37902 0.000000 0.00000
1142.47182 0.000000 0.00000
1142.56462 0.000000 0.00000
1142.65742 0.000000 0.00000
1142.75023 0.000000 0.00000
1142.84303 0.000000 0.00000
1142.93583 0.000000 0.00000
1143.02863 0.000000 0.00000
1143.12143 0.000000 0.00000
1143.21423 0.000000 0.00000
1143.30703 0.000000 0.00000
1143.39984 0.000000 0.00000
1143.49264 0.000000 0.00000
1143.58544 0.000000 0.00000
1143.67824 0.000000 0.00000
1143.77104 0.000000 0.00000
1143.86384 0.000000 0.00000
1143.95665 0.000000 0.00000
1144.04945 0.000000 0.00000
1144.14225 0.000000 0.00000
1144.23505 0.000000 0.00000
1144.32785 0.000000 0.00000
1144.42065 0.000000 0.00000
1144.51346 0.000000 0.00000
1144.60626 0.000000 0.00000
1144.69906 0.000000 0.00000
1144.79186 0.000000 0.00000
1144.88466 0.000000 0.00000
1144.97746 0.000000 0.00000
1145.07027 0.000000 0.00000
1145.16307 0.000000 0.00000
1145.25587 0.000000 0.00000
1145.34867 0.000000 0.00000
1145.44147 0.000000 0.00000
1145.53427 0.000000 0.00000
1145.62708 0.000000 0.00000
1145.71988 0.000000 0.00000
1145.81268 0.000000 0.00000
1145.90548 0.000000 0.00000
1145.99828 0.000000 0.00000
1146.09108 0.000000 0.00000
1146.18389 0.000000 0.00000
1146.27669 0.000000 0.00000
1146.36949 0.000000 0.00000
1146.46229 0.000000 0.00000
1146.55509 0.000000 0.00000
1146.64789 0.000000 0.00000
1146.74070 0.000000 0.00000
1146.83350 0.000000 0.00000
1146.92630 0.000000 0.00000
1147.01910 0.000000 0.00000
1147.11190 0.000000 0.00000
1147.20470 0.000000 0.00000
1147.29751 0.000000 0.00000
1147.39031 0.000000 0.00000
1147.48311 0.000000 0.00000
1147.57591 0.000000 0.00000
1147.66871 0.000000 0.00000
1147.76151 0.000000 0.00000
1147.85432 0.000000 0.00000
1147.94712 0.000000 0.00000
1148.03992 0.000000 0.00000
1148.13272 0.000000 0.00000
1148.22552 0.000000 0.00000
1148.31832 0.000000 0.00000
1148.41113 0.000000 0.00000
1148.50393 0.000000 0.00000
1148.59673 0.000000 0.00000
1148.68953 0.000000 0.00000
1148.78233 0.000000 0.00000
1148.87513 0.000000 0.00000
1148.96794 0.000000 0.00000
1149.06074 0.000000 0.00000
1149.15354 0.000000 0.00000
1149.24634 0.000000 0.00000
1149.33914 0.000000 0.00000
1149.43194 0.000000 0.00000
1149.52475 0.000000 0.00000
1149.61755 0.000000 0.00000
1149.71035 0.000000 0.00000
1149.80315 0.000000 0.00000
1149.89595 0.000000 0.00000
1149.98875 0.000000 0.00000
1150.08155 0.000000 0.00000
1150.17436 0.000000 0.00000
1150.26716 0.000000 0.00000
1150.35996 0.000000 0.00000
1150.45276 0.000000 0.00000
1150.54556 0.000000 0.00000
1150.63836 0.000000 0.00000
1150.73117 0.000000 0.00000
1150.82397 0.000000 0.00000
1150.91677 0.000000 0.00000
1151.00957 0.000000 0.00000
1151.10237 0.000000 0.00000
1151.19517 0.000000 0.00000
1151.28798 0.000000 0.00000
1151.38078 0.000000 0.00000
1151.47358 0.000000 0.00000
1151.56638 0.000000 0.00000
1151.65918 0.000000 0.00000
1151.75198 0.000000 0.00000
1151.84479 0.000000 0.00000
1151.93759 0.000000 0.00000
1152.03039 0.000000 0.00000
1152.12319 0.000000 0.00000
1152.21599 0.000000 0.00000
1152.30879 0.000000 0.00000
1152.40160 0.000000 0.00000
1152.49440 0.000000 0.00000
1152.58720 0.000000 0.00000
1152.68000 0.000000 0.00000
1152.77280 0.000000 0.00000
1152.86560 0.000000 0.00000
1152.95841 0.000000 0.00000
1153.05121 0.000000 0.00000
1153.14401 0.000000 0.00000
1153.23681 0.000000 0.00000
1153.32961 0.000000 0.00000
1153.42241 0.000000 0.00000
1153.51522 0.000000 0.00000
1153.60802 0.000000 0.00000
1153.70082 0.000000 0.00000
1153.79362 0.000000 0.00000
1153.88642 0.000000 0.00000
1153.97922 0.000000 0.00000
1154.07203 0.000000 0.00000
1154.16483 0.000000 0.00000
1154.25763 0.000000 0.00000
1154.35043 0.000000 0.00000
1154.44323 0.000000 0.00000
1154.53603 0.000000 0.00000
1154.62884 0.000000 0.00000
1154.72164 0.000000 0.00000
1154.81444 0.000000 0.00000
1154.90724 0.000000 0.00000
1155.00004 0.000000 0.00000
1155.09284 0.000000 0.00000
1155.18565 0.000000 0.00000
1155.27845 0.000000 0.00000
1155.37125 0.000000 0.00000
1155.46405 0.000000 0.00000
1155.55685 0.000000 0.00000
1155.64965 0.000000 0.00000
1155.74246 0.000000 0.00000
1155.83526 0.000000 0.00000
1155.92806 0.000000 0.00000
1156.02086 0.000000 0.00000
1156.11366 0.000000 0.00000
1156.20646 0.000000 0.00000
1156.29927 0.000000 0.00000
1156.39207 0.000000 0.00000
1156.48487 0.000000 0.00000
1156.57767 0.000000 0.00000
1156.67047 0.000000 0.00000
1156.76327 0.000000 0.00000
1156.85607 0.000000 0.00000
1156.94888 0.000000 0.00000
1157.04168 0.000000 0.00000
1157.13448 0.000000 0.00000
1157.22728 0.000000 0.00000
1157.32008 0.000000 0.00000
1157.41288 0.000000 0.00000
1157.50569 0.000000 0.00000
1157.59849 0.000000 0.00000
1157.69129 0.000000 0.00000
1157.78409 0.000000 0.00000
1157.87689 0.000000 0.00000
1157.96969 0.000000 0.00000
1158.06250 0.000000 0.00000
1158.15530 0.000000 0.00000
1158.24810 0.000000 0.00000
1158.34090 0.000000 0.00000
1158.43370 0.000000 0.00000
1158.52650 0.000000 0.00000
1158.61931 0.000000 0.00000
1158.71211 0.000000 0.00000
1158.80491 0.000000 0.00000
1158.89771 0.000000 0.00000
1158.99051 0.000000 0.00000
1159.08331 0.000000 0.00000
1159.17612 0.000000 0.00000
1159.26892 0.000000 0.00000
1159.36172 0.000000 0.00000
1159.45452 0.000000 0.00000
1159.54732 0.000000 0.00000
1159.64012 0.000000 0.00000
1159.73293 0.000000 0.00000
1159.82573 0.000000 0.00000
1159.91853 0.000000 0.00000
1160.01133 0.000000 0.00000
1160.10413 0.000000 0.00000
1160.19693 0.000000 0.00000
1160.28974 0.000000 0.00000
1160.38254 0.000000 0.00000
1160.47534 0.000000 0.00000
1160.56814 0.000000 0.00000
1160.66094 0.000000 0.00000
1160.75374 0.000000 0.00000
1160.84655 0.000000 0.00000
1160.93935 0.000000 0.00000
1161.03215 0.000000 0.00000
1161.12495 0.000000 0.00000
1161.21775 0.000000 0.00000
1161.31055 0.000000 0.00000
1161.40336 0.000000 0.00000
1161.49616 0.000000 0.00000
1161.58896 0.000000 0.00000
1161.68176 0.000000 0.00000
1161.77456 0.000000 0.00000
1161.86736 0.000000 0.00000
1161.96017 0.000000 0.00000
1162.05297 0.000000 0.00000
1162.14577 0.000000 0.00000
1162.23857 0.000000 0.00000
1162.33137 0.000000 0.00000
1162.42417 0.000000 0.00000
1162.51698 0.000000 0.00000
1162.60978 0.000000 0.00000
1162.70258 0.000000 0.00000
1162.79538 0.000000 0.00000
1162.88818 0.000000 0.00000
1162.98098 0.000000 0.00000
1163.07379 0.000000 0.00000
1163.16659 0.000000 0.00000
1163.25939 0.000000 0.00000
1163.35219 0.000000 0.00000
1163.44499 0.000000 0.00000
1163.53779 0.000000 0.00000
1163.63059 0.000000 0.00000
1163.72340 0.000000 0.00000
1163.81620 0.000000 0.00000
1163.90900 0.000000 0.00000
1164.00180 0.000000 0.00000
1164.09460 0.000000 0.00000
1164.18740 0.000000 0.00000
1164.28021 0.000000 0.00000
1164.37301 0.000000 0.00000
1164.46581 0.000000 0.00000
1164.55861 0.000000 0.00000
1164.65141 0.000000 0.00000
1164.74421 0.000000 0.00000
1164.83702 0.000000 0.00000
1164.92982 0.000000 0.00000
1165.02262 0.000000 0.00000
1165.11542 0.000000 0.00000
1165.20822 0.000000 0.00000
1165.30102 0.000000 0.00000
1165.39383 0.000000 0.00000
1165.48663 0.000000 0.00000
1165.57943 0.000000 0.00000
1165.67223 0.000000 0.00000
1165.76503 0.000000 0.00000
1165.85783 0.000000 0.00000
1165.95064 0.000000 0.00000
1166.04344 0.000000 0.00000
1166.13624 0.000000 0.00000
1166.22904 0.000000 0.00000
1166.32184 0.000000 0.00000
1166.41464 0.000000 0.00000
1166.50745 0.000000 0.00000
1166.60025 0.000000 0.00000
1166.69305 0.000000 0.00000
1166.78585 0.000000 0.00000
1166.87865 0.000000 0.00000
1166.97145 0.000000 0.00000
1167.06426 0.000000 0.00000
1167.15706 0.000000 0.00000
1167.24986 0.000000 0.00000
1167.34266 0.000000 0.00000
1167.43546 0.000000 0.00000
1167.52826 0.000000 0.00000
1167.62107 0.000000 0.00000
1167.71387 0.000000 0.00000
1167.80667 0.000000 0.00000
1167.89947 0.000000 0.00000
1167.99227 0.000000 0.00000
1168.08507 0.000000 0.00000
1168.17788 0.000000 0.00000
1168.27068 0.000000 0.00000
1168.36348 0.000000 0.00000
1168.45628 0.000000 0.00000
1168.54908 0.000000 0.00000
1168.64188 0.000000 0.00000
1168.73469 0.000000 0.00000
1168.82749 0.000000 0.00000
1168.92029 0.000000 0.00000
1169.01309 0.000000 0.00000
1169.10589 0.000000 0.00000
1169.19869 0.000000 0.00000
1169.29150 0.000000 0.00000
1169.38430 0.000000 0.00000
1169.47710 0.000000 0.00000
1169.56990 0.000000 0.00000
1169.66270 0.000000 0.00000
1169.75550 0.000000 0.00000
1169.84831 0.000000 0.00000
1169.94111 0.000000 0.00000
1170.03391 0.000000 0.00000
1170.12671 0.000000 0.00000
1170.21951 0.000000 0.00000
1170.31231 0.000000 0.00000
1170.40511 0.000000 0.00000
1170.49792 0.000000 0.00000
1170.59072 0.000000 0.00000
1170.68352 0.000000 0.00000
1170.77632 0.000000 0.00000
1170.86912 0.000000 0.00000
1170.96192 0.000000 0.00000
1171.05473 0.000000 0.00000
1171.14753 0.000000 0.00000
1171.24033 0.000000 0.00000
1171.33313 0.000000 0.00000
1171.42593 0.000000 0.00000
1171.51873 0.000000 0.00000
1171.61154 0.000000 0.00000
1171.70434 0.000000 0.00000
1171.79714 0.000000 0.00000
1171.88994 0.000000 0.00000
1171.98274 0.000000 0.00000
1172.07554 0.000000 0.00000
1172.16835 0.000000 0.00000
1172.26115 0.000000 0.00000
1172.35395 0.000000 0.00000
1172.44675 0.000000 0.00000
1172.53955 0.000000 0.00000
1172.63235 0.000000 0.00000
1172.72516 0.000000 0.00000
1172.81796 0.000000 0.00000
1172.91076 0.000000 0.00000
1173.00356 0.000000 0.00000
1173.09636 0.000000 0.00000
1173.18916 0.000000 0.00000
1173.28197 0.000000 0.00000
1173.37477 0.000000 0.00000
1173.46757 0.000000 0.00000
1173.56037 0.000000 0.00000
1173.65317 0.000000 0.00000
1173.74597 0.000000 0.00000
1173.83878 0.000000 0.00000
1173.93158 0.000000 0.00000
1174.02438 0.000000 0.00000
1174.11718 0.000000 0.00000
1174.20998 0.000000 0.00000
1174.30278 0.000000 0.00000
1174.39559 0.000000 0.00000
1174.48839 0.000000 0.00000
1174.58119 0.000000 0.00000
1174.67399 0.000000 0.00000
1174.76679 0.000000 0.00000
1174.85959 0.000000 0.00000
1174.95240 0.000000 0.00000
1175.04520 0.000000 0.00000
1175.13800 0.000000 0.00000
1175.23080 0.000000 0.00000
1175.32360 0.000000 0.00000
1175.41640 0.000000 0.00000
1175.50921 0.000000 0.00000
1175.60201 0.000000 0.00000
1175.69481 0.000000 0.00000
1175.78761 0.000000 0.00000
1175.88041 0.000000 0.00000
1175.97321 0.000000 0.00000
1176.06602 0.000000 0.00000
1176.15882 0.000000 0.00000
1176.25162 0.000000 0.00000
1176.34442 0.000000 0.00000
1176.43722 0.000000 0.00000
1176.53002 0.000000 0.00000
1176.62283 0.000000 0.00000
1176.71563 0.000000 0.00000
1176.80843 0.000000 0.00000
1176.90123 0.000000 0.00000
1176.99403 0.000000 0.00000
1177.08683 0.000000 0.00000
1177.17963 0.000000 0.00000
1177.27244 0.000000 0.00000
1177.36524 0.000000 0.00000
1177.45804 0.000000 0.00000
1177.55084 0.000000 0.00000
1177.64364 0.000000 0.00000
1177.73644 0.000000 0.00000
1177.82925 0.000000 0.00000
1177.92205 0.000000 0.00000
1178.01485 0.000000 0.00000
1178.10765 0.000000 0.00000
1178.20045 0.000000 0.00000
1178.29325 0.000000 0.00000
1178.38606 0.000000 0.00000
1178.47886 0.000000 0.00000
1178.57166 0.000000 0.00000
1178.66446 0.000000 0.00000
1178.75726 0.000000 0.00000
1178.85006 0.000000 0.00000
1178.94287 0.000000 0.00000
1179.03567 0.000000 0.00000
1179.12847 0.000000 0.00000
1179.22127 0.000000 0.00000
1179.31407 0.000000 0.00000
1179.40687 0.000000 0.00000
1179.49968 0.000000 0.00000
1179.59248 0.000000 0.00000
1179.68528 0.000000 0.00000
1179.77808 0.000000 0.00000
1179.87088 0.000000 0.00000
1179.96368 0.000000 0.00000
1180.05649 0.000000 0.00000
1180.14929 0.000000 0.00000
1180.24209 0.000000 0.00000
1180.33489 0.000000 0.00000
1180.42769 0.000000 0.00000
1180.52049 0.000000 0.00000
1180.61330 0.000000 0.00000
1180.70610 0.000000 0.00000
1180.79890 0.000000 0.00000
1180.89170 0.000000 0.00000
1180.98450 0.000000 0.00000
1181.07730 0.000000 0.00000
1181.17011 0.000000 0.00000
1181.26291 0.000000 0.00000
1181.35571 0.000000 0.00000
1181.44851 0.000000 0.00000
1181.54131 0.000000 0.00000
1181.63411 0.000000 0.00000
1181.72692 0.000000 0.00000
1181.81972 0.000000 0.00000
1181.91252 0.000000 0.00000
1182.00532 0.000000 0.00000
1182.09812 0.000000 0.00000
1182.19092 0.000000 0.00000
1182.28373 0.000000 0.00000
1182.37653 0.000000 0.00000
1182.46933 0.000000 0.00000
1182.56213 0.000000 0.00000
1182.65493 0.000000 0.00000
1182.74773 0.000000 0.00000
1182.84054 0.000000 0.00000
1182.93334 0.000000 0.00000
1183.02614 0.000000 0.00000
1183.11894 0.000000 0.00000
1183.21174 0.000000 0.00000
1183.30454 0.000000 0.00000
1183.39735 0.000000 0.00000
1183.49015 0.000000 0.00000
1183.58295 0.000000 0.00000
1183.67575 0.000000 0.00000
1183.76855 0.000000 0.00000
1183.86135 0.000000 0.00000
1183.95415 0.000000 0.00000
1184.04696 0.000000 0.00000
1184.13976 0.000000 0.00000
1184.23256 0.000000 0.00000
1184.32536 0.000000 0.00000
1184.41816 0.000000 0.00000
1184.51096 0.000000 0.00000
1184.60377 0.000000 0.00000
1184.69657 0.000000 0.00000
1184.78937 0.000000 0.00000
1184.88217 0.000000 0.00000
1184.97497 0.000000 0.00000
1185.06777 0.000000 0.00000
1185.16058 0.000000 0.00000
1185.25338 0.000000 0.00000
1185.34618 0.000000 0.00000
1185.43898 0.000000 0.00000
1185.53178 0.000000 0.00000
1185.62458 0.000000 0.00000
1185.71739 0.000000 0.00000
1185.81019 0.000000 0.00000
1185.90299 0.000000 0.00000
1185.99579 0.000000 0.00000
1186.08859 0.000000 0.00000
1186.18139 0.000000 0.00000
1186.27420 0.000000 0.00000
1186.36700 0.000000 0.00000
1186.45980 0.000000 0.00000
1186.55260 0.000000 0.00000
1186.64540 0.000000 0.00000
1186.73820 0.000000 0.00000
1186.83101 0.000000 0.00000
1186.92381 0.000000 0.00000
1187.01661 0.000000 0.00000
1187.10941 0.000000 0.00000
1187.20221 0.000000 0.00000
1187.29501 0.000000 0.00000
1187.38782 0.000000 0.00000
1187.48062 0.000000 0.00000
1187.57342 0.000000 0.00000
1187.66622 0.000000 0.00000
1187.75902 0.000000 0.00000
1187.85182 0.000000 0.00000
1187.94463 0.000000 0.00000
1188.03743 0.000000 0.00000
1188.13023 0.000000 0.00000
1188.22303 0.000000 0.00000
1188.31583 0.000000 0.00000
1188.40863 0.000000 0.00000
1188.50144 0.000000 0.00000
1188.59424 0.000000 0.00000
1188.68704 0.000000 0.00000
1188.77984 0.000000 0.00000
1188.87264 0.000000 0.00000
1188.96544 0.000000 0.00000
1189.05825 0.000000 0.00000
1189.15105 0.000000 0.00000
1189.24385 0.000000 0.00000
1189.33665 0.000000 0.00000
1189.42945 0.000000 0.00000
1189.52225 0.000000 0.00000
1189.61506 0.000000 0.00000
1189.70786 0.000000 0.00000
1189.80066 0.000000 0.00000
1189.89346 0.000000 0.00000
1189.98626 0.000000 0.00000
1190.07906 0.000000 0.00000
1190.17187 0.000000 0.00000
1190.26467 0.000000 0.00000
1190.35747 0.000000 0.00000
1190.45027 0.000000 0.00000
1190.54307 0.000000 0.00000
1190.63587 0.000000 0.00000
1190.72867 0.000000 0.00000
1190.82148 0.000000 0.00000
1190.91428 0.000000 0.00000
1191.00708 0.000000 0.00000
1191.09988 0.000000 0.00000
1191.19268 0.000000 0.00000
1191.28548 0.000000 0.00000
1191.37829 0.000000 0.00000
1191.47109 0.000000 0.00000
1191.56389 0.000000 0.00000
1191.65669 0.000000 0.00000
1191.74949 0.000000 0.00000
1191.84229 0.000000 0.00000
1191.93510 0.000000 0.00000
1192.02790 0.000000 0.00000
1192.12070 0.000000 0.00000
1192.21350 0.000000 0.00000
1192.30630 0.000000 0.00000
1192.39910 0.000000 0.00000
1192.49191 0.000000 0.00000
1192.58471 0.000000 0.00000
1192.67751 0.000000 0.00000
1192.77031 0.000000 0.00000
1192.86311 0.000000 0.00000
1192.95591 0.000000 0.00000
1193.04872 0.000000 0.00000
1193.14152 0.000000 0.00000
1193.23432 0.000000 0.00000
1193.32712 0.000000 0.00000
1193.41992 0.000000 0.00000
1193.51272 0.000000 0.00000
1193.60553 0.000000 0.00000
1193.69833 0.000000 0.00000
1193.79113 0.000000 0.00000
1193.88393 0.000000 0.00000
1193.97673 0.000000 0.00000
1194.06953 0.000000 0.00000
1194.16234 0.000000 0.00000
1194.25514 0.000000 0.00000
1194.34794 0.000000 0.00000
1194.44074 0.000000 0.00000
1194.53354 0.000000 0.00000
1194.62634 0.000000 0.00000
1194.71915 0.000000 0.00000
1194.81195 0.000000 0.00000
1194.90475 0.000000 0.00000
1194.99755 0.000000 0.00000
1195.09035 0.000000 0.00000
1195.18315 0.000000 0.00000
1195.27596 0.000000 0.00000
1195.36876 0.000000 0.00000
1195.46156 0.000000 0.00000
1195.55436 0.000000 0.00000
1195.64716 0.000000 0.00000
1195.73996 0.000000 0.00000
1195.83277 0.000000 0.00000
1195.92557 0.000000 0.00000
1196.01837 0.000000 0.00000
1196.11117 0.000000 0.00000
1196.20397 0.000000 0.00000
1196.29677 0.000000 0.00000
1196.38958 0.000000 0.00000
1196.48238 0.000000 0.00000
1196.57518 0.000000 0.00000
1196.66798 0.000000 0.00000
1196.76078 0.000000 0.00000
1196.85358 0.000000 0.00000
1196.94639 0.000000 0.00000
1197.03919 0.000000 0.00000
1197.13199 0.000000 0.00000
1197.22479 0.000000 0.00000
1197.31759 0.000000 0.00000
1197.41039 0.000000 0.00000
1197.50319 0.000000 0.00000
1197.59600 0.000000 0.00000
1197.68880 0.000000 0.00000
1197.78160 0.000000 0.00000
1197.87440 0.000000 0.00000
1197.96720 0.000000 0.00000
1198.06000 0.000000 0.00000
1198.15281 0.000000 0.00000
1198.24561 0.000000 0.00000
1198.33841 0.000000 0.00000
1198.43121 0.000000 0.00000
1198.52401 0.000000 0.00000
1198.61681 0.000000 0.00000
1198.70962 0.000000 0.00000
1198.80242 0.000000 0.00000
1198.89522 0.000000 0.00000
1198.98802 0.000000 0.00000
1199.08082 0.000000 0.00000
1199.17362 0.000000 0.00000
1199.26643 0.000000 0.00000
1199.35923 0.000000 0.00000
1199.45203 0.000000 0.00000
1199.54483 0.000000 0.00000
1199.63763 0.000000 0.00000
1199.73043 0.000000 0.00000
1199.82324 0.000000 0.00000
1199.91604 0.000000 0.00000
1200.00884 0.000000 0.00000
1200.10164 0.000000 0.00000
1200.19444 0.000000 0.00000
1200.28724 0.000000 0.00000
1200.38005 0.000000 0.00000
1200.47285 0.000000 0.00000
1200.56565 0.000000 0.00000
1200.65845 0.000000 0.00000
1200.75125 0.000000 0.00000
1200.84405 0.000000 0.00000
1200.93686 0.000000 0.00000
1201.02966 0.000000 0.00000
1201.12246 0.000000 0.00000
1201.21526 0.000000 0.00000
1201.30806 0.000000 0.00000
1201.40086 0.000000 0.00000
1201.49367 0.000000 0.00000
1201.58647 0.000000 0.00000
1201.67927 0.000000 0.00000
1201.77207 0.000000 0.00000
1201.86487 0.000000 0.00000
1201.95767 0.000000 0.00000
1202.05048 0.000000 0.00000
1202.14328 0.000000 0.00000
1202.23608 0.000000 0.00000
1202.32888 0.000000 0.00000
1202.42168 0.000000 0.00000
1202.51448 0.000000 0.00000
1202.60729 0.000000 0.00000
1202.70009 0.000000 0.00000
1202.79289 0.000000 0.00000
1202.88569 0.000000 0.00000
1202.97849 0.000000 0.00000
1203.07129 0.000000 0.00000
1203.16410 0.000000 0.00000
1203.25690 0.000000 0.00000
1203.34970 0.000000 0.00000
1203.44250 0.000000 0.00000
1203.53530 0.000000 0.00000
1203.62810 0.000000 0.00000
1203.72091 0.000000 0.00000
1203.81371 0.000000 0.00000
1203.90651 0.000000 0.00000
1203.99931 0.000000 0.00000
1204.09211 0.000000 0.00000
1204.18491 0.000000 0.00000
1204.27771 0.000000 0.00000
1204.37052 0.000000 0.00000
1204.46332 0.000000 0.00000
1204.55612 0.000000 0.00000
1204.64892 0.000000 0.00000
1204.74172 0.000000 0.00000
1204.83452 0.000000 0.00000
1204.92733 0.000000 0.00000
1205.02013 0.000000 0.00000
1205.11293 0.000000 0.00000
1205.20573 0.000000 0.00000
1205.29853 0.000000 0.00000
1205.39133 0.000000 0.00000
1205.48414 0.000000 0.00000
1205.57694 0.000000 0.00000
1205.66974 0.000000 0.00000
1205.76254 0.000000 0.00000
1205.85534 0.000000 0.00000
1205.94814 0.000000 0.00000
1206.04095 0.000000 0.00000
1206.13375 0.000000 0.00000
1206.22655 0.000000 0.00000
1206.31935 0.000000 0.00000
1206.41215 0.000000 0.00000
1206.50495 0.000000 0.00000
1206.59776 0.000000 0.00000
1206.69056 0.000000 0.00000
1206.78336 0.000000 0.00000
1206.87616 0.000000 0.00000
1206.96896 0.000000 0.00000
1207.06176 0.000000 0.00000
1207.15457 0.000000 0.00000
1207.24737 0.000000 0.00000
1207.34017 0.000000 0.00000
1207.43297 0.000000 0.00000
1207.52577 0.000000 0.00000
1207.61857 0.000000 0.00000
1207.71138 0.000000 0.00000
1207.80418 0.000000 0.00000
1207.89698 0.000000 0.00000
1207.98978 0.000000 0.00000
1208.08258 0.000000 0.00000
1208.17538 0.000000 0.00000
1208.26819 0.000000 0.00000
1208.36099 0.000000 0.00000
1208.45379 0.000000 0.00000
1208.54659 0.000000 0.00000
1208.63939 0.000000 0.00000
1208.73219 0.000000 0.00000
1208.82500 0.000000 0.00000
1208.91780 0.000000 0.00000
1209.01060 0.000000 0.00000
1209.10340 0.000000 0.00000
1209.19620 0.000000 0.00000
1209.28900 0.000000 0.00000
1209.38181 0.000000 0.00000
1209.47461 0.000000 0.00000
1209.56741 0.000000 0.00000
1209.66021 0.000000 0.00000
1209.75301 0.000000 0.00000
1209.84581 0.000000 0.00000
1209.93862 0.000000 0.00000
1210.03142 0.000000 0.00000
1210.12422 0.000000 0.00000
1210.21702 0.000000 0.00000
1210.30982 0.000000 0.00000
1210.40262 0.000000 0.00000
1210.49543 0.000000 0.00000
1210.58823 0.000000 0.00000
1210.68103 0.000000 0.00000
1210.77383 0.000000 0.00000
1210.86663 0.000000 0.00000
1210.95943 0.000000 0.00000
1211.05223 0.000000 0.00000
1211.14504 0.000000 0.00000
1211.23784 0.000000 0.00000
1211.33064 0.000000 0.00000
1211.42344 0.000000 0.00000
1211.51624 0.000000 0.00000
1211.60904 0.000000 0.00000
1211.70185 0.000000 0.00000
1211.79465 0.000000 0.00000
1211.88745 0.000000 0.00000
1211.98025 0.000000 0.00000
1212.07305 0.000000 0.00000
1212.16585 0.000000 0.00000
1212.25866 0.000000 0.00000
1212.35146 0.000000 0.00000
1212.44426 0.000000 0.00000
1212.53706 0.000000 0.00000
1212.62986 0.000000 0.00000
1212.72266 0.000000 0.00000
1212.81547 0.000000 0.00000
1212.90827 0.000000 0.00000
1213.00107 0.000000 0.00000
1213.09387 0.000000 0.00000
1213.18667 0.000000 0.00000
1213.27947 0.000000 0.00000
1213.37228 0.000000 0.00000
1213.46508 0.000000 0.00000
1213.55788 0.000000 0.00000
1213.65068 0.000000 0.00000
1213.74348 0.000000 0.00000
1213.83628 0.000000 0.00000
1213.92909 0.000000 0.00000
1214.02189 0.000000 0.00000
1214.11469 0.000000 0.00000
1214.20749 0.000000 0.00000
1214.30029 0.000000 0.00000
1214.39309 0.000000 0.00000
1214.48590 0.000000 0.00000
1214.57870 0.000000 0.00000
1214.67150 0.000000 0.00000
1214.76430 0.000000 0.00000
1214.85710 0.000000 0.00000
1214.94990 0.000000 0.00000
1215.04271 0.000000 0.00000
1215.13551 0.000000 0.00000
1215.22831 0.000000 0.00000
1215.32111 0.000000 0.00000
1215.41391 0.000000 0.00000
1215.50671 0.000000 0.00000
1215.59952 0.000000 0.00000
1215.69232 0.000000 0.00000
1215.78512 0.000000 0.00000
1215.87792 0.000000 0.00000
1215.97072 0.000000 0.00000
1216.06352 0.000000 0.00000
1216.15633 0.000000 0.00000
1216.24913 0.000000 0.00000
1216.34193 0.000000 0.00000
1216.43473 0.000000 0.00000
1216.52753 0.000000 0.00000
1216.62033 0.000000 0.00000
1216.71314 0.000000 0.00000
1216.80594 0.000000 0.00000
1216.89874 0.000000 0.00000
1216.99154 0.000000 0.00000
1217.08434 0.000000 0.00000
1217.17714 0.000000 0.00000
1217.26995 0.000000 0.00000
1217.36275 0.000000 0.00000
1217.45555 0.000000 0.00000
1217.54835 0.000000 0.00000
1217.64115 0.000000 0.00000
1217.73395 0.000000 0.00000
1217.82676 0.000000 0.00000
1217.91956 0.000000 0.00000
1218.01236 0.000000 0.00000
1218.10516 0.000000 0.00000
1218.19796 0.000000 0.00000
1218.29076 0.000000 0.00000
1218.38356 0.000000 0.00000
1218.47637 0.000000 0.00000
1218.56917 0.000000 0.00000
1218.66197 0.000000 0.00000
1218.75477 0.000000 0.00000
1218.84757 0.000000 0.00000
1218.94037 0.000000 0.00000
1219.03318 0.000000 0.00000
1219.12598 0.000000 0.00000
1219.21878 0.000000 0.00000
1219.31158 0.000000 0.00000
1219.40438 0.000000 0.00000
1219.49718 0.000000 0.00000
1219.58999 0.000000 0.00000
1219.68279 0.000000 0.00000
1219.77559 0.000000 0.00000
1219.86839 0.000000 0.00000
1219.96119 0.000000 0.00000
1220.05399 0.000000 0.00000
1220.14680 0.000000 0.00000
1220.23960 0.000000 0.00000
1220.33240 0.000000 0.00000
1220.42520 0.000000 0.00000
1220.51800 0.000000 0.00000
1220.61080 0.000000 0.00000
1220.70361 0.000000 0.00000
1220.79641 0.000000 0.00000
1220.88921 0.000000 0.00000
1220.98201 0.000000 0.00000
1221.07481 0.000000 0.00000
1221.16761 0.000000 0.00000
1221.26042 0.000000 0.00000
1221.35322 0.000000 0.00000
1221.44602 0.000000 0.00000
1221.53882 0.000000 0.00000
1221.63162 0.000000 0.00000
1221.72442 0.000000 0.00000
1221.81723 0.000000 0.00000
1221.91003 0.000000 0.00000
1222.00283 0.000000 0.00000
1222.09563 0.000000 0.00000
1222.18843 0.000000 0.00000
1222.28123 0.000000 0.00000
1222.37404 0.000000 0.00000
1222.46684 0.000000 0.00000
1222.55964 0.000000 0.00000
1222.65244 0.000000 0.00000
1222.74524 0.000000 0.00000
1222.83804 0.000000 0.00000
1222.93085 0.000000 0.00000
1223.02365 0.000000 0.00000
1223.11645 0.000000 0.00000
1223.20925 0.000000 0.00000
1223.30205 0.000000 0.00000
1223.39485 0.000000 0.00000
1223.48766 0.000000 0.00000
1223.58046 0.000000 0.00000
1223.67326 0.000000 0.00000
1223.76606 0.000000 0.00000
1223.85886 0.000000 0.00000
1223.95166 0.000000 0.00000
1224.04447 0.000000 0.00000
1224.13727 0.000000 0.00000
1224.23007 0.000000 0.00000
1224.32287 0.000000 0.00000
1224.41567 0.000000 0.00000
1224.50847 0.000000 0.00000
1224.60128 0.000000 0.00000
1224.69408 0.000000 0.00000
1224.78688 0.000000 0.00000
1224.87968 0.000000 0.00000
1224.97248 0.000000 0.00000
1225.06528 0.000000 0.00000
1225.15808 0.000000 0.00000
1225.25089 0.000000 0.00000
1225.34369 0.000000 0.00000
1225.43649 0.000000 0.00000
1225.52929 0.000000 0.00000
1225.62209 0.000000 0.00000
1225.71489 0.000000 0.00000
1225.80770 0.000000 0.00000
1225.90050 0.000000 0.00000
1225.99330 0.000000 0.00000
1226.08610 0.000000 0.00000
1226.17890 0.000000 0.00000
1226.27170 0.000000 0.00000
1226.36451 0.000000 0.00000
1226.45731 0.000000 0.00000
1226.55011 0.000000 0.00000
1226.64291 0.000000 0.00000
1226.73571 0.000000 0.00000
1226.82851 0.000000 0.00000
1226.92132 0.000000 0.00000
1227.01412 0.000000 0.00000
1227.10692 0.000000 0.00000
1227.19972 0.000000 0.00000
1227.29252 0.000000 0.00000
1227.38532 0.000000 0.00000
1227.47813 0.000000 0.00000
1227.57093 0.000000 0.00000
1227.66373 0.000000 0.00000
1227.75653 0.000000 0.00000
1227.84933 0.000000 0.00000
1227.94213 0.000000 0.00000
1228.03494 0.000000 0.00000
1228.12774 0.000000 0.00000
1228.22054 0.000000 0.00000
1228.31334 0.000000 0.00000
1228.40614 0.000000 0.00000
1228.49894 0.000000 0.00000
1228.59175 0.000000 0.00000
1228.68455 0.000000 0.00000
1228.77735 0.000000 0.00000
1228.87015 0.000000 0.00000
1228.96295 0.000000 0.00000
1229.05575 0.000000 0.00000
1229.14856 0.000000 0.00000
1229.24136 0.000000 0.00000
1229.33416 0.000000 0.00000
1229.42696 0.000000 0.00000
1229.51976 0.000000 0.00000
1229.61256 0.000000 0.00000
1229.70537 0.000000 0.00000
1229.79817 0.000000 0.00000
1229.89097 0.000000 0.00000
1229.98377 0.000000 0.00000
1230.07657 0.000000 0.00000
1230.16937 0.000000 0.00000
1230.26218 0.000000 0.00000
1230.35498 0.000000 0.00000
1230.44778 0.000000 0.00000
1230.54058 0.000000 0.00000
1230.63338 0.000000 0.00000
1230.72618 0.000000 0.00000
1230.81899 0.000000 0.00000
1230.91179 0.000000 0.00000
1231.00459 0.000000 0.00000
1231.09739 0.000000 0.00000
1231.19019 0.000000 0.00000
1231.28299 0.000000 0.00000
1231.37580 0.000000 0.00000
1231.46860 0.000000 0.00000
1231.56140 0.000000 0.00000
1231.65420 0.000000 0.00000
1231.74700 0.000000 0.00000
1231.83980 0.000000 0.00000
1231.93260 0.000000 0.00000
1232.02541 0.000000 0.00000
1232.11821 0.000000 0.00000
1232.21101 0.000000 0.00000
1232.30381 0.000000 0.00000
1232.39661 0.000000 0.00000
1232.48941 0.000000 0.00000
1232.58222 0.000000 0.00000
1232.67502 0.000000 0.00000
1232.76782 0.000000 0.00000
1232.86062 0.000000 0.00000
1232.95342 0.000000 0.00000
1233.04622 0.000000 0.00000
1233.13903 0.000000 0.00000
1233.23183 0.000000 0.00000
1233.32463 0.000000 0.00000
1233.41743 0.000000 0.00000
1233.51023 0.000000 0.00000
1233.60303 0.000000 0.00000
1233.69584 0.000000 0.00000
1233.78864 0.000000 0.00000
1233.88144 0.000000 0.00000
1233.97424 0.000000 0.00000
1234.06704 0.000000 0.00000
1234.15984 0.000000 0.00000
1234.25265 0.000000 0.00000
1234.34545 0.000000 0.00000
1234.43825 0.000000 0.00000
1234.53105 0.000000 0.00000
1234.62385 0.000000 0.00000
1234.71665 0.000000 0.00000
1234.80946 0.000000 0.00000
1234.90226 0.000000 0.00000
1234.99506 0.000000 0.00000
1235.08786 0.000000 0.00000
1235.18066 0.000000 0.00000
1235.27346 0.000000 0.00000
1235.36627 0.000000 0.00000
1235.45907 0.000000 0.00000
1235.55187 0.000000 0.00000
1235.64467 0.000000 0.00000
1235.73747 0.000000 0.00000
1235.83027 0.000000 0.00000
1235.92308 0.000000 0.00000
1236.01588 0.000000 0.00000
1236.10868 0.000000 0.00000
1236.20148 0.000000 0.00000
1236.29428 0.000000 0.00000
1236.38708 0.000000 0.00000
1236.47989 0.000000 0.00000
1236.57269 0.000000 0.00000
1236.66549 0.000000 0.00000
1236.75829 0.000000 0.00000
1236.85109 0.000000 0.00000
1236.94389 0.000000 0.00000
1237.03670 0.000000 0.00000
1237.12950 0.000000 0.00000
1237.22230 0.000000 0.00000
1237.31510 0.000000 0.00000
1237.40790 0.000000 0.00000
1237.50070 0.000000 0.00000
1237.59351 0.000000 0.00000
1237.68631 0.000000 0.00000
1237.77911 0.000000 0.00000
1237.87191 0.000000 0.00000
1237.96471 0.000000 0.00000
1238.05751 0.000000 0.00000
1238.15032 0.000000 0.00000
1238.24312 0.000000 0.00000
1238.33592 0.000000 0.00000
1238.42872 0.000000 0.00000
1238.52152 0.000000 0.00000
1238.61432 0.000000 0.00000
1238.70712 0.000000 0.00000
1238.79993 0.000000 0.00000
1238.89273 0.000000 0.00000
1238.98553 0.000000 0.00000
1239.07833 0.000000 0.00000
1239.17113 0.000000 0.00000
1239.26393 0.000000 0.00000
1239.35674 0.000000 0.00000
1239.44954 0.000000 0.00000
1239.54234 0.000000 0.00000
1239.63514 0.000000 0.00000
1239.72794 0.000000 0.00000
1239.82074 0.000000 0.00000
1239.91355 0.000000 0.00000
1240.00635 0.000000 0.00000
1240.09915 0.000000 0.00000
1240.19195 0.000000 0.00000
1240.28475 0.000000 0.00000
1240.37755 0.000000 0.00000
1240.47036 0.000000 0.00000
1240.56316 0.000000 0.00000
1240.65596 0.000000 0.00000
1240.74876 0.000000 0.00000
1240.84156 0.000000 0.00000
1240.93436 0.000000 0.00000
1241.02717 0.000000 0.00000
1241.11997 0.000000 0.00000
1241.21277 0.000000 0.00000
1241.30557 0.000000 0.00000
1241.39837 0.000000 0.00000
1241.49117 0.000000 0.00000
1241.58398 0.000000 0.00000
1241.67678 0.000000 0.00000
1241.76958 0.000000 0.00000
1241.86238 0.000000 0.00000
1241.95518 0.000000 0.00000
1242.04798 0.000000 0.00000
1242.14079 0.000000 0.00000
1242.23359 0.000000 0.00000
1242.32639 0.000000 0.00000
1242.41919 0.000000 0.00000
1242.51199 0.000000 0.00000
1242.60479 0.000000 0.00000
1242.69760 0.000000 0.00000
1242.79040 0.000000 0.00000
1242.88320 0.000000 0.00000
1242.97600 0.000000 0.00000
1243.06880 0.000000 0.00000
1243.16160 0.000000 0.00000
1243.25441 0.000000 0.00000
1243.34721 0.000000 0.00000
1243.44001 0.000000 0.00000
1243.53281 0.000000 0.00000
1243.62561 0.000000 0.00000
1243.71841 0.000000 0.00000
1243.81122 0.000000 0.00000
1243.90402 0.000000 0.00000
1243.99682 0.000000 0.00000
1244.08962 0.000000 0.00000
1244.18242 0.000000 0.00000
1244.27522 0.000000 0.00000
1244.36803 0.000000 0.00000
1244.46083 0.000000 0.00000
1244.55363 0.000000 0.00000
1244.64643 0.000000 0.00000
1244.73923 0.000000 0.00000
1244.83203 0.000000 0.00000
1244.92484 0.000000 0.00000
1245.01764 0.000000 0.00000
1245.11044 0.000000 0.00000
1245.20324 0.000000 0.00000
1245.29604 0.000000 0.00000
1245.38884 0.000000 0.00000
1245.48164 0.000000 0.00000
1245.57445 0.000000 0.00000
1245.66725 0.000000 0.00000
1245.76005 0.000000 0.00000
1245.85285 0.000000 0.00000
1245.94565 0.000000 0.00000
1246.03845 0.000000 0.00000
1246.13126 0.000000 0.00000
1246.22406 0.000000 0.00000
1246.31686 0.000000 0.00000
1246.40966 0.000000 0.00000
1246.50246 0.000000 0.00000
1246.59526 0.000000 0.00000
1246.68807 0.000000 0.00000
1246.78087 0.000000 0.00000
1246.87367 0.000000 0.00000
1246.96647 0.000000 0.00000
1247.05927 0.000000 0.00000
1247.15207 0.000000 0.00000
1247.24488 0.000000 0.00000
1247.33768 0.000000 0.00000
1247.43048 0.000000 0.00000
1247.52328 0.000000 0.00000
1247.61608 0.000000 0.00000
1247.70888 0.000000 0.00000
1247.80169 0.000000 0.00000
1247.89449 0.000000 0.00000
1247.98729 0.000000 0.00000
1248.08009 0.000000 0.00000
1248.17289 0.000000 0.00000
1248.26569 0.000000 0.00000
1248.35850 0.000000 0.00000
1248.45130 0.000000 0.00000
1248.54410 0.000000 0.00000
1248.63690 0.000000 0.00000
1248.72970 0.000000 0.00000
1248.82250 0.000000 0.00000
1248.91531 0.000000 0.00000
1249.00811 0.000000 0.00000
1249.10091 0.000000 0.00000
1249.19371 0.000000 0.00000
1249.28651 0.000000 0.00000
1249.37931 0.000000 0.00000
1249.47212 0.000000 0.00000
1249.56492 0.000000 0.00000
1249.65772 0.000000 0.00000
1249.75052 0.000000 0.00000
1249.84332 0.000000 0.00000
1249.93612 0.000000 0.00000
1250.02893 0.000000 0.00000
1250.12173 0.000000 0.00000
1250.21453 0.000000 0.00000
1250.30733 0.000000 0.00000
1250.40013 0.000000 0.00000
1250.49293 0.000000 0.00000
1250.58574 0.000000 0.00000
1250.67854 0.000000 0.00000
1250.77134 0.000000 0.00000
1250.86414 0.000000 0.00000
1250.95694 0.000000 0.00000
1251.04974 0.000000 0.00000
1251.14255 0.000000 0.00000
1251.23535 0.000000 0.00000
1251.32815 0.000000 0.00000
1251.42095 0.000000 0.00000
1251.51375 0.000000 0.00000
1251.60655 0.000000 0.00000
1251.69936 0.000000 0.00000
1251.79216 0.000000 0.00000
1251.88496 0.000000 0.00000
1251.97776 0.000000 0.00000
1252.07056 0.000000 0.00000
1252.16336 0.000000 0.00000
1252.25616 0.000000 0.00000
1252.34897 0.000000 0.00000
1252.44177 0.000000 0.00000
1252.53457 0.000000 0.00000
1252.62737 0.000000 0.00000
1252.72017 0.000000 0.00000
1252.81297 0.000000 0.00000
1252.90578 0.000000 0.00000
1252.99858 0.000000 0.00000
1253.09138 0.000000 0.00000
1253.18418 0.000000 0.00000
1253.27698 0.000000 0.00000
1253.36978 0.000000 0.00000
1253.46259 0.000000 0.00000
1253.55539 0.000000 0.00000
1253.64819 0.000000 0.00000
1253.74099 0.000000 0.00000
1253.83379 0.000000 0.00000
1253.92659 0.000000 0.00000
1254.01940 0.000000 0.00000
1254.11220 0.000000 0.00000
1254.20500 0.000000 0.00000
1254.29780 0.000000 0.00000
1254.39060 0.000000 0.00000
1254.48340 0.000000 0.00000
1254.57621 0.000000 0.00000
1254.66901 0.000000 0.00000
1254.76181 0.000000 0.00000
1254.85461 0.000000 0.00000
1254.94741 0.000000 0.00000
1255.04021 0.000000 0.00000
1255.13302 0.000000 0.00000
1255.22582 0.000000 0.00000
1255.31862 0.000000 0.00000
1255.41142 0.000000 0.00000
1255.50422 0.000000 0.00000
1255.59702 0.000000 0.00000
1255.68983 0.000000 0.00000
1255.78263 0.000000 0.00000
1255.87543 0.000000 0.00000
1255.96823 0.000000 0.00000
1256.06103 0.000000 0.00000
1256.15383 0.000000 0.00000
1256.24664 0.000000 0.00000
1256.33944 0.000000 0.00000
1256.43224 0.000000 0.00000
1256.52504 0.000000 0.00000
1256.61784 0.000000 0.00000
1256.71064 0.000000 0.00000
1256.80345 0.000000 0.00000
1256.89625 0.000000 0.00000
1256.98905 0.000000 0.00000
1257.08185 0.000000 0.00000
1257.17465 0.000000 0.00000
1257.26745 0.000000 0.00000
1257.36026 0.000000 0.00000
1257.45306 0.000000 0.00000
1257.54586 0.000000 0.00000
1257.63866 0.000000 0.00000
1257.73146 0.000000 0.00000
1257.82426 0.000000 0.00000
1257.91707 0.000000 0.00000
1258.00987 0.000000 0.00000
1258.10267 0.000000 0.00000
1258.19547 0.000000 0.00000
1258.28827 0.000000 0.00000
1258.38107 0.000000 0.00000
1258.47388 0.000000 0.00000
1258.56668 0.000000 0.00000
1258.65948 0.000000 0.00000
1258.75228 0.000000 0.00000
1258.84508 0.000000 0.00000
1258.93788 0.000000 0.00000
1259.03068 0.000000 0.00000
1259.12349 0.000000 0.00000
1259.21629 0.000000 0.00000
1259.30909 0.000000 0.00000
1259.40189 0.000000 0.00000
1259.49469 0.000000 0.00000
1259.58749 0.000000 0.00000
1259.68030 0.000000 0.00000
1259.77310 0.000000 0.00000
1259.86590 0.000000 0.00000
1259.95870 0.000000 0.00000
1260.05150 0.000000 0.00000
1260.14430 0.000000 0.00000
1260.23711 0.000000 0.00000
1260.32991 0.000000 0.00000
1260.42271 0.000000 0.00000
1260.51551 0.000000 0.00000
1260.60831 0.000000 0.00000
1260.70111 0.000000 0.00000
1260.79392 0.000000 0.00000
1260.88672 0.000000 0.00000
1260.97952 0.000000 0.00000
1261.07232 0.000000 0.00000
1261.16512 0.000000 0.00000
1261.25792 0.000000 0.00000
1261.35073 0.000000 0.00000
1261.44353 0.000000 0.00000
1261.53633 0.000000 0.00000
1261.62913 0.000000 0.00000
1261.72193 0.000000 0.00000
1261.81473 0.000000 0.00000
1261.90754 0.000000 0.00000
1262.00034 0.000000 0.00000
1262.09314 0.000000 0.00000
1262.18594 0.000000 0.00000
1262.27874 0.000000 0.00000
1262.37154 0.000000 0.00000
1262.46435 0.000000 0.00000
1262.55715 0.000000 0.00000
1262.64995 0.000000 0.00000
1262.74275 0.000000 0.00000
1262.83555 0.000000 0.00000
1262.92835 0.000000 0.00000
1263.02116 0.000000 0.00000
1263.11396 0.000000 0.00000
1263.20676 0.000000 0.00000
1263.29956 0.000000 0.00000
1263.39236 0.000000 0.00000
1263.48516 0.000000 0.00000
1263.57797 0.000000 0.00000
1263.67077 0.000000 0.00000
1263.76357 0.000000 0.00000
1263.85637 0.000000 0.00000
1263.94917 0.000000 0.00000
1264.04197 0.000000 0.00000
1264.13478 0.000000 0.00000
1264.22758 0.000000 0.00000
1264.32038 0.000000 0.00000
1264.41318 0.000000 0.00000
1264.50598 0.000000 0.00000
1264.59878 0.000000 0.00000
1264.69159 0.000000 0.00000
1264.78439 0.000000 0.00000
1264.87719 0.000000 0.00000
1264.96999 0.000000 0.00000
1265.06279 0.000000 0.00000
1265.15559 0.000000 0.00000
1265.24840 0.000000 0.00000
1265.34120 0.000000 0.00000
1265.43400 0.000000 0.00000
1265.52680 0.000000 0.00000
1265.61960 0.000000 0.00000
1265.71240 0.000000 0.00000
1265.80520 0.000000 0.00000
1265.89801 0.000000 0.00000
1265.99081 0.000000 0.00000
1266.08361 0.000000 0.00000
1266.17641 0.000000 0.00000
1266.26921 0.000000 0.00000
1266.36201 0.000000 0.00000
1266.45482 0.000000 0.00000
1266.54762 0.000000 0.00000
1266.64042 0.000000 0.00000
1266.73322 0.000000 0.00000
1266.82602 0.000000 0.00000
1266.91882 0.000000 0.00000
1267.01163 0.000000 0.00000
1267.10443 0.000000 0.00000
1267.19723 0.000000 0.00000
1267.29003 0.000000 0.00000
1267.38283 0.000000 0.00000
1267.47563 0.000000 0.00000
1267.56844 0.000000 0.00000
1267.66124 0.000000 0.00000
1267.75404 0.000000 0.00000
1267.84684 0.000000 0.00000
1267.93964 0.000000 0.00000
1268.03244 0.000000 0.00000
1268.12525 0.000000 0.00000
1268.21805 0.000000 0.00000
1268.31085 0.000000 0.00000
1268.40365 0.000000 0.00000
1268.49645 0.000000 0.00000
1268.58925 0.000000 0.00000
1268.68206 0.000000 0.00000
1268.77486 0.000000 0.00000
1268.86766 0.000000 0.00000
1268.96046 0.000000 0.00000
1269.05326 0.000000 0.00000
1269.14606 0.000000 0.00000
1269.23887 0.000000 0.00000
1269.33167 0.000000 0.00000
1269.42447 0.000000 0.00000
1269.51727 0.000000 0.00000
1269.61007 0.000000 0.00000
1269.70287 0.000000 0.00000
1269.79568 0.000000 0.00000
1269.88848 0.000000 0.00000
1269.98128 0.000000 0.00000
1270.07408 0.000000 0.00000
1270.16688 0.000000 0.00000
1270.25968 0.000000 0.00000
1270.35249 0.000000 0.00000
1270.44529 0.000000 0.00000
1270.53809 0.000000 0.00000
1270.63089 0.000000 0.00000
1270.72369 0.000000 0.00000
1270.81649 0.000000 0.00000
1270.90930 0.000000 0.00000
1271.00210 0.000000 0.00000
1271.09490 0.000000 0.00000
1271.18770 0.000000 0.00000
1271.28050 0.000000 0.00000
1271.37330 0.000000 0.00000
1271.46611 0.000000 0.00000
1271.55891 0.000000 0.00000
1271.65171 0.000000 0.00000
1271.74451 0.000000 0.00000
1271.83731 0.000000 0.00000
1271.93011 0.000000 0.00000
1272.02292 0.000000 0.00000
1272.11572 0.000000 0.00000
1272.20852 0.000000 0.00000
1272.30132 0.000000 0.00000
1272.39412 0.000000 0.00000
1272.48692 0.000000 0.00000
1272.57972 0.000000 0.00000
1272.67253 0.000000 0.00000
1272.76533 0.000000 0.00000
1272.85813 0.000000 0.00000
1272.95093 0.000000 0.00000
1273.04373 0.000000 0.00000
1273.13653 0.000000 0.00000
1273.22934 0.000000 0.00000
1273.32214 0.000000 0.00000
1273.41494 0.000000 0.00000
1273.50774 0.000000 0.00000
1273.60054 0.000000 0.00000
1273.69334 0.000000 0.00000
1273.78615 0.000000 0.00000
1273.87895 0.000000 0.00000
1273.97175 0.000000 0.00000
1274.06455 0.000000 0.00000
1274.15735 0.000000 0.00000
1274.25015 0.000000 0.00000
1274.34296 0.000000 0.00000
1274.43576 0.000000 0.00000
1274.52856 0.000000 0.00000
1274.62136 0.000000 0.00000
1274.71416 0.000000 0.00000
1274.80696 0.000000 0.00000
1274.89977 0.000000 0.00000
1274.99257 0.000000 0.00000
1275.08537 0.000000 0.00000
1275.17817 0.000000 0.00000
1275.27097 0.000000 0.00000
1275.36377 0.000000 0.00000
1275.45658 0.000000 0.00000
1275.54938 0.000000 0.00000
1275.64218 0.000000 0.00000
1275.73498 0.000000 0.00000
1275.82778 0.000000 0.00000
1275.92058 0.000000 0.00000
1276.01339 0.000000 0.00000
1276.10619 0.000000 0.00000
1276.19899 0.000000 0.00000
1276.29179 0.000000 0.00000
1276.38459 0.000000 0.00000
1276.47739 0.000000 0.00000
1276.57020 0.000000 0.00000
1276.66300 0.000000 0.00000
1276.75580 0.000000 0.00000
1276.84860 0.000000 0.00000
1276.94140 0.000000 0.00000
1277.03420 0.000000 0.00000
1277.12701 0.000000 0.00000
1277.21981 0.000000 0.00000
1277.31261 0.000000 0.00000
1277.40541 0.000000 0.00000
1277.49821 0.000000 0.00000
1277.59101 0.000000 0.00000
1277.68382 0.000000 0.00000
1277.77662 0.000000 0.00000
1277.86942 0.000000 0.00000
1277.96222 0.000000 0.00000
1278.05502 0.000000 0.00000
1278.14782 0.000000 0.00000
1278.24063 0.000000 0.00000
1278.33343 0.000000 0.00000
1278.42623 0.000000 0.00000
1278.51903 0.000000 0.00000
1278.61183 0.000000 0.00000
1278.70463 0.000000 0.00000
1278.79744 0.000000 0.00000
1278.89024 0.000000 0.00000
1278.98304 0.000000 0.00000
1279.07584 0.000000 0.00000
1279.16864 0.000000 0.00000
1279.26144 0.000000 0.00000
1279.35424 0.000000 0.00000
1279.44705 0.000000 0.00000
1279.53985 0.000000 0.00000
1279.63265 0.000000 0.00000
1279.72545 0.000000 0.00000
1279.81825 0.000000 0.00000
1279.91105 0.000000 0.00000
1280.00386 0.000000 0.00000
1280.09666 0.000000 0.00000
1280.18946 0.000000 0.00000
1280.28226 0.000000 0.00000
1280.37506 0.000000 0.00000
1280.46786 0.000000 0.00000
1280.56067 0.000000 0.00000
1280.65347 0.000000 0.00000
1280.74627 0.000000 0.00000
1280.83907 0.000000 0.00000
1280.93187 0.000000 0.00000
1281.02467 0.000000 0.00000
1281.11748 0.000000 0.00000
1281.21028 0.000000 0.00000
1281.30308 0.000000 0.00000
1281.39588 0.000000 0.00000
1281.48868 0.000000 0.00000
1281.58148 0.000000 0.00000
1281.67429 0.000000 0.00000
1281.76709 0.000000 0.00000
1281.85989 0.000000 0.00000
1281.95269 0.000000 0.00000
1282.04549 0.000000 0.00000
1282.13829 0.000000 0.00000
1282.23110 0.000000 0.00000
1282.32390 0.000000 0.00000
1282.41670 0.000000 0.00000
1282.50950 0.000000 0.00000
1282.60230 0.000000 0.00000
1282.69510 0.000000 0.00000
1282.78791 0.000000 0.00000
1282.88071 0.000000 0.00000
1282.97351 0.000000 0.00000
1283.06631 0.000000 0.00000
1283.15911 0.000000 0.00000
1283.25191 0.000000 0.00000
1283.34472 0.000000 0.00000
1283.43752 0.000000 0.00000
1283.53032 0.000000 0.00000
1283.62312 0.000000 0.00000
1283.71592 0.000000 0.00000
1283.80872 0.000000 0.00000
1283.90153 0.000000 0.00000
1283.99433 0.000000 0.00000
1284.08713 0.000000 0.00000
1284.17993 0.000000 0.00000
1284.27273 0.000000 0.00000
1284.36553 0.000000 0.00000
1284.45834 0.000000 0.00000
1284.55114 0.000000 0.00000
1284.64394 0.000000 0.00000
1284.73674 0.000000 0.00000
1284.82954 0.000000 0.00000
1284.92234 0.000000 0.00000
1285.01515 0.000000 0.00000
1285.10795 0.000000 0.00000
1285.20075 0.000000 0.00000
1285.29355 0.000000 0.00000
1285.38635 0.000000 0.00000
1285.47915 0.000000 0.00000
1285.57196 0.000000 0.00000
1285.66476 0.000000 0.00000
1285.75756 0.000000 0.00000
1285.85036 0.000000 0.00000
1285.94316 0.000000 0.00000
1286.03596 0.000000 0.00000
1286.12876 0.000000 0.00000
1286.22157 0.000000 0.00000
1286.31437 0.000000 0.00000
1286.40717 0.000000 0.00000
1286.49997 0.000000 0.00000
1286.59277 0.000000 0.00000
1286.68557 0.000000 0.00000
1286.77838 0.000000 0.00000
1286.87118 0.000000 0.00000
1286.96398 0.000000 0.00000
1287.05678 0.000000 0.00000
1287.14958 0.000000 0.00000
1287.24238 0.000000 0.00000
1287.33519 0.000000 0.00000
1287.42799 0.000000 0.00000
1287.52079 0.000000 0.00000
1287.61359 0.000000 0.00000
1287.70639 0.000000 0.00000
1287.79919 0.000000 0.00000
1287.89200 0.000000 0.00000
1287.98480 0.000000 0.00000
1288.07760 0.000000 0.00000
1288.17040 0.000000 0.00000
1288.26320 0.000000 0.00000
1288.35600 0.000000 0.00000
1288.44881 0.000000 0.00000
1288.54161 0.000000 0.00000
1288.63441 0.000000 0.00000
1288.72721 0.000000 0.00000
1288.82001 0.000000 0.00000
1288.91281 0.000000 0.00000
1289.00562 0.000000 0.00000
1289.09842 0.000000 0.00000
1289.19122 0.000000 0.00000
1289.28402 0.000000 0.00000
1289.37682 0.000000 0.00000
1289.46962 0.000000 0.00000
1289.56243 0.000000 0.00000
1289.65523 0.000000 0.00000
1289.74803 0.000000 0.00000
1289.84083 0.000000 0.00000
1289.93363 0.000000 0.00000
1290.02643 0.000000 0.00000
1290.11924 0.000000 0.00000
1290.21204 0.000000 0.00000
1290.30484 0.000000 0.00000
1290.39764 0.000000 0.00000
1290.49044 0.000000 0.00000
1290.58324 0.000000 0.00000
1290.67605 0.000000 0.00000
1290.76885 0.000000 0.00000
1290.86165 0.000000 0.00000
1290.95445 0.000000 0.00000
1291.04725 0.000000 0.00000
1291.14005 0.000000 0.00000
1291.23286 0.000000 0.00000
1291.32566 0.000000 0.00000
1291.41846 0.000000 0.00000
1291.51126 0.000000 0.00000
1291.60406 0.000000 0.00000
1291.69686 0.000000 0.00000
1291.78967 0.000000 0.00000
1291.88247 0.000000 0.00000
1291.97527 0.000000 0.00000
1292.06807 0.000000 0.00000
1292.16087 0.000000 0.00000
1292.25367 0.000000 0.00000
1292.34648 0.000000 0.00000
1292.43928 0.000000 0.00000
1292.53208 0.000000 0.00000
1292.62488 0.000000 0.00000
1292.71768 0.000000 0.00000
1292.81048 0.000000 0.00000
1292.90329 0.000000 0.00000
1292.99609 0.000000 0.00000
1293.08889 0.000000 0.00000
1293.18169 0.000000 0.00000
1293.27449 0.000000 0.00000
1293.36729 0.000000 0.00000
1293.46009 0.000000 0.00000
1293.55290 0.000000 0.00000
1293.64570 0.000000 0.00000
1293.73850 0.000000 0.00000
1293.83130 0.000000 0.00000
1293.92410 0.000000 0.00000
1294.01690 0.000000 0.00000
1294.10971 0.000000 0.00000
1294.20251 0.000000 0.00000
1294.29531 0.000000 0.00000
1294.38811 0.000000 0.00000
1294.48091 0.000000 0.00000
1294.57371 0.000000 0.00000
1294.66652 0.000000 0.00000
1294.75932 0.000000 0.00000
1294.85212 0.000000 0.00000
1294.94492 0.000000 0.00000
1295.03772 0.000000 0.00000
1295.13052 0.000000 0.00000
1295.22333 0.000000 0.00000
1295.31613 0.000000 0.00000
1295.40893 0.000000 0.00000
1295.50173 0.000000 0.00000
1295.59453 0.000000 0.00000
1295.68733 0.000000 0.00000
1295.78014 0.000000 0.00000
1295.87294 0.000000 0.00000
1295.96574 0.000000 0.00000
1296.05854 0.000000 0.00000
1296.15134 0.000000 0.00000
1296.24414 0.000000 0.00000
1296.33695 0.000000 0.00000
1296.42975 0.000000 0.00000
1296.52255 0.000000 0.00000
1296.61535 0.000000 0.00000
1296.70815 0.000000 0.00000
1296.80095 0.000000 0.00000
1296.89376 0.000000 0.00000
1296.98656 0.000000 0.00000
1297.07936 0.000000 0.00000
1297.17216 0.000000 0.00000
1297.26496 0.000000 0.00000
1297.35776 0.000000 0.00000
1297.45057 0.000000 0.00000
1297.54337 0.000000 0.00000
1297.63617 0.000000 0.00000
1297.72897 0.000000 0.00000
1297.82177 0.000000 0.00000
1297.91457 0.000000 0.00000
1298.00738 0.000000 0.00000
1298.10018 0.000000 0.00000
1298.19298 0.000000 0.00000
1298.28578 0.000000 0.00000
1298.37858 0.000000 0.00000
1298.47138 0.000000 0.00000
1298.56419 0.000000 0.00000
1298.65699 0.000000 0.00000
1298.74979 0.000000 0.00000
1298.84259 0.000000 0.00000
1298.93539 0.000000 0.00000
1299.02819 0.000000 0.00000
1299.12100 0.000000 0.00000
1299.21380 0.000000 0.00000
1299.30660 0.000000 0.00000
1299.39940 0.000000 0.00000
1299.49220 0.000000 0.00000
1299.58500 0.000000 0.00000
1299.67781 0.000000 0.00000
1299.77061 0.000000 0.00000
1299.86341 0.000000 0.00000
1299.95621 0.000000 0.00000
1300.04901 0.000000 0.00000
1300.14181 0.000000 0.00000
1300.23461 0.000000 0.00000
1300.32742 0.000000 0.00000
1300.42022 0.000000 0.00000
1300.51302 0.000000 0.00000
1300.60582 0.000000 0.00000
1300.69862 0.000000 0.00000
1300.79142 0.000000 0.00000
1300.88423 0.000000 0.00000
1300.97703 0.000000 0.00000
1301.06983 0.000000 0.00000
1301.16263 0.000000 0.00000
1301.25543 0.000000 0.00000
1301.34823 0.000000 0.00000
1301.44104 0.000000 0.00000
1301.53384 0.000000 0.00000
1301.62664 0.000000 0.00000
1301.71944 0.000000 0.00000
1301.81224 0.000000 0.00000
1301.90504 0.000000 0.00000
1301.99785 0.000000 0.00000
1302.09065 0.000000 0.00000
1302.18345 0.000000 0.00000
1302.27625 0.000000 0.00000
1302.36905 0.000000 0.00000
1302.46185 0.000000 0.00000
1302.55466 0.000000 0.00000
1302.64746 0.000000 0.00000
1302.74026 0.000000 0.00000
1302.83306 0.000000 0.00000
1302.92586 0.000000 0.00000
1303.01866 0.000000 0.00000
1303.11147 0.000000 0.00000
1303.20427 0.000000 0.00000
1303.29707 0.000000 0.00000
1303.38987 0.000000 0.00000
1303.48267 0.000000 0.00000
1303.57547 0.000000 0.00000
1303.66828 0.000000 0.00000
1303.76108 0.000000 0.00000
1303.85388 0.000000 0.00000
1303.94668 0.000000 0.00000
1304.03948 0.000000 0.00000
1304.13228 0.000000 0.00000
1304.22509 0.000000 0.00000
1304.31789 0.000000 0.00000
1304.41069 0.000000 0.00000
1304.50349 0.000000 0.00000
1304.59629 0.000000 0.00000
1304.68909 0.000000 0.00000
1304.78190 0.000000 0.00000
1304.87470 0.000000 0.00000
1304.96750 0.000000 0.00000
1305.06030 0.000000 0.00000
1305.15310 0.000000 0.00000
1305.24590 0.000000 0.00000
1305.33871 0.000000 0.00000
1305.43151 0.000000 0.00000
1305.52431 0.000000 0.00000
1305.61711 0.000000 0.00000
1305.70991 0.000000 0.00000
1305.80271 0.000000 0.00000
1305.89552 0.000000 0.00000
1305.98832 0.000000 0.00000
1306.08112 0.000000 0.00000
1306.17392 0.000000 0.00000
1306.26672 0.000000 0.00000
1306.35952 0.000000 0.00000
1306.45233 0.000000 0.00000
1306.54513 0.000000 0.00000
1306.63793 0.000000 0.00000
1306.73073 0.000000 0.00000
1306.82353 0.000000 0.00000
1306.91633 0.000000 0.00000
1307.00913 0.000000 0.00000
1307.10194 0.000000 0.00000
1307.19474 0.000000 0.00000
1307.28754 0.000000 0.00000
1307.38034 0.000000 0.00000
1307.47314 0.000000 0.00000
1307.56594 0.000000 0.00000
1307.65875 0.000000 0.00000
1307.75155 0.000000 0.00000
1307.84435 0.000000 0.00000
1307.93715 0.000000 0.00000
1308.02995 0.000000 0.00000
1308.12275 0.000000 0.00000
1308.21556 0.000000 0.00000
1308.30836 0.000000 0.00000
1308.40116 0.000000 0.00000
1308.49396 0.000000 0.00000
1308.58676 0.000000 0.00000
1308.67956 0.000000 0.00000
1308.77237 0.000000 0.00000
1308.86517 0.000000 0.00000
1308.95797 0.000000 0.00000
1309.05077 0.000000 0.00000
1309.14357 0.000000 0.00000
1309.23637 0.000000 0.00000
1309.32918 0.000000 0.00000
1309.42198 0.000000 0.00000
1309.51478 0.000000 0.00000
1309.60758 0.000000 0.00000
1309.70038 0.000000 0.00000
1309.79318 0.000000 0.00000
1309.88599 0.000000 0.00000
1309.97879 0.000000 0.00000
1310.07159 0.000000 0.00000
1310.16439 0.000000 0.00000
1310.25719 0.000000 0.00000
1310.34999 0.000000 0.00000
1310.44280 0.000000 0.00000
1310.53560 0.000000 0.00000
1310.62840 0.000000 0.00000
1310.72120 0.000000 0.00000
1310.81400 0.000000 0.00000
1310.90680 0.000000 0.00000
1310.99961 0.000000 0.00000
1311.09241 0.000000 0.00000
1311.18521 0.000000 0.00000
1311.27801 0.000000 0.00000
1311.37081 0.000000 0.00000
1311.46361 0.000000 0.00000
1311.55642 0.000000 0.00000
1311.64922 0.000000 0.00000
1311.74202 0.000000 0.00000
1311.83482 0.000000 0.00000
1311.92762 0.000000 0.00000
1312.02042 0.000000 0.00000
1312.11323 0.000000 0.00000
1312.20603 0.000000 0.00000
1312.29883 0.000000 0.00000
1312.39163 0.000000 0.00000
1312.48443 0.000000 0.00000
1312.57723 0.000000 0.00000
1312.67004 0.000000 0.00000
1312.76284 0.000000 0.00000
1312.85564 0.000000 0.00000
1312.94844 0.000000 0.00000
1313.04124 0.000000 0.00000
1313.13404 0.000000 0.00000
1313.22685 0.000000 0.00000
1313.31965 0.000000 0.00000
1313.41245 0.000000 0.00000
1313.50525 0.000000 0.00000
1313.59805 0.000000 0.00000
1313.69085 0.000000 0.00000
1313.78365 0.000000 0.00000
1313.87646 0.000000 0.00000
1313.96926 0.000000 0.00000
1314.06206 0.000000 0.00000
1314.15486 0.000000 0.00000
1314.24766 0.000000 0.00000
1314.34046 0.000000 0.00000
1314.43327 0.000000 0.00000
1314.52607 0.000000 0.00000
1314.61887 0.000000 0.00000
1314.71167 0.000000 0.00000
1314.80447 0.000000 0.00000
1314.89727 0.000000 0.00000
1314.99008 0.000000 0.00000
1315.08288 0.000000 0.00000
1315.17568 0.000000 0.00000
1315.26848 0.000000 0.00000
1315.36128 0.000000 0.00000
1315.45408 0.000000 0.00000
1315.54689 0.000000 0.00000
1315.63969 0.000000 0.00000
1315.73249 0.000000 0.00000
1315.82529 0.000000 0.00000
1315.91809 0.000000 0.00000
1316.01089 0.000000 0.00000
1316.10370 0.000000 0.00000
1316.19650 0.000000 0.00000
1316.28930 0.000000 0.00000
1316.38210 0.000000 0.00000
1316.47490 0.000000 0.00000
1316.56770 0.000000 0.00000
1316.66051 0.000000 0.00000
1316.75331 0.000000 0.00000
1316.84611 0.000000 0.00000
1316.93891 0.000000 0.00000
1317.03171 0.000000 0.00000
1317.12451 0.000000 0.00000
1317.21732 0.000000 0.00000
1317.31012 0.000000 0.00000
1317.40292 0.000000 0.00000
1317.49572 0.000000 0.00000
1317.58852 0.000000 0.00000
1317.68132 0.000000 0.00000
1317.77413 0.000000 0.00000
1317.86693 0.000000 0.00000
1317.95973 0.000000 0.00000
1318.05253 0.000000 0.00000
1318.14533 0.000000 0.00000
1318.23813 0.000000 0.00000
1318.33094 0.000000 0.00000
1318.42374 0.000000 0.00000
1318.51654 0.000000 0.00000
1318.60934 0.000000 0.00000
1318.70214 0.000000 0.00000
1318.79494 0.000000 0.00000
1318.88775 0.000000 0.00000
1318.98055 0.000000 0.00000
1319.07335 0.000000 0.00000
1319.16615 0.000000 0.00000
1319.25895 0.000000 0.00000
1319.35175 0.000000 0.00000
1319.44456 0.000000 0.00000
1319.53736 0.000000 0.00000
1319.63016 0.000000 0.00000
1319.72296 0.000000 0.00000
1319.81576 0.000000 0.00000
1319.90856 0.000000 0.00000
1320.00137 0.000000 0.00000
1320.09417 0.000000 0.00000
1320.18697 0.000000 0.00000
1320.27977 0.000000 0.00000
1320.37257 0.000000 0.00000
1320.46537 0.000000 0.00000
1320.55817 0.000000 0.00000
1320.65098 0.000000 0.00000
1320.74378 0.000000 0.00000
1320.83658 0.000000 0.00000
1320.92938 0.000000 0.00000
1321.02218 0.000000 0.00000
1321.11498 0.000000 0.00000
1321.20779 0.000000 0.00000
1321.30059 0.000000 0.00000
1321.39339 0.000000 0.00000
1321.48619 0.000000 0.00000
1321.57899 0.000000 0.00000
1321.67179 0.000000 0.00000
1321.76460 0.000000 0.00000
1321.85740 0.000000 0.00000
1321.95020 0.000000 0.00000
1322.04300 0.000000 0.00000
1322.13580 0.000000 0.00000
1322.22860 0.000000 0.00000
1322.32141 0.000000 0.00000
1322.41421 0.000000 0.00000
1322.50701 0.000000 0.00000
1322.59981 0.000000 0.00000
1322.69261 0.000000 0.00000
1322.78541 0.000000 0.00000
1322.87822 0.000000 0.00000
1322.97102 0.000000 0.00000
1323.06382 0.000000 0.00000
1323.15662 0.000000 0.00000
1323.24942 0.000000 0.00000
1323.34222 0.000000 0.00000
1323.43503 0.000000 0.00000
1323.52783 0.000000 0.00000
1323.62063 0.000000 0.00000
1323.71343 0.000000 0.00000
1323.80623 0.000000 0.00000
1323.89903 0.000000 0.00000
1323.99184 0.000000 0.00000
1324.08464 0.000000 0.00000
1324.17744 0.000000 0.00000
1324.27024 0.000000 0.00000
1324.36304 0.000000 0.00000
1324.45584 0.000000 0.00000
1324.54865 0.000000 0.00000
1324.64145 0.000000 0.00000
1324.73425 0.000000 0.00000
1324.82705 0.000000 0.00000
1324.91985 0.000000 0.00000
1325.01265 0.000000 0.00000
1325.10546 0.000000 0.00000
1325.19826 0.000000 0.00000
1325.29106 0.000000 0.00000
1325.38386 0.000000 0.00000
1325.47666 0.000000 0.00000
1325.56946 0.000000 0.00000
1325.66227 0.000000 0.00000
1325.75507 0.000000 0.00000
1325.84787 0.000000 0.00000
1325.94067 0.000000 0.00000
1326.03347 0.000000 0.00000
1326.12627 0.000000 0.00000
1326.21908 0.000000 0.00000
1326.31188 0.000000 0.00000
1326.40468 0.000000 0.00000
1326.49748 0.000000 0.00000
1326.59028 0.000000 0.00000
1326.68308 0.000000 0.00000
1326.77589 0.000000 0.00000
1326.86869 0.000000 0.00000
1326.96149 0.000000 0.00000
1327.05429 0.000000 0.00000
1327.14709 0.000000 0.00000
1327.23989 0.000000 0.00000
1327.33269 0.000000 0.00000
1327.42550 0.000000 0.00000
1327.51830 0.000000 0.00000
1327.61110 0.000000 0.00000
1327.70390 0.000000 0.00000
1327.79670 0.000000 0.00000
1327.88950 0.000000 0.00000
1327.98231 0.000000 0.00000
1328.07511 0.000000 0.00000
1328.16791 0.000000 0.00000
1328.26071 0.000000 0.00000
1328.35351 0.000000 0.00000
1328.44631 0.000000 0.00000
1328.53912 0.000000 0.00000
1328.63192 0.000000 0.00000
1328.72472 0.000000 0.00000
1328.81752 0.000000 0.00000
1328.91032 0.000000 0.00000
1329.00312 0.000000 0.00000
1329.09593 0.000000 0.00000
1329.18873 0.000000 0.00000
1329.28153 0.000000 0.00000
1329.37433 0.000000 0.00000
1329.46713 0.000000 0.00000
1329.55993 0.000000 0.00000
1329.65274 0.000000 0.00000
1329.74554 0.000000 0.00000
1329.83834 0.000000 0.00000
1329.93114 0.000000 0.00000
1330.02394 0.000000 0.00000
1330.11674 0.000000 0.00000
1330.20955 0.000000 0.00000
1330.30235 0.000000 0.00000
1330.39515 0.000000 0.00000
1330.48795 0.000000 0.00000
1330.58075 0.000000 0.00000
1330.67355 0.000000 0.00000
1330.76636 0.000000 0.00000
1330.85916 0.000000 0.00000
1330.95196 0.000000 0.00000
1331.04476 0.000000 0.00000
1331.13756 0.000000 0.00000
1331.23036 0.000000 0.00000
1331.32317 0.000000 0.00000
1331.41597 0.000000 0.00000
1331.50877 0.000000 0.00000
1331.60157 0.000000 0.00000
1331.69437 0.000000 0.00000
1331.78717 0.000000 0.00000
1331.87998 0.000000 0.00000
1331.97278 0.000000 0.00000
1332.06558 0.000000 0.00000
1332.15838 0.000000 0.00000
1332.25118 0.000000 0.00000
1332.34398 0.000000 0.00000
1332.43679 0.000000 0.00000
1332.52959 0.000000 0.00000
1332.62239 0.000000 0.00000
1332.71519 0.000000 0.00000
1332.80799 0.000000 0.00000
1332.90079 0.000000 0.00000
1332.99360 0.000000 0.00000
1333.08640 0.000000 0.00000
1333.17920 0.000000 0.00000
1333.27200 0.000000 0.00000
1333.36480 0.000000 0.00000
1333.45760 0.000000 0.00000
1333.55041 0.000000 0.00000
1333.64321 0.000000 0.00000
1333.73601 0.000000 0.00000
1333.82881 0.000000 0.00000
1333.92161 0.000000 0.00000
1334.01441 0.000000 0.00000
1334.10721 0.000000 0.00000
1334.20002 0.000000 0.00000
1334.29282 0.000000 0.00000
1334.38562 0.000000 0.00000
1334.47842 0.000000 0.00000
1334.57122 0.000000 0.00000
1334.66402 0.000000 0.00000
1334.75683 0.000000 0.00000
1334.84963 0.000000 0.00000
1334.94243 0.000000 0.00000
1335.03523 0.000000 0.00000
1335.12803 0.000000 0.00000
1335.22083 0.000000 0.00000
1335.31364 0.000000 0.00000
1335.40644 0.000000 0.00000
1335.49924 0.000000 0.00000
1335.59204 0.000000 0.00000
1335.68484 0.000000 0.00000
1335.77764 0.000000 0.00000
1335.87045 0.000000 0.00000
1335.96325 0.000000 0.00000
1336.05605 0.000000 0.00000
1336.14885 0.000000 0.00000
1336.24165 0.000000 0.00000
1336.33445 0.000000 0.00000
1336.42726 0.000000 0.00000
1336.52006 0.000000 0.00000
1336.61286 0.000000 0.00000
1336.70566 0.000000 0.00000
1336.79846 0.000000 0.00000
1336.89126 0.000000 0.00000
1336.98407 0.000000 0.00000
1337.07687 0.000000 0.00000
1337.16967 0.000000 0.00000
1337.26247 0.000000 0.00000
1337.35527 0.000000 0.00000
1337.44807 0.000000 0.00000
1337.54088 0.000000 0.00000
1337.63368 0.000000 0.00000
1337.72648 0.000000 0.00000
1337.81928 0.000000 0.00000
1337.91208 0.000000 0.00000
1338.00488 0.000000 0.00000
1338.09769 0.000000 0.00000
1338.19049 0.000000 0.00000
1338.28329 0.000000 0.00000
1338.37609 0.000000 0.00000
1338.46889 0.000000 0.00000
1338.56169 0.000000 0.00000
1338.65450 0.000000 0.00000
1338.74730 0.000000 0.00000
1338.84010 0.000000 0.00000
1338.93290 0.000000 0.00000
1339.02570 0.000000 0.00000
1339.11850 0.000000 0.00000
1339.21131 0.000000 0.00000
1339.30411 0.000000 0.00000
1339.39691 0.000000 0.00000
1339.48971 0.000000 0.00000
1339.58251 0.000000 0.00000
1339.67531 0.000000 0.00000
1339.76812 0.000000 0.00000
1339.86092 0.000000 0.00000
1339.95372 0.000000 0.00000
1340.04652 0.000000 0.00000
1340.13932 0.000000 0.00000
1340.23212 0.000000 0.00000
1340.32493 0.000000 0.00000
1340.41773 0.000000 0.00000
1340.51053 0.000000 0.00000
1340.60333 0.000000 0.00000
1340.69613 0.000000 0.00000
1340.78893 0.000000 0.00000
1340.88173 0.000000 0.00000
1340.97454 0.000000 0.00000
1341.06734 0.000000 0.00000
1341.16014 0.000000 0.00000
1341.25294 0.000000 0.00000
1341.34574 0.000000 0.00000
1341.43854 0.000000 0.00000
1341.53135 0.000000 0.00000
1341.62415 0.000000 0.00000
1341.71695 0.000000 0.00000
1341.80975 0.000000 0.00000
1341.90255 0.000000 0.00000
1341.99535 0.000000 0.00000
1342.08816 0.000000 0.00000
1342.18096 0.000000 0.00000
1342.27376 0.000000 0.00000
1342.36656 0.000000 0.00000
1342.45936 0.000000 0.00000
1342.55216 0.000000 0.00000
1342.64497 0.000000 0.00000
1342.73777 0.000000 0.00000
1342.83057 0.000000 0.00000
1342.92337 0.000000 0.00000
1343.01617 0.000000 0.00000
1343.10897 0.000000 0.00000
1343.20178 0.000000 0.00000
1343.29458 0.000000 0.00000
1343.38738 0.000000 0.00000
1343.48018 0.000000 0.00000
1343.57298 0.000000 0.00000
1343.66578 0.000000 0.00000
1343.75859 0.000000 0.00000
1343.85139 0.000000 0.00000
1343.94419 0.000000 0.00000
1344.03699 0.000000 0.00000
1344.12979 0.000000 0.00000
1344.22259 0.000000 0.00000
1344.31540 0.000000 0.00000
1344.40820 0.000000 0.00000
1344.50100 0.000000 0.00000
1344.59380 0.000000 0.00000
1344.68660 0.000000 0.00000
1344.77940 0.000000 0.00000
1344.87221 0.000000 0.00000
1344.96501 0.000000 0.00000
1345.05781 0.000000 0.00000
1345.15061 0.000000 0.00000
1345.24341 0.000000 0.00000
1345.33621 0.000000 0.00000
1345.42902 0.000000 0.00000
1345.52182 0.000000 0.00000
1345.61462 0.000000 0.00000
1345.70742 0.000000 0.00000
1345.80022 0.000000 0.00000
1345.89302 0.000000 0.00000
1345.98583 0.000000 0.00000
1346.07863 0.000000 0.00000
1346.17143 0.000000 0.00000
1346.26423 0.000000 0.00000
1346.35703 0.000000 0.00000
1346.44983 0.000000 0.00000
1346.54264 0.000000 0.00000
1346.63544 0.000000 0.00000
1346.72824 0.000000 0.00000
1346.82104 0.000000 0.00000
1346.91384 0.000000 0.00000
1347.00664 0.000000 0.00000
1347.09945 0.000000 0.00000
1347.19225 0.000000 0.00000
1347.28505 0.000000 0.00000
1347.37785 0.000000 0.00000
1347.47065 0.000000 0.00000
1347.56345 0.000000 0.00000
1347.65625 0.000000 0.00000
1347.74906 0.000000 0.00000
1347.84186 0.000000 0.00000
1347.93466 0.000000 0.00000
1348.02746 0.000000 0.00000
1348.12026 0.000000 0.00000
1348.21306 0.000000 0.00000
1348.30587 0.000000 0.00000
1348.39867 0.000000 0.00000
1348.49147 0.000000 0.00000
1348.58427 0.000000 0.00000
1348.67707 0.000000 0.00000
1348.76987 0.000000 0.00000
1348.86268 0.000000 0.00000
1348.95548 0.000000 0.00000
1349.04828 0.000000 0.00000
1349.14108 0.000000 0.00000
1349.23388 0.000000 0.00000
1349.32668 0.000000 0.00000
1349.41949 0.000000 0.00000
1349.51229 0.000000 0.00000
1349.60509 0.000000 0.00000
1349.69789 0.000000 0.00000
1349.79069 0.000000 0.00000
1349.88349 0.000000 0.00000
1349.97630 0.000000 0.00000
1350.06910 0.000000 0.00000
1350.16190 0.000000 0.00000
1350.25470 0.000000 0.00000
1350.34750 0.000000 0.00000
1350.44030 0.000000 0.00000
1350.53311 0.000000 0.00000
1350.62591 0.000000 0.00000
1350.71871 0.000000 0.00000
1350.81151 0.000000 0.00000
1350.90431 0.000000 0.00000
1350.99711 0.000000 0.00000
1351.08992 0.000000 0.00000
1351.18272 0.000000 0.00000
1351.27552 0.000000 0.00000
1351.36832 0.000000 0.00000
1351.46112 0.000000 0.00000
1351.55392 0.000000 0.00000
1351.64673 0.000000 0.00000
1351.73953 0.000000 0.00000
1351.83233 0.000000 0.00000
1351.92513 0.000000 0.00000
1352.01793 0.000000 0.00000
1352.11073 0.000000 0.00000
1352.20354 0.000000 0.00000
1352.29634 0.000000 0.00000
1352.38914 0.000000 0.00000
1352.48194 0.000000 0.00000
1352.57474 0.000000 0.00000
1352.66754 0.000000 0.00000
1352.76035 0.000000 0.00000
1352.85315 0.000000 0.00000
1352.94595 0.000000 0.00000
1353.03875 0.000000 0.00000
1353.13155 0.000000 0.00000
1353.22435 0.000000 0.00000
1353.31716 0.000000 0.00000
1353.40996 0.000000 0.00000
1353.50276 0.000000 0.00000
1353.59556 0.000000 0.00000
1353.68836 0.000000 0.00000
1353.78116 0.000000 0.00000
1353.87397 0.000000 0.00000
1353.96677 0.000000 0.00000
1354.05957 0.000000 0.00000
1354.15237 0.000000 0.00000
1354.24517 0.000000 0.00000
1354.33797 0.000000 0.00000
1354.43077 0.000000 0.00000
1354.52358 0.000000 0.00000
1354.61638 0.000000 0.00000
1354.70918 0.000000 0.00000
1354.80198 0.000000 0.00000
1354.89478 0.000000 0.00000
1354.98758 0.000000 0.00000
1355.08039 0.000000 0.00000
1355.17319 0.000000 0.00000
1355.26599 0.000000 0.00000
1355.35879 0.000000 0.00000
1355.45159 0.000000 0.00000
1355.54439 0.000000 0.00000
1355.63720 0.000000 0.00000
1355.73000 0.000000 0.00000
1355.82280 0.000000 0.00000
1355.91560 0.000000 0.00000
1356.00840 0.000000 0.00000
1356.10120 0.000000 0.00000
1356.19401 0.000000 0.00000
1356.28681 0.000000 0.00000
1356.37961 0.000000 0.00000
1356.47241 0.000000 0.00000
1356.56521 0.000000 0.00000
1356.65801 0.000000 0.00000
1356.75082 0.000000 0.00000
1356.84362 0.000000 0.00000
1356.93642 0.000000 0.00000
1357.02922 0.000000 0.00000
1357.12202 0.000000 0.00000
1357.21482 0.000000 0.00000
1357.30763 0.000000 0.00000
1357.40043 0.000000 0.00000
1357.49323 0.000000 0.00000
1357.58603 0.000000 0.00000
1357.67883 0.000000 0.00000
1357.77163 0.000000 0.00000
1357.86444 0.000000 0.00000
1357.95724 0.000000 0.00000
1358.05004 0.000000 0.00000
1358.14284 0.000000 0.00000
1358.23564 0.000000 0.00000
1358.32844 0.000000 0.00000
1358.42125 0.000000 0.00000
1358.51405 0.000000 0.00000
1358.60685 0.000000 0.00000
1358.69965 0.000000 0.00000
1358.79245 0.000000 0.00000
1358.88525 0.000000 0.00000
1358.97806 0.000000 0.00000
1359.07086 0.000000 0.00000
1359.16366 0.000000 0.00000
1359.25646 0.000000 0.00000
1359.34926 0.000000 0.00000
1359.44206 0.000000 0.00000
1359.53487 0.000000 -0.00000
1359.62767 0.000000 -0.00000
1359.72047 0.000000 -0.00000
1359.81327 0.000000 -0.00000
1359.90607 0.000000 -0.00000
1359.99887 0.000000 -0.00000
1360.09168 0.000000 -0.00000
1360.18448 0.000000 -0.00000
1360.27728 0.000000 -0.00000
1360.37008 0.000000 -0.00000
1360.46288 0.000000 -0.00000
1360.55568 0.000000 -0.00000
1360.64849 0.000000 -0.00000
1360.74129 0.000000 -0.00000
1360.83409 0.000000 -0.00000
1360.92689 0.000000 -0.00000
1361.01969 0.000000 -0.00000
1361.11249 0.000000 -0.00000
1361.20529 0.000000 -0.00000
1361.29810 0.000000 -0.00000
1361.39090 0.000000 -0.00000
1361.48370 0.000000 -0.00000
1361.57650 0.000000 -0.00000
1361.66930 0.000000 -0.00000
1361.76210 0.000000 -0.00000
1361.85491 0.000000 -0.00000
1361.94771 0.000000 -0.00000
1362.04051 0.000000 -0.00000
1362.13331 0.000000 -0.00000
1362.22611 0.000000 -0.00000
1362.31891 0.000000 -0.00000
1362.41172 0.000000 -0.00000
1362.50452 0.000000 -0.00000
1362.59732 0.000000 -0.00000
1362.69012 0.000000 -0.00000
1362.78292 0.000000 -0.00000
1362.87572 0.000000 -0.00000
1362.96853 0.000000 -0.00000
1363.06133 0.000000 -0.00000
1363.15413 0.000000 -0.00000
1363.24693 0.000000 -0.00000
1363.33973 0.000000 -0.00000
1363.43253 0.000000 -0.00000
1363.52534 0.000000 -0.00000
1363.61814 0.000000 -0.00000
1363.71094 0.000000 -0.00000
1363.80374 0.000000 -0.00000
1363.89654 0.000000 -0.00000
1363.98934 0.000000 -0.00000
1364.08215 0.000000 -0.00000
1364.17495 0.000000 -0.00000
1364.26775 0.000000 -0.00000
1364.36055 0.000000 -0.00000
1364.45335 0.000000 -0.00000
1364.54615 0.000000 -0.00000
1364.63896 0.000000 -0.00000
1364.73176 0.000000 -0.00000
1364.82456 0.000000 -0.00000
1364.91736 0.000000 -0.00000
1365.01016 0.000000 -0.00000
1365.10296 0.000000 -0.00000
1365.19577 0.000000 -0.00000
1365.28857 0.000000 -0.00000
1365.38137 0.000000 -0.00000
1365.47417 0.000000 -0.00000
1365.56697 0.000000 -0.00000
1365.65977 0.000000 -0.00000
1365.75258 0.000000 -0.00000
1365.84538 0.000000 -0.00000
1365.93818 0.000000 -0.00000
1366.03098 0.000000 -0.00000
1366.12378 0.000000 -0.00000
1366.21658 0.000000 -0.00000
1366.30939 0.000000 -0.00000
1366.40219 0.000000 -0.00000
1366.49499 0.000000 -0.00000
1366.58779 0.000000 -0.00000
1366.68059 0.000000 -0.00000
1366.77339 0.000000 -0.00000
1366.86620 0.000000 -0.00000
1366.95900 0.000000 -0.00000
1367.05180 0.000000 -0.00000
1367.14460 0.000000 -0.00000
1367.23740 0.000000 -0.00000
1367.33020 0.000000 -0.00000
1367.42301 0.000000 -0.00000
1367.51581 0.000000 -0.00000
1367.60861 0.000000 -0.00000
1367.70141 0.000000 -0.00000
1367.79421 0.000000 -0.00000
1367.88701 0.000000 -0.00000
1367.97982 0.000000 -0.00000
1368.07262 0.000000 -0.00000
1368.16542 0.000000 -0.00000
1368.25822 0.000000 -0.00000
1368.35102 0.000000 -0.00000
1368.44382 0.000000 -0.00000
1368.53662 0.000000 -0.00000
1368.62943 0.000000 -0.00000
1368.72223 0.000000 -0.00000
1368.81503 0.000000 -0.00000
1368.90783 0.000000 -0.00000
1369.00063 0.000000 -0.00000
1369.09343 0.000000 -0.00000
1369.18624 0.000000 -0.00000
1369.27904 0.000000 -0.00000
1369.37184 0.000000 -0.00000
1369.46464 0.000000 -0.00000
1369.55744 0.000000 -0.00000
1369.65024 0.000000 -0.00000
1369.74305 0.000000 -0.00000
1369.83585 0.000000 -0.00000
1369.92865 0.000000 -0.00000
1370.02145 0.000000 -0.00000
1370.11425 0.000000 -0.00000
1370.20705 0.000000 -0.00000
1370.29986 0.000000 -0.00000
1370.39266 0.000000 -0.00000
1370.48546 0.000000 -0.00000
1370.57826 0.000000 -0.00000
1370.67106 0.000000 -0.00000
1370.76386 0.000000 -0.00000
1370.85667 0.000000 -0.00000
1370.94947 0.000000 -0.00000
1371.04227 0.000000 -0.00000
1371.13507 0.000000 -0.00000
1371.22787 0.000000 -0.00000
1371.32067 0.000000 -0.00000
1371.41348 0.000000 -0.00000
1371.50628 0.000000 -0.00000
1371.59908 0.000000 -0.00000
1371.69188 0.000000 -0.00000
1371.78468 0.000000 -0.00000
1371.87748 0.000000 -0.00000
1371.97029 0.000000 -0.00000
1372.06309 0.000000 -0.00000
1372.15589 0.000000 -0.00000
1372.24869 0.000000 -0.00000
1372.34149 0.000000 -0.00000
1372.43429 0.000000 -0.00000
1372.52710 0.000000 -0.00000
1372.61990 0.000000 -0.00000
1372.71270 0.000000 -0.00000
1372.80550 0.000000 -0.00000
1372.89830 0.000000 -0.00000
1372.99110 0.000000 -0.00000
1373.08391 0.000000 -0.00000
1373.17671 0.000000 -0.00000
1373.26951 0.000000 -0.00000
1373.36231 0.000000 -0.00000
1373.45511 0.000000 -0.00000
1373.54791 0.000000 -0.00000
1373.64072 0.000000 -0.00000
1373.73352 0.000000 -0.00000
1373.82632 0.000000 -0.00000
1373.91912 0.000000 -0.00000
1374.01192 0.000000 -0.00000
1374.10472 0.000000 -0.00000
1374.19753 0.000000 -0.00000
1374.29033 0.000000 -0.00000
1374.38313 0.000000 -0.00000
1374.47593 0.000000 -0.00000
1374.56873 0.000000 -0.00000
1374.66153 0.000000 -0.00000
1374.75434 0.000000 -0.00000
1374.84714 0.000000 -0.00000
1374.93994 0.000000 -0.00000
1375.03274 0.000000 -0.00000
1375.12554 0.000000 -0.00000
1375.21834 0.000000 -0.00000
1375.31114 0.000000 -0.00000
1375.40395 0.000000 -0.00000
1375.49675 0.000000 -0.00000
1375.58955 0.000000 -0.00000
1375.68235 0.000000 -0.00000
1375.77515 0.000000 -0.00000
1375.86795 0.000000 -0.00000
1375.96076 0.000000 -0.00000
1376.05356 0.000000 -0.00000
1376.14636 0.000000 -0.00000
1376.23916 0.000000 -0.00000
1376.33196 0.000000 -0.00000
1376.42476 0.000000 -0.00000
1376.51757 0.000000 -0.00000
1376.61037 0.000000 -0.00000
1376.70317 0.000000 -0.00000
1376.79597 0.000000 -0.00000
1376.88877 0.000000 -0.00000
1376.98157 0.000000 -0.00000
1377.07438 0.000000 -0.00000
1377.16718 0.000000 -0.00000
1377.25998 0.000000 -0.00000
1377.35278 0.000000 -0.00000
1377.44558 0.000000 -0.00000
1377.53838 0.000000 -0.00000
1377.63119 0.000000 -0.00000
1377.72399 0.000000 -0.00000
1377.81679 0.000000 -0.00000
1377.90959 0.000000 -0.00000
1378.00239 0.000000 -0.00000
1378.09519 0.000000 -0.00000
1378.18800 0.000000 -0.00000
1378.28080 0.000000 -0.00000
1378.37360 0.000000 -0.00000
1378.46640 0.000000 -0.00000
1378.55920 0.000000 -0.00000
1378.65200 0.000000 -0.00000
1378.74481 0.000000 -0.00000
1378.83761 0.000000 -0.00000
1378.93041 0.000000 -0.00000
1379.02321 0.000000 -0.00000
1379.11601 0.000000 -0.00000
1379.20881 0.000000 -0.00000
1379.30162 0.000000 -0.00000
1379.39442 0.000000 -0.00000
1379.48722 0.000000 -0.00000
1379.58002 0.000000 -0.00000
1379.67282 0.000000 -0.00000
1379.76562 0.000000 -0.00000
1379.85843 0.000000 -0.00000
1379.95123 0.000000 -0.00000
1380.04403 0.000000 -0.00000
1380.13683 0.000000 -0.00000
1380.22963 0.000000 -0.00000
1380.32243 0.000000 -0.00000
1380.41524 0.000000 -0.00000
1380.50804 0.000000 -0.00000
1380.60084 0.000000 -0.00000
1380.69364 0.000000 -0.00000
1380.78644 0.000000 -0.00000
1380.87924 0.000000 -0.00000
1380.97205 0.000000 -0.00000
1381.06485 0.000000 -0.00000
1381.15765 0.000000 -0.00000
1381.25045 0.000000 -0.00000
1381.34325 0.000000 -0.00000
1381.43605 0.000000 -0.00000
1381.52886 0.000000 -0.00000
1381.62166 0.000000 -0.00000
1381.71446 0.000000 -0.00000
1381.80726 0.000000 -0.00000
1381.90006 0.000000 -0.00000
1381.99286 0.000000 -0.00000
1382.08566 0.000000 -0.00000
1382.17847 0.000000 -0.00000
1382.27127 0.000000 -0.00000
1382.36407 0.000000 -0.00000
1382.45687 0.000000 -0.00000
1382.54967 0.000000 -0.00000
1382.64247 0.000000 -0.00000
1382.73528 0.000000 -0.00000
1382.82808 0.000000 -0.00000
1382.92088 0.000000 -0.00000
1383.01368 0.000000 -0.00000
1383.10648 0.000000 -0.00000
1383.19928 0.000000 -0.00000
1383.29209 0.000000 -0.00000
1383.38489 0.000000 -0.00000
1383.47769 0.000000 -0.00000
1383.57049 0.000000 -0.00000
1383.66329 0.000000 -0.00000
1383.75609 0.000000 -0.00000
1383.84890 0.000000 -0.00000
1383.94170 0.000000 -0.00000
1384.03450 0.000000 -0.00000
1384.12730 0.000000 -0.00000
1384.22010 0.000000 -0.00000
1384.31290 0.000000 -0.00000
1384.40571 0.000000 -0.00000
1384.49851 0.000000 -0.00000
1384.59131 0.000000 -0.00000
1384.68411 0.000000 -0.00000
1384.77691 0.000000 -0.00000
1384.86971 0.000000 -0.00000
1384.96252 0.000000 -0.00000
1385.05532 0.000000 -0.00000
1385.14812 0.000000 -0.00000
1385.24092 0.000000 -0.00000
1385.33372 0.000000 -0.00000
1385.42652 0.000000 -0.00000
1385.51933 0.000000 -0.00000
1385.61213 0.000000 -0.00000
1385.70493 0.000000 -0.00000
1385.79773 0.000000 -0.00000
1385.89053 0.000000 -0.00000
1385.98333 0.000000 -0.00000
1386.07614 0.000000 -0.00000
1386.16894 0.000000 -0.00000
1386.26174 0.000000 -0.00000
1386.35454 0.000000 -0.00000
1386.44734 0.000000 -0.00000
1386.54014 0.000000 -0.00000
1386.63295 0.000000 -0.00000
1386.72575 0.000000 -0.00000
1386.81855 0.000000 -0.00000
1386.91135 0.000000 -0.00000
1387.00415 0.000000 -0.00000
1387.09695 0.000000 -0.00000
1387.18976 0.000000 -0.00000
1387.28256 0.000000 -0.00000
1387.37536 0.000000 -0.00000
1387.46816 0.000000 -0.00000
1387.56096 0.000000 -0.00000
1387.65376 0.000000 -0.00000
1387.74657 0.000000 -0.00000
1387.83937 0.000000 -0.00000
1387.93217 0.000000 -0.00000
1388.02497 0.000000 -0.00000
1388.11777 0.000000 -0.00000
1388.21057 0.000000 -0.00000
1388.30338 0.000000 -0.00000
1388.39618 0.000000 -0.00000
1388.48898 0.000000 -0.00000
1388.58178 0.000000 -0.00000
1388.67458 0.000000 -0.00000
1388.76738 0.000000 -0.00000
1388.86018 0.000000 -0.00000
1388.95299 0.000000 -0.00000
1389.04579 0.000000 -0.00000
1389.13859 0.000000 -0.00000
1389.23139 0.000000 -0.00000
1389.32419 0.000000 -0.00000
1389.41699 0.000000 -0.00000
1389.50980 0.000000 -0.00000
1389.60260 0.000000 -0.00000
1389.69540 0.000000 -0.00000
1389.78820 0.000000 -0.00000
1389.88100 0.000000 -0.00000
1389.97380 0.000000 -0.00000
1390.06661 0.000000 -0.00000
1390.15941 0.000000 -0.00000
1390.25221 0.000000 -0.00000
1390.34501 0.000000 -0.00000
1390.43781 0.000000 -0.00000
1390.53061 0.000000 -0.00000
1390.62342 0.000000 -0.00000
1390.71622 0.000000 -0.00000
1390.80902 0.000000 -0.00000
1390.90182 0.000000 -0.00000
1390.99462 0.000000 -0.00000
1391.08742 0.000000 -0.00000
1391.18023 0.000000 -0.00000
1391.27303 0.000000 -0.00000
1391.36583 0.000000 -0.00000
1391.45863 0.000000 -0.00000
1391.55143 0.000000 -0.00000
1391.64423 0.000000 -0.00000
1391.73704 0.000000 -0.00000
1391.82984 0.000000 -0.00000
1391.92264 0.000000 -0.00000
1392.01544 0.000000 -0.00000
1392.10824 0.000000 -0.00000
1392.20104 0.000000 -0.00000
1392.29385 0.000000 -0.00000
1392.38665 0.000000 -0.00000
1392.47945 0.000000 -0.00000
1392.57225 0.000000 -0.00000
1392.66505 0.000000 -0.00000
1392.75785 0.000000 -0.00000
1392.85066 0.000000 -0.00000
1392.94346 0.000000 -0.00000
1393.03626 0.000000 -0.00000
1393.12906 0.000000 -0.00000
1393.22186 0.000000 -0.00000
1393.31466 0.000000 -0.00000
1393.40747 0.000000 -0.00000
1393.50027 0.000000 -0.00000
1393.59307 0.000000 -0.00000
1393.68587 0.000000 -0.00000
1393.77867 0.000000 -0.00000
1393.87147 0.000000 -0.00000
1393.96428 0.000000 -0.00000
1394.05708 0.000000 -0.00000
1394.14988 0.000000 -0.00000
1394.24268 0.000000 -0.00000
1394.33548 0.000000 -0.00000
1394.42828 0.000000 -0.00000
1394.52109 0.000000 -0.00000
1394.61389 0.000000 -0.00000
1394.70669 0.000000 -0.00000
1394.79949 0.000000 -0.00000
1394.89229 0.000000 -0.00000
1394.98509 0.000000 -0.00000
1395.07790 0.000000 -0.00000
1395.17070 0.000000 -0.00000
1395.26350 0.000000 -0.00000
1395.35630 0.000000 -0.00000
1395.44910 0.000000 -0.00000
1395.54190 0.000000 -0.00000
1395.63470 0.000000 -0.00000
1395.72751 0.000000 -0.00000
1395.82031 0.000000 -0.00000
1395.91311 0.000000 -0.00000
1396.00591 0.000000 -0.00000
1396.09871 0.000000 -0.00000
1396.19151 0.000000 -0.00000
1396.28432 0.000000 -0.00000
1396.37712 0.000000 -0.00000
1396.46992 0.000000 -0.00000
1396.56272 0.000000 -0.00000
1396.65552 0.000000 -0.00000
1396.74832 0.000000 -0.00000
1396.84113 0.000000 -0.00000
1396.93393 0.000000 -0.00000
1397.02673 0.000000 -0.00000
1397.11953 0.000000 -0.00000
1397.21233 0.000000 -0.00000
1397.30513 0.000000 -0.00000
1397.39794 0.000000 -0.00000
1397.49074 0.000000 -0.00000
1397.58354 0.000000 -0.00000
1397.67634 0.000000 -0.00000
1397.76914 0.000000 -0.00000
1397.86194 0.000000 -0.00000
1397.95475 0.000000 -0.00000
1398.04755 0.000000 -0.00000
1398.14035 0.000000 -0.00000
1398.23315 0.000000 -0.00000
1398.32595 0.000000 -0.00000
1398.41875 0.000000 -0.00000
1398.51156 0.000000 -0.00000
1398.60436 0.000000 -0.00000
1398.69716 0.000000 -0.00000
1398.78996 0.000000 -0.00000
1398.88276 0.000000 -0.00000
1398.97556 0.000000 -0.00000
1399.06837 0.000000 -0.00000
1399.16117 0.000000 -0.00000
1399.25397 0.000000 -0.00000
1399.34677 0.000000 -0.00000
1399.43957 0.000000 -0.00000
1399.53237 0.000000 -0.00000
1399.62518 0.000000 -0.00000
1399.71798 0.000000 -0.00000
1399.81078 0.000000 -0.00000
1399.90358 0.000000 -0.00000
1399.99638 0.000000 -0.00000
1400.08918 0.000000 -0.00000
1400.18199 0.000000 -0.00000
1400.27479 0.000000 -0.00000
1400.36759 0.000000 -0.00000
1400.46039 0.000000 -0.00000
1400.55319 0.000000 -0.00000
1400.64599 0.000000 -0.00000
1400.73880 0.000000 -0.00000
1400.83160 0.000000 -0.00000
1400.92440 0.000000 -0.00000
1401.01720 0.000000 -0.00000
1401.11000 0.000000 -0.00000
1401.20280 0.000000 -0.00000
1401.29561 0.000000 -0.00000
1401.38841 0.000000 -0.00000
1401.48121 0.000000 -0.00000
1401.57401 0.000000 -0.00000
1401.66681 0.000000 -0.00000
1401.75961 0.000000 -0.00000
1401.85242 0.000000 -0.00000
1401.94522 0.000000 -0.00000
1402.03802 0.000000 -0.00000
1402.13082 0.000000 -0.00000
1402.22362 0.000000 -0.00000
1402.31642 0.000000 -0.00000
1402.40922 0.000000 -0.00000
1402.50203 0.000000 -0.00000
1402.59483 0.000000 -0.00000
1402.68763 0.000000 -0.00000
1402.78043 0.000000 -0.00000
1402.87323 0.000000 -0.00000
1402.96603 0.000000 -0.00000
1403.05884 0.000000 -0.00000
1403.15164 0.000000 -0.00000
1403.24444 0.000000 -0.00000
1403.33724 0.000000 -0.00000
1403.43004 0.000000 -0.00000
1403.52284 0.000000 -0.00000
1403.61565 0.000000 -0.00000
1403.70845 0.000000 -0.00000
1403.80125 0.000000 -0.00000
1403.89405 0.000000 -0.00000
1403.98685 0.000000 -0.00000
1404.07965 0.000000 -0.00000
1404.17246 0.000000 -0.00000
1404.26526 0.000000 -0.00000
1404.35806 0.000000 -0.00000
1404.45086 0.000000 -0.00000
1404.54366 0.000000 -0.00000
1404.63646 0.000000 -0.00000
1404.72927 0.000000 -0.00000
1404.82207 0.000000 -0.00000
1404.91487 0.000000 -0.00000
1405.00767 0.000000 -0.00000
1405.10047 0.000000 -0.00000
1405.19327 0.000000 -0.00000
1405.28608 0.000000 -0.00000
1405.37888 0.000000 -0.00000
1405.47168 0.000000 -0.00000
1405.56448 0.000000 -0.00000
1405.65728 0.000000 -0.00000
1405.75008 0.000000 -0.00000
1405.84289 0.000000 -0.00000
1405.93569 0.000000 -0.00000
1406.02849 0.000000 -0.00000
1406.12129 0.000000 -0.00000
1406.21409 0.000000 -0.00000
1406.30689 0.000000 -0.00000
1406.39970 0.000000 -0.00000
1406.49250 0.000000 -0.00000
1406.58530 0.000000 -0.00000
1406.67810 0.000000 -0.00000
1406.77090 0.000000 -0.00000
1406.86370 0.000000 -0.00000
1406.95651 0.000000 -0.00000
1407.04931 0.000000 -0.00000
1407.14211 0.000000 -0.00000
1407.23491 0.000000 -0.00000
1407.32771 0.000000 -0.00000
1407.42051 0.000000 -0.00000
1407.51332 0.000000 -0.00000
1407.60612 0.000000 -0.00000
1407.69892 0.000000 -0.00000
1407.79172 0.000000 -0.00000
1407.88452 0.000000 -0.00000
1407.97732 0.000000 -0.00000
1408.07013 0.000000 -0.00000
1408.16293 0.000000 -0.00000
1408.25573 0.000000 -0.00000
1408.34853 0.000000 -0.00000
1408.44133 0.000000 -0.00000
1408.53413 0.000000 -0.00000
1408.62694 0.000000 -0.00000
1408.71974 0.000000 -0.00000
1408.81254 0.000000 -0.00000
1408.90534 0.000000 -0.00000
1408.99814 0.000000 -0.00000
1409.09094 0.000000 -0.00000
1409.18374 0.000000 -0.00000
1409.27655 0.000000 -0.00000
1409.36935 0.000000 -0.00000
1409.46215 0.000000 -0.00000
1409.55495 0.000000 -0.00000
1409.64775 0.000000 -0.00000
1409.74055 0.000000 -0.00000
1409.83336 0.000000 -0.00000
1409.92616 0.000000 -0.00000
1410.01896 0.000000 -0.00000
1410.11176 0.000000 -0.00000
1410.20456 0.000000 -0.00000
1410.29736 0.000000 -0.00000
1410.39017 0.000000 -0.00000
1410.48297 0.000000 -0.00000
1410.57577 0.000000 -0.00000
1410.66857 0.000000 -0.00000
1410.76137 0.000000 -0.00000
1410.85417 0.000000 -0.00000
1410.94698 0.000000 -0.00000
1411.03978 0.000000 -0.00000
1411.13258 0.000000 -0.00000
1411.22538 0.000000 -0.00000
1411.31818 0.000000 -0.00000
1411.41098 0.000000 -0.00000
1411.50379 0.000000 -0.00000
1411.59659 0.000000 -0.00000
1411.68939 0.000000 -0.00000
1411.78219 0.000000 -0.00000
1411.87499 0.000000 -0.00000
1411.96779 0.000000 -0.00000
1412.06060 0.000000 -0.00000
1412.15340 0.000000 -0.00000
1412.24620 0.000000 -0.00000
1412.33900 0.000000 -0.00000
1412.43180 0.000000 -0.00000
1412.52460 0.000000 -0.00000
1412.61741 0.000000 -0.00000
1412.71021 0.000000 -0.00000
1412.80301 0.000000 -0.00000
1412.89581 0.000000 -0.00000
1412.98861 0.000000 -0.00000
1413.08141 0.000000 -0.00000
1413.17422 0.000000 -0.00000
1413.26702 0.000000 -0.00000
1413.35982 0.000000 -0.00000
1413.45262 0.000000 -0.00000
1413.54542 0.000000 -0.00000
1413.63822 0.000000 -0.00000
1413.73103 0.000000 -0.00000
1413.82383 0.000000 -0.00000
1413.91663 0.000000 -0.00000
1414.00943 0.000000 -0.00000
1414.10223 0.000000 -0.00000
1414.19503 0.000000 -0.00000
1414.28784 0.000000 -0.00000
1414.38064 0.000000 -0.00000
1414.47344 0.000000 -0.00000
1414.56624 0.000000 -0.00000
1414.65904 0.000000 -0.00000
1414.75184 0.000000 -0.00000
1414.84465 0.000000 -0.00000
1414.93745 0.000000 -0.00000
1415.03025 0.000000 -0.00000
1415.12305 0.000000 -0.00000
1415.21585 0.000000 -0.00000
1415.30865 0.000000 -0.00000
1415.40146 0.000000 -0.00000
1415.49426 0.000000 -0.00000
1415.58706 0.000000 -0.00000
1415.67986 0.000000 -0.00000
1415.77266 0.000000 -0.00000
1415.86546 0.000000 -0.00000
1415.95826 0.000000 -0.00000
1416.05107 0.000000 -0.00000
1416.14387 0.000000 -0.00000
1416.23667 0.000000 -0.00000
1416.32947 0.000000 -0.00000
1416.42227 0.000000 -0.00000
1416.51507 0.000000 -0.00000
1416.60788 0.000000 -0.00000
1416.70068 0.000000 -0.00000
1416.79348 0.000000 -0.00000
1416.88628 0.000000 -0.00000
1416.97908 0.000000 -0.00000
1417.07188 0.000000 -0.00000
1417.16469 0.000000 -0.00000
1417.25749 0.000000 -0.00000
1417.35029 0.000000 -0.00000
1417.44309 0.000000 -0.00000
1417.53589 0.000000 -0.00000
1417.62869 0.000000 -0.00000
1417.72150 0.000000 -0.00000
1417.81430 0.000000 -0.00000
1417.90710 0.000000 -0.00000
1417.99990 0.000000 -0.00000
1418.09270 0.000000 -0.00000
1418.18550 0.000000 -0.00000
1418.27831 0.000000 -0.00000
1418.37111 0.000000 -0.00000
1418.46391 0.000000 -0.00000
1418.55671 0.000000 -0.00000
1418.64951 0.000000 -0.00000
1418.74231 0.000000 -0.00000
1418.83512 0.000000 -0.00000
1418.92792 0.000000 -0.00000
1419.02072 0.000000 -0.00000
1419.11352 0.000000 -0.00000
1419.20632 0.000000 -0.00000
1419.29912 0.000000 -0.00000
1419.39193 0.000000 -0.00000
1419.48473 0.000000 -0.00000
1419.57753 0.000000 -0.00000
1419.67033 0.000000 -0.00000
1419.76313 0.000000 -0.00000
1419.85593 0.000000 -0.00000
1419.94874 0.000000 -0.00000
1420.04154 0.000000 -0.00000
1420.13434 0.000000 -0.00000
1420.22714 0.000000 -0.00000
1420.31994 0.000000 -0.00000
1420.41274 0.000000 -0.00000
1420.50555 0.000000 -0.00000
1420.59835 0.000000 -0.00000
1420.69115 0.000000 -0.00000
1420.78395 0.000000 -0.00000
1420.87675 0.000000 -0.00000
1420.96955 0.000000 -0.00000
1421.06236 0.000000 -0.00000
1421.15516 0.000000 -0.00000
1421.24796 0.000000 -0.00000
1421.34076 0.000000 -0.00000
1421.43356 0.000000 -0.00000
1421.52636 0.000000 -0.00000
1421.61917 0.000000 -0.00000
1421.71197 0.000000 -0.00000
1421.80477 0.000000 -0.00000
1421.89757 0.000000 -0.00000
1421.99037 0.000000 -0.00000
1422.08317 0.000000 -0.00000
1422.17598 0.000000 -0.00000
1422.26878 0.000000 -0.00000
1422.36158 0.000000 -0.00000
1422.45438 0.000000 -0.00000
1422.54718 0.000000 -0.00000
1422.63998 0.000000 -0.00000
1422.73278 0.000000 -0.00000
1422.82559 0.000000 -0.00000
1422.91839 0.000000 -0.00000
1423.01119 0.000000 -0.00000
1423.10399 0.000000 -0.00000
1423.19679 0.000000 -0.00000
1423.28959 0.000000 -0.00000
1423.38240 0.000000 -0.00000
1423.47520 0.000000 -0.00000
1423.56800 0.000000 -0.00000
1423.66080 0.000000 -0.00000
1423.75360 0.000000 -0.00000
1423.84640 0.000000 -0.00000
1423.93921 0.000000 -0.00000
1424.03201 0.000000 -0.00000
1424.12481 0.000000 -0.00000
1424.21761 0.000000 -0.00000
1424.31041 0.000000 -0.00000
1424.40321 0.000000 -0.00000
1424.49602 0.000000 -0.00000
1424.58882 0.000000 -0.00000
1424.68162 0.000000 -0.00000
1424.77442 0.000000 -0.00000
1424.86722 0.000000 -0.00000
1424.96002 0.000000 -0.00000
1425.05283 0.000000 -0.00000
1425.14563 0.000000 -0.00000
1425.23843 0.000000 -0.00000
1425.33123 0.000000 -0.00000
1425.42403 0.000000 -0.00000
1425.51683 0.000000 -0.00000
1425.60964 0.000000 -0.00000
1425.70244 0.000000 -0.00000
1425.79524 0.000000 -0.00000
1425.88804 0.000000 -0.00000
1425.98084 0.000000 -0.00000
1426.07364 0.000000 -0.00000
1426.16645 0.000000 -0.00000
1426.25925 0.000000 -0.00000
1426.35205 0.000000 -0.00000
1426.44485 0.000000 -0.00000
1426.53765 0.000000 -0.00000
1426.63045 0.000000 -0.00000
1426.72326 0.000000 -0.00000
1426.81606 0.000000 -0.00000
1426.90886 0.000000 -0.00000
1427.00166 0.000000 -0.00000
1427.09446 0.000000 -0.00000
1427.18726 0.000000 -0.00000
1427.28007 0.000000 -0.00000
1427.37287 0.000000 -0.00000
1427.46567 0.000000 -0.00000
1427.55847 0.000000 -0.00000
1427.65127 0.000000 -0.00000
1427.74407 0.000000 -0.00000
1427.83688 0.000000 -0.00000
1427.92968 0.000000 -0.00000
1428.02248 0.000000 -0.00000
1428.11528 0.000000 -0.00000
1428.20808 0.000000 -0.00000
1428.30088 0.000000 -0.00000
1428.39369 0.000000 -0.00000
1428.48649 0.000000 -0.00000
1428.57929 0.000000 -0.00000
1428.67209 0.000000 -0.00000
1428.76489 0.000000 -0.00000
1428.85769 0.000000 -0.00000
1428.95050 0.000000 -0.00000
1429.04330 0.000000 -0.00000
1429.13610 0.000000 -0.00000
1429.22890 0.000000 -0.00000
1429.32170 0.000000 -0.00000
1429.41450 0.000000 -0.00000
1429.50730 0.000000 -0.00000
1429.60011 0.000000 -0.00000
1429.69291 0.000000 -0.00000
1429.78571 0.000000 -0.00000
1429.87851 0.000000 -0.00000
1429.97131 0.000000 -0.00000
1430.06411 0.000000 -0.00000
1430.15692 0.000000 -0.00000
1430.24972 0.000000 -0.00000
1430.34252 0.000000 -0.00000
1430.43532 0.000000 -0.00000
1430.52812 0.000000 -0.00000
1430.62092 0.000000 -0.00000
1430.71373 0.000000 -0.00000
1430.80653 0.000000 -0.00000
1430.89933 0.000000 -0.00000
1430.99213 0.000000 -0.00000
1431.08493 0.000000 -0.00000
1431.17773 0.000000 -0.00000
1431.27054 0.000000 -0.00000
1431.36334 0.000000 -0.00000
1431.45614 0.000000 -0.00000
1431.54894 0.000000 -0.00000
1431.64174 0.000000 -0.00000
1431.73454 0.000000 -0.00000
1431.82735 0.000000 -0.00000
1431.92015 0.000000 -0.00000
1432.01295 0.000000 -0.00000
1432.10575 0.000000 -0.00000
1432.19855 0.000000 -0.00000
1432.29135 0.000000 -0.00000
1432.38416 0.000000 -0.00000
1432.47696 0.000000 -0.00000
1432.56976 0.000000 -0.00000
1432.66256 0.000000 -0.00000
1432.75536 0.000000 -0.00000
1432.84816 0.000000 -0.00000
1432.94097 0.000000 -0.00000
1433.03377 0.000000 -0.00000
1433.12657 0.000000 -0.00000
1433.21937 0.000000 -0.00000
1433.31217 0.000000 -0.00000
1433.40497 0.000000 -0.00000
1433.49778 0.000000 -0.00000
1433.59058 0.000000 -0.00000
1433.68338 0.000000 -0.00000
1433.77618 0.000000 -0.00000
1433.86898 0.000000 -0.00000
1433.96178 0.000000 -0.00000
1434.05459 0.000000 -0.00000
1434.14739 0.000000 -0.00000
1434.24019 0.000000 -0.00000
1434.33299 0.000000 -0.00000
1434.42579 0.000000 -0.00000
1434.51859 0.000000 -0.00000
1434.61140 0.000000 -0.00000
1434.70420 0.000000 -0.00000
1434.79700 0.000000 -0.00000
1434.88980 0.000000 -0.00000
1434.98260 0.000000 -0.00000
1435.07540 0.000000 -0.00000
1435.16821 0.000000 -0.00000
1435.26101 0.000000 -0.00000
1435.35381 0.000000 -0.00000
1435.44661 0.000000 -0.00000
1435.53941 0.000000 -0.00000
1435.63221 0.000000 -0.00000
1435.72502 0.000000 -0.00000
1435.81782 0.000000 -0.00000
1435.91062 0.000000 -0.00000
1436.00342 0.000000 -0.00000
1436.09622 0.000000 -0.00000
1436.18902 0.000000 -0.00000
1436.28182 0.000000 -0.00000
1436.37463 0.000000 -0.00000
1436.46743 0.000000 -0.00000
1436.56023 0.000000 -0.00000
1436.65303 0.000000 -0.00000
1436.74583 0.000000 -0.00000
1436.83863 0.000000 -0.00000
1436.93144 0.000000 -0.00000
1437.02424 0.000000 -0.00000
1437.11704 0.000000 -0.00000
1437.20984 0.000000 -0.00000
1437.30264 0.000000 -0.00000
1437.39544 0.000000 -0.00000
1437.48825 0.000000 -0.00000
1437.58105 0.000000 -0.00000
1437.67385 0.000000 -0.00000
1437.76665 0.000000 -0.00000
1437.85945 0.000000 -0.00000
1437.95225 0.000000 -0.00000
1438.04506 0.000000 -0.00000
1438.13786 0.000000 -0.00000
1438.23066 0.000000 -0.00000
1438.32346 0.000000 -0.00000
1438.41626 0.000000 -0.00000
1438.50906 0.000000 -0.00000
1438.60187 0.000000 -0.00000
1438.69467 0.000000 -0.00000
1438.78747 0.000000 -0.00000
1438.88027 0.000000 -0.00000
1438.97307 0.000000 -0.00000
1439.06587 0.000000 -0.00000
1439.15868 0.000000 -0.00000
1439.25148 0.000000 -0.00000
1439.34428 0.000000 -0.00000
1439.43708 0.000000 -0.00000
1439.52988 0.000000 -0.00000
1439.62268 0.000000 -0.00000
1439.71549 0.000000 -0.00000
1439.80829 0.000000 -0.00000
1439.90109 0.000000 -0.00000
1439.99389 0.000000 -0.00000
1440.08669 0.000000 -0.00000
1440.17949 0.000000 -0.00000
1440.27230 0.000000 -0.00000
1440.36510 0.000000 -0.00000
1440.45790 0.000000 -0.00000
1440.55070 0.000000 -0.00000
1440.64350 0.000000 -0.00000
1440.73630 0.000000 -0.00000
1440.82911 0.000000 -0.00000
1440.92191 0.000000 -0.00000
1441.01471 0.000000 -0.00000
1441.10751 0.000000 -0.00000
1441.20031 0.000000 -0.00000
1441.29311 0.000000 -0.00000
1441.38592 0.000000 -0.00000
1441.47872 0.000000 -0.00000
1441.57152 0.000000 -0.00000
1441.66432 0.000000 -0.00000
1441.75712 0.000000 -0.00000
1441.84992 0.000000 -0.00000
1441.94273 0.000000 -0.00000
1442.03553 0.000000 -0.00000
1442.12833 0.000000 -0.00000
1442.22113 0.000000 -0.00000
1442.31393 0.000000 -0.00000
1442.40673 0.000000 -0.00000
1442.49954 0.000000 -0.00000
1442.59234 0.000000 -0.00000
1442.68514 0.000000 -0.00000
1442.77794 0.000000 -0.00000
1442.87074 0.000000 -0.00000
1442.96354 0.000000 -0.00000
1443.05635 0.000000 -0.00000
1443.14915 0.000000 -0.00000
1443.24195 0.000000 -0.00000
1443.33475 0.000000 -0.00000
1443.42755 0.000000 -0.00000
1443.52035 0.000000 -0.00000
1443.61315 0.000000 -0.00000
1443.70596 0.000000 -0.00000
1443.79876 0.000000 -0.00000
1443.89156 0.000000 -0.00000
1443.98436 0.000000 -0.00000
1444.07716 0.000000 -0.00000
1444.16996 0.000000 -0.00000
1444.26277 0.000000 -0.00000
1444.35557 0.000000 -0.00000
1444.44837 0.000000 -0.00000
1444.54117 0.000000 -0.00000
1444.63397 0.000000 -0.00000
1444.72677 0.000000 -0.00000
1444.81958 0.000000 -0.00000
1444.91238 0.000000 -0.00000
1445.00518 0.000000 -0.00000
1445.09798 0.000000 -0.00000
1445.19078 0.000000 -0.00000
1445.28358 0.000000 -0.00000
1445.37639 0.000000 -0.00000
1445.46919 0.000000 -0.00000
1445.56199 0.000000 -0.00000
1445.65479 0.000000 -0.00000
1445.74759 0.000000 -0.00000
1445.84039 0.000000 -0.00000
1445.93320 0.000000 -0.00000
1446.02600 0.000000 -0.00000
1446.11880 0.000000 -0.00000
1446.21160 0.000000 -0.00000
1446.30440 0.000000 -0.00000
1446.39720 0.000000 -0.00000
1446.49001 0.000000 -0.00000
1446.58281 0.000000 -0.00000
1446.67561 0.000000 -0.00000
1446.76841 0.000000 -0.00000
1446.86121 0.000000 -0.00000
1446.95401 0.000000 -0.00000
1447.04682 0.000000 -0.00000
1447.13962 0.000000 -0.00000
1447.23242 0.000000 -0.00000
1447.32522 0.000000 -0.00000
1447.41802 0.000000 -0.00000
1447.51082 0.000000 -0.00000
1447.60363 0.000000 -0.00000
1447.69643 0.000000 -0.00000
1447.78923 0.000000 -0.00000
1447.88203 0.000000 -0.00000
1447.97483 0.000000 -0.00000
1448.06763 0.000000 -0.00000
1448.16044 0.000000 -0.00000
1448.25324 0.000000 -0.00000
1448.34604 0.000000 -0.00000
1448.43884 0.000000 -0.00000
1448.53164 0.000000 -0.00000
1448.62444 0.000000 -0.00000
1448.71725 0.000000 -0.00000
1448.81005 0.000000 -0.00000
1448.90285 0.000000 -0.00000
1448.99565 0.000000 -0.00000
1449.08845 0.000000 -0.00000
1449.18125 0.000000 -0.00000
1449.27406 0.000000 -0.00000
1449.36686 0.000000 -0.00000
1449.45966 0.000000 -0.00000
1449.55246 0.000000 -0.00000
1449.64526 0.000000 -0.00000
1449.73806 0.000000 -0.00000
1449.83087 0.000000 -0.00000
1449.92367 0.000000 -0.00000
1450.01647 0.000000 -0.00000
1450.10927 0.000000 -0.00000
1450.20207 0.000000 -0.00000
1450.29487 0.000000 -0.00000
1450.38767 0.000000 -0.00000
1450.48048 0.000000 -0.00000
1450.57328 0.000000 -0.00000
1450.66608 0.000000 -0.00000
1450.75888 0.000000 -0.00000
1450.85168 0.000000 -0.00000
1450.94448 0.000000 -0.00000
1451.03729 0.000000 -0.00000
1451.13009 0.000000 -0.00000
1451.22289 0.000000 -0.00000
1451.31569 0.000000 -0.00000
1451.40849 0.000000 -0.00000
1451.50129 0.000000 -0.00000
1451.59410 0.000000 -0.00000
1451.68690 0.000000 -0.00000
1451.77970 0.000000 -0.00000
1451.87250 0.000000 -0.00000
1451.96530 0.000000 -0.00000
1452.05810 0.000000 -0.00000
1452.15091 0.000000 -0.00000
1452.24371 0.000000 -0.00000
1452.33651 0.000000 -0.00000
1452.42931 0.000000 -0.00000
1452.52211 0.000000 -0.00000
1452.61491 0.000000 -0.00000
1452.70772 0.000000 -0.00000
1452.80052 0.000000 -0.00000
1452.89332 0.000000 -0.00000
1452.98612 0.000000 -0.00000
1453.07892 0.000000 -0.00000
1453.17172 0.000000 -0.00000
1453.26453 0.000000 -0.00000
1453.35733 0.000000 -0.00000
1453.45013 0.000000 -0.00000
1453.54293 0.000000 -0.00000
1453.63573 0.000000 -0.00000
1453.72853 0.000000 -0.00000
1453.82134 0.000000 -0.00000
1453.91414 0.000000 -0.00000
1454.00694 0.000000 -0.00000
1454.09974 0.000000 -0.00000
1454.19254 0.000000 -0.00000
1454.28534 0.000000 -0.00000
1454.37815 0.000000 -0.00000
1454.47095 0.000000 -0.00000
1454.56375 0.000000 -0.00000
1454.65655 0.000000 -0.00000
1454.74935 0.000000 -0.00000
1454.84215 0.000000 -0.00000
1454.93496 0.000000 -0.00000
1455.02776 0.000000 -0.00000
1455.12056 0.000000 -0.00000
1455.21336 0.000000 -0.00000
1455.30616 0.000000 -0.00000
1455.39896 0.000000 -0.00000
1455.49177 0.000000 -0.00000
1455.58457 0.000000 -0.00000
1455.67737 0.000000 -0.00000
1455.77017 0.000000 -0.00000
1455.86297 0.000000 -0.00000
1455.95577 0.000000 -0.00000
1456.04858 0.000000 -0.00000
1456.14138 0.000000 -0.00000
1456.23418 0.000000 -0.00000
1456.32698 0.000000 -0.00000
1456.41978 0.000000 -0.00000
1456.51258 0.000000 -0.00000
1456.60539 0.000000 -0.00000
1456.69819 0.000000 -0.00000
1456.79099 0.000000 -0.00000
1456.88379 0.000000 -0.00000
1456.97659 0.000000 -0.00000
1457.06939 0.000000 -0.00000
1457.16219 0.000000 -0.00000
1457.25500 0.000000 -0.00000
1457.34780 0.000000 -0.00000
1457.44060 0.000000 -0.00000
1457.53340 0.000000 -0.00000
1457.62620 0.000000 -0.00000
1457.71900 0.000000 -0.00000
1457.81181 0.000000 -0.00000
1457.90461 0.000000 -0.00000
1457.99741 0.000000 -0.00000
1458.09021 0.000000 -0.00000
1458.18301 0.000000 -0.00000
1458.27581 0.000000 -0.00000
1458.36862 0.000000 -0.00000
1458.46142 0.000000 -0.00000
1458.55422 0.000000 -0.00000
1458.64702 0.000000 -0.00000
1458.73982 0.000000 -0.00000
1458.83262 0.000000 -0.00000
1458.92543 0.000000 -0.00000
1459.01823 0.000000 -0.00000
1459.11103 0.000000 -0.00000
1459.20383 0.000000 -0.00000
1459.29663 0.000000 -0.00000
1459.38943 0.000000 -0.00000
1459.48224 0.000000 -0.00000
1459.57504 0.000000 -0.00000
1459.66784 0.000000 -0.00000
1459.76064 0.000000 -0.00000
1459.85344 0.000000 -0.00000
1459.94624 0.000000 -0.00000
1460.03905 0.000000 -0.00000
1460.13185 0.000000 -0.00000
1460.22465 0.000000 -0.00000
1460.31745 0.000000 -0.00000
1460.41025 0.000000 -0.00000
1460.50305 0.000000 -0.00000
1460.59586 0.000000 -0.00000
1460.68866 0.000000 -0.00000
1460.78146 0.000000 -0.00000
1460.87426 0.000000 -0.00000
1460.96706 0.000000 -0.00000
1461.05986 0.000000 -0.00000
1461.15267 0.000000 -0.00000
1461.24547 0.000000 -0.00000
1461.33827 0.000000 -0.00000
1461.43107 0.000000 -0.00000
1461.52387 0.000000 -0.00000
1461.61667 0.000000 -0.00000
1461.70948 0.000000 -0.00000
1461.80228 0.000000 -0.00000
1461.89508 0.000000 -0.00000
1461.98788 0.000000 -0.00000
1462.08068 0.000000 -0.00000
1462.17348 0.000000 -0.00000
1462.26629 0.000000 -0.00000
1462.35909 0.000000 -0.00000
1462.45189 0.000000 -0.00000
1462.54469 0.000000 -0.00000
1462.63749 0.000000 -0.00000
1462.73029 0.000000 -0.00000
1462.82310 0.000000 -0.00000
1462.91590 0.000000 -0.00000
1463.00870 0.000000 -0.00000
1463.10150 0.000000 -0.00000
1463.19430 0.000000 -0.00000
1463.28710 0.000000 -0.00000
1463.37991 0.000000 -0.00000
1463.47271 0.000000 -0.00000
1463.56551 0.000000 -0.00000
1463.65831 0.000000 -0.00000
1463.75111 0.000000 -0.00000
1463.84391 0.000000 -0.00000
1463.93671 0.000000 -0.00000
1464.02952 0.000000 -0.00000
1464.12232 0.000000 -0.00000
1464.21512 0.000000 -0.00000
1464.30792 0.000000 -0.00000
1464.40072 0.000000 -0.00000
1464.49352 0.000000 -0.00000
1464.58633 0.000000 -0.00000
1464.67913 0.000000 -0.00000
1464.77193 0.000000 -0.00000
1464.86473 0.000000 -0.00000
1464.95753 0.000000 -0.00000
1465.05033 0.000000 -0.00000
1465.14314 0.000000 -0.00000
1465.23594 0.000000 -0.00000
1465.32874 0.000000 -0.00000
1465.42154 0.000000 -0.00000
1465.51434 0.000000 -0.00000
1465.60714 0.000000 -0.00000
1465.69995 0.000000 -0.00000
1465.79275 0.000000 -0.00000
1465.88555 0.000000 -0.00000
1465.97835 0.000000 -0.00000
1466.07115 0.000000 -0.00000
1466.16395 0.000000 -0.00000
1466.25676 0.000000 -0.00000
1466.34956 0.000000 -0.00000
1466.44236 0.000000 -0.00000
1466.53516 0.000000 -0.00000
1466.62796 0.000000 -0.00000
1466.72076 0.000000 -0.00000
1466.81357 0.000000 -0.00000
1466.90637 0.000000 -0.00000
1466.99917 0.000000 -0.00000
1467.09197 0.000000 -0.00000
1467.18477 0.000000 -0.00000
1467.27757 0.000000 -0.00000
1467.37038 0.000000 -0.00000
1467.46318 0.000000 -0.00000
1467.55598 0.000000 -0.00000
1467.64878 0.000000 -0.00000
1467.74158 0.000000 -0.00000
1467.83438 0.000000 -0.00000
1467.92719 0.000000 -0.00000
1468.01999 0.000000 -0.00000
1468.11279 0.000000 -0.00000
1468.20559 0.000000 -0.00000
1468.29839 0.000000 -0.00000
1468.39119 0.000000 -0.00000
1468.48400 0.000000 -0.00000
1468.57680 0.000000 -0.00000
1468.66960 0.000000 -0.00000
1468.76240 0.000000 -0.00000
1468.85520 0.000000 -0.00000
1468.94800 0.000000 -0.00000
1469.04081 0.000000 -0.00000
1469.13361 0.000000 -0.00000
1469.22641 0.000000 -0.00000
1469.31921 0.000000 -0.00000
1469.41201 0.000000 -0.00000
1469.50481 0.000000 -0.00000
1469.59762 0.000000 -0.00000
1469.69042 0.000000 -0.00000
1469.78322 0.000000 -0.00000
1469.87602 0.000000 -0.00000
1469.96882 0.000000 -0.00000
1470.06162 0.000000 -0.00000
1470.15443 0.000000 -0.00000
1470.24723 0.000000 -0.00000
1470.34003 0.000000 -0.00000
1470.43283 0.000000 -0.00000
1470.52563 0.000000 -0.00000
1470.61843 0.000000 -0.00000
1470.71123 0.000000 -0.00000
1470.80404 0.000000 -0.00000
1470.89684 0.000000 -0.00000
1470.98964 0.000000 -0.00000
1471.08244 0.000000 -0.00000
1471.17524 0.000000 -0.00000
1471.26804 0.000000 -0.00000
1471.36085 0.000000 -0.00000
1471.45365 0.000000 -0.00000
1471.54645 0.000000 -0.00000
1471.63925 0.000000 -0.00000
1471.73205 0.000000 -0.00000
1471.82485 0.000000 -0.00000
1471.91766 0.000000 -0.00000
1472.01046 0.000000 -0.00000
1472.10326 0.000000 -0.00000
1472.19606 0.000000 -0.00000
1472.28886 0.000000 -0.00000
1472.38166 0.000000 -0.00000
1472.47447 0.000000 -0.00000
1472.56727 0.000000 -0.00000
1472.66007 0.000000 -0.00000
1472.75287 0.000000 -0.00000
1472.84567 0.000000 -0.00000
1472.93847 0.000000 -0.00000
1473.03128 0.000000 -0.00000
1473.12408 0.000000 -0.00000
1473.21688 0.000000 -0.00000
1473.30968 0.000000 -0.00000
1473.40248 0.000000 -0.00000
1473.49528 0.000000 -0.00000
1473.58809 0.000000 -0.00000
1473.68089 0.000000 -0.00000
1473.77369 0.000000 -0.00000
1473.86649 0.000000 -0.00000
1473.95929 0.000000 -0.00000
1474.05209 0.000000 -0.00000
1474.14490 0.000000 -0.00000
1474.23770 0.000000 -0.00000
1474.33050 0.000000 -0.00000
1474.42330 0.000000 -0.00000
1474.51610 0.000000 -0.00000
1474.60890 0.000000 -0.00000
1474.70171 0.000000 -0.00000
1474.79451 0.000000 -0.00000
1474.88731 0.000000 -0.00000
1474.98011 0.000000 -0.00000
1475.07291 0.000000 -0.00000
1475.16571 0.000000 -0.00000
1475.25852 0.000000 -0.00000
1475.35132 0.000000 -0.00000
1475.44412 0.000000 -0.00000
1475.53692 0.000000 -0.00000
1475.62972 0.000000 -0.00000
1475.72252 0.000000 -0.00000
1475.81533 0.000000 -0.00000
1475.90813 0.000000 -0.00000
1476.00093 0.000000 -0.00000
1476.09373 0.000000 -0.00000
1476.18653 0.000000 -0.00000
1476.27933 0.000000 -0.00000
1476.37214 0.000000 -0.00000
1476.46494 0.000000 -0.00000
1476.55774 0.000000 -0.00000
1476.65054 0.000000 -0.00000
1476.74334 0.000000 -0.00000
1476.83614 0.000000 -0.00000
1476.92895 0.000000 -0.00000
1477.02175 0.000000 -0.00000
1477.11455 0.000000 -0.00000
1477.20735 0.000000 -0.00000
1477.30015 0.000000 -0.00000
1477.39295 0.000000 -0.00000
1477.48575 0.000000 -0.00000
1477.57856 0.000000 -0.00000
1477.67136 0.000000 -0.00000
1477.76416 0.000000 -0.00000
1477.85696 0.000000 -0.00000
1477.94976 0.000000 -0.00000
1478.04256 0.000000 -0.00000
1478.13537 0.000000 -0.00000
1478.22817 0.000000 -0.00000
1478.32097 0.000000 -0.00000
1478.41377 0.000000 -0.00000
1478.50657 0.000000 -0.00000
1478.59937 0.000000 -0.00000
1478.69218 0.000000 -0.00000
1478.78498 0.000000 -0.00000
1478.87778 0.000000 -0.00000
1478.97058 0.000000 -0.00000
1479.06338 0.000000 -0.00000
1479.15618 0.000000 -0.00000
1479.24899 0.000000 -0.00000
1479.34179 0.000000 -0.00000
1479.43459 0.000000 -0.00000
1479.52739 0.000000 -0.00000
1479.62019 0.000000 -0.00000
1479.71299 0.000000 -0.00000
1479.80580 0.000000 -0.00000
1479.89860 0.000000 -0.00000
1479.99140 0.000000 -0.00000
1480.08420 0.000000 -0.00000
1480.17700 0.000000 -0.00000
1480.26980 0.000000 -0.00000
1480.36261 0.000000 -0.00000
1480.45541 0.000000 -0.00000
1480.54821 0.000000 -0.00000
1480.64101 0.000000 -0.00000
1480.73381 0.000000 -0.00000
1480.82661 0.000000 -0.00000
1480.91942 0.000000 -0.00000
1481.01222 0.000000 -0.00000
1481.10502 0.000000 -0.00000
1481.19782 0.000000 -0.00000
1481.29062 0.000000 -0.00000
1481.38342 0.000000 -0.00000
1481.47623 0.000000 -0.00000
1481.56903 0.000000 -0.00000
1481.66183 0.000000 -0.00000
1481.75463 0.000000 -0.00000
1481.84743 0.000000 -0.00000
1481.94023 0.000000 -0.00000
1482.03304 0.000000 -0.00000
1482.12584 0.000000 -0.00000
1482.21864 0.000000 -0.00000
1482.31144 0.000000 -0.00000
1482.40424 0.000000 -0.00000
1482.49704 0.000000 -0.00000
1482.58985 0.000000 -0.00000
1482.68265 0.000000 -0.00000
1482.77545 0.000000 -0.00000
1482.86825 0.000000 -0.00000
1482.96105 0.000000 -0.00000
1483.05385 0.000000 -0.00000
1483.14666 0.000000 -0.00000
1483.23946 0.000000 -0.00000
1483.33226 0.000000 -0.00000
1483.42506 0.000000 -0.00000
1483.51786 0.000000 -0.00000
1483.61066 0.000000 -0.00000
1483.70347 0.000000 -0.00000
1483.79627 0.000000 -0.00000
1483.88907 0.000000 -0.00000
1483.98187 0.000000 -0.00000
1484.07467 0.000000 -0.00000
1484.16747 0.000000 -0.00000
1484.26027 0.000000 -0.00000
1484.35308 0.000000 -0.00000
1484.44588 0.000000 -0.00000
1484.53868 0.000000 -0.00000
1484.63148 0.000000 -0.00000
1484.72428 0.000000 -0.00000
1484.81708 0.000000 -0.00000
1484.90989 0.000000 -0.00000
1485.00269 0.000000 -0.00000
1485.09549 0.000000 -0.00000
1485.18829 0.000000 -0.00000
1485.28109 0.000000 -0.00000
1485.37389 0.000000 -0.00000
1485.46670 0.000000 -0.00000
1485.55950 0.000000 -0.00000
1485.65230 0.000000 -0.00000
1485.74510 0.000000 -0.00000
1485.83790 0.000000 -0.00000
1485.93070 0.000000 -0.00000
1486.02351 0.000000 -0.00000
1486.11631 0.000000 -0.00000
1486.20911 0.000000 -0.00000
1486.30191 0.000000 -0.00000
1486.39471 0.000000 -0.00000
1486.48751 0.000000 -0.00000
1486.58032 0.000000 -0.00000
1486.67312 0.000000 -0.00000
1486.76592 0.000000 -0.00000
1486.85872 0.000000 -0.00000
1486.95152 0.000000 -0.00000
1487.04432 0.000000 -0.00000
1487.13713 0.000000 -0.00000
1487.22993 0.000000 -0.00000
1487.32273 0.000000 -0.00000
1487.41553 0.000000 -0.00000
1487.50833 0.000000 -0.00000
1487.60113 0.000000 -0.00000
1487.69394 0.000000 -0.00000
1487.78674 0.000000 -0.00000
1487.87954 0.000000 -0.00000
1487.97234 0.000000 -0.00000
1488.06514 0.000000 -0.00000
1488.15794 0.000000 -0.00000
1488.25075 0.000000 -0.00000
1488.34355 0.000000 -0.00000
1488.43635 0.000000 -0.00000
1488.52915 0.000000 -0.00000
1488.62195 0.000000 -0.00000
1488.71475 0.000000 -0.00000
1488.80756 0.000000 -0.00000
1488.90036 0.000000 -0.00000
1488.99316 0.000000 -0.00000
1489.08596 0.000000 -0.00000
1489.17876 0.000000 -0.00000
1489.27156 0.000000 -0.00000
1489.36437 0.000000 -0.00000
1489.45717 0.000000 -0.00000
1489.54997 0.000000 -0.00000
1489.64277 0.000000 -0.00000
1489.73557 0.000000 -0.00000
1489.82837 0.000000 -0.00000
1489.92118 0.000000 -0.00000
1490.01398 0.000000 -0.00000
1490.10678 0.000000 -0.00000
1490.19958 0.000000 -0.00000
1490.29238 0.000000 -0.00000
1490.38518 0.000000 -0.00000
1490.47799 0.000000 -0.00000
1490.57079 0.000000 -0.00000
1490.66359 0.000000 -0.00000
1490.75639 0.000000 -0.00000
1490.84919 0.000000 -0.00000
1490.94199 0.000000 -0.00000
1491.03479 0.000000 -0.00000
1491.12760 0.000000 -0.00000
1491.22040 0.000000 -0.00000
1491.31320 0.000000 -0.00000
1491.40600 0.000000 -0.00000
1491.49880 0.000000 -0.00000
1491.59160 0.000000 -0.00000
1491.68441 0.000000 -0.00000
1491.77721 0.000000 -0.00000
1491.87001 0.000000 -0.00000
1491.96281 0.000000 -0.00000
1492.05561 0.000000 -0.00000
1492.14841 0.000000 -0.00000
1492.24122 0.000000 -0.00000
1492.33402 0.000000 -0.00000
1492.42682 0.000000 -0.00000
1492.51962 0.000000 -0.00000
1492.61242 0.000000 -0.00000
1492.70522 0.000000 -0.00000
1492.79803 0.000000 -0.00000
1492.89083 0.000000 -0.00000
1492.98363 0.000000 -0.00000
1493.07643 0.000000 -0.00000
1493.16923 0.000000 -0.00000
1493.26203 0.000000 -0.00000
1493.35484 0.000000 -0.00000
1493.44764 0.000000 -0.00000
1493.54044 0.000000 -0.00000
1493.63324 0.000000 -0.00000
1493.72604 0.000000 -0.00000
1493.81884 0.000000 -0.00000
1493.91165 0.000000 -0.00000
1494.00445 0.000000 -0.00000
1494.09725 0.000000 -0.00000
1494.19005 0.000000 -0.00000
1494.28285 0.000000 -0.00000
1494.37565 0.000000 -0.00000
1494.46846 0.000000 -0.00000
1494.56126 0.000000 -0.00000
1494.65406 0.000000 -0.00000
1494.74686 0.000000 -0.00000
1494.83966 0.000000 -0.00000
1494.93246 0.000000 -0.00000
1495.02527 0.000000 -0.00000
1495.11807 0.000000 -0.00000
1495.21087 0.000000 -0.00000
1495.30367 0.000000 -0.00000
1495.39647 0.000000 -0.00000
1495.48927 0.000000 -0.00000
1495.58208 0.000000 -0.00000
1495.67488 0.000000 -0.00000
1495.76768 0.000000 -0.00000
1495.86048 0.000000 -0.00000
1495.95328 0.000000 -0.00000
1496.04608 0.000000 -0.00000
1496.13889 0.000000 -0.00000
1496.23169 0.000000 -0.00000
1496.32449 0.000000 -0.00000
1496.41729 0.000000 -0.00000
1496.51009 0.000000 -0.00000
1496.60289 0.000000 -0.00000
1496.69570 0.000000 -0.00000
1496.78850 0.000000 -0.00000
1496.88130 0.000000 -0.00000
1496.97410 0.000000 -0.00000
1497.06690 0.000000 -0.00000
1497.15970 0.000000 -0.00000
1497.25251 0.000000 -0.00000
1497.34531 0.000000 -0.00000
1497.43811 0.000000 -0.00000
1497.53091 0.000000 -0.00000
1497.62371 0.000000 -0.00000
1497.71651 0.000000 -0.00000
1497.80931 0.000000 -0.00000
1497.90212 0.000000 -0.00000
1497.99492 0.000000 -0.00000
1498.08772 0.000000 -0.00000
1498.18052 0.000000 -0.00000
1498.27332 0.000000 -0.00000
1498.36612 0.000000 -0.00000
1498.45893 0.000000 -0.00000
1498.55173 0.000000 -0.00000
1498.64453 0.000000 -0.00000
1498.73733 0.000000 -0.00000
1498.83013 0.000000 -0.00000
1498.92293 0.000000 -0.00000
1499.01574 0.000000 -0.00000
1499.10854 0.000000 -0.00000
1499.20134 0.000000 -0.00000
1499.29414 0.000000 -0.00000
1499.38694 0.000000 -0.00000
1499.47974 0.000000 -0.00000
1499.57255 0.000000 -0.00000
1499.66535 0.000000 -0.00000
1499.75815 0.000000 -0.00000
1499.85095 0.000000 -0.00000
1499.94375 0.000000 -0.00000
1500.03655 0.000000 -0.00000
1500.12936 0.000000 -0.00000
1500.22216 0.000000 -0.00000
1500.31496 0.000000 -0.00000
1500.40776 0.000000 -0.00000
1500.50056 0.000000 -0.00000
1500.59336 0.000000 -0.00000
1500.68617 0.000000 -0.00000
1500.77897 0.000000 -0.00000
1500.87177 0.000000 -0.00000
1500.96457 0.000000 -0.00000
1501.05737 0.000000 -0.00000
1501.15017 0.000000 -0.00000
1501.24298 0.000000 -0.00000
1501.33578 0.000000 -0.00000
1501.42858 0.000000 -0.00000
1501.52138 0.000000 -0.00000
1501.61418 0.000000 -0.00000
1501.70698 0.000000 -0.00000
1501.79979 0.000000 -0.00000
1501.89259 0.000000 -0.00000
1501.98539 0.000000 -0.00000
1502.07819 0.000000 -0.00000
1502.17099 0.000000 -0.00000
1502.26379 0.000000 -0.00000
1502.35660 0.000000 -0.00000
1502.44940 0.000000 -0.00000
1502.54220 0.000000 -0.00000
1502.63500 0.000000 -0.00000
1502.72780 0.000000 -0.00000
1502.82060 0.000000 -0.00000
1502.91341 0.000000 -0.00000
1503.00621 0.000000 -0.00000
1503.09901 0.000000 -0.00000
1503.19181 0.000000 -0.00000
1503.28461 0.000000 -0.00000
1503.37741 0.000000 -0.00000
1503.47022 0.000000 -0.00000
1503.56302 0.000000 -0.00000
1503.65582 0.000000 -0.00000
1503.74862 0.000000 -0.00000
1503.84142 0.000000 -0.00000
1503.93422 0.000000 -0.00000
1504.02703 0.000000 -0.00000
1504.11983 0.000000 -0.00000
1504.21263 0.000000 -0.00000
1504.30543 0.000000 -0.00000
1504.39823 0.000000 -0.00000
1504.49103 0.000000 -0.00000
1504.58383 0.000000 -0.00000
1504.67664 0.000000 -0.00000
1504.76944 0.000000 -0.00000
1504.86224 0.000000 -0.00000
1504.95504 0.000000 -0.00000
1505.04784 0.000000 -0.00000
1505.14064 0.000000 -0.00000
1505.23345 0.000000 -0.00000
1505.32625 0.000000 -0.00000
1505.41905 0.000000 -0.00000
1505.51185 0.000000 -0.00000
1505.60465 0.000000 -0.00000
1505.69745 0.000000 -0.00000
1505.79026 0.000000 -0.00000
1505.88306 0.000000 -0.00000
1505.97586 0.000000 -0.00000
1506.06866 0.000000 -0.00000
1506.16146 0.000000 -0.00000
1506.25426 0.000000 -0.00000
1506.34707 0.000000 -0.00000
1506.43987 0.000000 -0.00000
1506.53267 0.000000 -0.00000
1506.62547 0.000000 -0.00000
1506.71827 0.000000 -0.00000
1506.81107 0.000000 -0.00000
1506.90388 0.000000 -0.00000
1506.99668 0.000000 -0.00000
1507.08948 0.000000 -0.00000
1507.18228 0.000000 -0.00000
1507.27508 0.000000 -0.00000
1507.36788 0.000000 -0.00000
1507.46069 0.000000 -0.00000
1507.55349 0.000000 -0.00000
1507.64629 0.000000 -0.00000
1507.73909 0.000000 -0.00000
1507.83189 0.000000 -0.00000
1507.92469 0.000000 -0.00000
1508.01750 0.000000 -0.00000
1508.11030 0.000000 -0.00000
1508.20310 0.000000 -0.00000
1508.29590 0.000000 -0.00000
1508.38870 0.000000 -0.00000
1508.48150 0.000000 -0.00000
1508.57431 0.000000 -0.00000
1508.66711 0.000000 -0.00000
1508.75991 0.000000 -0.00000
1508.85271 0.000000 -0.00000
1508.94551 0.000000 -0.00000
1509.03831 0.000000 -0.00000
1509.13112 0.000000 -0.00000
1509.22392 0.000000 -0.00000
1509.31672 0.000000 -0.00000
1509.40952 0.000000 -0.00000
1509.50232 0.000000 -0.00000
1509.59512 0.000000 -0.00000
1509.68793 0.000000 -0.00000
1509.78073 0.000000 -0.00000
1509.87353 0.000000 -0.00000
1509.96633 0.000000 -0.00000
1510.05913 0.000000 -0.00000
1510.15193 0.000000 -0.00000
1510.24474 0.000000 -0.00000
1510.33754 0.000000 -0.00000
1510.43034 0.000000 -0.00000
1510.52314 0.000000 -0.00000
1510.61594 0.000000 -0.00000
1510.70874 0.000000 -0.00000
1510.80155 0.000000 -0.00000
1510.89435 0.000000 -0.00000
1510.98715 0.000000 -0.00000
1511.07995 0.000000 -0.00000
1511.17275 0.000000 -0.00000
1511.26555 0.000000 -0.00000
1511.35835 0.000000 -0.00000
1511.45116 0.000000 -0.00000
1511.54396 0.000000 -0.00000
1511.63676 0.000000 -0.00000
1511.72956 0.000000 -0.00000
1511.82236 0.000000 -0.00000
1511.91516 0.000000 -0.00000
1512.00797 0.000000 -0.00000
1512.10077 0.000000 -0.00000
1512.19357 0.000000 -0.00000
1512.28637 0.000000 -0.00000
1512.37917 0.000000 -0.00000
1512.47197 0.000000 -0.00000
1512.56478 0.000000 -0.00000
1512.65758 0.000000 -0.00000
1512.75038 0.000000 -0.00000
1512.84318 0.000000 -0.00000
1512.93598 0.000000 -0.00000
1513.02878 0.000000 -0.00000
1513.12159 0.000000 -0.00000
1513.21439 0.000000 -0.00000
1513.30719 0.000000 -0.00000
1513.39999 0.000000 -0.00000
1513.49279 0.000000 -0.00000
1513.58559 0.000000 -0.00000
1513.67840 0.000000 -0.00000
1513.77120 0.000000 -0.00000
1513.86400 0.000000 -0.00000
1513.95680 0.000000 -0.00000
1514.04960 0.000000 -0.00000
1514.14240 0.000000 -0.00000
1514.23521 0.000000 -0.00000
1514.32801 0.000000 -0.00000
1514.42081 0.000000 -0.00000
1514.51361 0.000000 -0.00000
1514.60641 0.000000 -0.00000
1514.69921 0.000000 -0.00000
1514.79202 0.000000 -0.00000
1514.88482 0.000000 -0.00000
1514.97762 0.000000 -0.00000
1515.07042 0.000000 -0.00000
1515.16322 0.000000 -0.00000
1515.25602 0.000000 -0.00000
1515.34883 0.000000 -0.00000
1515.44163 0.000000 -0.00000
1515.53443 0.000000 -0.00000
1515.62723 0.000000 -0.00000
1515.72003 0.000000 -0.00000
1515.81283 0.000000 -0.00000
1515.90564 0.000000 -0.00000
1515.99844 0.000000 -0.00000
1516.09124 0.000000 -0.00000
1516.18404 0.000000 -0.00000
1516.27684 0.000000 -0.00000
1516.36964 0.000000 -0.00000
1516.46245 0.000000 -0.00000
1516.55525 0.000000 -0.00000
1516.64805 0.000000 -0.00000
1516.74085 0.000000 -0.00000
1516.83365 0.000000 -0.00000
1516.92645 0.000000 -0.00000
1517.01926 0.000000 -0.00000
1517.11206 0.000000 -0.00000
1517.20486 0.000000 -0.00000
1517.29766 0.000000 -0.00000
1517.39046 0.000000 -0.00000
1517.48326 0.000000 -0.00000
1517.57607 0.000000 -0.00000
1517.66887 0.000000 -0.00000
1517.76167 0.000000 -0.00000
1517.85447 0.000000 -0.00000
1517.94727 0.000000 -0.00000
1518.04007 0.000000 -0.00000
1518.13288 0.000000 -0.00000
1518.22568 0.000000 -0.00000
1518.31848 0.000000 -0.00000
1518.41128 0.000000 -0.00000
1518.50408 0.000000 -0.00000
1518.59688 0.000000 -0.00000
1518.68968 0.000000 -0.00000
1518.78249 0.000000 -0.00000
1518.87529 0.000000 -0.00000
1518.96809 0.000000 -0.00000
1519.06089 0.000000 -0.00000
1519.15369 0.000000 -0.00000
1519.24649 0.000000 -0.00000
1519.33930 0.000000 -0.00000
1519.43210 0.000000 -0.00000
1519.52490 0.000000 -0.00000
1519.61770 0.000000 -0.00000
1519.71050 0.000000 -0.00000
1519.80330 0.000000 -0.00000
1519.89611 0.000000 -0.00000
1519.98891 0.000000 -0.00000
1520.08171 0.000000 -0.00000
1520.17451 0.000000 -0.00000
1520.26731 0.000000 -0.00000
1520.36011 0.000000 -0.00000
1520.45292 0.000000 -0.00000
1520.54572 0.000000 -0.00000
1520.63852 0.000000 -0.00000
1520.73132 0.000000 -0.00000
1520.82412 0.000000 -0.00000
1520.91692 0.000000 -0.00000
1521.00973 0.000000 -0.00000
1521.10253 0.000000 -0.00000
1521.19533 0.000000 -0.00000
1521.28813 0.000000 -0.00000
1521.38093 0.000000 -0.00000
1521.47373 0.000000 -0.00000
1521.56654 0.000000 -0.00000
1521.65934 0.000000 -0.00000
1521.75214 0.000000 -0.00000
1521.84494 0.000000 -0.00000
1521.93774 0.000000 -0.00000
1522.03054 0.000000 -0.00000
1522.12335 0.000000 -0.00000
1522.21615 0.000000 -0.00000
1522.30895 0.000000 -0.00000
1522.40175 0.000000 -0.00000
1522.49455 0.000000 -0.00000
1522.58735 0.000000 -0.00000
1522.68016 0.000000 -0.00000
1522.77296 0.000000 -0.00000
1522.86576 0.000000 -0.00000
1522.95856 0.000000 -0.00000
1523.05136 0.000000 -0.00000
1523.14416 0.000000 -0.00000
1523.23697 0.000000 -0.00000
1523.32977 0.000000 -0.00000
1523.42257 0.000000 -0.00000
1523.51537 0.000000 -0.00000
1523.60817 0.000000 -0.00000
1523.70097 0.000000 -0.00000
1523.79378 0.000000 -0.00000
1523.88658 0.000000 -0.00000
1523.97938 0.000000 -0.00000
1524.07218 0.000000 -0.00000
1524.16498 0.000000 -0.00000
1524.25778 0.000000 -0.00000
1524.35059 0.000000 -0.00000
1524.44339 0.000000 -0.00000
1524.53619 0.000000 -0.00000
1524.62899 0.000000 -0.00000
1524.72179 0.000000 -0.00000
1524.81459 0.000000 -0.00000
1524.90740 0.000000 -0.00000
1525.00020 0.000000 -0.00000
1525.09300 0.000000 -0.00000
1525.18580 0.000000 -0.00000
1525.27860 0.000000 -0.00000
1525.37140 0.000000 -0.00000
1525.46420 0.000000 -0.00000
1525.55701 0.000000 -0.00000
1525.64981 0.000000 -0.00000
1525.74261 0.000000 -0.00000
1525.83541 0.000000 -0.00000
1525.92821 0.000000 -0.00000
1526.02101 0.000000 -0.00000
1526.11382 0.000000 -0.00000
1526.20662 0.000000 -0.00000
1526.29942 0.000000 -0.00000
1526.39222 0.000000 -0.00000
1526.48502 0.000000 -0.00000
1526.57782 0.000000 -0.00000
1526.67063 0.000000 -0.00000
1526.76343 0.000000 -0.00000
1526.85623 0.000000 -0.00000
1526.94903 0.000000 -0.00000
1527.04183 0.000000 -0.00000
1527.13463 0.000000 -0.00000
1527.22744 0.000000 -0.00000
1527.32024 0.000000 -0.00000
1527.41304 0.000000 -0.00000
1527.50584 0.000000 -0.00000
1527.59864 0.000000 -0.00000
1527.69144 0.000000 -0.00000
1527.78425 0.000000 -0.00000
1527.87705 0.000000 -0.00000
1527.96985 0.000000 -0.00000
1528.06265 0.000000 -0.00000
1528.15545 0.000000 -0.00000
1528.24825 0.000000 -0.00000
1528.34106 0.000000 -0.00000
1528.43386 0.000000 -0.00000
1528.52666 0.000000 -0.00000
1528.61946 0.000000 -0.00000
1528.71226 0.000000 -0.00000
1528.80506 0.000000 -0.00000
1528.89787 0.000000 -0.00000
1528.99067 0.000000 -0.00000
1529.08347 0.000000 -0.00000
1529.17627 0.000000 -0.00000
1529.26907 0.000000 -0.00000
1529.36187 0.000000 -0.00000
1529.45468 0.000000 -0.00000
1529.54748 0.000000 -0.00000
1529.64028 0.000000 -0.00000
1529.73308 0.000000 -0.00000
1529.82588 0.000000 -0.00000
1529.91868 0.000000 -0.00000
1530.01149 0.000000 -0.00000
1530.10429 0.000000 -0.00000
1530.19709 0.000000 -0.00000
1530.28989 0.000000 -0.00000
1530.38269 0.000000 -0.00000
1530.47549 0.000000 -0.00000
1530.56830 0.000000 -0.00000
1530.66110 0.000000 -0.00000
1530.75390 0.000000 -0.00000
1530.84670 0.000000 -0.00000
1530.93950 0.000000 -0.00000
1531.03230 0.000000 -0.00000
1531.12511 0.000000 -0.00000
1531.21791 0.000000 -0.00000
1531.31071 0.000000 -0.00000
1531.40351 0.000000 -0.00000
1531.49631 0.000000 -0.00000
1531.58911 0.000000 -0.00000
1531.68192 0.000000 -0.00000
1531.77472 0.000000 -0.00000
1531.86752 0.000000 -0.00000
1531.96032 0.000000 -0.00000
1532.05312 0.000000 -0.00000
1532.14592 0.000000 -0.00000
1532.23872 0.000000 -0.00000
1532.33153 0.000000 -0.00000
1532.42433 0.000000 -0.00000
1532.51713 0.000000 -0.00000
1532.60993 0.000000 -0.00000
1532.70273 0.000000 -0.00000
1532.79553 0.000000 -0.00000
1532.88834 0.000000 -0.00000
1532.98114 0.000000 -0.00000
1533.07394 0.000000 -0.00000
1533.16674 0.000000 -0.00000
1533.25954 0.000000 -0.00000
1533.35234 0.000000 -0.00000
1533.44515 0.000000 -0.00000
1533.53795 0.000000 -0.00000
1533.63075 0.000000 -0.00000
1533.72355 0.000000 -0.00000
1533.81635 0.000000 -0.00000
1533.90915 0.000000 -0.00000
1534.00196 0.000000 -0.00000
1534.09476 0.000000 -0.00000
1534.18756 0.000000 -0.00000
1534.28036 0.000000 -0.00000
1534.37316 0.000000 -0.00000
1534.46596 0.000000 -0.00000
1534.55877 0.000000 -0.00000
1534.65157 0.000000 -0.00000
1534.74437 0.000000 -0.00000
1534.83717 0.000000 -0.00000
1534.92997 0.000000 -0.00000
1535.02277 0.000000 -0.00000
1535.11558 0.000000 -0.00000
1535.20838 0.000000 -0.00000
1535.30118 0.000000 -0.00000
1535.39398 0.000000 -0.00000
1535.48678 0.000000 -0.00000
1535.57958 0.000000 -0.00000
1535.67239 0.000000 -0.00000
1535.76519 0.000000 -0.00000
1535.85799 0.000000 -0.00000
1535.95079 0.000000 -0.00000
1536.04359 0.000000 -0.00000
1536.13639 0.000000 -0.00000
1536.22920 0.000000 -0.00000
1536.32200 0.000000 -0.00000
1536.41480 0.000000 -0.00000
1536.50760 0.000000 -0.00000
1536.60040 0.000000 -0.00000
1536.69320 0.000000 -0.00000
1536.78601 0.000000 -0.00000
1536.87881 0.000000 -0.00000
1536.97161 0.000000 -0.00000
1537.06441 0.000000 -0.00000
1537.15721 0.000000 -0.00000
1537.25001 0.000000 -0.00000
1537.34282 0.000000 -0.00000
1537.43562 0.000000 -0.00000
1537.52842 0.000000 -0.00000
1537.62122 0.000000 -0.00000
1537.71402 0.000000 -0.00000
1537.80682 0.000000 -0.00000
1537.89963 0.000000 -0.00000
1537.99243 0.000000 -0.00000
1538.08523 0.000000 -0.00000
1538.17803 0.000000 -0.00000
1538.27083 0.000000 -0.00000
1538.36363 0.000000 -0.00000
1538.45644 0.000000 -0.00000
1538.54924 0.000000 -0.00000
1538.64204 0.000000 -0.00000
1538.73484 0.000000 -0.00000
1538.82764 0.000000 -0.00000
1538.92044 0.000000 -0.00000
1539.01324 0.000000 -0.00000
1539.10605 0.000000 -0.00000
1539.19885 0.000000 -0.00000
1539.29165 0.000000 -0.00000
1539.38445 0.000000 -0.00000
1539.47725 0.000000 -0.00000
1539.57005 0.000000 -0.00000
1539.66286 0.000000 -0.00000
1539.75566 0.000000 -0.00000
1539.84846 0.000000 -0.00000
1539.94126 0.000000 -0.00000
1540.03406 0.000000 -0.00000
1540.12686 0.000000 -0.00000
1540.21967 0.000000 -0.00000
1540.31247 0.000000 -0.00000
1540.40527 0.000000 -0.00000
1540.49807 0.000000 -0.00000
1540.59087 0.000000 -0.00000
1540.68367 0.000000 -0.00000
1540.77648 0.000000 -0.00000
1540.86928 0.000000 -0.00000
1540.96208 0.000000 -0.00000
1541.05488 0.000000 -0.00000
1541.14768 0.000000 -0.00000
1541.24048 0.000000 -0.00000
1541.33329 0.000000 -0.00000
1541.42609 0.000000 -0.00000
1541.51889 0.000000 -0.00000
1541.61169 0.000000 -0.00000
1541.70449 0.000000 -0.00000
1541.79729 0.000000 -0.00000
1541.89010 0.000000 -0.00000
1541.98290 0.000000 -0.00000
1542.07570 0.000000 -0.00000
1542.16850 0.000000 -0.00000
1542.26130 0.000000 -0.00000
1542.35410 0.000000 -0.00000
1542.44691 0.000000 -0.00000
1542.53971 0.000000 -0.00000
1542.63251 0.000000 -0.00000
1542.72531 0.000000 -0.00000
1542.81811 0.000000 -0.00000
1542.91091 0.000000 -0.00000
1543.00372 0.000000 -0.00000
1543.09652 0.000000 -0.00000
1543.18932 0.000000 -0.00000
1543.28212 0.000000 -0.00000
1543.37492 0.000000 -0.00000
1543.46772 0.000000 -0.00000
1543.56053 0.000000 -0.00000
1543.65333 0.000000 -0.00000
1543.74613 0.000000 -0.00000
1543.83893 0.000000 -0.00000
1543.93173 0.000000 -0.00000
1544.02453 0.000000 -0.00000
1544.11734 0.000000 -0.00000
1544.21014 0.000000 -0.00000
1544.30294 0.000000 -0.00000
1544.39574 0.000000 -0.00000
1544.48854 0.000000 -0.00000
1544.58134 0.000000 -0.00000
1544.67415 0.000000 -0.00000
1544.76695 0.000000 -0.00000
1544.85975 0.000000 -0.00000
1544.95255 0.000000 -0.00000
1545.04535 0.000000 -0.00000
1545.13815 0.000000 -0.00000
1545.23096 0.000000 -0.00000
1545.32376 0.000000 -0.00000
1545.41656 0.000000 -0.00000
1545.50936 0.000000 -0.00000
1545.60216 0.000000 -0.00000
1545.69496 0.000000 -0.00000
1545.78776 0.000000 -0.00000
1545.88057 0.000000 -0.00000
1545.97337 0.000000 -0.00000
1546.06617 0.000000 -0.00000
1546.15897 0.000000 -0.00000
1546.25177 0.000000 -0.00000
1546.34457 0.000000 -0.00000
1546.43738 0.000000 -0.00000
1546.53018 0.000000 -0.00000
1546.62298 0.000000 -0.00000
1546.71578 0.000000 -0.00000
1546.80858 0.000000 -0.00000
1546.90138 0.000000 -0.00000
1546.99419 0.000000 -0.00000
1547.08699 0.000000 -0.00000
1547.17979 0.000000 -0.00000
1547.27259 0.000000 -0.00000
1547.36539 0.000000 -0.00000
1547.45819 0.000000 -0.00000
1547.55100 0.000000 -0.00000
1547.64380 0.000000 -0.00000
1547.73660 0.000000 -0.00000
1547.82940 0.000000 -0.00000
1547.92220 0.000000 -0.00000
1548.01500 0.000000 -0.00000
1548.10781 0.000000 -0.00000
1548.20061 0.000000 -0.00000
1548.29341 0.000000 -0.00000
1548.38621 0.000000 -0.00000
1548.47901 0.000000 -0.00000
1548.57181 0.000000 -0.00000
1548.66462 0.000000 -0.00000
1548.75742 0.000000 -0.00000
1548.85022 0.000000 -0.00000
1548.94302 0.000000 -0.00000
1549.03582 0.000000 -0.00000
1549.12862 0.000000 -0.00000
1549.22143 0.000000 -0.00000
1549.31423 0.000000 -0.00000
1549.40703 0.000000 -0.00000
1549.49983 0.000000 -0.00000
1549.59263 0.000000 -0.00000
1549.68543 0.000000 -0.00000
1549.77824 0.000000 -0.00000
1549.87104 0.000000 -0.00000
1549.96384 0.000000 -0.00000
1550.05664 0.000000 -0.00000
1550.14944 0.000000 -0.00000
1550.24224 0.000000 -0.00000
1550.33505 0.000000 -0.00000
1550.42785 0.000000 -0.00000
1550.52065 0.000000 -0.00000
1550.61345 0.000000 -0.00000
1550.70625 0.000000 -0.00000
1550.79905 0.000000 -0.00000
1550.89186 0.000000 -0.00000
1550.98466 0.000000 -0.00000
1551.07746 0.000000 -0.00000
1551.17026 0.000000 -0.00000
1551.26306 0.000000 -0.00000
1551.35586 0.000000 -0.00000
1551.44867 0.000000 -0.00000
1551.54147 0.000000 -0.00000
1551.63427 0.000000 -0.00000
1551.72707 0.000000 -0.00000
1551.81987 0.000000 -0.00000
1551.91267 0.000000 -0.00000
1552.00548 0.000000 -0.00000
1552.09828 0.000000 -0.00000
1552.19108 0.000000 -0.00000
1552.28388 0.000000 -0.00000
1552.37668 0.000000 -0.00000
1552.46948 0.000000 -0.00000
1552.56228 0.000000 -0.00000
1552.65509 0.000000 -0.00000
1552.74789 0.000000 -0.00000
1552.84069 0.000000 -0.00000
1552.93349 0.000000 -0.00000
1553.02629 0.000000 -0.00000
1553.11909 0.000000 -0.00000
1553.21190 0.000000 -0.00000
1553.30470 0.000000 -0.00000
1553.39750 0.000000 -0.00000
1553.49030 0.000000 -0.00000
1553.58310 0.000000 -0.00000
1553.67590 0.000000 -0.00000
1553.76871 0.000000 -0.00000
1553.86151 0.000000 -0.00000
1553.95431 0.000000 -0.00000
1554.04711 0.000000 -0.00000
1554.13991 0.000000 -0.00000
1554.23271 0.000000 -0.00000
1554.32552 0.000000 -0.00000
1554.41832 0.000000 -0.00000
1554.51112 0.000000 -0.00000
1554.60392 0.000000 -0.00000
1554.69672 0.000000 -0.00000
1554.78952 0.000000 -0.00000
1554.88233 0.000000 -0.00000
1554.97513 0.000000 -0.00000
1555.06793 0.000000 -0.00000
1555.16073 0.000000 -0.00000
1555.25353 0.000000 -0.00000
1555.34633 0.000000 -0.00000
1555.43914 0.000000 -0.00000
1555.53194 0.000000 -0.00000
1555.62474 0.000000 -0.00000
1555.71754 0.000000 -0.00000
1555.81034 0.000000 -0.00000
1555.90314 0.000000 -0.00000
1555.99595 0.000000 -0.00000
1556.08875 0.000000 -0.00000
1556.18155 0.000000 -0.00000
1556.27435 0.000000 -0.00000
1556.36715 0.000000 -0.00000
1556.45995 0.000000 -0.00000
1556.55276 0.000000 -0.00000
1556.64556 0.000000 -0.00000
1556.73836 0.000000 -0.00000
1556.83116 0.000000 -0.00000
1556.92396 0.000000 -0.00000
1557.01676 0.000000 -0.00000
1557.10957 0.000000 -0.00000
1557.20237 0.000000 -0.00000
1557.29517 0.000000 -0.00000
1557.38797 0.000000 -0.00000
1557.48077 0.000000 -0.00000
1557.57357 0.000000 -0.00000
1557.66638 0.000000 -0.00000
1557.75918 0.000000 -0.00000
1557.85198 0.000000 -0.00000
1557.94478 0.000000 -0.00000
1558.03758 0.000000 -0.00000
1558.13038 0.000000 -0.00000
1558.22319 0.000000 -0.00000
1558.31599 0.000000 -0.00000
1558.40879 0.000000 -0.00000
1558.50159 0.000000 -0.00000
1558.59439 0.000000 -0.00000
1558.68719 0.000000 -0.00000
1558.78000 0.000000 -0.00000
1558.87280 0.000000 -0.00000
1558.96560 0.000000 -0.00000
1559.05840 0.000000 -0.00000
1559.15120 0.000000 -0.00000
1559.24400 0.000000 -0.00000
1559.33680 0.000000 -0.00000
1559.42961 0.000000 -0.00000
1559.52241 0.000000 -0.00000
1559.61521 0.000000 -0.00000
1559.70801 0.000000 -0.00000
1559.80081 0.000000 -0.00000
1559.89361 0.000000 -0.00000
1559.98642 0.000000 -0.00000
1560.07922 0.000000 -0.00000
1560.17202 0.000000 -0.00000
1560.26482 0.000000 -0.00000
1560.35762 0.000000 -0.00000
1560.45042 0.000000 -0.00000
1560.54323 0.000000 -0.00000
1560.63603 0.000000 -0.00000
1560.72883 0.000000 -0.00000
1560.82163 0.000000 -0.00000
1560.91443 0.000000 -0.00000
1561.00723 0.000000 -0.00000
1561.10004 0.000000 -0.00000
1561.19284 0.000000 -0.00000
1561.28564 0.000000 -0.00000
1561.37844 0.000000 -0.00000
1561.47124 0.000000 -0.00000
1561.56404 0.000000 -0.00000
1561.65685 0.000000 -0.00000
1561.74965 0.000000 -0.00000
1561.84245 0.000000 -0.00000
1561.93525 0.000000 -0.00000
1562.02805 0.000000 -0.00000
1562.12085 0.000000 -0.00000
1562.21366 0.000000 -0.00000
1562.30646 0.000000 -0.00000
1562.39926 0.000000 -0.00000
1562.49206 0.000000 -0.00000
1562.58486 0.000000 -0.00000
1562.67766 0.000000 -0.00000
1562.77047 0.000000 -0.00000
1562.86327 0.000000 -0.00000
1562.95607 0.000000 -0.00000
1563.04887 0.000000 -0.00000
1563.14167 0.000000 -0.00000
1563.23447 0.000000 -0.00000
1563.32728 0.000000 -0.00000
1563.42008 0.000000 -0.00000
1563.51288 0.000000 -0.00000
1563.60568 0.000000 -0.00000
1563.69848 0.000000 -0.00000
1563.79128 0.000000 -0.00000
1563.88409 0.000000 -0.00000
1563.97689 0.000000 -0.00000
1564.06969 0.000000 -0.00000
1564.16249 0.000000 -0.00000
1564.25529 0.000000 -0.00000
1564.34809 0.000000 -0.00000
1564.44090 0.000000 -0.00000
1564.53370 0.000000 -0.00000
1564.62650 0.000000 -0.00000
1564.71930 0.000000 -0.00000
1564.81210 0.000000 -0.00000
1564.90490 0.000000 -0.00000
1564.99771 0.000000 -0.00000
1565.09051 0.000000 -0.00000
1565.18331 0.000000 -0.00000
1565.27611 0.000000 -0.00000
1565.36891 0.000000 -0.00000
1565.46171 0.000000 -0.00000
1565.55452 0.000000 -0.00000
1565.64732 0.000000 -0.00000
1565.74012 0.000000 -0.00000
1565.83292 0.000000 -0.00000
1565.92572 0.000000 -0.00000
1566.01852 0.000000 -0.00000
1566.11132 0.000000 -0.00000
1566.20413 0.000000 -0.00000
1566.29693 0.000000 -0.00000
1566.38973 0.000000 -0.00000
1566.48253 0.000000 -0.00000
1566.57533 0.000000 -0.00000
1566.66813 0.000000 -0.00000
1566.76094 0.000000 -0.00000
1566.85374 0.000000 -0.00000
1566.94654 0.000000 -0.00000
1567.03934 0.000000 -0.00000
1567.13214 0.000000 -0.00000
1567.22494 0.000000 -0.00000
1567.31775 0.000000 -0.00000
1567.41055 0.000000 -0.00000
1567.50335 0.000000 -0.00000
1567.59615 0.000000 -0.00000
1567.68895 0.000000 -0.00000
1567.78175 0.000000 -0.00000
1567.87456 0.000000 -0.00000
1567.96736 0.000000 -0.00000
1568.06016 0.000000 -0.00000
1568.15296 0.000000 -0.00000
1568.24576 0.000000 -0.00000
1568.33856 0.000000 -0.00000
1568.43137 0.000000 -0.00000
1568.52417 0.000000 -0.00000
1568.61697 0.000000 -0.00000
1568.70977 0.000000 -0.00000
1568.80257 0.000000 -0.00000
1568.89537 0.000000 -0.00000
1568.98818 0.000000 -0.00000
1569.08098 0.000000 -0.00000
1569.17378 0.000000 -0.00000
1569.26658 0.000000 -0.00000
1569.35938 0.000000 -0.00000
1569.45218 0.000000 -0.00000
1569.54499 0.000000 -0.00000
1569.63779 0.000000 -0.00000
1569.73059 0.000000 -0.00000
1569.82339 0.000000 -0.00000
1569.91619 0.000000 -0.00000
1570.00899 0.000000 -0.00000
1570.10180 0.000000 -0.00000
1570.19460 0.000000 -0.00000
1570.28740 0.000000 -0.00000
1570.38020 0.000000 -0.00000
1570.47300 0.000000 -0.00000
1570.56580 0.000000 -0.00000
1570.65861 0.000000 -0.00000
1570.75141 0.000000 -0.00000
1570.84421 0.000000 -0.00000
1570.93701 0.000000 -0.00000
1571.02981 0.000000 -0.00000
1571.12261 0.000000 -0.00000
1571.21542 0.000000 -0.00000
1571.30822 0.000000 -0.00000
1571.40102 0.000000 -0.00000
1571.49382 0.000000 -0.00000
1571.58662 0.000000 -0.00000
1571.67942 0.000000 -0.00000
1571.77223 0.000000 -0.00000
1571.86503 0.000000 -0.00000
1571.95783 0.000000 -0.00000
1572.05063 0.000000 -0.00000
1572.14343 0.000000 -0.00000
1572.23623 0.000000 -0.00000
1572.32904 0.000000 -0.00000
1572.42184 0.000000 -0.00000
1572.51464 0.000000 -0.00000
1572.60744 0.000000 -0.00000
1572.70024 0.000000 -0.00000
1572.79304 0.000000 -0.00000
1572.88584 0.000000 -0.00000
1572.97865 0.000000 -0.00000
1573.07145 0.000000 -0.00000
1573.16425 0.000000 -0.00000
1573.25705 0.000000 -0.00000
1573.34985 0.000000 -0.00000
1573.44265 0.000000 -0.00000
1573.53546 0.000000 -0.00000
1573.62826 0.000000 -0.00000
1573.72106 0.000000 -0.00000
1573.81386 0.000000 -0.00000
1573.90666 0.000000 -0.00000
1573.99946 0.000000 -0.00000
1574.09227 0.000000 -0.00000
1574.18507 0.000000 -0.00000
1574.27787 0.000000 -0.00000
1574.37067 0.000000 -0.00000
1574.46347 0.000000 -0.00000
1574.55627 0.000000 -0.00000
1574.64908 0.000000 -0.00000
1574.74188 0.000000 -0.00000
1574.83468 0.000000 -0.00000
1574.92748 0.000000 -0.00000
1575.02028 0.000000 -0.00000
1575.11308 0.000000 -0.00000
1575.20589 0.000000 -0.00000
1575.29869 0.000000 -0.00000
1575.39149 0.000000 -0.00000
1575.48429 0.000000 -0.00000
1575.57709 0.000000 -0.00000
1575.66989 0.000000 -0.00000
1575.76270 0.000000 -0.00000
1575.85550 0.000000 -0.00000
1575.94830 0.000000 -0.00000
1576.04110 0.000000 -0.00000
1576.13390 0.000000 -0.00000
1576.22670 0.000000 -0.00000
1576.31951 0.000000 -0.00000
1576.41231 0.000000 -0.00000
1576.50511 0.000000 -0.00000
1576.59791 0.000000 -0.00000
1576.69071 0.000000 -0.00000
1576.78351 0.000000 -0.00000
1576.87632 0.000000 -0.00000
1576.96912 0.000000 -0.00000
1577.06192 0.000000 -0.00000
1577.15472 0.000000 -0.00000
1577.24752 0.000000 -0.00000
1577.34032 0.000000 -0.00000
1577.43313 0.000000 -0.00000
1577.52593 0.000000 -0.00000
1577.61873 0.000000 -0.00000
1577.71153 0.000000 -0.00000
1577.80433 0.000000 -0.00000
1577.89713 0.000000 -0.00000
1577.98994 0.000000 -0.00000
1578.08274 0.000000 -0.00000
1578.17554 0.000000 -0.00000
1578.26834 0.000000 -0.00000
1578.36114 0.000000 -0.00000
1578.45394 0.000000 -0.00000
1578.54675 0.000000 -0.00000
1578.63955 0.000000 -0.00000
1578.73235 0.000000 -0.00000
1578.82515 0.000000 -0.00000
1578.91795 0.000000 -0.00000
1579.01075 0.000000 -0.00000
1579.10356 0.000000 -0.00000
1579.19636 0.000000 -0.00000
1579.28916 0.000000 -0.00000
1579.38196 0.000000 -0.00000
1579.47476 0.000000 -0.00000
1579.56756 0.000000 -0.00000
1579.66036 0.000000 -0.00000
1579.75317 0.000000 -0.00000
1579.84597 0.000000 -0.00000
1579.93877 0.000000 -0.00000
1580.03157 0.000000 -0.00000
1580.12437 0.000000 -0.00000
1580.21717 0.000000 -0.00000
1580.30998 0.000000 -0.00000
1580.40278 0.000000 -0.00000
1580.49558 0.000000 -0.00000
1580.58838 0.000000 -0.00000
1580.68118 0.000000 -0.00000
1580.77398 0.000000 -0.00000
1580.86679 0.000000 -0.00000
1580.95959 0.000000 -0.00000
1581.05239 0.000000 -0.00000
1581.14519 0.000000 -0.00000
1581.23799 0.000000 -0.00000
1581.33079 0.000000 -0.00000
1581.42360 0.000000 -0.00000
1581.51640 0.000000 -0.00000
1581.60920 0.000000 -0.00000
1581.70200 0.000000 -0.00000
1581.79480 0.000000 -0.00000
1581.88760 0.000000 -0.00000
1581.98041 0.000000 -0.00000
1582.07321 0.000000 -0.00000
1582.16601 0.000000 -0.00000
1582.25881 0.000000 -0.00000
1582.35161 0.000000 -0.00000
1582.44441 0.000000 -0.00000
1582.53722 0.000000 -0.00000
1582.63002 0.000000 -0.00000
1582.72282 0.000000 -0.00000
1582.81562 0.000000 -0.00000
1582.90842 0.000000 -0.00000
1583.00122 0.000000 -0.00000
1583.09403 0.000000 -0.00000
1583.18683 0.000000 -0.00000
1583.27963 0.000000 -0.00000
1583.37243 0.000000 -0.00000
1583.46523 0.000000 -0.00000
1583.55803 0.000000 -0.00000
1583.65084 0.000000 -0.00000
1583.74364 0.000000 -0.00000
1583.83644 0.000000 -0.00000
1583.92924 0.000000 -0.00000
1584.02204 0.000000 -0.00000
1584.11484 0.000000 -0.00000
1584.20765 0.000000 -0.00000
1584.30045 0.000000 -0.00000
1584.39325 0.000000 -0.00000
1584.48605 0.000000 -0.00000
1584.57885 0.000000 -0.00000
1584.67165 0.000000 -0.00000
1584.76446 0.000000 -0.00000
1584.85726 0.000000 -0.00000
1584.95006 0.000000 -0.00000
1585.04286 0.000000 -0.00000
1585.13566 0.000000 -0.00000
1585.22846 0.000000 -0.00000
1585.32127 0.000000 -0.00000
1585.41407 0.000000 -0.00000
1585.50687 0.000000 -0.00000
1585.59967 0.000000 -0.00000
1585.69247 0.000000 -0.00000
1585.78527 0.000000 -0.00000
1585.87808 0.000000 -0.00000
1585.97088 0.000000 -0.00000
1586.06368 0.000000 -0.00000
1586.15648 0.000000 -0.00000
1586.24928 0.000000 -0.00000
1586.34208 0.000000 -0.00000
1586.43488 0.000000 -0.00000
1586.52769 0.000000 -0.00000
1586.62049 0.000000 -0.00000
1586.71329 0.000000 -0.00000
1586.80609 0.000000 -0.00000
1586.89889 0.000000 -0.00000
1586.99169 0.000000 -0.00000
1587.08450 0.000000 -0.00000
1587.17730 0.000000 -0.00000
1587.27010 0.000000 -0.00000
1587.36290 0.000000 -0.00000
1587.45570 0.000000 -0.00000
1587.54850 0.000000 -0.00000
1587.64131 0.000000 -0.00000
1587.73411 0.000000 -0.00000
1587.82691 0.000000 -0.00000
1587.91971 0.000000 -0.00000
1588.01251 0.000000 -0.00000
1588.10531 0.000000 -0.00000
1588.19812 0.000000 -0.00000
1588.29092 0.000000 -0.00000
1588.38372 0.000000 -0.00000
1588.47652 0.000000 -0.00000
1588.56932 0.000000 -0.00000
1588.66212 0.000000 -0.00000
1588.75493 0.000000 -0.00000
1588.84773 0.000000 -0.00000
1588.94053 0.000000 -0.00000
1589.03333 0.000000 -0.00000
1589.12613 0.000000 -0.00000
1589.21893 0.000000 -0.00000
1589.31174 0.000000 -0.00000
1589.40454 0.000000 -0.00000
1589.49734 0.000000 -0.00000
1589.59014 0.000000 -0.00000
1589.68294 0.000000 -0.00000
1589.77574 0.000000 -0.00000
1589.86855 0.000000 -0.00000
1589.96135 0.000000 -0.00000
1590.05415 0.000000 -0.00000
1590.14695 0.000000 -0.00000
1590.23975 0.000000 -0.00000
1590.33255 0.000000 -0.00000
1590.42536 0.000000 -0.00000
1590.51816 0.000000 -0.00000
1590.61096 0.000000 -0.00000
1590.70376 0.000000 -0.00000
1590.79656 0.000000 -0.00000
1590.88936 0.000000 -0.00000
1590.98217 0.000000 -0.00000
1591.07497 0.000000 -0.00000
1591.16777 0.000000 -0.00000
1591.26057 0.000000 -0.00000
1591.35337 0.000000 -0.00000
1591.44617 0.000000 -0.00000
1591.53898 0.000000 -0.00000
1591.63178 0.000000 -0.00000
1591.72458 0.000000 -0.00000
1591.81738 0.000000 -0.00000
1591.91018 0.000000 -0.00000
1592.00298 0.000000 -0.00000
1592.09579 0.000000 -0.00000
1592.18859 0.000000 -0.00000
1592.28139 0.000000 -0.00000
1592.37419 0.000000 -0.00000
1592.46699 0.000000 -0.00000
1592.55979 0.000000 -0.00000
1592.65260 0.000000 -0.00000
1592.74540 0.000000 -0.00000
1592.83820 0.000000 -0.00000
1592.93100 0.000000 -0.00000
1593.02380 0.000000 -0.00000
1593.11660 0.000000 -0.00000
1593.20941 0.000000 -0.00000
1593.30221 0.000000 -0.00000
1593.39501 0.000000 -0.00000
1593.48781 0.000000 -0.00000
1593.58061 0.000000 -0.00000
1593.67341 0.000000 -0.00000
1593.76621 0.000000 -0.00000
1593.85902 0.000000 -0.00000
1593.95182 0.000000 -0.00000
1594.04462 0.000000 -0.00000
1594.13742 0.000000 -0.00000
1594.23022 0.000000 -0.00000
1594.32302 0.000000 -0.00000
1594.41583 0.000000 -0.00000
1594.50863 0.000000 -0.00000
1594.60143 0.000000 -0.00000
1594.69423 0.000000 -0.00000
1594.78703 0.000000 -0.00000
1594.87983 0.000000 -0.00000
1594.97264 0.000000 -0.00000
1595.06544 0.000000 -0.00000
1595.15824 0.000000 -0.00000
1595.25104 0.000000 -0.00000
1595.34384 0.000000 -0.00000
1595.43664 0.000000 -0.00000
1595.52945 0.000000 -0.00000
1595.62225 0.000000 -0.00000
1595.71505 0.000000 -0.00000
1595.80785 0.000000 -0.00000
1595.90065 0.000000 -0.00000
1595.99345 0.000000 -0.00000
1596.08626 0.000000 -0.00000
1596.17906 0.000000 -0.00000
1596.27186 0.000000 -0.00000
1596.36466 0.000000 -0.00000
1596.45746 0.000000 -0.00000
1596.55026 0.000000 -0.00000
1596.64307 0.000000 -0.00000
1596.73587 0.000000 -0.00000
1596.82867 0.000000 -0.00000
1596.92147 0.000000 -0.00000
1597.01427 0.000000 -0.00000
1597.10707 0.000000 -0.00000
1597.19988 0.000000 -0.00000
1597.29268 0.000000 -0.00000
1597.38548 0.000000 -0.00000
1597.47828 0.000000 -0.00000
1597.57108 0.000000 -0.00000
1597.66388 0.000000 -0.00000
1597.75669 0.000000 -0.00000
1597.84949 0.000000 -0.00000
1597.94229 0.000000 -0.00000
1598.03509 0.000000 -0.00000
1598.12789 0.000000 -0.00000
1598.22069 0.000000 -0.00000
1598.31350 0.000000 -0.00000
1598.40630 0.000000 -0.00000
1598.49910 0.000000 -0.00000
1598.59190 0.000000 -0.00000
1598.68470 0.000000 -0.00000
1598.77750 0.000000 -0.00000
1598.87031 0.000000 -0.00000
1598.96311 0.000000 -0.00000
1599.05591 0.000000 -0.00000
1599.14871 0.000000 -0.00000
1599.24151 0.000000 -0.00000
1599.33431 0.000000 -0.00000
1599.42712 0.000000 -0.00000
1599.51992 0.000000 -0.00000
1599.61272 0.000000 -0.00000
1599.70552 0.000000 -0.00000
1599.79832 0.000000 -0.00000
1599.89112 0.000000 -0.00000
1599.98393 0.000000 -0.00000
1600.07673 0.000000 -0.00000
1600.16953 0.000000 -0.00000
1600.26233 0.000000 -0.00000
1600.35513 0.000000 -0.00000
1600.44793 0.000000 -0.00000
1600.54073 0.000000 -0.00000
1600.63354 0.000000 -0.00000
1600.72634 0.000000 -0.00000
1600.81914 0.000000 -0.00000
1600.91194 0.000000 -0.00000
1601.00474 0.000000 -0.00000
1601.09754 0.000000 -0.00000
1601.19035 0.000000 -0.00000
1601.28315 0.000000 -0.00000
1601.37595 0.000000 -0.00000
1601.46875 0.000000 -0.00000
1601.56155 0.000000 -0.00000
1601.65435 0.000000 -0.00000
1601.74716 0.000000 -0.00000
1601.83996 0.000000 -0.00000
1601.93276 0.000000 -0.00000
1602.02556 0.000000 -0.00000
1602.11836 0.000000 -0.00000
1602.21116 0.000000 -0.00000
1602.30397 0.000000 -0.00000
1602.39677 0.000000 -0.00000
1602.48957 0.000000 -0.00000
1602.58237 0.000000 -0.00000
1602.67517 0.000000 -0.00000
1602.76797 0.000000 -0.00000
1602.86078 0.000000 -0.00000
1602.95358 0.000000 -0.00000
1603.04638 0.000000 -0.00000
1603.13918 0.000000 -0.00000
1603.23198 0.000000 -0.00000
1603.32478 0.000000 -0.00000
1603.41759 0.000000 -0.00000
1603.51039 0.000000 -0.00000
1603.60319 0.000000 -0.00000
1603.69599 0.000000 -0.00000
1603.78879 0.000000 -0.00000
1603.88159 0.000000 -0.00000
1603.97440 0.000000 -0.00000
1604.06720 0.000000 -0.00000
1604.16000 0.000000 -0.00000
1604.25280 0.000000 -0.00000
1604.34560 0.000000 -0.00000
1604.43840 0.000000 -0.00000
1604.53121 0.000000 -0.00000
1604.62401 0.000000 -0.00000
1604.71681 0.000000 -0.00000
1604.80961 0.000000 -0.00000
1604.90241 0.000000 -0.00000
1604.99521 0.000000 -0.00000
1605.08802 0.000000 -0.00000
1605.18082 0.000000 -0.00000
1605.27362 0.000000 -0.00000
1605.36642 0.000000 -0.00000
1605.45922 0.000000 -0.00000
1605.55202 0.000000 -0.00000
1605.64483 0.000000 -0.00000
1605.73763 0.000000 -0.00000
1605.83043 0.000000 -0.00000
1605.92323 0.000000 -0.00000
1606.01603 0.000000 -0.00000
1606.10883 0.000000 -0.00000
1606.20164 0.000000 -0.00000
1606.29444 0.000000 -0.00000
1606.38724 0.000000 -0.00000
1606.48004 0.000000 -0.00000
1606.57284 0.000000 -0.00000
1606.66564 0.000000 -0.00000
1606.75845 0.000000 -0.00000
1606.85125 0.000000 -0.00000
1606.94405 0.000000 -0.00000
1607.03685 0.000000 -0.00000
1607.12965 0.000000 -0.00000
1607.22245 0.000000 -0.00000
1607.31525 0.000000 -0.00000
1607.40806 0.000000 -0.00000
1607.50086 0.000000 -0.00000
1607.59366 0.000000 -0.00000
1607.68646 0.000000 -0.00000
1607.77926 0.000000 -0.00000
1607.87206 0.000000 -0.00000
1607.96487 0.000000 -0.00000
1608.05767 0.000000 -0.00000
1608.15047 0.000000 -0.00000
1608.24327 0.000000 -0.00000
1608.33607 0.000000 -0.00000
1608.42887 0.000000 -0.00000
1608.52168 0.000000 -0.00000
1608.61448 0.000000 -0.00000
1608.70728 0.000000 -0.00000
1608.80008 0.000000 -0.00000
1608.89288 0.000000 -0.00000
1608.98568 0.000000 -0.00000
1609.07849 0.000000 -0.00000
1609.17129 0.000000 -0.00000
1609.26409 0.000000 -0.00000
1609.35689 0.000000 -0.00000
1609.44969 0.000000 -0.00000
1609.54249 0.000000 -0.00000
1609.63530 0.000000 -0.00000
1609.72810 0.000000 -0.00000
1609.82090 0.000000 -0.00000
1609.91370 0.000000 -0.00000
1610.00650 0.000000 -0.00000
1610.09930 0.000000 -0.00000
1610.19211 0.000000 -0.00000
1610.28491 0.000000 -0.00000
1610.37771 0.000000 -0.00000
1610.47051 0.000000 -0.00000
1610.56331 0.000000 -0.00000
1610.65611 0.000000 -0.00000
1610.74892 0.000000 -0.00000
1610.84172 0.000000 -0.00000
1610.93452 0.000000 -0.00000
1611.02732 0.000000 -0.00000
1611.12012 0.000000 -0.00000
1611.21292 0.000000 -0.00000
1611.30573 0.000000 -0.00000
1611.39853 0.000000 -0.00000
1611.49133 0.000000 -0.00000
1611.58413 0.000000 -0.00000
1611.67693 0.000000 -0.00000
1611.76973 0.000000 -0.00000
1611.86254 0.000000 -0.00000
1611.95534 0.000000 -0.00000
1612.04814 0.000000 -0.00000
1612.14094 0.000000 -0.00000
1612.23374 0.000000 -0.00000
1612.32654 0.000000 -0.00000
1612.41935 0.000000 -0.00000
1612.51215 0.000000 -0.00000
1612.60495 0.000000 -0.00000
1612.69775 0.000000 -0.00000
1612.79055 0.000000 -0.00000
1612.88335 0.000000 -0.00000
1612.97616 0.000000 -0.00000
1613.06896 0.000000 -0.00000
1613.16176 0.000000 -0.00000
1613.25456 0.000000 -0.00000
1613.34736 0.000000 -0.00000
1613.44016 0.000000 -0.00000
1613.53297 0.000000 -0.00000
1613.62577 0.000000 -0.00000
1613.71857 0.000000 -0.00000
1613.81137 0.000000 -0.00000
1613.90417 0.000000 -0.00000
1613.99697 0.000000 -0.00000
1614.08977 0.000000 -0.00000
1614.18258 0.000000 -0.00000
1614.27538 0.000000 -0.00000
1614.36818 0.000000 -0.00000
1614.46098 0.000000 -0.00000
1614.55378 0.000000 -0.00000
1614.64658 0.000000 -0.00000
1614.73939 0.000000 -0.00000
1614.83219 0.000000 -0.00000
1614.92499 0.000000 -0.00000
1615.01779 0.000000 -0.00000
1615.11059 0.000000 -0.00000
1615.20339 0.000000 -0.00000
1615.29620 0.000000 -0.00000
1615.38900 0.000000 -0.00000
1615.48180 0.000000 -0.00000
1615.57460 0.000000 -0.00000
1615.66740 0.000000 -0.00000
1615.76020 0.000000 -0.00000
1615.85301 0.000000 -0.00000
1615.94581 0.000000 -0.00000
1616.03861 0.000000 -0.00000
1616.13141 0.000000 -0.00000
1616.22421 0.000000 -0.00000
1616.31701 0.000000 -0.00000
1616.40982 0.000000 -0.00000
1616.50262 0.000000 -0.00000
1616.59542 0.000000 -0.00000
1616.68822 0.000000 -0.00000
1616.78102 0.000000 -0.00000
1616.87382 0.000000 -0.00000
1616.96663 0.000000 -0.00000
1617.05943 0.000000 -0.00000
1617.15223 0.000000 -0.00000
1617.24503 0.000000 -0.00000
1617.33783 0.000000 -0.00000
1617.43063 0.000000 -0.00000
1617.52344 0.000000 -0.00000
1617.61624 0.000000 -0.00000
1617.70904 0.000000 -0.00000
1617.80184 0.000000 -0.00000
1617.89464 0.000000 -0.00000
1617.98744 0.000000 -0.00000
1618.08025 0.000000 -0.00000
1618.17305 0.000000 -0.00000
1618.26585 0.000000 -0.00000
1618.35865 0.000000 -0.00000
1618.45145 0.000000 -0.00000
1618.54425 0.000000 -0.00000
1618.63706 0.000000 -0.00000
1618.72986 0.000000 -0.00000
1618.82266 0.000000 -0.00000
1618.91546 0.000000 -0.00000
1619.00826 0.000000 -0.00000
1619.10106 0.000000 -0.00000
1619.19387 0.000000 -0.00000
1619.28667 0.000000 -0.00000
1619.37947 0.000000 -0.00000
1619.47227 0.000000 -0.00000
1619.56507 0.000000 -0.00000
1619.65787 0.000000 -0.00000
1619.75068 0.000000 -0.00000
1619.84348 0.000000 -0.00000
1619.93628 0.000000 -0.00000
1620.02908 0.000000 -0.00000
1620.12188 0.000000 -0.00000
1620.21468 0.000000 -0.00000
1620.30749 0.000000 -0.00000
1620.40029 0.000000 -0.00000
1620.49309 0.000000 -0.00000
1620.58589 0.000000 -0.00000
1620.67869 0.000000 -0.00000
1620.77149 0.000000 -0.00000
1620.86429 0.000000 -0.00000
1620.95710 0.000000 -0.00000
1621.04990 0.000000 -0.00000
1621.14270 0.000000 -0.00000
1621.23550 0.000000 -0.00000
1621.32830 0.000000 -0.00000
1621.42110 0.000000 -0.00000
1621.51391 0.000000 -0.00000
1621.60671 0.000000 -0.00000
1621.69951 0.000000 -0.00000
1621.79231 0.000000 -0.00000
1621.88511 0.000000 -0.00000
1621.97791 0.000000 -0.00000
1622.07072 0.000000 -0.00000
1622.16352 0.000000 -0.00000
1622.25632 0.000000 -0.00000
1622.34912 0.000000 -0.00000
1622.44192 0.000000 -0.00000
1622.53472 0.000000 -0.00000
1622.62753 0.000000 -0.00000
1622.72033 0.000000 -0.00000
1622.81313 0.000000 -0.00000
1622.90593 0.000000 -0.00000
1622.99873 0.000000 -0.00000
1623.09153 0.000000 -0.00000
1623.18434 0.000000 -0.00000
1623.27714 0.000000 -0.00000
1623.36994 0.000000 -0.00000
1623.46274 0.000000 -0.00000
1623.55554 0.000000 -0.00000
1623.64834 0.000000 -0.00000
1623.74115 0.000000 -0.00000
1623.83395 0.000000 -0.00000
1623.92675 0.000000 -0.00000
1624.01955 0.000000 -0.00000
1624.11235 0.000000 -0.00000
1624.20515 0.000000 -0.00000
1624.29796 0.000000 -0.00000
1624.39076 0.000000 -0.00000
1624.48356 0.000000 -0.00000
1624.57636 0.000000 -0.00000
1624.66916 0.000000 -0.00000
1624.76196 0.000000 -0.00000
1624.85477 0.000000 -0.00000
1624.94757 0.000000 -0.00000
1625.04037 0.000000 -0.00000
1625.13317 0.000000 -0.00000
1625.22597 0.000000 -0.00000
1625.31877 0.000000 -0.00000
1625.41158 0.000000 -0.00000
1625.50438 0.000000 -0.00000
1625.59718 0.000000 -0.00000
1625.68998 0.000000 -0.00000
1625.78278 0.000000 -0.00000
1625.87558 0.000000 -0.00000
1625.96839 0.000000 -0.00000
1626.06119 0.000000 -0.00000
1626.15399 0.000000 -0.00000
1626.24679 0.000000 -0.00000
1626.33959 0.000000 -0.00000
1626.43239 0.000000 -0.00000
1626.52520 0.000000 -0.00000
1626.61800 0.000000 -0.00000
1626.71080 0.000000 -0.00000
1626.80360 0.000000 -0.00000
1626.89640 0.000000 -0.00000
1626.98920 0.000000 -0.00000
1627.08201 0.000000 -0.00000
1627.17481 0.000000 -0.00000
1627.26761 0.000000 -0.00000
1627.36041 0.000000 -0.00000
1627.45321 0.000000 -0.00000
1627.54601 0.000000 -0.00000
1627.63881 0.000000 -0.00000
1627.73162 0.000000 -0.00000
1627.82442 0.000000 -0.00000
1627.91722 0.000000 -0.00000
1628.01002 0.000000 -0.00000
1628.10282 0.000000 -0.00000
1628.19562 0.000000 -0.00000
1628.28843 0.000000 -0.00000
1628.38123 0.000000 -0.00000
1628.47403 0.000000 -0.00000
1628.56683 0.000000 -0.00000
1628.65963 0.000000 -0.00000
1628.75243 0.000000 -0.00000
1628.84524 0.000000 -0.00000
1628.93804 0.000000 -0.00000
1629.03084 0.000000 -0.00000
1629.12364 0.000000 -0.00000
1629.21644 0.000000 -0.00000
1629.30924 0.000000 -0.00000
1629.40205 0.000000 -0.00000
1629.49485 0.000000 -0.00000
1629.58765 0.000000 -0.00000
1629.68045 0.000000 -0.00000
1629.77325 0.000000 -0.00000
1629.86605 0.000000 -0.00000
1629.95886 0.000000 -0.00000
1630.05166 0.000000 -0.00000
1630.14446 0.000000 -0.00000
1630.23726 0.000000 -0.00000
1630.33006 0.000000 -0.00000
1630.42286 0.000000 -0.00000
1630.51567 0.000000 -0.00000
1630.60847 0.000000 -0.00000
1630.70127 0.000000 -0.00000
1630.79407 0.000000 -0.00000
1630.88687 0.000000 -0.00000
1630.97967 0.000000 -0.00000
1631.07248 0.000000 -0.00000
1631.16528 0.000000 -0.00000
1631.25808 0.000000 -0.00000
1631.35088 0.000000 -0.00000
1631.44368 0.000000 -0.00000
1631.53648 0.000000 -0.00000
1631.62929 0.000000 -0.00000
1631.72209 0.000000 -0.00000
1631.81489 0.000000 -0.00000
1631.90769 0.000000 -0.00000
1632.00049 0.000000 -0.00000
1632.09329 0.000000 -0.00000
1632.18610 0.000000 -0.00000
1632.27890 0.000000 -0.00000
1632.37170 0.000000 -0.00000
1632.46450 0.000000 -0.00000
1632.55730 0.000000 -0.00000
1632.65010 0.000000 -0.00000
1632.74291 0.000000 -0.00000
1632.83571 0.000000 -0.00000
1632.92851 0.000000 -0.00000
1633.02131 0.000000 -0.00000
1633.11411 0.000000 -0.00000
1633.20691 0.000000 -0.00000
1633.29972 0.000000 -0.00000
1633.39252 0.000000 -0.00000
1633.48532 0.000000 -0.00000
1633.57812 0.000000 -0.00000
1633.67092 0.000000 -0.00000
1633.76372 0.000000 -0.00000
1633.85653 0.000000 -0.00000
1633.94933 0.000000 -0.00000
1634.04213 0.000000 -0.00000
1634.13493 0.000000 -0.00000
1634.22773 0.000000 -0.00000
1634.32053 0.000000 -0.00000
1634.41333 0.000000 -0.00000
1634.50614 0.000000 -0.00000
1634.59894 0.000000 -0.00000
1634.69174 0.000000 -0.00000
1634.78454 0.000000 -0.00000
1634.87734 0.000000 -0.00000
1634.97014 0.000000 -0.00000
1635.06295 0.000000 -0.00000
1635.15575 0.000000 -0.00000
1635.24855 0.000000 -0.00000
1635.34135 0.000000 -0.00000
1635.43415 0.000000 -0.00000
1635.52695 0.000000 -0.00000
1635.61976 0.000000 -0.00000
1635.71256 0.000000 -0.00000
1635.80536 0.000000 -0.00000
1635.89816 0.000000 -0.00000
1635.99096 0.000000 -0.00000
1636.08376 0.000000 -0.00000
1636.17657 0.000000 -0.00000
1636.26937 0.000000 -0.00000
1636.36217 0.000000 -0.00000
1636.45497 0.000000 -0.00000
1636.54777 0.000000 -0.00000
1636.64057 0.000000 -0.00000
1636.73338 0.000000 -0.00000
1636.82618 0.000000 -0.00000
1636.91898 0.000000 -0.00000
1637.01178 0.000000 -0.00000
1637.10458 0.000000 -0.00000
1637.19738 0.000000 -0.00000
1637.29019 0.000000 -0.00000
1637.38299 0.000000 -0.00000
1637.47579 0.000000 -0.00000
1637.56859 0.000000 -0.00000
1637.66139 0.000000 -0.00000
1637.75419 0.000000 -0.00000
1637.84700 0.000000 -0.00000
1637.93980 0.000000 -0.00000
1638.03260 0.000000 -0.00000
1638.12540 0.000000 -0.00000
1638.21820 0.000000 -0.00000
1638.31100 0.000000 -0.00000
1638.40381 0.000000 -0.00000
1638.49661 0.000000 -0.00000
1638.58941 0.000000 -0.00000
1638.68221 0.000000 -0.00000
1638.77501 0.000000 -0.00000
1638.86781 0.000000 -0.00000
1638.96062 0.000000 -0.00000
1639.05342 0.000000 -0.00000
1639.14622 0.000000 -0.00000
1639.23902 0.000000 -0.00000
1639.33182 0.000000 -0.00000
1639.42462 0.000000 -0.00000
1639.51743 0.000000 -0.00000
1639.61023 0.000000 -0.00000
1639.70303 0.000000 -0.00000
1639.79583 0.000000 -0.00000
1639.88863 0.000000 -0.00000
1639.98143 0.000000 -0.00000
1640.07424 0.000000 -0.00000
1640.16704 0.000000 -0.00000
1640.25984 0.000000 -0.00000
1640.35264 0.000000 -0.00000
1640.44544 0.000000 -0.00000
1640.53824 0.000000 -0.00000
1640.63105 0.000000 -0.00000
1640.72385 0.000000 -0.00000
1640.81665 0.000000 -0.00000
1640.90945 0.000000 -0.00000
1641.00225 0.000000 -0.00000
1641.09505 0.000000 -0.00000
1641.18785 0.000000 -0.00000
1641.28066 0.000000 -0.00000
1641.37346 0.000000 -0.00000
1641.46626 0.000000 -0.00000
1641.55906 0.000000 -0.00000
1641.65186 0.000000 -0.00000
1641.74466 0.000000 -0.00000
1641.83747 0.000000 -0.00000
1641.93027 0.000000 -0.00000
1642.02307 0.000000 -0.00000
1642.11587 0.000000 -0.00000
1642.20867 0.000000 -0.00000
1642.30147 0.000000 -0.00000
1642.39428 0.000000 -0.00000
1642.48708 0.000000 -0.00000
1642.57988 0.000000 -0.00000
1642.67268 0.000000 -0.00000
1642.76548 0.000000 -0.00000
1642.85828 0.000000 -0.00000
1642.95109 0.000000 -0.00000
1643.04389 0.000000 -0.00000
1643.13669 0.000000 -0.00000
1643.22949 0.000000 -0.00000
1643.32229 0.000000 -0.00000
1643.41509 0.000000 -0.00000
1643.50790 0.000000 -0.00000
1643.60070 0.000000 -0.00000
1643.69350 0.000000 -0.00000
1643.78630 0.000000 -0.00000
1643.87910 0.000000 -0.00000
1643.97190 0.000000 -0.00000
1644.06471 0.000000 -0.00000
1644.15751 0.000000 -0.00000
1644.25031 0.000000 -0.00000
1644.34311 0.000000 -0.00000
1644.43591 0.000000 -0.00000
1644.52871 0.000000 -0.00000
1644.62152 0.000000 -0.00000
1644.71432 0.000000 -0.00000
1644.80712 0.000000 -0.00000
1644.89992 0.000000 -0.00000
1644.99272 0.000000 -0.00000
1645.08552 0.000000 -0.00000
1645.17833 0.000000 -0.00000
1645.27113 0.000000 -0.00000
1645.36393 0.000000 -0.00000
1645.45673 0.000000 -0.00000
1645.54953 0.000000 -0.00000
1645.64233 0.000000 -0.00000
1645.73514 0.000000 -0.00000
1645.82794 0.000000 -0.00000
1645.92074 0.000000 -0.00000
1646.01354 0.000000 -0.00000
1646.10634 0.000000 -0.00000
1646.19914 0.000000 -0.00000
1646.29195 0.000000 -0.00000
1646.38475 0.000000 -0.00000
1646.47755 0.000000 -0.00000
1646.57035 0.000000 -0.00000
1646.66315 0.000000 -0.00000
1646.75595 0.000000 -0.00000
1646.84876 0.000000 -0.00000
1646.94156 0.000000 -0.00000
1647.03436 0.000000 -0.00000
1647.12716 0.000000 -0.00000
1647.21996 0.000000 -0.00000
1647.31276 0.000000 -0.00000
1647.40557 0.000000 -0.00000
1647.49837 0.000000 -0.00000
1647.59117 0.000000 -0.00000
1647.68397 0.000000 -0.00000
1647.77677 0.000000 -0.00000
1647.86957 0.000000 -0.00000
1647.96237 0.000000 -0.00000
1648.05518 0.000000 -0.00000
1648.14798 0.000000 -0.00000
1648.24078 0.000000 -0.00000
1648.33358 0.000000 -0.00000
1648.42638 0.000000 -0.00000
1648.51918 0.000000 -0.00000
1648.61199 0.000000 -0.00000
1648.70479 0.000000 -0.00000
1648.79759 0.000000 -0.00000
1648.89039 0.000000 -0.00000
1648.98319 0.000000 -0.00000
1649.07599 0.000000 -0.00000
1649.16880 0.000000 -0.00000
1649.26160 0.000000 -0.00000
1649.35440 0.000000 -0.00000
1649.44720 0.000000 -0.00000
1649.54000 0.000000 -0.00000
1649.63280 0.000000 -0.00000
1649.72561 0.000000 -0.00000
1649.81841 0.000000 -0.00000
1649.91121 0.000000 -0.00000
1650.00401 0.000000 -0.00000
1650.09681 0.000000 -0.00000
1650.18961 0.000000 -0.00000
1650.28242 0.000000 -0.00000
1650.37522 0.000000 -0.00000
1650.46802 0.000000 -0.00000
1650.56082 0.000000 -0.00000
1650.65362 0.000000 -0.00000
1650.74642 0.000000 -0.00000
1650.83923 0.000000 -0.00000
1650.93203 0.000000 -0.00000
1651.02483 0.000000 -0.00000
1651.11763 0.000000 -0.00000
1651.21043 0.000000 -0.00000
1651.30323 0.000000 -0.00000
1651.39604 0.000000 -0.00000
1651.48884 0.000000 -0.00000
1651.58164 0.000000 -0.00000
1651.67444 0.000000 -0.00000
1651.76724 0.000000 -0.00000
1651.86004 0.000000 -0.00000
1651.95285 0.000000 -0.00000
1652.04565 0.000000 -0.00000
1652.13845 0.000000 -0.00000
1652.23125 0.000000 -0.00000
1652.32405 0.000000 -0.00000
1652.41685 0.000000 -0.00000
1652.50966 0.000000 -0.00000
1652.60246 0.000000 -0.00000
1652.69526 0.000000 -0.00000
1652.78806 0.000000 -0.00000
1652.88086 0.000000 -0.00000
1652.97366 0.000000 -0.00000
1653.06647 0.000000 -0.00000
1653.15927 0.000000 -0.00000
1653.25207 0.000000 -0.00000
1653.34487 0.000000 -0.00000
1653.43767 0.000000 -0.00000
1653.53047 0.000000 -0.00000
1653.62328 0.000000 -0.00000
1653.71608 0.000000 -0.00000
1653.80888 0.000000 -0.00000
1653.90168 0.000000 -0.00000
1653.99448 0.000000 -0.00000
1654.08728 0.000000 -0.00000
1654.18009 0.000000 -0.00000
1654.27289 0.000000 -0.00000
1654.36569 0.000000 -0.00000
1654.45849 0.000000 -0.00000
1654.55129 0.000000 -0.00000
1654.64409 0.000000 -0.00000
1654.73689 0.000000 -0.00000
1654.82970 0.000000 -0.00000
1654.92250 0.000000 -0.00000
1655.01530 0.000000 -0.00000
1655.10810 0.000000 -0.00000
1655.20090 0.000000 -0.00000
1655.29370 0.000000 -0.00000
1655.38651 0.000000 -0.00000
1655.47931 0.000000 -0.00000
1655.57211 0.000000 -0.00000
1655.66491 0.000000 -0.00000
1655.75771 0.000000 -0.00000
1655.85051 0.000000 -0.00000
1655.94332 0.000000 -0.00000
1656.03612 0.000000 -0.00000
1656.12892 0.000000 -0.00000
1656.22172 0.000000 -0.00000
1656.31452 0.000000 -0.00000
1656.40732 0.000000 -0.00000
1656.50013 0.000000 -0.00000
1656.59293 0.000000 -0.00000
1656.68573 0.000000 -0.00000
1656.77853 0.000000 -0.00000
1656.87133 0.000000 -0.00000
1656.96413 0.000000 -0.00000
1657.05694 0.000000 -0.00000
1657.14974 0.000000 -0.00000
1657.24254 0.000000 -0.00000
1657.33534 0.000000 -0.00000
1657.42814 0.000000 -0.00000
1657.52094 0.000000 -0.00000
1657.61375 0.000000 -0.00000
1657.70655 0.000000 -0.00000
1657.79935 0.000000 -0.00000
1657.89215 0.000000 -0.00000
1657.98495 0.000000 -0.00000
1658.07775 0.000000 -0.00000
1658.17056 0.000000 -0.00000
1658.26336 0.000000 -0.00000
1658.35616 0.000000 -0.00000
1658.44896 0.000000 -0.00000
1658.54176 0.000000 -0.00000
1658.63456 0.000000 -0.00000
1658.72737 0.000000 -0.00000
1658.82017 0.000000 -0.00000
1658.91297 0.000000 -0.00000
1659.00577 0.000000 -0.00000
1659.09857 0.000000 -0.00000
1659.19137 0.000000 -0.00000
1659.28418 0.000000 -0.00000
1659.37698 0.000000 -0.00000
1659.46978 0.000000 -0.00000
1659.56258 0.000000 -0.00000
1659.65538 0.000000 -0.00000
1659.74818 0.000000 -0.00000
1659.84099 0.000000 -0.00000
1659.93379 0.000000 -0.00000
1660.02659 0.000000 -0.00000
1660.11939 0.000000 -0.00000
1660.21219 0.000000 -0.00000
1660.30499 0.000000 -0.00000
1660.39780 0.000000 -0.00000
1660.49060 0.000000 -0.00000
1660.58340 0.000000 -0.00000
1660.67620 0.000000 -0.00000
1660.76900 0.000000 -0.00000
1660.86180 0.000000 -0.00000
1660.95461 0.000000 -0.00000
1661.04741 0.000000 -0.00000
1661.14021 0.000000 -0.00000
1661.23301 0.000000 -0.00000
1661.32581 0.000000 -0.00000
1661.41861 0.000000 -0.00000
1661.51141 0.000000 -0.00000
1661.60422 0.000000 -0.00000
1661.69702 0.000000 -0.00000
1661.78982 0.000000 -0.00000
1661.88262 0.000000 -0.00000
1661.97542 0.000000 -0.00000
1662.06822 0.000000 -0.00000
1662.16103 0.000000 -0.00000
1662.25383 0.000000 -0.00000
1662.34663 0.000000 -0.00000
1662.43943 0.000000 -0.00000
1662.53223 0.000000 -0.00000
1662.62503 0.000000 -0.00000
1662.71784 0.000000 -0.00000
1662.81064 0.000000 -0.00000
1662.90344 0.000000 -0.00000
1662.99624 0.000000 -0.00000
1663.08904 0.000000 -0.00000
1663.18184 0.000000 -0.00000
1663.27465 0.000000 -0.00000
1663.36745 0.000000 -0.00000
1663.46025 0.000000 -0.00000
1663.55305 0.000000 -0.00000
1663.64585 0.000000 -0.00000
1663.73865 0.000000 -0.00000
1663.83146 0.000000 -0.00000
1663.92426 0.000000 -0.00000
1664.01706 0.000000 -0.00000
1664.10986 0.000000 -0.00000
1664.20266 0.000000 -0.00000
1664.29546 0.000000 -0.00000
1664.38827 0.000000 -0.00000
1664.48107 0.000000 -0.00000
1664.57387 0.000000 -0.00000
1664.66667 0.000000 -0.00000
1664.75947 0.000000 -0.00000
1664.85227 0.000000 -0.00000
1664.94508 0.000000 -0.00000
1665.03788 0.000000 -0.00000
1665.13068 0.000000 -0.00000
1665.22348 0.000000 -0.00000
1665.31628 0.000000 -0.00000
1665.40908 0.000000 -0.00000
1665.50189 0.000000 -0.00000
1665.59469 0.000000 -0.00000
1665.68749 0.000000 -0.00000
1665.78029 0.000000 -0.00000
1665.87309 0.000000 -0.00000
1665.96589 0.000000 -0.00000
1666.05870 0.000000 -0.00000
1666.15150 0.000000 -0.00000
1666.24430 0.000000 -0.00000
1666.33710 0.000000 -0.00000
1666.42990 0.000000 -0.00000
1666.52270 0.000000 -0.00000
1666.61551 0.000000 -0.00000
1666.70831 0.000000 -0.00000
1666.80111 0.000000 -0.00000
1666.89391 0.000000 -0.00000
1666.98671 0.000000 -0.00000
1667.07951 0.000000 -0.00000
1667.17232 0.000000 -0.00000
1667.26512 0.000000 -0.00000
1667.35792 0.000000 -0.00000
1667.45072 0.000000 -0.00000
1667.54352 0.000000 -0.00000
1667.63632 0.000000 -0.00000
1667.72913 0.000000 -0.00000
1667.82193 0.000000 -0.00000
1667.91473 0.000000 -0.00000
1668.00753 0.000000 -0.00000
1668.10033 0.000000 -0.00000
1668.19313 0.000000 -0.00000
1668.28594 0.000000 -0.00000
1668.37874 0.000000 -0.00000
1668.47154 0.000000 -0.00000
1668.56434 0.000000 -0.00000
1668.65714 0.000000 -0.00000
1668.74994 0.000000 -0.00000
1668.84274 0.000000 -0.00000
1668.93555 0.000000 -0.00000
1669.02835 0.000000 -0.00000
1669.12115 0.000000 -0.00000
1669.21395 0.000000 -0.00000
1669.30675 0.000000 -0.00000
1669.39955 0.000000 -0.00000
1669.49236 0.000000 -0.00000
1669.58516 0.000000 -0.00000
1669.67796 0.000000 -0.00000
1669.77076 0.000000 -0.00000
1669.86356 0.000000 -0.00000
1669.95636 0.000000 -0.00000
1670.04917 0.000000 -0.00000
1670.14197 0.000000 -0.00000
1670.23477 0.000000 -0.00000
1670.32757 0.000000 -0.00000
1670.42037 0.000000 -0.00000
1670.51317 0.000000 -0.00000
1670.60598 0.000000 -0.00000
1670.69878 0.000000 -0.00000
1670.79158 0.000000 -0.00000
1670.88438 0.000000 -0.00000
1670.97718 0.000000 -0.00000
1671.06998 0.000000 -0.00000
1671.16279 0.000000 -0.00000
1671.25559 0.000000 -0.00000
1671.34839 0.000000 -0.00000
1671.44119 0.000000 -0.00000
1671.53399 0.000000 -0.00000
1671.62679 0.000000 -0.00000
1671.71960 0.000000 -0.00000
1671.81240 0.000000 -0.00000
1671.90520 0.000000 -0.00000
1671.99800 0.000000 -0.00000
1672.09080 0.000000 -0.00000
1672.18360 0.000000 -0.00000
1672.27641 0.000000 -0.00000
1672.36921 0.000000 -0.00000
1672.46201 0.000000 -0.00000
1672.55481 0.000000 -0.00000
1672.64761 0.000000 -0.00000
1672.74041 0.000000 -0.00000
1672.83322 0.000000 -0.00000
1672.92602 0.000000 -0.00000
1673.01882 0.000000 -0.00000
1673.11162 0.000000 -0.00000
1673.20442 0.000000 -0.00000
1673.29722 0.000000 -0.00000
1673.39003 0.000000 -0.00000
1673.48283 0.000000 -0.00000
1673.57563 0.000000 -0.00000
1673.66843 0.000000 -0.00000
1673.76123 0.000000 -0.00000
1673.85403 0.000000 -0.00000
1673.94684 0.000000 -0.00000
1674.03964 0.000000 -0.00000
1674.13244 0.000000 -0.00000
1674.22524 0.000000 -0.00000
1674.31804 0.000000 -0.00000
1674.41084 0.000000 -0.00000
1674.50365 0.000000 -0.00000
1674.59645 0.000000 -0.00000
1674.68925 0.000000 -0.00000
1674.78205 0.000000 -0.00000
1674.87485 0.000000 -0.00000
1674.96765 0.000000 -0.00000
1675.06046 0.000000 -0.00000
1675.15326 0.000000 -0.00000
1675.24606 0.000000 -0.00000
1675.33886 0.000000 -0.00000
1675.43166 0.000000 -0.00000
1675.52446 0.000000 -0.00000
1675.61726 0.000000 -0.00000
1675.71007 0.000000 -0.00000
1675.80287 0.000000 -0.00000
1675.89567 0.000000 -0.00000
1675.98847 0.000000 -0.00000
1676.08127 0.000000 -0.00000
1676.17407 0.000000 -0.00000
1676.26688 0.000000 -0.00000
1676.35968 0.000000 -0.00000
1676.45248 0.000000 -0.00000
1676.54528 0.000000 -0.00000
1676.63808 0.000000 -0.00000
1676.73088 0.000000 -0.00000
1676.82369 0.000000 -0.00000
1676.91649 0.000000 -0.00000
1677.00929 0.000000 -0.00000
1677.10209 0.000000 -0.00000
1677.19489 0.000000 -0.00000
1677.28769 0.000000 -0.00000
1677.38050 0.000000 -0.00000
1677.47330 0.000000 -0.00000
1677.56610 0.000000 -0.00000
1677.65890 0.000000 -0.00000
1677.75170 0.000000 -0.00000
1677.84450 0.000000 -0.00000
1677.93731 0.000000 -0.00000
1678.03011 0.000000 -0.00000
1678.12291 0.000000 -0.00000
1678.21571 0.000000 -0.00000
1678.30851 0.000000 -0.00000
1678.40131 0.000000 -0.00000
1678.49412 0.000000 -0.00000
1678.58692 0.000000 -0.00000
1678.67972 0.000000 -0.00000
1678.77252 0.000000 -0.00000
1678.86532 0.000000 -0.00000
1678.95812 0.000000 -0.00000
1679.05093 0.000000 -0.00000
1679.14373 0.000000 -0.00000
1679.23653 0.000000 -0.00000
1679.32933 0.000000 -0.00000
1679.42213 0.000000 -0.00000
1679.51493 0.000000 -0.00000
1679.60774 0.000000 -0.00000
1679.70054 0.000000 -0.00000
1679.79334 0.000000 -0.00000
1679.88614 0.000000 -0.00000
1679.97894 0.000000 -0.00000
1680.07174 0.000000 -0.00000
1680.16455 0.000000 -0.00000
1680.25735 0.000000 -0.00000
1680.35015 0.000000 -0.00000
1680.44295 0.000000 -0.00000
1680.53575 0.000000 -0.00000
1680.62855 0.000000 -0.00000
1680.72136 0.000000 -0.00000
1680.81416 0.000000 -0.00000
1680.90696 0.000000 -0.00000
1680.99976 0.000000 -0.00000
1681.09256 0.000000 -0.00000
1681.18536 0.000000 -0.00000
1681.27817 0.000000 -0.00000
1681.37097 0.000000 -0.00000
1681.46377 0.000000 -0.00000
1681.55657 0.000000 -0.00000
1681.64937 0.000000 -0.00000
1681.74217 0.000000 -0.00000
1681.83498 0.000000 -0.00000
1681.92778 0.000000 -0.00000
1682.02058 0.000000 -0.00000
1682.11338 0.000000 -0.00000
1682.20618 0.000000 -0.00000
1682.29898 0.000000 -0.00000
1682.39178 0.000000 -0.00000
1682.48459 0.000000 -0.00000
1682.57739 0.000000 -0.00000
1682.67019 0.000000 -0.00000
1682.76299 0.000000 -0.00000
1682.85579 0.000000 -0.00000
1682.94859 0.000000 -0.00000
1683.04140 0.000000 -0.00000
1683.13420 0.000000 -0.00000
1683.22700 0.000000 -0.00000
1683.31980 0.000000 -0.00000
1683.41260 0.000000 -0.00000
1683.50540 0.000000 -0.00000
1683.59821 0.000000 -0.00000
1683.69101 0.000000 -0.00000
1683.78381 0.000000 -0.00000
1683.87661 0.000000 -0.00000
1683.96941 0.000000 -0.00000
1684.06221 0.000000 -0.00000
1684.15502 0.000000 -0.00000
1684.24782 0.000000 -0.00000
1684.34062 0.000000 -0.00000
1684.43342 0.000000 -0.00000
1684.52622 0.000000 -0.00000
1684.61902 0.000000 -0.00000
1684.71183 0.000000 -0.00000
1684.80463 0.000000 -0.00000
1684.89743 0.000000 -0.00000
1684.99023 0.000000 -0.00000
1685.08303 0.000000 -0.00000
1685.17583 0.000000 -0.00000
1685.26864 0.000000 -0.00000
1685.36144 0.000000 -0.00000
1685.45424 0.000000 -0.00000
1685.54704 0.000000 -0.00000
1685.63984 0.000000 -0.00000
1685.73264 0.000000 -0.00000
1685.82545 0.000000 -0.00000
1685.91825 0.000000 -0.00000
1686.01105 0.000000 -0.00000
1686.10385 0.000000 -0.00000
1686.19665 0.000000 -0.00000
1686.28945 0.000000 -0.00000
1686.38226 0.000000 -0.00000
1686.47506 0.000000 -0.00000
1686.56786 0.000000 -0.00000
1686.66066 0.000000 -0.00000
1686.75346 0.000000 -0.00000
1686.84626 0.000000 -0.00000
1686.93907 0.000000 -0.00000
1687.03187 0.000000 -0.00000
1687.12467 0.000000 -0.00000
1687.21747 0.000000 -0.00000
1687.31027 0.000000 -0.00000
1687.40307 0.000000 -0.00000
1687.49588 0.000000 -0.00000
1687.58868 0.000000 -0.00000
1687.68148 0.000000 -0.00000
1687.77428 0.000000 -0.00000
1687.86708 0.000000 -0.00000
1687.95988 0.000000 -0.00000
1688.05269 0.000000 -0.00000
1688.14549 0.000000 -0.00000
1688.23829 0.000000 -0.00000
1688.33109 0.000000 -0.00000
1688.42389 0.000000 -0.00000
1688.51669 0.000000 -0.00000
1688.60950 0.000000 -0.00000
1688.70230 0.000000 -0.00000
1688.79510 0.000000 -0.00000
1688.88790 0.000000 -0.00000
1688.98070 0.000000 -0.00000
1689.07350 0.000000 -0.00000
1689.16630 0.000000 -0.00000
1689.25911 0.000000 -0.00000
1689.35191 0.000000 -0.00000
1689.44471 0.000000 -0.00000
1689.53751 0.000000 -0.00000
1689.63031 0.000000 -0.00000
1689.72311 0.000000 -0.00000
1689.81592 0.000000 -0.00000
1689.90872 0.000000 -0.00000
1690.00152 0.000000 -0.00000
1690.09432 0.000000 -0.00000
1690.18712 0.000000 -0.00000
1690.27992 0.000000 -0.00000
1690.37273 0.000000 -0.00000
1690.46553 0.000000 -0.00000
1690.55833 0.000000 -0.00000
1690.65113 0.000000 -0.00000
1690.74393 0.000000 -0.00000
1690.83673 0.000000 -0.00000
1690.92954 0.000000 -0.00000
1691.02234 0.000000 -0.00000
1691.11514 0.000000 -0.00000
1691.20794 0.000000 -0.00000
1691.30074 0.000000 -0.00000
1691.39354 0.000000 -0.00000
1691.48635 0.000000 -0.00000
1691.57915 0.000000 -0.00000
1691.67195 0.000000 -0.00000
1691.76475 0.000000 -0.00000
1691.85755 0.000000 -0.00000
1691.95035 0.000000 -0.00000
1692.04316 0.000000 -0.00000
1692.13596 0.000000 -0.00000
1692.22876 0.000000 -0.00000
1692.32156 0.000000 -0.00000
1692.41436 0.000000 -0.00000
1692.50716 0.000000 -0.00000
1692.59997 0.000000 -0.00000
1692.69277 0.000000 -0.00000
1692.78557 0.000000 -0.00000
1692.87837 0.000000 -0.00000
1692.97117 0.000000 -0.00000
1693.06397 0.000000 -0.00000
1693.15678 0.000000 -0.00000
1693.24958 0.000000 -0.00000
1693.34238 0.000000 -0.00000
1693.43518 0.000000 -0.00000
1693.52798 0.000000 -0.00000
1693.62078 0.000000 -0.00000
1693.71359 0.000000 -0.00000
1693.80639 0.000000 -0.00000
1693.89919 0.000000 -0.00000
1693.99199 0.000000 -0.00000
1694.08479 0.000000 -0.00000
1694.17759 0.000000 -0.00000
1694.27040 0.000000 -0.00000
1694.36320 0.000000 -0.00000
1694.45600 0.000000 -0.00000
1694.54880 0.000000 -0.00000
1694.64160 0.000000 -0.00000
1694.73440 0.000000 -0.00000
1694.82721 0.000000 -0.00000
1694.92001 0.000000 -0.00000
1695.01281 0.000000 -0.00000
1695.10561 0.000000 -0.00000
1695.19841 0.000000 -0.00000
1695.29121 0.000000 -0.00000
1695.38402 0.000000 -0.00000
1695.47682 0.000000 -0.00000
1695.56962 0.000000 -0.00000
1695.66242 0.000000 -0.00000
1695.75522 0.000000 -0.00000
1695.84802 0.000000 -0.00000
1695.94082 0.000000 -0.00000
1696.03363 0.000000 -0.00000
1696.12643 0.000000 -0.00000
1696.21923 0.000000 -0.00000
1696.31203 0.000000 -0.00000
1696.40483 0.000000 -0.00000
1696.49763 0.000000 -0.00000
1696.59044 0.000000 -0.00000
1696.68324 0.000000 -0.00000
1696.77604 0.000000 -0.00000
1696.86884 0.000000 -0.00000
1696.96164 0.000000 -0.00000
1697.05444 0.000000 -0.00000
1697.14725 0.000000 -0.00000
1697.24005 0.000000 -0.00000
1697.33285 0.000000 -0.00000
1697.42565 0.000000 -0.00000
1697.51845 0.000000 -0.00000
1697.61125 0.000000 -0.00000
1697.70406 0.000000 -0.00000
1697.79686 0.000000 -0.00000
1697.88966 0.000000 -0.00000
1697.98246 0.000000 -0.00000
1698.07526 0.000000 -0.00000
1698.16806 0.000000 -0.00000
1698.26087 0.000000 -0.00000
1698.35367 0.000000 -0.00000
1698.44647 0.000000 -0.00000
1698.53927 0.000000 -0.00000
1698.63207 0.000000 -0.00000
1698.72487 0.000000 -0.00000
1698.81768 0.000000 -0.00000
1698.91048 0.000000 -0.00000
1699.00328 0.000000 -0.00000
1699.09608 0.000000 -0.00000
1699.18888 0.000000 -0.00000
1699.28168 0.000000 -0.00000
1699.37449 0.000000 -0.00000
1699.46729 0.000000 -0.00000
1699.56009 0.000000 -0.00000
1699.65289 0.000000 -0.00000
1699.74569 0.000000 -0.00000
1699.83849 0.000000 -0.00000
1699.93130 0.000000 -0.00000
1700.02410 0.000000 -0.00000
1700.11690 0.000000 -0.00000
1700.20970 0.000000 -0.00000
1700.30250 0.000000 -0.00000
1700.39530 0.000000 -0.00000
1700.48811 0.000000 -0.00000
1700.58091 0.000000 -0.00000
1700.67371 0.000000 -0.00000
1700.76651 0.000000 -0.00000
1700.85931 0.000000 -0.00000
1700.95211 0.000000 -0.00000
1701.04492 0.000000 -0.00000
1701.13772 0.000000 -0.00000
1701.23052 0.000000 -0.00000
1701.32332 0.000000 -0.00000
1701.41612 0.000000 -0.00000
1701.50892 0.000000 -0.00000
1701.60173 0.000000 -0.00000
1701.69453 0.000000 -0.00000
1701.78733 0.000000 -0.00000
1701.88013 0.000000 -0.00000
1701.97293 0.000000 -0.00000
1702.06573 0.000000 -0.00000
1702.15854 0.000000 -0.00000
1702.25134 0.000000 -0.00000
1702.34414 0.000000 -0.00000
1702.43694 0.000000 -0.00000
1702.52974 0.000000 -0.00000
1702.62254 0.000000 -0.00000
1702.71534 0.000000 -0.00000
1702.80815 0.000000 -0.00000
1702.90095 0.000000 -0.00000
1702.99375 0.000000 -0.00000
1703.08655 0.000000 -0.00000
1703.17935 0.000000 -0.00000
1703.27215 0.000000 -0.00000
1703.36496 0.000000 -0.00000
1703.45776 0.000000 -0.00000
1703.55056 0.000000 -0.00000
1703.64336 0.000000 -0.00000
1703.73616 0.000000 -0.00000
1703.82896 0.000000 -0.00000
1703.92177 0.000000 -0.00000
1704.01457 0.000000 -0.00000
1704.10737 0.000000 -0.00000
1704.20017 0.000000 -0.00000
1704.29297 0.000000 -0.00000
1704.38577 0.000000 -0.00000
1704.47858 0.000000 -0.00000
1704.57138 0.000000 -0.00000
1704.66418 0.000000 -0.00000
1704.75698 0.000000 -0.00000
1704.84978 0.000000 -0.00000
1704.94258 0.000000 -0.00000
1705.03539 0.000000 -0.00000
1705.12819 0.000000 -0.00000
1705.22099 0.000000 -0.00000
1705.31379 0.000000 -0.00000
1705.40659 0.000000 -0.00000
1705.49939 0.000000 -0.00000
1705.59220 0.000000 -0.00000
1705.68500 0.000000 -0.00000
1705.77780 0.000000 -0.00000
1705.87060 0.000000 -0.00000
1705.96340 0.000000 -0.00000
1706.05620 0.000000 -0.00000
1706.14901 0.000000 -0.00000
1706.24181 0.000000 -0.00000
1706.33461 0.000000 -0.00000
1706.42741 0.000000 -0.00000
1706.52021 0.000000 -0.00000
1706.61301 0.000000 -0.00000
1706.70582 0.000000 -0.00000
1706.79862 0.000000 -0.00000
1706.89142 0.000000 -0.00000
1706.98422 0.000000 -0.00000
1707.07702 0.000000 -0.00000
1707.16982 0.000000 -0.00000
1707.26263 0.000000 -0.00000
1707.35543 0.000000 -0.00000
1707.44823 0.000000 -0.00000
1707.54103 0.000000 -0.00000
1707.63383 0.000000 -0.00000
1707.72663 0.000000 -0.00000
1707.81944 0.000000 -0.00000
1707.91224 0.000000 -0.00000
1708.00504 0.000000 -0.00000
1708.09784 0.000000 -0.00000
1708.19064 0.000000 -0.00000
1708.28344 0.000000 -0.00000
1708.37625 0.000000 -0.00000
1708.46905 0.000000 -0.00000
1708.56185 0.000000 -0.00000
1708.65465 0.000000 -0.00000
1708.74745 0.000000 -0.00000
1708.84025 0.000000 -0.00000
1708.93306 0.000000 -0.00000
1709.02586 0.000000 -0.00000
1709.11866 0.000000 -0.00000
1709.21146 0.000000 -0.00000
1709.30426 0.000000 -0.00000
1709.39706 0.000000 -0.00000
1709.48986 0.000000 -0.00000
1709.58267 0.000000 -0.00000
1709.67547 0.000000 -0.00000
1709.76827 0.000000 -0.00000
1709.86107 -0.000000 -0.00000
1709.95387 -0.000000 -0.00000
1710.04667 -0.000000 -0.00000
1710.13948 -0.000000 -0.00000
1710.23228 -0.000000 -0.00000
1710.32508 -0.000000 -0.00000
1710.41788 -0.000000 -0.00000
1710.51068 -0.000000 -0.00000
1710.60348 -0.000000 -0.00000
1710.69629 -0.000000 -0.00000
1710.78909 -0.000000 -0.00000
1710.88189 -0.000000 -0.00000
1710.97469 -0.000000 -0.00000
1711.06749 -0.000000 -0.00000
1711.16029 -0.000000 -0.00000
1711.25310 -0.000000 -0.00000
1711.34590 -0.000000 -0.00000
1711.43870 -0.000000 -0.00000
1711.53150 -0.000000 -0.00000
1711.62430 -0.000000 -0.00000
1711.71710 -0.000000 -0.00000
1711.80991 -0.000000 -0.00000
1711.90271 -0.000000 -0.00000
1711.99551 -0.000000 -0.00000
1712.08831 -0.000000 -0.00000
1712.18111 -0.000000 -0.00000
1712.27391 -0.000000 -0.00000
1712.36672 -0.000000 -0.00000
1712.45952 -0.000000 -0.00000
1712.55232 -0.000000 -0.00000
1712.64512 -0.000000 -0.00000
1712.73792 -0.000000 -0.00000
1712.83072 -0.000000 -0.00000
1712.92353 -0.000000 -0.00000
1713.01633 -0.000000 -0.00000
1713.10913 -0.000000 -0.00000
1713.20193 -0.000000 -0.00000
1713.29473 -0.000000 -0.00000
1713.38753 -0.000000 -0.00000
1713.48034 -0.000000 -0.00000
1713.57314 -0.000000 -0.00000
1713.66594 -0.000000 -0.00000
1713.75874 -0.000000 -0.00000
1713.85154 -0.000000 -0.00000
1713.94434 -0.000000 -0.00000
1714.03715 -0.000000 -0.00000
1714.12995 -0.000000 -0.00000
1714.22275 -0.000000 -0.00000
1714.31555 -0.000000 -0.00000
1714.40835 -0.000000 -0.00000
1714.50115 -0.000000 -0.00000
1714.59396 -0.000000 -0.00000
1714.68676 -0.000000 -0.00000
1714.77956 -0.000000 -0.00000
1714.87236 -0.000000 -0.00000
1714.96516 -0.000000 -0.00000
1715.05796 -0.000000 -0.00000
1715.15077 -0.000000 -0.00000
1715.24357 -0.000000 -0.00000
1715.33637 -0.000000 -0.00000
1715.42917 -0.000000 -0.00000
1715.52197 -0.000000 -0.00000
1715.61477 -0.000000 -0.00000
1715.70758 -0.000000 -0.00000
1715.80038 -0.000000 -0.00000
1715.89318 -0.000000 -0.00000
1715.98598 -0.000000 -0.00000
1716.07878 -0.000000 -0.00000
1716.17158 -0.000000 -0.00000
1716.26438 -0.000000 -0.00000
1716.35719 -0.000000 -0.00000
1716.44999 -0.000000 -0.00000
1716.54279 -0.000000 -0.00000
1716.63559 -0.000000 -0.00000
1716.72839 -0.000000 -0.00000
1716.82119 -0.000000 -0.00000
1716.91400 -0.000000 -0.00000
1717.00680 -0.000000 -0.00000
1717.09960 -0.000000 -0.00000
1717.19240 -0.000000 -0.00000
1717.28520 -0.000000 -0.00000
1717.37800 -0.000000 -0.00000
1717.47081 -0.000000 -0.00000
1717.56361 -0.000000 -0.00000
1717.65641 -0.000000 -0.00000
1717.74921 -0.000000 -0.00000
1717.84201 -0.000000 -0.00000
1717.93481 -0.000000 -0.00000
1718.02762 -0.000000 -0.00000
1718.12042 -0.000000 -0.00000
1718.21322 -0.000000 -0.00000
1718.30602 -0.000000 -0.00000
1718.39882 -0.000000 -0.00000
1718.49162 -0.000000 -0.00000
1718.58443 -0.000000 -0.00000
1718.67723 -0.000000 -0.00000
1718.77003 -0.000000 -0.00000
1718.86283 -0.000000 -0.00000
1718.95563 -0.000000 -0.00000
1719.04843 -0.000000 -0.00000
1719.14124 -0.000000 -0.00000
1719.23404 -0.000000 -0.00000
1719.32684 -0.000000 -0.00000
1719.41964 -0.000000 -0.00000
1719.51244 -0.000000 -0.00000
1719.60524 -0.000000 -0.00000
1719.69805 -0.000000 -0.00000
1719.79085 -0.000000 -0.00000
1719.88365 -0.000000 -0.00000
1719.97645 -0.000000 -0.00000
1720.06925 -0.000000 -0.00000
1720.16205 -0.000000 -0.00000
1720.25486 -0.000000 -0.00000
1720.34766 0.000000 -0.00000
1720.44046 0.000000 -0.00000
1720.53326 0.000000 -0.00000
1720.62606 0.000000 -0.00000
1720.71886 0.000000 -0.00000
1720.81167 0.000000 -0.00000
1720.90447 0.000000 -0.00000
1720.99727 0.000000 -0.00000
1721.09007 0.000000 -0.00000
1721.18287 0.000000 -0.00000
1721.27567 0.000000 -0.00000
1721.36848 0.000000 -0.00000
1721.46128 0.000000 -0.00000
1721.55408 0.000000 -0.00000
1721.64688 0.000000 -0.00000
1721.73968 0.000000 -0.00000
1721.83248 0.000000 -0.00000
1721.92529 0.000000 -0.00000
1722.01809 0.000000 -0.00000
1722.11089 0.000000 -0.00000
1722.20369 0.000000 -0.00000
1722.29649 0.000000 -0.00000
1722.38929 0.000000 -0.00000
1722.48210 0.000000 -0.00000
1722.57490 0.000000 -0.00000
1722.66770 0.000000 -0.00000
1722.76050 0.000000 -0.00000
1722.85330 0.000000 -0.00000
1722.94610 0.000000 -0.00000
1723.03890 0.000000 -0.00000
1723.13171 0.000000 -0.00000
1723.22451 0.000000 -0.00000
1723.31731 0.000000 -0.00000
1723.41011 0.000000 -0.00000
1723.50291 0.000000 -0.00000
1723.59571 0.000000 -0.00000
1723.68852 0.000000 -0.00000
1723.78132 0.000000 -0.00000
1723.87412 0.000000 -0.00000
1723.96692 0.000000 -0.00000
1724.05972 0.000000 -0.00000
1724.15252 0.000000 -0.00000
1724.24533 0.000000 -0.00000
1724.33813 0.000000 -0.00000
1724.43093 0.000000 -0.00000
1724.52373 0.000000 -0.00000
1724.61653 0.000000 -0.00000
1724.70933 0.000000 -0.00000
1724.80214 0.000000 -0.00000
1724.89494 0.000000 -0.00000
1724.98774 0.000000 -0.00000
1725.08054 0.000000 -0.00000
1725.17334 0.000000 -0.00000
1725.26614 0.000000 -0.00000
1725.35895 0.000000 -0.00000
1725.45175 0.000000 -0.00000
1725.54455 0.000000 -0.00000
1725.63735 0.000000 -0.00000
1725.73015 0.000000 -0.00000
1725.82295 0.000000 -0.00000
1725.91576 0.000000 -0.00000
1726.00856 0.000000 -0.00000
1726.10136 0.000000 -0.00000
1726.19416 0.000000 -0.00000
1726.28696 0.000000 -0.00000
1726.37976 0.000000 -0.00000
1726.47257 0.000000 -0.00000
1726.56537 0.000000 -0.00000
1726.65817 0.000000 -0.00000
1726.75097 0.000000 -0.00000
1726.84377 0.000000 -0.00000
1726.93657 0.000000 -0.00000
1727.02938 0.000000 -0.00000
1727.12218 0.000000 -0.00000
1727.21498 0.000000 -0.00000
1727.30778 0.000000 -0.00000
1727.40058 0.000000 -0.00000
1727.49338 0.000000 -0.00000
1727.58619 0.000000 -0.00000
1727.67899 0.000000 -0.00000
1727.77179 0.000000 -0.00000
1727.86459 0.000000 -0.00000
1727.95739 0.000000 -0.00000
1728.05019 0.000000 -0.00000
1728.14300 0.000000 -0.00000
1728.23580 0.000000 -0.00000
1728.32860 0.000000 -0.00000
1728.42140 0.000000 -0.00000
1728.51420 0.000000 -0.00000
1728.60700 0.000000 -0.00000
1728.69981 0.000000 -0.00000
1728.79261 0.000000 -0.00000
1728.88541 0.000000 -0.00000
1728.97821 0.000000 -0.00000
1729.07101 0.000000 -0.00000
1729.16381 0.000000 -0.00000
1729.25662 0.000000 -0.00000
1729.34942 0.000000 -0.00000
1729.44222 0.000000 -0.00000
1729.53502 0.000000 -0.00000
1729.62782 0.000000 -0.00000
1729.72062 0.000000 -0.00000
1729.81342 0.000000 -0.00000
1729.90623 0.000000 -0.00000
1729.99903 0.000000 -0.00000
1730.09183 0.000000 -0.00000
1730.18463 0.000000 -0.00000
1730.27743 0.000000 -0.00000
1730.37023 0.000000 -0.00000
1730.46304 0.000000 -0.00000
1730.55584 0.000000 -0.00000
1730.64864 0.000000 -0.00000
1730.74144 0.000000 -0.00000
1730.83424 0.000000 -0.00000
1730.92704 0.000000 -0.00000
1731.01985 0.000000 -0.00000
1731.11265 0.000000 -0.00000
1731.20545 0.000000 -0.00000
1731.29825 0.000000 -0.00000
1731.39105 0.000000 -0.00000
1731.48385 0.000000 -0.00000
1731.57666 0.000000 -0.00000
1731.66946 0.000000 -0.00000
1731.76226 0.000000 -0.00000
1731.85506 0.000000 -0.00000
1731.94786 0.000000 -0.00000
1732.04066 0.000000 -0.00000
1732.13347 0.000000 -0.00000
1732.22627 0.000000 -0.00000
1732.31907 0.000000 -0.00000
1732.41187 0.000000 -0.00000
1732.50467 0.000000 -0.00000
1732.59747 0.000000 -0.00000
1732.69028 0.000000 -0.00000
1732.78308 0.000000 -0.00000
1732.87588 0.000000 -0.00000
1732.96868 0.000000 -0.00000
1733.06148 0.000000 -0.00000
1733.15428 0.000000 -0.00000
1733.24709 0.000000 -0.00000
1733.33989 0.000000 -0.00000
1733.43269 0.000000 -0.00000
1733.52549 0.000000 -0.00000
1733.61829 0.000000 -0.00000
1733.71109 0.000000 -0.00000
1733.80390 0.000000 -0.00000
1733.89670 0.000000 -0.00000
1733.98950 0.000000 -0.00000
1734.08230 0.000000 -0.00000
1734.17510 0.000000 -0.00000
1734.26790 0.000000 -0.00000
1734.36071 0.000000 -0.00000
1734.45351 0.000000 -0.00000
1734.54631 0.000000 -0.00000
1734.63911 0.000000 -0.00000
1734.73191 0.000000 -0.00000
1734.82471 0.000000 -0.00000
1734.91752 0.000000 -0.00000
1735.01032 0.000000 -0.00000
1735.10312 0.000000 -0.00000
1735.19592 0.000000 -0.00000
1735.28872 0.000000 -0.00000
1735.38152 0.000000 -0.00000
1735.47433 -0.000000 -0.00000
1735.56713 -0.000000 -0.00000
1735.65993 -0.000000 -0.00000
1735.75273 -0.000000 -0.00000
1735.84553 -0.000000 -0.00000
1735.93833 -0.000000 -0.00000
1736.03114 -0.000000 -0.00000
1736.12394 -0.000000 -0.00000
1736.21674 -0.000000 -0.00000
1736.30954 -0.000000 -0.00000
1736.40234 -0.000000 -0.00000
1736.49514 -0.000000 -0.00000
1736.58794 -0.000000 -0.00000
1736.68075 -0.000000 -0.00000
1736.77355 -0.000000 -0.00000
1736.86635 -0.000000 -0.00000
1736.95915 -0.000000 -0.00000
1737.05195 -0.000000 -0.00000
1737.14475 -0.000000 -0.00000
1737.23756 -0.000000 -0.00000
1737.33036 -0.000000 -0.00000
1737.42316 -0.000000 -0.00000
1737.51596 -0.000000 -0.00000
1737.60876 -0.000000 -0.00000
1737.70156 -0.000000 -0.00000
1737.79437 -0.000000 -0.00000
1737.88717 -0.000000 -0.00000
1737.97997 -0.000000 -0.00000
1738.07277 -0.000000 -0.00000
1738.16557 -0.000000 -0.00000
1738.25837 -0.000000 -0.00000
1738.35118 -0.000000 -0.00000
1738.44398 -0.000000 -0.00000
1738.53678 -0.000000 -0.00000
1738.62958 -0.000000 -0.00000
1738.72238 -0.000000 -0.00000
1738.81518 -0.000000 -0.00000
1738.90799 -0.000000 -0.00000
1739.00079 -0.000000 -0.00000
1739.09359 -0.000000 -0.00000
1739.18639 -0.000000 -0.00000
1739.27919 -0.000000 -0.00000
1739.37199 -0.000000 -0.00000
1739.46480 -0.000000 -0.00000
1739.55760 -0.000000 -0.00000
1739.65040 -0.000000 -0.00000
1739.74320 -0.000000 -0.00000
1739.83600 -0.000000 -0.00000
1739.92880 -0.000000 -0.00000
1740.02161 -0.000000 -0.00000
1740.11441 -0.000000 -0.00000
1740.20721 -0.000000 -0.00000
1740.30001 -0.000000 -0.00000
1740.39281 -0.000000 -0.00000
1740.48561 -0.000000 -0.00000
1740.57842 -0.000000 -0.00000
1740.67122 -0.000000 -0.00000
1740.76402 -0.000000 -0.00000
1740.85682 -0.000000 -0.00000
1740.94962 -0.000000 -0.00000
1741.04242 -0.000000 -0.00000
1741.13523 -0.000000 -0.00000
1741.22803 -0.000000 -0.00000
1741.32083 -0.000000 -0.00000
1741.41363 -0.000000 -0.00000
1741.50643 -0.000000 -0.00000
1741.59923 -0.000000 -0.00000
1741.69204 -0.000000 -0.00000
1741.78484 -0.000000 -0.00000
1741.87764 -0.000000 -0.00000
1741.97044 -0.000000 -0.00000
1742.06324 -0.000000 -0.00000
1742.15604 -0.000000 -0.00000
1742.24885 -0.000000 -0.00000
1742.34165 -0.000000 -0.00000
1742.43445 -0.000000 -0.00000
1742.52725 -0.000000 -0.00000
1742.62005 -0.000000 -0.00000
1742.71285 -0.000000 -0.00000
1742.80566 -0.000000 -0.00000
1742.89846 -0.000000 -0.00000
1742.99126 -0.000000 -0.00000
1743.08406 -0.000000 -0.00000
1743.17686 -0.000000 -0.00000
1743.26966 -0.000000 -0.00000
1743.36247 -0.000000 -0.00000
1743.45527 -0.000000 -0.00000
1743.54807 -0.000000 -0.00000
1743.64087 -0.000000 -0.00000
1743.73367 -0.000000 -0.00000
1743.82647 -0.000000 -0.00000
1743.91927 -0.000000 -0.00000
1744.01208 -0.000000 -0.00000
1744.10488 -0.000000 -0.00000
1744.19768 -0.000000 -0.00000
1744.29048 -0.000000 -0.00000
1744.38328 -0.000000 -0.00000
1744.47608 0.000000 -0.00000
1744.56889 0.000000 -0.00000
1744.66169 0.000000 -0.00000
1744.75449 0.000000 -0.00000
1744.84729 0.000000 -0.00000
1744.94009 0.000000 -0.00000
1745.03289 0.000000 -0.00000
1745.12570 0.000000 -0.00000
1745.21850 0.000000 -0.00000
1745.31130 0.000000 -0.00000
1745.40410 0.000000 -0.00000
1745.49690 0.000000 -0.00000
1745.58970 0.000000 -0.00000
1745.68251 0.000000 -0.00000
1745.77531 0.000000 -0.00000
1745.86811 0.000000 -0.00000
1745.96091 0.000000 -0.00000
1746.05371 0.000000 -0.00000
1746.14651 0.000000 -0.00000
1746.23932 0.000000 -0.00000
1746.33212 0.000000 -0.00000
1746.42492 0.000000 -0.00000
1746.51772 0.000000 -0.00000
1746.61052 0.000000 -0.00000
1746.70332 0.000000 -0.00000
1746.79613 0.000000 -0.00000
1746.88893 0.000000 -0.00000
1746.98173 0.000000 -0.00000
1747.07453 0.000000 -0.00000
1747.16733 0.000000 -0.00000
1747.26013 0.000000 -0.00000
1747.35294 0.000000 -0.00000
1747.44574 0.000000 -0.00000
1747.53854 0.000000 -0.00000
1747.63134 0.000000 -0.00000
1747.72414 0.000000 -0.00000
1747.81694 0.000000 -0.00000
1747.90975 0.000000 -0.00000
1748.00255 0.000000 -0.00000
1748.09535 0.000000 -0.00000
1748.18815 0.000000 -0.00000
1748.28095 0.000000 -0.00000
1748.37375 0.000000 -0.00000
1748.46656 0.000000 -0.00000
1748.55936 0.000000 -0.00000
1748.65216 0.000000 -0.00000
1748.74496 0.000000 -0.00000
1748.83776 0.000000 -0.00000
1748.93056 -0.000000 -0.00000
1749.02337 -0.000000 -0.00000
1749.11617 -0.000000 -0.00000
1749.20897 -0.000000 -0.00000
1749.30177 -0.000000 -0.00000
1749.39457 -0.000000 -0.00000
1749.48737 -0.000000 -0.00000
1749.58018 -0.000000 -0.00000
1749.67298 -0.000000 -0.00000
1749.76578 -0.000000 -0.00000
1749.85858 -0.000000 -0.00000
1749.95138 -0.000000 -0.00000
1750.04418 -0.000000 -0.00000
1750.13699 -0.000000 -0.00000
1750.22979 -0.000000 -0.00000
1750.32259 -0.000000 -0.00000
1750.41539 -0.000000 -0.00000
1750.50819 -0.000000 -0.00000
1750.60099 -0.000000 -0.00000
1750.69379 -0.000000 -0.00000
1750.78660 -0.000000 -0.00000
1750.87940 -0.000000 -0.00000
1750.97220 -0.000000 -0.00000
1751.06500 -0.000000 -0.00000
1751.15780 -0.000000 -0.00000
1751.25060 -0.000000 -0.00000
1751.34341 -0.000000 -0.00000
1751.43621 -0.000000 -0.00000
1751.52901 -0.000000 -0.00000
1751.62181 -0.000000 -0.00000
1751.71461 -0.000000 -0.00000
1751.80741 -0.000000 -0.00000
1751.90022 -0.000000 -0.00000
1751.99302 -0.000000 -0.00000
1752.08582 -0.000000 -0.00000
1752.17862 -0.000000 -0.00000
1752.27142 -0.000000 -0.00000
1752.36422 -0.000000 -0.00000
1752.45703 -0.000000 -0.00000
1752.54983 -0.000000 -0.00000
1752.64263 -0.000000 -0.00000
1752.73543 -0.000000 -0.00000
1752.82823 -0.000000 -0.00000
1752.92103 -0.000000 -0.00000
1753.01384 -0.000000 -0.00000
1753.10664 -0.000000 -0.00000
1753.19944 -0.000000 -0.00000
1753.29224 -0.000000 -0.00000
1753.38504 -0.000000 -0.00000
1753.47784 -0.000000 -0.00000
1753.57065 -0.000000 -0.00000
1753.66345 -0.000000 -0.00000
1753.75625 -0.000000 -0.00000
1753.84905 -0.000000 -0.00000
1753.94185 -0.000000 -0.00000
1754.03465 -0.000000 -0.00000
1754.12746 -0.000000 -0.00000
1754.22026 -0.000000 -0.00000
1754.31306 -0.000000 -0.00000
1754.40586 -0.000000 -0.00000
1754.49866 -0.000000 -0.00000
1754.59146 -0.000000 -0.00000
1754.68427 -0.000000 -0.00000
1754.77707 -0.000000 -0.00000
1754.86987 -0.000000 -0.00000
1754.96267 -0.000000 -0.00000
1755.05547 -0.000000 -0.00000
1755.14827 -0.000000 -0.00000
1755.24108 -0.000000 -0.00000
1755.33388 -0.000000 -0.00000
1755.42668 -0.000000 -0.00000
1755.51948 -0.000000 -0.00000
1755.61228 -0.000000 -0.00000
1755.70508 -0.000000 -0.00000
1755.79789 -0.000000 -0.00000
1755.89069 -0.000000 -0.00000
1755.98349 -0.000000 -0.00000
1756.07629 -0.000000 -0.00000
1756.16909 -0.000000 -0.00000
1756.26189 -0.000000 -0.00000
1756.35470 -0.000000 -0.00000
1756.44750 -0.000000 -0.00000
1756.54030 -0.000000 -0.00000
1756.63310 -0.000000 -0.00000
1756.72590 -0.000000 -0.00000
1756.81870 -0.000000 -0.00000
1756.91151 -0.000000 -0.00000
1757.00431 -0.000000 -0.00000
1757.09711 -0.000000 -0.00000
1757.18991 -0.000000 -0.00000
1757.28271 -0.000000 -0.00000
1757.37551 -0.000000 -0.00000
1757.46831 -0.000000 -0.00000
1757.56112 -0.000000 -0.00000
1757.65392 -0.000000 -0.00000
1757.74672 -0.000000 -0.00000
1757.83952 -0.000000 -0.00000
1757.93232 -0.000000 -0.00000
1758.02512 -0.000000 -0.00000
1758.11793 -0.000000 -0.00000
1758.21073 -0.000000 -0.00000
1758.30353 -0.000000 -0.00000
1758.39633 -0.000000 -0.00000
1758.48913 -0.000000 -0.00000
1758.58193 -0.000000 -0.00000
1758.67474 -0.000000 -0.00000
1758.76754 -0.000000 -0.00000
1758.86034 -0.000000 -0.00000
1758.95314 -0.000000 -0.00000
1759.04594 -0.000000 -0.00000
1759.13874 -0.000000 -0.00000
1759.23155 -0.000000 -0.00000
1759.32435 -0.000000 -0.00000
1759.41715 -0.000000 -0.00000
1759.50995 -0.000000 -0.00000
1759.60275 -0.000000 -0.00000
1759.69555 -0.000000 -0.00000
1759.78836 -0.000000 -0.00000
1759.88116 -0.000000 -0.00000
1759.97396 -0.000000 -0.00000
1760.06676 -0.000000 -0.00000
1760.15956 -0.000000 -0.00000
1760.25236 -0.000000 -0.00000
1760.34517 -0.000000 -0.00000
1760.43797 -0.000000 -0.00000
1760.53077 -0.000000 -0.00000
1760.62357 -0.000000 -0.00000
1760.71637 -0.000000 -0.00000
1760.80917 -0.000000 -0.00000
1760.90198 -0.000000 -0.00000
1760.99478 -0.000000 -0.00000
1761.08758 -0.000000 -0.00000
1761.18038 -0.000000 -0.00000
1761.27318 -0.000000 -0.00000
1761.36598 -0.000000 -0.00000
1761.45879 -0.000000 -0.00000
1761.55159 -0.000000 -0.00000
1761.64439 -0.000000 -0.00000
1761.73719 -0.000000 -0.00000
1761.82999 -0.000000 -0.00000
1761.92279 -0.000000 -0.00000
1762.01560 -0.000000 -0.00000
1762.10840 -0.000000 -0.00000
1762.20120 -0.000000 -0.00000
1762.29400 -0.000000 -0.00000
1762.38680 -0.000000 -0.00000
1762.47960 -0.000000 -0.00000
1762.57241 -0.000000 -0.00000
1762.66521 -0.000000 -0.00000
1762.75801 -0.000000 -0.00000
1762.85081 -0.000000 -0.00000
1762.94361 -0.000000 -0.00000
1763.03641 -0.000000 -0.00000
1763.12922 -0.000000 -0.00000
1763.22202 -0.000000 -0.00000
1763.31482 -0.000000 -0.00000
1763.40762 -0.000000 -0.00000
1763.50042 -0.000000 -0.00000
1763.59322 -0.000000 -0.00000
1763.68603 -0.000000 -0.00000
1763.77883 -0.000000 -0.00000
1763.87163 -0.000000 -0.00000
1763.96443 -0.000000 -0.00000
1764.05723 -0.000000 -0.00000
1764.15003 -0.000000 -0.00000
1764.24283 -0.000000 -0.00000
1764.33564 -0.000000 -0.00000
1764.42844 -0.000000 -0.00000
1764.52124 -0.000000 -0.00000
1764.61404 -0.000000 -0.00000
1764.70684 -0.000000 -0.00000
1764.79964 -0.000000 -0.00000
1764.89245 -0.000000 -0.00000
1764.98525 -0.000000 -0.00000
1765.07805 -0.000000 -0.00000
1765.17085 -0.000000 -0.00000
1765.26365 -0.000000 -0.00000
1765.35645 -0.000000 -0.00000
1765.44926 -0.000000 -0.00000
1765.54206 -0.000000 -0.00000
1765.63486 -0.000000 -0.00000
1765.72766 -0.000000 -0.00000
1765.82046 -0.000000 -0.00000
1765.91326 -0.000000 -0.00000
1766.00607 -0.000000 -0.00000
1766.09887 -0.000000 -0.00000
1766.19167 -0.000000 -0.00000
1766.28447 -0.000000 -0.00000
1766.37727 -0.000000 -0.00000
1766.47007 -0.000000 -0.00000
1766.56288 -0.000000 -0.00000
1766.65568 -0.000000 -0.00000
1766.74848 -0.000000 -0.00000
1766.84128 -0.000000 -0.00000
1766.93408 -0.000000 -0.00000
1767.02688 -0.000000 -0.00000
1767.11969 -0.000000 -0.00000
1767.21249 -0.000000 -0.00000
1767.30529 -0.000000 -0.00000
1767.39809 -0.000000 -0.00000
1767.49089 -0.000000 -0.00000
1767.58369 -0.000000 -0.00000
1767.67650 -0.000000 -0.00000
1767.76930 -0.000000 -0.00000
1767.86210 -0.000000 -0.00000
1767.95490 -0.000000 -0.00000
1768.04770 -0.000000 -0.00000
1768.14050 -0.000000 -0.00000
1768.23331 -0.000000 -0.00000
1768.32611 -0.000000 -0.00000
1768.41891 -0.000000 -0.00000
1768.51171 -0.000000 -0.00000
1768.60451 -0.000000 -0.00000
1768.69731 -0.000000 -0.00000
1768.79012 -0.000000 -0.00000
1768.88292 -0.000000 -0.00000
1768.97572 -0.000000 -0.00000
1769.06852 -0.000000 -0.00000
1769.16132 -0.000000 -0.00000
1769.25412 -0.000000 -0.00000
1769.34693 -0.000000 -0.00000
1769.43973 -0.000000 -0.00000
1769.53253 -0.000000 -0.00000
1769.62533 -0.000000 -0.00000
1769.71813 -0.000000 -0.00000
1769.81093 -0.000000 -0.00000
1769.90374 -0.000000 -0.00000
1769.99654 -0.000000 -0.00000
1770.08934 -0.000000 -0.00000
1770.18214 -0.000000 -0.00000
1770.27494 -0.000000 -0.00000
1770.36774 -0.000000 -0.00000
1770.46055 -0.000000 -0.00000
1770.55335 -0.000000 -0.00000
1770.64615 -0.000000 -0.00000
1770.73895 -0.000000 -0.00000
1770.83175 -0.000000 -0.00000
1770.92455 -0.000000 -0.00000
1771.01735 -0.000000 -0.00000
1771.11016 -0.000000 -0.00000
1771.20296 -0.000000 -0.00000
1771.29576 -0.000000 -0.00000
1771.38856 -0.000000 -0.00000
1771.48136 -0.000000 -0.00000
1771.57416 -0.000000 -0.00000
1771.66697 -0.000000 -0.00000
1771.75977 -0.000000 -0.00000
1771.85257 -0.000000 -0.00000
1771.94537 -0.000000 -0.00000
1772.03817 -0.000000 -0.00000
1772.13097 -0.000000 -0.00000
1772.22378 -0.000000 -0.00000
1772.31658 -0.000000 -0.00000
1772.40938 -0.000000 -0.00000
1772.50218 -0.000000 -0.00000
1772.59498 -0.000000 -0.00000
1772.68778 -0.000000 -0.00000
1772.78059 -0.000000 -0.00000
1772.87339 -0.000000 -0.00000
1772.96619 -0.000000 -0.00000
1773.05899 -0.000000 -0.00000
1773.15179 -0.000000 -0.00000
1773.24459 -0.000000 -0.00000
1773.33740 -0.000000 -0.00000
1773.43020 -0.000000 -0.00000
1773.52300 -0.000000 -0.00000
1773.61580 -0.000000 -0.00000
1773.70860 -0.000000 -0.00000
1773.80140 -0.000000 -0.00000
1773.89421 -0.000000 -0.00000
1773.98701 -0.000000 -0.00000
1774.07981 -0.000000 -0.00000
1774.17261 -0.000000 -0.00000
1774.26541 -0.000000 -0.00000
1774.35821 -0.000000 -0.00000
1774.45102 -0.000000 -0.00000
1774.54382 -0.000000 -0.00000
1774.63662 -0.000000 -0.00000
1774.72942 -0.000000 -0.00000
1774.82222 -0.000000 -0.00000
1774.91502 -0.000000 -0.00000
1775.00783 -0.000000 -0.00000
1775.10063 -0.000000 -0.00000
1775.19343 -0.000000 -0.00000
1775.28623 -0.000000 -0.00000
1775.37903 -0.000000 -0.00000
1775.47183 -0.000000 -0.00000
1775.56464 -0.000000 -0.00000
1775.65744 -0.000000 -0.00000
1775.75024 -0.000000 -0.00000
1775.84304 -0.000000 -0.00000
1775.93584 -0.000000 -0.00000
1776.02864 -0.000000 -0.00000
1776.12145 -0.000000 -0.00000
1776.21425 -0.000000 -0.00000
1776.30705 -0.000000 -0.00000
1776.39985 -0.000000 -0.00000
1776.49265 -0.000000 -0.00000
1776.58545 -0.000000 -0.00000
1776.67826 -0.000000 -0.00000
1776.77106 -0.000000 -0.00000
1776.86386 -0.000000 -0.00000
1776.95666 -0.000000 -0.00000
1777.04946 -0.000000 -0.00000
1777.14226 -0.000000 -0.00000
1777.23507 -0.000000 -0.00000
1777.32787 -0.000000 -0.00000
1777.42067 -0.000000 -0.00000
1777.51347 -0.000000 -0.00000
1777.60627 -0.000000 -0.00000
1777.69907 -0.000000 -0.00000
1777.79187 -0.000000 -0.00000
1777.88468 -0.000000 -0.00000
1777.97748 -0.000000 -0.00000
1778.07028 -0.000000 -0.00000
1778.16308 -0.000000 -0.00000
1778.25588 -0.000000 -0.00000
1778.34868 -0.000000 -0.00000
1778.44149 -0.000000 -0.00000
1778.53429 -0.000000 -0.00000
1778.62709 -0.000000 -0.00000
1778.71989 -0.000000 -0.00000
1778.81269 -0.000000 -0.00000
1778.90549 -0.000000 -0.00000
1778.99830 -0.000000 -0.00000
1779.09110 -0.000000 -0.00000
1779.18390 -0.000000 -0.00000
1779.27670 -0.000000 -0.00000
1779.36950 -0.000000 -0.00000
1779.46230 -0.000000 -0.00000
1779.55511 -0.000000 -0.00000
1779.64791 -0.000000 -0.00000
1779.74071 -0.000000 -0.00000
1779.83351 -0.000000 -0.00000
1779.92631 -0.000000 -0.00000
1780.01911 -0.000000 -0.00000
1780.11192 -0.000000 -0.00000
1780.20472 -0.000000 -0.00000
1780.29752 -0.000000 -0.00000
1780.39032 -0.000000 -0.00000
1780.48312 -0.000000 -0.00000
1780.57592 -0.000000 -0.00000
1780.66873 -0.000000 -0.00000
1780.76153 -0.000000 -0.00000
1780.85433 -0.000000 -0.00000
1780.94713 -0.000000 -0.00000
1781.03993 -0.000000 -0.00000
1781.13273 -0.000000 -0.00000
1781.22554 -0.000000 -0.00000
1781.31834 -0.000000 -0.00000
1781.41114 -0.000000 -0.00000
1781.50394 -0.000000 -0.00000
1781.59674 -0.000000 -0.00000
1781.68954 -0.000000 -0.00000
1781.78235 -0.000000 -0.00000
1781.87515 -0.000000 -0.00000
1781.96795 -0.000000 -0.00000
1782.06075 -0.000000 -0.00000
1782.15355 -0.000000 -0.00000
1782.24635 -0.000000 -0.00000
1782.33916 -0.000000 -0.00000
1782.43196 -0.000000 -0.00000
1782.52476 -0.000000 -0.00000
1782.61756 -0.000000 -0.00000
1782.71036 -0.000000 -0.00000
1782.80316 -0.000000 -0.00000
1782.89597 -0.000000 -0.00000
1782.98877 -0.000000 -0.00000
1783.08157 -0.000000 -0.00000
1783.17437 -0.000000 -0.00000
1783.26717 -0.000000 -0.00000
1783.35997 -0.000000 -0.00000
1783.45278 -0.000000 -0.00000
1783.54558 -0.000000 -0.00000
1783.63838 -0.000000 -0.00000
1783.73118 -0.000000 -0.00000
1783.82398 -0.000000 -0.00000
1783.91678 -0.000000 -0.00000
1784.00959 -0.000000 -0.00000
1784.10239 -0.000000 -0.00000
1784.19519 -0.000000 -0.00000
1784.28799 -0.000000 -0.00000
1784.38079 -0.000000 -0.00000
1784.47359 -0.000000 -0.00000
1784.56639 -0.000000 -0.00000
1784.65920 -0.000000 -0.00000
1784.75200 -0.000000 -0.00000
1784.84480 -0.000000 -0.00000
1784.93760 -0.000000 -0.00000
1785.03040 -0.000000 -0.00000
1785.12320 -0.000000 -0.00000
1785.21601 -0.000000 -0.00000
1785.30881 -0.000000 -0.00000
1785.40161 -0.000000 -0.00000
1785.49441 -0.000000 -0.00000
1785.58721 -0.000000 -0.00000
1785.68001 -0.000000 -0.00000
1785.77282 -0.000000 -0.00000
1785.86562 -0.000000 -0.00000
1785.95842 -0.000000 -0.00000
1786.05122 -0.000000 -0.00000
1786.14402 -0.000000 -0.00000
1786.23682 -0.000000 -0.00000
1786.32963 -0.000000 -0.00000
1786.42243 -0.000000 -0.00000
1786.51523 -0.000000 -0.00000
1786.60803 -0.000000 -0.00000
1786.70083 -0.000000 -0.00000
1786.79363 -0.000000 -0.00000
1786.88644 -0.000000 -0.00000
1786.97924 -0.000000 -0.00000
1787.07204 -0.000000 -0.00000
1787.16484 -0.000000 -0.00000
1787.25764 -0.000000 -0.00000
1787.35044 -0.000000 -0.00000
1787.44325 -0.000000 -0.00000
1787.53605 -0.000000 -0.00000
1787.62885 -0.000000 -0.00000
1787.72165 -0.000000 -0.00000
1787.81445 -0.000000 -0.00000
1787.90725 -0.000000 -0.00000
1788.00006 -0.000000 -0.00000
1788.09286 -0.000000 -0.00000
1788.18566 -0.000000 -0.00000
1788.27846 -0.000000 -0.00000
1788.37126 -0.000000 -0.00000
1788.46406 -0.000000 -0.00000
1788.55687 -0.000000 -0.00000
1788.64967 -0.000000 -0.00000
1788.74247 -0.000000 -0.00000
1788.83527 -0.000000 -0.00000
1788.92807 -0.000000 -0.00000
1789.02087 -0.000000 -0.00000
1789.11368 -0.000000 -0.00000
1789.20648 -0.000000 -0.00000
1789.29928 -0.000000 -0.00000
1789.39208 -0.000000 -0.00000
1789.48488 -0.000000 -0.00000
1789.57768 -0.000000 -0.00000
1789.67049 -0.000000 -0.00000
1789.76329 -0.000000 -0.00000
1789.85609 -0.000000 -0.00000
1789.94889 -0.000000 -0.00000
1790.04169 -0.000000 -0.00000
1790.13449 -0.000000 -0.00000
1790.22730 -0.000000 -0.00000
1790.32010 -0.000000 -0.00000
1790.41290 -0.000000 -0.00000
1790.50570 -0.000000 -0.00000
1790.59850 -0.000000 -0.00000
1790.69130 -0.000000 -0.00000
1790.78411 -0.000000 -0.00000
1790.87691 -0.000000 -0.00000
1790.96971 -0.000000 -0.00000
1791.06251 -0.000000 -0.00000
1791.15531 -0.000000 -0.00000
1791.24811 -0.000000 -0.00000
1791.34091 -0.000000 -0.00000
1791.43372 -0.000000 -0.00000
1791.52652 -0.000000 -0.00000
1791.61932 -0.000000 -0.00000
1791.71212 -0.000000 -0.00000
1791.80492 -0.000000 -0.00000
1791.89772 -0.000000 -0.00000
1791.99053 -0.000000 -0.00000
1792.08333 -0.000000 -0.00000
1792.17613 -0.000000 -0.00000
1792.26893 -0.000000 -0.00000
1792.36173 -0.000000 -0.00000
1792.45453 -0.000000 -0.00000
1792.54734 -0.000000 -0.00000
1792.64014 -0.000000 -0.00000
1792.73294 -0.000000 -0.00000
1792.82574 -0.000000 -0.00000
1792.91854 -0.000000 -0.00000
1793.01134 -0.000000 -0.00000
1793.10415 -0.000000 -0.00000
1793.19695 -0.000000 -0.00000
1793.28975 -0.000000 -0.00000
1793.38255 -0.000000 -0.00000
1793.47535 -0.000000 -0.00000
1793.56815 -0.000000 -0.00000
1793.66096 -0.000000 -0.00000
1793.75376 -0.000000 -0.00000
1793.84656 -0.000000 -0.00000
1793.93936 -0.000000 -0.00000
1794.03216 -0.000000 -0.00000
1794.12496 -0.000000 -0.00000
1794.21777 -0.000000 -0.00000
1794.31057 -0.000000 -0.00000
1794.40337 -0.000000 -0.00000
1794.49617 -0.000000 -0.00000
1794.58897 -0.000000 -0.00000
1794.68177 -0.000000 -0.00000
1794.77458 -0.000000 -0.00000
1794.86738 -0.000000 -0.00000
1794.96018 -0.000000 -0.00000
1795.05298 -0.000000 -0.00000
1795.14578 -0.000000 -0.00000
1795.23858 -0.000000 -0.00000
1795.33139 -0.000000 -0.00000
1795.42419 -0.000000 -0.00000
1795.51699 -0.000000 -0.00000
1795.60979 -0.000000 -0.00000
1795.70259 -0.000000 -0.00000
1795.79539 -0.000000 -0.00000
1795.88820 -0.000000 -0.00000
1795.98100 -0.000000 -0.00000
1796.07380 -0.000000 -0.00000
1796.16660 -0.000000 -0.00000
1796.25940 -0.000000 -0.00000
1796.35220 -0.000000 -0.00000
1796.44501 -0.000000 -0.00000
1796.53781 -0.000000 -0.00000
1796.63061 -0.000000 -0.00000
1796.72341 -0.000000 -0.00000
1796.81621 -0.000000 -0.00000
1796.90901 -0.000000 -0.00000
1797.00182 -0.000000 -0.00000
1797.09462 -0.000000 -0.00000
1797.18742 -0.000000 -0.00000
1797.28022 -0.000000 -0.00000
1797.37302 -0.000000 -0.00000
1797.46582 -0.000000 -0.00000
1797.55863 -0.000000 -0.00000
1797.65143 -0.000000 -0.00000
1797.74423 -0.000000 -0.00000
1797.83703 -0.000000 -0.00000
1797.92983 -0.000000 -0.00000
1798.02263 -0.000000 -0.00000
1798.11543 -0.000000 -0.00000
1798.20824 -0.000000 -0.00000
1798.30104 -0.000000 -0.00000
1798.39384 -0.000000 -0.00000
1798.48664 -0.000000 -0.00000
1798.57944 -0.000000 -0.00000
1798.67224 -0.000000 -0.00000
1798.76505 -0.000000 -0.00000
1798.85785 -0.000000 -0.00000
1798.95065 -0.000000 -0.00000
1799.04345 -0.000000 -0.00000
1799.13625 -0.000000 -0.00000
1799.22905 -0.000000 -0.00000
1799.32186 -0.000000 -0.00000
1799.41466 -0.000000 -0.00000
1799.50746 -0.000000 -0.00000
1799.60026 -0.000000 -0.00000
1799.69306 -0.000000 -0.00000
1799.78586 -0.000000 -0.00000
1799.87867 -0.000000 -0.00000
1799.97147 -0.000000 -0.00000
1800.06427 -0.000000 -0.00000
1800.15707 -0.000000 -0.00000
1800.24987 -0.000000 -0.00000
1800.34267 -0.000000 -0.00000
1800.43548 -0.000000 -0.00000
1800.52828 -0.000000 -0.00000
1800.62108 -0.000000 -0.00000
1800.71388 -0.000000 -0.00000
1800.80668 -0.000000 -0.00000
1800.89948 -0.000000 -0.00000
1800.99229 -0.000000 -0.00000
1801.08509 -0.000000 -0.00000
1801.17789 -0.000000 -0.00000
1801.27069 -0.000000 -0.00000
1801.36349 -0.000000 -0.00000
1801.45629 -0.000000 -0.00000
1801.54910 -0.000000 -0.00000
1801.64190 -0.000000 -0.00000
1801.73470 -0.000000 -0.00000
1801.82750 -0.000000 -0.00000
1801.92030 -0.000000 -0.00000
1802.01310 -0.000000 -0.00000
1802.10591 -0.000000 -0.00000
1802.19871 -0.000000 -0.00000
1802.29151 -0.000000 -0.00000
1802.38431 -0.000000 -0.00000
1802.47711 -0.000000 -0.00000
1802.56991 -0.000000 -0.00000
1802.66272 -0.000000 -0.00000
1802.75552 -0.000000 -0.00000
1802.84832 -0.000000 -0.00000
1802.94112 -0.000000 -0.00000
1803.03392 -0.000000 -0.00000
1803.12672 -0.000000 -0.00000
1803.21953 -0.000000 -0.00000
1803.31233 -0.000000 -0.00000
1803.40513 -0.000000 -0.00000
1803.49793 -0.000000 -0.00000
1803.59073 -0.000000 -0.00000
1803.68353 -0.000000 -0.00000
1803.77634 -0.000000 -0.00000
1803.86914 -0.000000 -0.00000
1803.96194 -0.000000 -0.00000
1804.05474 -0.000000 -0.00000
1804.14754 -0.000000 -0.00000
1804.24034 -0.000000 -0.00000
1804.33315 -0.000000 -0.00000
1804.42595 -0.000000 -0.00000
1804.51875 -0.000000 -0.00000
1804.61155 -0.000000 -0.00000
1804.70435 -0.000000 -0.00000
1804.79715 -0.000000 -0.00000
1804.88995 -0.000000 -0.00000
1804.98276 -0.000000 -0.00000
1805.07556 -0.000000 -0.00000
1805.16836 -0.000000 -0.00000
1805.26116 -0.000000 -0.00000
1805.35396 -0.000000 -0.00000
1805.44676 -0.000000 -0.00000
1805.53957 -0.000000 -0.00000
1805.63237 -0.000000 -0.00000
1805.72517 -0.000000 -0.00000
1805.81797 -0.000000 -0.00000
1805.91077 -0.000000 -0.00000
1806.00357 -0.000000 -0.00000
1806.09638 -0.000000 -0.00000
1806.18918 -0.000000 -0.00000
1806.28198 -0.000000 -0.00000
1806.37478 -0.000000 -0.00000
1806.46758 -0.000000 -0.00000
1806.56038 -0.000000 -0.00000
1806.65319 -0.000000 -0.00000
1806.74599 -0.000000 -0.00000
1806.83879 -0.000000 -0.00000
1806.93159 -0.000000 -0.00000
1807.02439 -0.000000 -0.00000
1807.11719 -0.000000 -0.00000
1807.21000 -0.000000 -0.00000
1807.30280 -0.000000 -0.00000
1807.39560 -0.000000 -0.00000
1807.48840 -0.000000 -0.00000
1807.58120 -0.000000 -0.00000
1807.67400 -0.000000 -0.00000
1807.76681 -0.000000 -0.00000
1807.85961 -0.000000 -0.00000
1807.95241 -0.000000 -0.00000
1808.04521 -0.000000 -0.00000
1808.13801 -0.000000 -0.00000
1808.23081 -0.000000 -0.00000
1808.32362 -0.000000 -0.00000
1808.41642 -0.000000 -0.00000
1808.50922 -0.000000 -0.00000
1808.60202 -0.000000 -0.00000
1808.69482 -0.000000 -0.00000
1808.78762 -0.000000 -0.00000
1808.88043 -0.000000 -0.00000
1808.97323 -0.000000 -0.00000
1809.06603 -0.000000 -0.00000
1809.15883 -0.000000 -0.00000
1809.25163 -0.000000 -0.00000
1809.34443 -0.000000 -0.00000
1809.43724 -0.000000 -0.00000
1809.53004 -0.000000 -0.00000
1809.62284 -0.000000 -0.00000
1809.71564 -0.000000 -0.00000
1809.80844 -0.000000 -0.00000
1809.90124 -0.000000 -0.00000
1809.99405 -0.000000 -0.00000
1810.08685 -0.000000 -0.00000
1810.17965 -0.000000 -0.00000
1810.27245 -0.000000 -0.00000
1810.36525 -0.000000 -0.00000
1810.45805 -0.000000 -0.00000
1810.55086 -0.000000 -0.00000
1810.64366 -0.000000 -0.00000
1810.73646 -0.000000 -0.00000
1810.82926 -0.000000 -0.00000
1810.92206 -0.000000 -0.00000
1811.01486 -0.000000 -0.00000
1811.10767 -0.000000 -0.00000
1811.20047 -0.000000 -0.00000
1811.29327 -0.000000 -0.00000
1811.38607 -0.000000 -0.00000
1811.47887 -0.000000 -0.00000
1811.57167 -0.000000 -0.00000
1811.66447 -0.000000 -0.00000
1811.75728 -0.000000 -0.00000
1811.85008 -0.000000 -0.00000
1811.94288 -0.000000 -0.00000
1812.03568 -0.000000 -0.00000
1812.12848 -0.000000 -0.00000
1812.22128 -0.000000 -0.00000
1812.31409 -0.000000 -0.00000
1812.40689 -0.000000 -0.00000
1812.49969 -0.000000 -0.00000
1812.59249 -0.000000 -0.00000
1812.68529 -0.000000 -0.00000
1812.77809 -0.000000 -0.00000
1812.87090 -0.000000 -0.00000
1812.96370 -0.000000 -0.00000
1813.05650 -0.000000 -0.00000
1813.14930 -0.000000 -0.00000
1813.24210 -0.000000 -0.00000
1813.33490 -0.000000 -0.00000
1813.42771 -0.000000 -0.00000
1813.52051 -0.000000 -0.00000
1813.61331 -0.000000 -0.00000
1813.70611 -0.000000 -0.00000
1813.79891 -0.000000 -0.00000
1813.89171 -0.000000 -0.00000
1813.98452 -0.000000 -0.00000
1814.07732 -0.000000 -0.00000
1814.17012 -0.000000 -0.00000
1814.26292 -0.000000 -0.00000
1814.35572 -0.000000 -0.00000
1814.44852 -0.000000 -0.00000
1814.54133 -0.000000 -0.00000
1814.63413 -0.000000 -0.00000
1814.72693 -0.000000 -0.00000
1814.81973 -0.000000 -0.00000
1814.91253 -0.000000 -0.00000
1815.00533 -0.000000 -0.00000
1815.09814 -0.000000 -0.00000
1815.19094 -0.000000 -0.00000
1815.28374 -0.000000 -0.00000
1815.37654 -0.000000 -0.00000
1815.46934 -0.000000 -0.00000
1815.56214 -0.000000 -0.00000
1815.65495 -0.000000 -0.00000
1815.74775 -0.000000 -0.00000
1815.84055 -0.000000 -0.00000
1815.93335 -0.000000 -0.00000
1816.02615 -0.000000 -0.00000
1816.11895 -0.000000 -0.00000
1816.21176 -0.000000 -0.00000
1816.30456 -0.000000 -0.00000
1816.39736 -0.000000 -0.00000
1816.49016 -0.000000 -0.00000
1816.58296 -0.000000 -0.00000
1816.67576 -0.000000 -0.00000
1816.76857 -0.000000 -0.00000
1816.86137 -0.000000 -0.00000
1816.95417 -0.000000 -0.00000
1817.04697 -0.000000 -0.00000
1817.13977 -0.000000 -0.00000
1817.23257 -0.000000 -0.00000
1817.32538 -0.000000 -0.00000
1817.41818 -0.000000 -0.00000
1817.51098 -0.000000 -0.00000
1817.60378 -0.000000 -0.00000
1817.69658 -0.000000 -0.00000
1817.78938 -0.000000 -0.00000
1817.88219 -0.000000 -0.00000
1817.97499 -0.000000 -0.00000
1818.06779 -0.000000 -0.00000
1818.16059 -0.000000 -0.00000
1818.25339 -0.000000 -0.00000
1818.34619 -0.000000 -0.00000
1818.43900 -0.000000 -0.00000
1818.53180 -0.000000 -0.00000
1818.62460 -0.000000 -0.00000
1818.71740 -0.000000 -0.00000
1818.81020 -0.000000 -0.00000
1818.90300 -0.000000 -0.00000
1818.99580 -0.000000 -0.00000
1819.08861 -0.000000 -0.00000
1819.18141 -0.000000 -0.00000
1819.27421 -0.000000 -0.00000
1819.36701 -0.000000 -0.00000
1819.45981 -0.000000 -0.00000
1819.55261 -0.000000 -0.00000
1819.64542 -0.000000 -0.00000
1819.73822 -0.000000 -0.00000
1819.83102 -0.000000 -0.00000
1819.92382 -0.000000 -0.00000
1820.01662 -0.000000 -0.00000
1820.10942 -0.000000 -0.00000
1820.20223 -0.000000 -0.00000
1820.29503 -0.000000 -0.00000
1820.38783 -0.000000 -0.00000
1820.48063 -0.000000 -0.00000
1820.57343 -0.000000 -0.00000
1820.66623 -0.000000 -0.00000
1820.75904 -0.000000 -0.00000
1820.85184 -0.000000 -0.00000
1820.94464 -0.000000 -0.00000
1821.03744 -0.000000 -0.00000
1821.13024 -0.000000 -0.00000
1821.22304 -0.000000 -0.00000
1821.31585 -0.000000 -0.00000
1821.40865 -0.000000 -0.00000
1821.50145 -0.000000 -0.00000
1821.59425 -0.000000 -0.00000
1821.68705 -0.000000 -0.00000
1821.77985 -0.000000 -0.00000
1821.87266 -0.000000 -0.00000
1821.96546 -0.000000 -0.00000
1822.05826 -0.000000 -0.00000
1822.15106 -0.000000 -0.00000
1822.24386 -0.000000 -0.00000
1822.33666 -0.000000 -0.00000
1822.42947 -0.000000 -0.00000
1822.52227 -0.000000 -0.00000
1822.61507 -0.000000 -0.00000
1822.70787 -0.000000 -0.00000
1822.80067 -0.000000 -0.00000
1822.89347 -0.000000 -0.00000
1822.98628 -0.000000 -0.00000
1823.07908 -0.000000 -0.00000
1823.17188 -0.000000 -0.00000
1823.26468 -0.000000 -0.00000
1823.35748 -0.000000 -0.00000
1823.45028 -0.000000 -0.00000
1823.54309 -0.000000 -0.00000
1823.63589 -0.000000 -0.00000
1823.72869 -0.000000 -0.00000
1823.82149 -0.000000 -0.00000
1823.91429 -0.000000 -0.00000
1824.00709 -0.000000 -0.00000
1824.09990 -0.000000 -0.00000
1824.19270 -0.000000 -0.00000
1824.28550 -0.000000 -0.00000
1824.37830 -0.000000 -0.00000
1824.47110 -0.000000 -0.00000
1824.56390 -0.000000 -0.00000
1824.65671 -0.000000 -0.00000
1824.74951 -0.000000 -0.00000
1824.84231 -0.000000 -0.00000
1824.93511 -0.000000 -0.00000
1825.02791 -0.000000 -0.00000
1825.12071 -0.000000 -0.00000
1825.21352 -0.000000 -0.00000
1825.30632 -0.000000 -0.00000
1825.39912 -0.000000 -0.00000
1825.49192 -0.000000 -0.00000
1825.58472 -0.000000 -0.00000
1825.67752 -0.000000 -0.00000
1825.77032 -0.000000 -0.00000
1825.86313 -0.000000 -0.00000
1825.95593 -0.000000 -0.00000
1826.04873 -0.000000 -0.00000
1826.14153 -0.000000 -0.00000
1826.23433 -0.000000 -0.00000
1826.32713 -0.000000 -0.00000
1826.41994 -0.000000 -0.00000
1826.51274 -0.000000 -0.00000
1826.60554 -0.000000 -0.00000
1826.69834 -0.000000 -0.00000
1826.79114 -0.000000 -0.00000
1826.88394 -0.000000 -0.00000
1826.97675 -0.000000 -0.00000
1827.06955 -0.000000 -0.00000
1827.16235 -0.000000 -0.00000
1827.25515 -0.000000 -0.00000
1827.34795 -0.000000 -0.00000
1827.44075 -0.000000 -0.00000
1827.53356 -0.000000 -0.00000
1827.62636 -0.000000 -0.00000
1827.71916 -0.000000 -0.00000
1827.81196 -0.000000 -0.00000
1827.90476 -0.000000 -0.00000
1827.99756 -0.000000 -0.00000
1828.09037 -0.000000 -0.00000
1828.18317 -0.000000 -0.00000
1828.27597 -0.000000 -0.00000
1828.36877 -0.000000 -0.00000
1828.46157 -0.000000 -0.00000
1828.55437 -0.000000 -0.00000
1828.64718 -0.000000 -0.00000
1828.73998 -0.000000 -0.00000
1828.83278 -0.000000 -0.00000
1828.92558 -0.000000 -0.00000
1829.01838 -0.000000 -0.00000
1829.11118 -0.000000 -0.00000
1829.20399 -0.000000 -0.00000
1829.29679 -0.000000 -0.00000
1829.38959 -0.000000 -0.00000
1829.48239 -0.000000 -0.00000
1829.57519 -0.000000 -0.00000
1829.66799 -0.000000 -0.00000
1829.76080 -0.000000 -0.00000
1829.85360 -0.000000 -0.00000
1829.94640 -0.000000 -0.00000
1830.03920 -0.000000 -0.00000
1830.13200 -0.000000 -0.00000
1830.22480 -0.000000 -0.00000
1830.31761 -0.000000 -0.00000
1830.41041 -0.000000 -0.00000
1830.50321 -0.000000 -0.00000
1830.59601 -0.000000 -0.00000
1830.68881 -0.000000 -0.00000
1830.78161 -0.000000 -0.00000
1830.87442 -0.000000 -0.00000
1830.96722 -0.000000 -0.00000
1831.06002 -0.000000 -0.00000
1831.15282 -0.000000 -0.00000
1831.24562 -0.000000 -0.00000
1831.33842 -0.000000 -0.00000
1831.43123 -0.000000 -0.00000
1831.52403 -0.000000 -0.00000
1831.61683 -0.000000 -0.00000
1831.70963 -0.000000 -0.00000
1831.80243 -0.000000 -0.00000
1831.89523 -0.000000 -0.00000
1831.98804 -0.000000 -0.00000
1832.08084 -0.000000 -0.00000
1832.17364 -0.000000 -0.00000
1832.26644 -0.000000 -0.00000
1832.35924 -0.000000 -0.00000
1832.45204 -0.000000 -0.00000
1832.54484 -0.000000 -0.00000
1832.63765 -0.000000 -0.00000
1832.73045 -0.000000 -0.00000
1832.82325 -0.000000 -0.00000
1832.91605 -0.000000 -0.00000
1833.00885 -0.000000 -0.00000
1833.10165 -0.000000 -0.00000
1833.19446 -0.000000 -0.00000
1833.28726 -0.000000 -0.00000
1833.38006 -0.000000 -0.00000
1833.47286 -0.000000 -0.00000
1833.56566 -0.000000 -0.00000
1833.65846 -0.000000 -0.00000
1833.75127 -0.000000 -0.00000
1833.84407 -0.000000 -0.00000
1833.93687 -0.000000 -0.00000
1834.02967 -0.000000 -0.00000
1834.12247 -0.000000 -0.00000
1834.21527 -0.000000 -0.00000
1834.30808 -0.000000 -0.00000
1834.40088 -0.000000 -0.00000
1834.49368 -0.000000 -0.00000
1834.58648 -0.000000 -0.00000
1834.67928 -0.000000 -0.00000
1834.77208 -0.000000 -0.00000
1834.86489 -0.000000 -0.00000
1834.95769 -0.000000 -0.00000
1835.05049 -0.000000 -0.00000
1835.14329 -0.000000 -0.00000
1835.23609 -0.000000 -0.00000
1835.32889 -0.000000 -0.00000
1835.42170 -0.000000 -0.00000
1835.51450 -0.000000 -0.00000
1835.60730 -0.000000 -0.00000
1835.70010 -0.000000 -0.00000
1835.79290 -0.000000 -0.00000
1835.88570 -0.000000 -0.00000
1835.97851 -0.000000 -0.00000
1836.07131 -0.000000 -0.00000
1836.16411 -0.000000 -0.00000
1836.25691 -0.000000 -0.00000
1836.34971 -0.000000 -0.00000
1836.44251 -0.000000 -0.00000
1836.53532 -0.000000 -0.00000
1836.62812 -0.000000 -0.00000
1836.72092 -0.000000 -0.00000
1836.81372 -0.000000 -0.00000
1836.90652 -0.000000 -0.00000
1836.99932 -0.000000 -0.00000
1837.09213 -0.000000 -0.00000
1837.18493 -0.000000 -0.00000
1837.27773 -0.000000 -0.00000
1837.37053 -0.000000 -0.00000
1837.46333 -0.000000 -0.00000
1837.55613 -0.000000 -0.00000
1837.64894 -0.000000 -0.00000
1837.74174 -0.000000 -0.00000
1837.83454 -0.000000 -0.00000
1837.92734 -0.000000 -0.00000
1838.02014 -0.000000 -0.00000
1838.11294 -0.000000 -0.00000
1838.20575 -0.000000 -0.00000
1838.29855 -0.000000 -0.00000
1838.39135 -0.000000 -0.00000
1838.48415 -0.000000 -0.00000
1838.57695 -0.000000 -0.00000
1838.66975 -0.000000 -0.00000
1838.76256 -0.000000 -0.00000
1838.85536 -0.000000 -0.00000
1838.94816 -0.000000 -0.00000
1839.04096 -0.000000 -0.00000
1839.13376 -0.000000 -0.00000
1839.22656 -0.000000 -0.00000
1839.31936 -0.000000 -0.00000
1839.41217 -0.000000 -0.00000
1839.50497 -0.000000 -0.00000
1839.59777 -0.000000 -0.00000
1839.69057 -0.000000 -0.00000
1839.78337 -0.000000 -0.00000
1839.87617 -0.000000 -0.00000
1839.96898 -0.000000 -0.00000
1840.06178 -0.000000 -0.00000
1840.15458 -0.000000 -0.00000
1840.24738 -0.000000 -0.00000
1840.34018 -0.000000 -0.00000
1840.43298 -0.000000 -0.00000
1840.52579 -0.000000 -0.00000
1840.61859 -0.000000 -0.00000
1840.71139 -0.000000 -0.00000
1840.80419 -0.000000 -0.00000
1840.89699 -0.000000 -0.00000
1840.98979 -0.000000 -0.00000
1841.08260 -0.000000 -0.00000
1841.17540 -0.000000 -0.00000
1841.26820 -0.000000 -0.00000
1841.36100 -0.000000 -0.00000
1841.45380 -0.000000 -0.00000
1841.54660 -0.000000 -0.00000
1841.63941 -0.000000 -0.00000
1841.73221 -0.000000 -0.00000
1841.82501 -0.000000 -0.00000
1841.91781 -0.000000 -0.00000
1842.01061 -0.000000 -0.00000
1842.10341 -0.000000 -0.00000
1842.19622 -0.000000 -0.00000
1842.28902 -0.000000 -0.00000
1842.38182 -0.000000 -0.00000
1842.47462 -0.000000 -0.00000
1842.56742 -0.000000 -0.00000
1842.66022 -0.000000 -0.00000
1842.75303 -0.000000 -0.00000
1842.84583 -0.000000 -0.00000
1842.93863 -0.000000 -0.00000
1843.03143 -0.000000 -0.00000
1843.12423 -0.000000 -0.00000
1843.21703 -0.000000 -0.00000
1843.30984 -0.000000 -0.00000
1843.40264 -0.000000 -0.00000
1843.49544 -0.000000 -0.00000
1843.58824 -0.000000 -0.00000
1843.68104 -0.000000 -0.00000
1843.77384 -0.000000 -0.00000
1843.86665 -0.000000 -0.00000
1843.95945 -0.000000 -0.00000
1844.05225 -0.000000 -0.00000
1844.14505 -0.000000 -0.00000
1844.23785 -0.000000 -0.00000
1844.33065 -0.000000 -0.00000
1844.42346 -0.000000 -0.00000
1844.51626 -0.000000 -0.00000
1844.60906 -0.000000 -0.00000
1844.70186 -0.000000 -0.00000
1844.79466 -0.000000 -0.00000
1844.88746 -0.000000 -0.00000
1844.98027 -0.000000 -0.00000
1845.07307 -0.000000 -0.00000
1845.16587 -0.000000 -0.00000
1845.25867 -0.000000 -0.00000
1845.35147 -0.000000 -0.00000
1845.44427 -0.000000 -0.00000
1845.53708 -0.000000 -0.00000
1845.62988 -0.000000 -0.00000
1845.72268 -0.000000 -0.00000
1845.81548 -0.000000 -0.00000
1845.90828 -0.000000 -0.00000
1846.00108 -0.000000 -0.00000
1846.09388 -0.000000 -0.00000
1846.18669 -0.000000 -0.00000
1846.27949 -0.000000 -0.00000
1846.37229 -0.000000 -0.00000
1846.46509 -0.000000 -0.00000
1846.55789 -0.000000 -0.00000
1846.65069 -0.000000 -0.00000
1846.74350 -0.000000 -0.00000
1846.83630 -0.000000 -0.00000
1846.92910 -0.000000 -0.00000
1847.02190 -0.000000 -0.00000
1847.11470 -0.000000 -0.00000
1847.20750 -0.000000 -0.00000
1847.30031 -0.000000 -0.00000
1847.39311 -0.000000 -0.00000
1847.48591 -0.000000 -0.00000
1847.57871 -0.000000 -0.00000
1847.67151 -0.000000 -0.00000
1847.76431 -0.000000 -0.00000
1847.85712 -0.000000 -0.00000
1847.94992 -0.000000 -0.00000
1848.04272 -0.000000 -0.00000
1848.13552 -0.000000 -0.00000
1848.22832 -0.000000 -0.00000
1848.32112 -0.000000 -0.00000
1848.41393 -0.000000 -0.00000
1848.50673 -0.000000 -0.00000
1848.59953 -0.000000 -0.00000
1848.69233 -0.000000 -0.00000
1848.78513 -0.000000 -0.00000
1848.87793 -0.000000 -0.00000
1848.97074 -0.000000 -0.00000
1849.06354 -0.000000 -0.00000
1849.15634 -0.000000 -0.00000
1849.24914 -0.000000 -0.00000
1849.34194 -0.000000 -0.00000
1849.43474 -0.000000 -0.00000
1849.52755 -0.000000 -0.00000
1849.62035 -0.000000 -0.00000
1849.71315 -0.000000 -0.00000
1849.80595 -0.000000 -0.00000
1849.89875 -0.000000 -0.00000
1849.99155 -0.000000 -0.00000
1850.08436 -0.000000 -0.00000
1850.17716 -0.000000 -0.00000
1850.26996 -0.000000 -0.00000
1850.36276 -0.000000 -0.00000
1850.45556 -0.000000 -0.00000
1850.54836 -0.000000 -0.00000
1850.64117 -0.000000 -0.00000
1850.73397 -0.000000 -0.00000
1850.82677 -0.000000 -0.00000
1850.91957 -0.000000 -0.00000
1851.01237 -0.000000 -0.00000
1851.10517 -0.000000 -0.00000
1851.19798 -0.000000 -0.00000
1851.29078 -0.000000 -0.00000
1851.38358 -0.000000 -0.00000
1851.47638 -0.000000 -0.00000
1851.56918 -0.000000 -0.00000
1851.66198 -0.000000 -0.00000
1851.75479 -0.000000 -0.00000
1851.84759 -0.000000 -0.00000
1851.94039 -0.000000 -0.00000
1852.03319 -0.000000 -0.00000
1852.12599 -0.000000 -0.00000
1852.21879 -0.000000 -0.00000
1852.31160 -0.000000 -0.00000
1852.40440 -0.000000 -0.00000
1852.49720 -0.000000 -0.00000
1852.59000 -0.000000 -0.00000
1852.68280 -0.000000 -0.00000
1852.77560 -0.000000 -0.00000
1852.86840 -0.000000 -0.00000
1852.96121 -0.000000 -0.00000
1853.05401 -0.000000 -0.00000
1853.14681 -0.000000 -0.00000
1853.23961 -0.000000 -0.00000
1853.33241 -0.000000 -0.00000
1853.42521 -0.000000 -0.00000
1853.51802 -0.000000 -0.00000
1853.61082 -0.000000 -0.00000
1853.70362 -0.000000 -0.00000
1853.79642 -0.000000 -0.00000
1853.88922 -0.000000 -0.00000
1853.98202 -0.000000 -0.00000
1854.07483 -0.000000 -0.00000
1854.16763 -0.000000 -0.00000
1854.26043 -0.000000 -0.00000
1854.35323 -0.000000 -0.00000
1854.44603 -0.000000 -0.00000
1854.53883 -0.000000 -0.00000
1854.63164 -0.000000 -0.00000
1854.72444 -0.000000 -0.00000
1854.81724 -0.000000 -0.00000
1854.91004 -0.000000 -0.00000
1855.00284 -0.000000 -0.00000
1855.09564 -0.000000 -0.00000
1855.18845 -0.000000 -0.00000
1855.28125 -0.000000 -0.00000
1855.37405 -0.000000 -0.00000
1855.46685 -0.000000 -0.00000
1855.55965 -0.000000 -0.00000
1855.65245 -0.000000 -0.00000
1855.74526 -0.000000 -0.00000
1855.83806 -0.000000 -0.00000
1855.93086 -0.000000 -0.00000
1856.02366 -0.000000 -0.00000
1856.11646 -0.000000 -0.00000
1856.20926 -0.000000 -0.00000
1856.30207 -0.000000 -0.00000
1856.39487 -0.000000 -0.00000
1856.48767 -0.000000 -0.00000
1856.58047 -0.000000 -0.00000
1856.67327 -0.000000 -0.00000
1856.76607 -0.000000 -0.00000
1856.85888 -0.000000 -0.00000
1856.95168 -0.000000 -0.00000
1857.04448 -0.000000 -0.00000
1857.13728 -0.000000 -0.00000
1857.23008 -0.000000 -0.00000
1857.32288 -0.000000 -0.00000
1857.41569 -0.000000 -0.00000
1857.50849 -0.000000 -0.00000
1857.60129 -0.000000 -0.00000
1857.69409 -0.000000 -0.00000
1857.78689 -0.000000 -0.00000
1857.87969 -0.000000 -0.00000
1857.97250 -0.000000 -0.00000
1858.06530 -0.000000 -0.00000
1858.15810 -0.000000 -0.00000
1858.25090 -0.000000 -0.00000
1858.34370 -0.000000 -0.00000
1858.43650 -0.000000 -0.00000
1858.52931 -0.000000 -0.00000
1858.62211 -0.000000 -0.00000
1858.71491 -0.000000 -0.00000
1858.80771 -0.000000 -0.00000
1858.90051 -0.000000 -0.00000
1858.99331 -0.000000 -0.00000
1859.08612 -0.000000 -0.00000
1859.17892 -0.000000 -0.00000
1859.27172 -0.000000 -0.00000
1859.36452 -0.000000 -0.00000
1859.45732 -0.000000 -0.00000
1859.55012 -0.000000 -0.00000
1859.64292 -0.000000 -0.00000
1859.73573 -0.000000 -0.00000
1859.82853 -0.000000 -0.00000
1859.92133 -0.000000 -0.00000
1860.01413 -0.000000 -0.00000
1860.10693 -0.000000 -0.00000
1860.19973 -0.000000 -0.00000
1860.29254 -0.000000 -0.00000
1860.38534 -0.000000 -0.00000
1860.47814 -0.000000 -0.00000
1860.57094 -0.000000 -0.00000
1860.66374 -0.000000 -0.00000
1860.75654 -0.000000 -0.00000
1860.84935 -0.000000 -0.00000
1860.94215 -0.000000 -0.00000
1861.03495 -0.000000 -0.00000
1861.12775 -0.000000 -0.00000
1861.22055 -0.000000 -0.00000
1861.31335 -0.000000 -0.00000
1861.40616 -0.000000 -0.00000
1861.49896 -0.000000 -0.00000
1861.59176 -0.000000 -0.00000
1861.68456 -0.000000 -0.00000
1861.77736 -0.000000 -0.00000
1861.87016 -0.000000 -0.00000
1861.96297 -0.000000 -0.00000
1862.05577 -0.000000 -0.00000
1862.14857 -0.000000 -0.00000
1862.24137 -0.000000 -0.00000
1862.33417 -0.000000 -0.00000
1862.42697 -0.000000 -0.00000
1862.51978 -0.000000 -0.00000
1862.61258 -0.000000 -0.00000
1862.70538 -0.000000 -0.00000
1862.79818 -0.000000 -0.00000
1862.89098 -0.000000 -0.00000
1862.98378 -0.000000 -0.00000
1863.07659 -0.000000 -0.00000
1863.16939 -0.000000 -0.00000
1863.26219 -0.000000 -0.00000
1863.35499 -0.000000 -0.00000
1863.44779 -0.000000 -0.00000
1863.54059 -0.000000 -0.00000
1863.63340 -0.000000 -0.00000
1863.72620 -0.000000 -0.00000
1863.81900 -0.000000 -0.00000
1863.91180 -0.000000 -0.00000
1864.00460 -0.000000 -0.00000
1864.09740 -0.000000 -0.00000
1864.19021 -0.000000 -0.00000
1864.28301 -0.000000 -0.00000
1864.37581 -0.000000 -0.00000
1864.46861 -0.000000 -0.00000
1864.56141 -0.000000 -0.00000
1864.65421 -0.000000 -0.00000
1864.74702 -0.000000 -0.00000
1864.83982 -0.000000 -0.00000
1864.93262 -0.000000 -0.00000
1865.02542 -0.000000 -0.00000
1865.11822 -0.000000 -0.00000
1865.21102 -0.000000 -0.00000
1865.30383 -0.000000 -0.00000
1865.39663 -0.000000 -0.00000
1865.48943 -0.000000 -0.00000
1865.58223 -0.000000 -0.00000
1865.67503 -0.000000 -0.00000
1865.76783 -0.000000 -0.00000
1865.86064 -0.000000 -0.00000
1865.95344 -0.000000 -0.00000
1866.04624 -0.000000 -0.00000
1866.13904 -0.000000 -0.00000
1866.23184 -0.000000 -0.00000
1866.32464 -0.000000 -0.00000
1866.41744 -0.000000 -0.00000
1866.51025 -0.000000 -0.00000
1866.60305 -0.000000 -0.00000
1866.69585 -0.000000 -0.00000
1866.78865 -0.000000 -0.00000
1866.88145 -0.000000 -0.00000
1866.97425 -0.000000 -0.00000
1867.06706 -0.000000 -0.00000
1867.15986 -0.000000 -0.00000
1867.25266 -0.000000 -0.00000
1867.34546 -0.000000 -0.00000
1867.43826 -0.000000 -0.00000
1867.53106 -0.000000 -0.00000
1867.62387 -0.000000 -0.00000
1867.71667 -0.000000 -0.00000
1867.80947 -0.000000 -0.00000
1867.90227 -0.000000 -0.00000
1867.99507 -0.000000 -0.00000
1868.08787 -0.000000 -0.00000
1868.18068 -0.000000 -0.00000
1868.27348 -0.000000 -0.00000
1868.36628 -0.000000 -0.00000
1868.45908 -0.000000 -0.00000
1868.55188 -0.000000 -0.00000
1868.64468 -0.000000 -0.00000
1868.73749 -0.000000 -0.00000
1868.83029 -0.000000 -0.00000
1868.92309 -0.000000 -0.00000
1869.01589 -0.000000 -0.00000
1869.10869 -0.000000 -0.00000
1869.20149 -0.000000 -0.00000
1869.29430 -0.000000 -0.00000
1869.38710 -0.000000 -0.00000
1869.47990 -0.000000 -0.00000
1869.57270 -0.000000 -0.00000
1869.66550 -0.000000 -0.00000
1869.75830 -0.000000 -0.00000
1869.85111 -0.000000 -0.00000
1869.94391 -0.000000 -0.00000
1870.03671 -0.000000 -0.00000
1870.12951 -0.000000 -0.00000
1870.22231 -0.000000 -0.00000
1870.31511 -0.000000 -0.00000
1870.40792 -0.000000 -0.00000
1870.50072 -0.000000 -0.00000
1870.59352 -0.000000 -0.00000
1870.68632 -0.000000 -0.00000
1870.77912 -0.000000 -0.00000
1870.87192 -0.000000 -0.00000
1870.96473 -0.000000 -0.00000
1871.05753 -0.000000 -0.00000
1871.15033 -0.000000 -0.00000
1871.24313 -0.000000 -0.00000
1871.33593 -0.000000 -0.00000
1871.42873 -0.000000 -0.00000
1871.52154 -0.000000 -0.00000
1871.61434 -0.000000 -0.00000
1871.70714 -0.000000 -0.00000
1871.79994 -0.000000 -0.00000
1871.89274 -0.000000 -0.00000
1871.98554 -0.000000 -0.00000
1872.07835 -0.000000 -0.00000
1872.17115 -0.000000 -0.00000
1872.26395 -0.000000 -0.00000
1872.35675 -0.000000 -0.00000
1872.44955 -0.000000 -0.00000
1872.54235 -0.000000 -0.00000
1872.63516 -0.000000 -0.00000
1872.72796 -0.000000 -0.00000
1872.82076 -0.000000 -0.00000
1872.91356 -0.000000 -0.00000
1873.00636 -0.000000 -0.00000
1873.09916 -0.000000 -0.00000
1873.19196 -0.000000 -0.00000
1873.28477 -0.000000 -0.00000
1873.37757 -0.000000 -0.00000
1873.47037 -0.000000 -0.00000
1873.56317 -0.000000 -0.00000
1873.65597 -0.000000 -0.00000
1873.74877 -0.000000 -0.00000
1873.84158 -0.000000 -0.00000
1873.93438 -0.000000 -0.00000
1874.02718 -0.000000 -0.00000
1874.11998 -0.000000 -0.00000
1874.21278 -0.000000 -0.00000
1874.30558 -0.000000 -0.00000
1874.39839 -0.000000 -0.00000
1874.49119 -0.000000 -0.00000
1874.58399 -0.000000 -0.00000
1874.67679 -0.000000 -0.00000
1874.76959 -0.000000 -0.00000
1874.86239 -0.000000 -0.00000
1874.95520 -0.000000 -0.00000
1875.04800 -0.000000 -0.00000
1875.14080 -0.000000 -0.00000
1875.23360 -0.000000 -0.00000
1875.32640 -0.000000 -0.00000
1875.41920 -0.000000 -0.00000
1875.51201 -0.000000 -0.00000
1875.60481 -0.000000 -0.00000
1875.69761 -0.000000 -0.00000
1875.79041 -0.000000 -0.00000
1875.88321 -0.000000 -0.00000
1875.97601 -0.000000 -0.00000
1876.06882 -0.000000 -0.00000
1876.16162 -0.000000 -0.00000
1876.25442 -0.000000 -0.00000
1876.34722 -0.000000 -0.00000
1876.44002 -0.000000 -0.00000
1876.53282 -0.000000 -0.00000
1876.62563 -0.000000 -0.00000
1876.71843 -0.000000 -0.00000
1876.81123 -0.000000 -0.00000
1876.90403 -0.000000 -0.00000
1876.99683 -0.000000 -0.00000
1877.08963 -0.000000 -0.00000
1877.18244 -0.000000 -0.00000
1877.27524 -0.000000 -0.00000
1877.36804 -0.000000 -0.00000
1877.46084 -0.000000 -0.00000
1877.55364 -0.000000 -0.00000
1877.64644 -0.000000 -0.00000
1877.73925 -0.000000 -0.00000
1877.83205 -0.000000 -0.00000
1877.92485 -0.000000 -0.00000
1878.01765 -0.000000 -0.00000
1878.11045 -0.000000 -0.00000
1878.20325 -0.000000 -0.00000
1878.29606 -0.000000 -0.00000
1878.38886 -0.000000 -0.00000
1878.48166 -0.000000 -0.00000
1878.57446 -0.000000 -0.00000
1878.66726 -0.000000 -0.00000
1878.76006 -0.000000 -0.00000
1878.85287 -0.000000 -0.00000
1878.94567 -0.000000 -0.00000
1879.03847 -0.000000 -0.00000
1879.13127 -0.000000 -0.00000
1879.22407 -0.000000 -0.00000
1879.31687 -0.000000 -0.00000
1879.40968 -0.000000 -0.00000
1879.50248 -0.000000 -0.00000
1879.59528 -0.000000 -0.00000
1879.68808 -0.000000 -0.00000
1879.78088 -0.000000 -0.00000
1879.87368 -0.000000 -0.00000
1879.96648 -0.000000 -0.00000
1880.05929 -0.000000 -0.00000
1880.15209 -0.000000 -0.00000
1880.24489 -0.000000 -0.00000
1880.33769 -0.000000 -0.00000
1880.43049 -0.000000 -0.00000
1880.52329 -0.000000 -0.00000
1880.61610 -0.000000 -0.00000
1880.70890 -0.000000 -0.00000
1880.80170 -0.000000 -0.00000
1880.89450 -0.000000 -0.00000
1880.98730 -0.000000 -0.00000
1881.08010 -0.000000 -0.00000
1881.17291 -0.000000 -0.00000
1881.26571 -0.000000 -0.00000
1881.35851 -0.000000 -0.00000
1881.45131 -0.000000 -0.00000
1881.54411 -0.000000 -0.00000
1881.63691 -0.000000 -0.00000
1881.72972 -0.000000 -0.00000
1881.82252 -0.000000 -0.00000
1881.91532 -0.000000 -0.00000
1882.00812 -0.000000 -0.00000
1882.10092 -0.000000 -0.00000
1882.19372 -0.000000 -0.00000
1882.28653 -0.000000 -0.00000
1882.37933 -0.000000 -0.00000
1882.47213 -0.000000 -0.00000
1882.56493 -0.000000 -0.00000
1882.65773 -0.000000 -0.00000
1882.75053 -0.000000 -0.00000
1882.84334 -0.000000 -0.00000
1882.93614 -0.000000 -0.00000
1883.02894 -0.000000 -0.00000
1883.12174 -0.000000 -0.00000
1883.21454 -0.000000 -0.00000
1883.30734 -0.000000 -0.00000
1883.40015 -0.000000 -0.00000
1883.49295 -0.000000 -0.00000
1883.58575 -0.000000 -0.00000
1883.67855 -0.000000 -0.00000
1883.77135 -0.000000 -0.00000
1883.86415 -0.000000 -0.00000
1883.95696 -0.000000 -0.00000
1884.04976 -0.000000 -0.00000
1884.14256 -0.000000 -0.00000
1884.23536 -0.000000 -0.00000
1884.32816 -0.000000 -0.00000
1884.42096 -0.000000 -0.00000
1884.51377 -0.000000 -0.00000
1884.60657 -0.000000 -0.00000
1884.69937 -0.000000 -0.00000
1884.79217 -0.000000 -0.00000
1884.88497 -0.000000 -0.00000
1884.97777 -0.000000 -0.00000
1885.07058 -0.000000 -0.00000
1885.16338 -0.000000 -0.00000
1885.25618 -0.000000 -0.00000
1885.34898 -0.000000 -0.00000
1885.44178 -0.000000 -0.00000
1885.53458 -0.000000 -0.00000
1885.62739 -0.000000 -0.00000
1885.72019 -0.000000 -0.00000
1885.81299 -0.000000 -0.00000
1885.90579 -0.000000 -0.00000
1885.99859 -0.000000 -0.00000
1886.09139 -0.000000 -0.00000
1886.18420 -0.000000 -0.00000
1886.27700 -0.000000 -0.00000
1886.36980 -0.000000 -0.00000
1886.46260 -0.000000 -0.00000
1886.55540 -0.000000 -0.00000
1886.64820 -0.000000 -0.00000
1886.74100 -0.000000 -0.00000
1886.83381 -0.000000 -0.00000
1886.92661 -0.000000 -0.00000
1887.01941 -0.000000 -0.00000
1887.11221 -0.000000 -0.00000
1887.20501 -0.000000 -0.00000
1887.29781 -0.000000 -0.00000
1887.39062 -0.000000 -0.00000
1887.48342 -0.000000 -0.00000
1887.57622 -0.000000 -0.00000
1887.66902 -0.000000 -0.00000
1887.76182 -0.000000 -0.00000
1887.85462 -0.000000 -0.00000
1887.94743 -0.000000 -0.00000
1888.04023 -0.000000 -0.00000
1888.13303 -0.000000 -0.00000
1888.22583 -0.000000 -0.00000
1888.31863 -0.000000 -0.00000
1888.41143 -0.000000 -0.00000
1888.50424 -0.000000 -0.00000
1888.59704 -0.000000 -0.00000
1888.68984 -0.000000 -0.00000
1888.78264 -0.000000 -0.00000
1888.87544 -0.000000 -0.00000
1888.96824 -0.000000 -0.00000
1889.06105 -0.000000 -0.00000
1889.15385 -0.000000 -0.00000
1889.24665 -0.000000 -0.00000
1889.33945 -0.000000 -0.00000
1889.43225 -0.000000 -0.00000
1889.52505 -0.000000 -0.00000
1889.61786 -0.000000 -0.00000
1889.71066 -0.000000 -0.00000
1889.80346 -0.000000 -0.00000
1889.89626 -0.000000 -0.00000
1889.98906 -0.000000 -0.00000
1890.08186 -0.000000 -0.00000
1890.17467 -0.000000 -0.00000
1890.26747 -0.000000 -0.00000
1890.36027 -0.000000 -0.00000
1890.45307 -0.000000 -0.00000
1890.54587 -0.000000 -0.00000
1890.63867 -0.000000 -0.00000
1890.73148 -0.000000 -0.00000
1890.82428 -0.000000 -0.00000
1890.91708 -0.000000 -0.00000
1891.00988 -0.000000 -0.00000
1891.10268 -0.000000 -0.00000
1891.19548 -0.000000 -0.00000
1891.28829 -0.000000 -0.00000
1891.38109 -0.000000 -0.00000
1891.47389 -0.000000 -0.00000
1891.56669 -0.000000 -0.00000
1891.65949 -0.000000 -0.00000
1891.75229 -0.000000 -0.00000
1891.84510 -0.000000 -0.00000
1891.93790 -0.000000 -0.00000
1892.03070 -0.000000 -0.00000
1892.12350 -0.000000 -0.00000
1892.21630 -0.000000 -0.00000
1892.30910 -0.000000 -0.00000
1892.40191 -0.000000 -0.00000
1892.49471 -0.000000 -0.00000
1892.58751 -0.000000 -0.00000
1892.68031 -0.000000 -0.00000
1892.77311 -0.000000 -0.00000
1892.86591 -0.000000 -0.00000
1892.95872 -0.000000 -0.00000
1893.05152 -0.000000 -0.00000
1893.14432 -0.000000 -0.00000
1893.23712 -0.000000 -0.00000
1893.32992 -0.000000 -0.00000
1893.42272 -0.000000 -0.00000
1893.51553 -0.000000 -0.00000
1893.60833 -0.000000 -0.00000
1893.70113 -0.000000 -0.00000
1893.79393 -0.000000 -0.00000
1893.88673 -0.000000 -0.00000
1893.97953 -0.000000 -0.00000
1894.07233 -0.000000 -0.00000
1894.16514 -0.000000 -0.00000
1894.25794 -0.000000 -0.00000
1894.35074 -0.000000 -0.00000
1894.44354 -0.000000 -0.00000
1894.53634 -0.000000 -0.00000
1894.62914 -0.000000 -0.00000
1894.72195 -0.000000 -0.00000
1894.81475 -0.000000 -0.00000
1894.90755 -0.000000 -0.00000
1895.00035 -0.000000 -0.00000
1895.09315 -0.000000 -0.00000
1895.18595 -0.000000 -0.00000
1895.27876 -0.000000 -0.00000
1895.37156 -0.000000 -0.00000
1895.46436 -0.000000 -0.00000
1895.55716 -0.000000 -0.00000
