0.00000 -0.000000 -0.00000
0.09364 0.000000 0.00000
0.18728 -0.000000 -0.00000
0.28091 0.000000 0.00000
0.37455 -0.000000 -0.00000
0.46819 0.000000 0.00000
0.56183 -0.000000 -0.00000
0.65547 0.000001 0.00000
0.74910 -0.000009 -0.00002
0.84274 -0.000174 -0.00029
0.93638 -0.000503 -0.00077
1.03002 -0.000832 -0.00112
1.12366 -0.001178 -0.00140
1.21729 -0.001533 -0.00160
1.31093 -0.001897 -0.00173
1.40457 -0.002267 -0.00178
1.49821 -0.002641 -0.00177
1.59185 -0.003018 -0.00169
1.68548 -0.003396 -0.00156
1.77912 -0.003773 -0.00138
1.87276 -0.004147 -0.00115
1.96640 -0.004518 -0.00087
2.06004 -0.004882 -0.00056
2.15367 -0.005238 -0.00020
2.24731 -0.005586 0.00018
2.34095 -0.005923 0.00060
2.43459 -0.006248 0.00104
2.52823 -0.006559 0.00151
2.62186 -0.006856 0.00200
2.71550 -0.007137 0.00251
2.80914 -0.007401 0.00303
2.90278 -0.007647 0.00357
2.99642 -0.007873 0.00411
3.09005 -0.008079 0.00467
3.18369 -0.008264 0.00523
3.27733 -0.008427 0.00579
3.37097 -0.008567 0.00636
3.46461 -0.008684 0.00692
3.55824 -0.008777 0.00749
3.65188 -0.008845 0.00805
3.74552 -0.008888 0.00861
3.83916 -0.008906 0.00916
3.93280 -0.008899 0.00971
4.02643 -0.008865 0.01025
4.12007 -0.008806 0.01078
4.21371 -0.008721 0.01130
4.30735 -0.008610 0.01181
4.40099 -0.008474 0.01232
4.49462 -0.008313 0.01281
4.58826 -0.008126 0.01329
4.68190 -0.007916 0.01375
4.77554 -0.007681 0.01421
4.86918 -0.007424 0.01465
4.96282 -0.007144 0.01508
5.05645 -0.006842 0.01550
5.15009 -0.006520 0.01591
5.24373 -0.006179 0.01631
5.33737 -0.005820 0.01670
5.43100 -0.005443 0.01707
5.52464 -0.005051 0.01744
5.61828 -0.004645 0.01779
5.71192 -0.004226 0.01814
5.80556 -0.003796 0.01848
5.89919 -0.003357 0.01881
5.99283 -0.002911 0.01913
6.08647 -0.002459 0.01945
6.18011 -0.002004 0.01976
6.27375 -0.001547 0.02007
6.36739 -0.001092 0.02037
6.46102 -0.000640 0.02067
6.55466 -0.000193 0.02097
6.64830 0.000246 0.02127
6.74194 0.000674 0.02156
6.83558 0.001089 0.02186
6.92921 0.001488 0.02216
7.02285 0.001869 0.02246
7.11649 0.002229 0.02276
7.21013 0.002564 0.02307
7.30376 0.002873 0.02338
7.39740 0.003151 0.02369
7.49104 0.003397 0.02401
7.58468 0.003606 0.02434
7.67832 0.003777 0.02468
7.77195 0.003905 0.02502
7.86559 0.003989 0.02537
7.95923 0.004024 0.02572
8.05287 0.004007 0.02609
8.14651 0.003936 0.02646
8.24015 0.003807 0.02684
8.33378 0.003618 0.02723
8.42742 0.003364 0.02762
8.52106 0.003044 0.02803
8.61470 0.002653 0.02844
8.70834 0.002190 0.02886
8.80197 0.001651 0.02928
8.89561 0.001033 0.02971
8.98925 0.000334 0.03014
9.08289 -0.000450 0.03057
9.17653 -0.001321 0.03101
9.27016 -0.002280 0.03144
9.36380 -0.003332 0.03188
9.45744 -0.004478 0.03231
9.55108 -0.005720 0.03273
9.64472 -0.007060 0.03315
9.73835 -0.008501 0.03356
9.83199 -0.010043 0.03396
9.92563 -0.011689 0.03435
10.01927 -0.013439 0.03471
10.11291 -0.015296 0.03506
10.20654 -0.017260 0.03539
10.30018 -0.019332 0.03569
10.39382 -0.021512 0.03596
10.48746 -0.023801 0.03620
10.58110 -0.026199 0.03640
10.67473 -0.028705 0.03656
10.76837 -0.031321 0.03668
10.86201 -0.034044 0.03675
10.95565 -0.036873 0.03677
11.04929 -0.039809 0.03674
11.14292 -0.042849 0.03664
11.23656 -0.045991 0.03648
11.33020 -0.049234 0.03625
11.42384 -0.052575 0.03595
11.51748 -0.056011 0.03557
11.61111 -0.059540 0.03511
11.70475 -0.063158 0.03456
11.79839 -0.066861 0.03392
11.89203 -0.070646 0.03318
11.98567 -0.074508 0.03234
12.07930 -0.078443 0.03139
12.17294 -0.082446 0.03034
12.26658 -0.086511 0.02916
12.36022 -0.090633 0.02787
12.45386 -0.094806 0.02645
12.54749 -0.099023 0.02491
12.64113 -0.103279 0.02323
12.73477 -0.107566 0.02141
12.82841 -0.111877 0.01945
12.92205 -0.116204 0.01735
13.01568 -0.120540 0.01510
13.10932 -0.124877 0.01269
13.20296 -0.129206 0.01013
13.29660 -0.133519 0.00741
13.39024 -0.137806 0.00454
13.48387 -0.142059 0.00149
13.57751 -0.146268 -0.00172
13.67115 -0.150424 -0.00509
13.76479 -0.154516 -0.00864
13.85843 -0.158536 -0.01235
13.95206 -0.162472 -0.01624
14.04570 -0.166315 -0.02029
14.13934 -0.170054 -0.02452
14.23298 -0.173679 -0.02892
14.32662 -0.177179 -0.03349
14.42025 -0.180543 -0.03823
14.51389 -0.183761 -0.04313
14.60753 -0.186822 -0.04820
14.70117 -0.189715 -0.05343
14.79481 -0.192431 -0.05882
14.88844 -0.194957 -0.06437
14.98208 -0.197284 -0.07007
15.07572 -0.199402 -0.07591
15.16936 -0.201300 -0.08190
15.26300 -0.202967 -0.08802
15.35664 -0.204395 -0.09428
15.45027 -0.205573 -0.10066
15.54391 -0.206493 -0.10715
15.63755 -0.207144 -0.11376
15.73119 -0.207519 -0.12046
15.82483 -0.207608 -0.12726
15.91846 -0.207403 -0.13415
16.01210 -0.206898 -0.14111
16.10574 -0.206084 -0.14813
16.19938 -0.204954 -0.15521
16.29301 -0.203503 -0.16234
16.38665 -0.201723 -0.16950
16.48029 -0.199611 -0.17668
16.57393 -0.197160 -0.18387
16.66757 -0.194366 -0.19106
16.76120 -0.191226 -0.19824
16.85484 -0.187737 -0.20539
16.94848 -0.183895 -0.21251
17.04212 -0.179699 -0.21957
17.13576 -0.175148 -0.22656
17.22940 -0.170240 -0.23348
17.32303 -0.164976 -0.24030
17.41667 -0.159357 -0.24702
17.51031 -0.153383 -0.25361
17.60395 -0.147057 -0.26008
17.69759 -0.140382 -0.26639
17.79122 -0.133361 -0.27254
17.88486 -0.125998 -0.27851
17.97850 -0.118298 -0.28430
18.07214 -0.110267 -0.28988
18.16577 -0.101911 -0.29524
18.25941 -0.093237 -0.30037
18.35305 -0.084253 -0.30525
18.44669 -0.074968 -0.30988
18.54033 -0.065389 -0.31424
18.63396 -0.055528 -0.31831
18.72760 -0.045395 -0.32209
18.82124 -0.035000 -0.32556
18.91488 -0.024356 -0.32871
19.00852 -0.013474 -0.33153
19.10216 -0.002368 -0.33401
19.19579 0.008948 -0.33614
19.28943 0.020461 -0.33791
19.38307 0.032156 -0.33931
19.47671 0.044018 -0.34034
19.57035 0.056032 -0.34097
19.66398 0.068180 -0.34121
19.75762 0.080448 -0.34106
19.85126 0.092817 -0.34049
19.94490 0.105271 -0.33952
20.03854 0.117792 -0.33813
20.13217 0.130362 -0.33631
20.22581 0.142964 -0.33408
20.31945 0.155578 -0.33142
20.41309 0.168187 -0.32833
20.50673 0.180771 -0.32481
20.60036 0.193312 -0.32086
20.69400 0.205791 -0.31649
20.78764 0.218189 -0.31169
20.88128 0.230487 -0.30646
20.97492 0.242666 -0.30081
21.06855 0.254707 -0.29474
21.16219 0.266592 -0.28825
21.25583 0.278302 -0.28136
21.34947 0.289818 -0.27406
21.44311 0.301123 -0.26637
21.53674 0.312199 -0.25828
21.63038 0.323027 -0.24982
21.72402 0.333591 -0.24098
21.81766 0.343873 -0.23178
21.91130 0.353857 -0.22223
22.00493 0.363528 -0.21234
22.09857 0.372868 -0.20211
22.19221 0.381864 -0.19157
22.28585 0.390500 -0.18072
22.37949 0.398763 -0.16959
22.47312 0.406638 -0.15817
22.56676 0.414114 -0.14649
22.66040 0.421177 -0.13457
22.75404 0.427817 -0.12241
22.84768 0.434022 -0.11003
22.94131 0.439782 -0.09746
23.03495 0.445088 -0.08470
23.12859 0.449930 -0.07177
23.22223 0.454302 -0.05870
23.31587 0.458196 -0.04550
23.40950 0.461605 -0.03218
23.50314 0.464523 -0.01877
23.59678 0.466947 -0.00528
23.69042 0.468872 0.00827
23.78406 0.470294 0.02185
23.87769 0.471213 0.03546
23.97133 0.471625 0.04907
24.06497 0.471530 0.06266
24.15861 0.470929 0.07622
24.25225 0.469823 0.08972
24.34589 0.468213 0.10315
24.43952 0.466102 0.11648
24.53316 0.463493 0.12971
24.62680 0.460392 0.14281
24.72044 0.456802 0.15577
24.81408 0.452730 0.16856
24.90771 0.448182 0.18117
25.00135 0.443165 0.19358
25.09499 0.437689 0.20579
25.18863 0.431761 0.21776
25.28226 0.425391 0.22948
25.37590 0.418589 0.24095
25.46954 0.411366 0.25214
25.56318 0.403734 0.26304
25.65682 0.395705 0.27364
25.75045 0.387290 0.28392
25.84409 0.378505 0.29387
25.93773 0.369362 0.30349
26.03137 0.359875 0.31275
26.12501 0.350060 0.32164
26.21865 0.339931 0.33017
26.31228 0.329504 0.33831
26.40592 0.318795 0.34606
26.49956 0.307820 0.35341
26.59320 0.296596 0.36036
26.68684 0.285141 0.36689
26.78047 0.273470 0.37300
26.87411 0.261601 0.37869
26.96775 0.249553 0.38395
27.06139 0.237342 0.38878
27.15502 0.224986 0.39317
27.24866 0.212504 0.39713
27.34230 0.199914 0.40064
27.43594 0.187232 0.40372
27.52958 0.174478 0.40636
27.62322 0.161669 0.40856
27.71685 0.148824 0.41032
27.81049 0.135959 0.41164
27.90413 0.123092 0.41253
27.99777 0.110242 0.41299
28.09141 0.097425 0.41303
28.18504 0.084657 0.41264
28.27868 0.071957 0.41184
28.37232 0.059340 0.41063
28.46596 0.046823 0.40902
28.55960 0.034421 0.40702
28.65323 0.022150 0.40462
28.74687 0.010024 0.40185
28.84051 -0.001940 0.39871
28.93415 -0.013730 0.39520
29.02779 -0.025332 0.39135
29.12142 -0.036731 0.38715
29.21506 -0.047915 0.38263
29.30870 -0.058873 0.37778
29.40234 -0.069591 0.37263
29.49598 -0.080059 0.36719
29.58961 -0.090266 0.36146
29.68325 -0.100202 0.35547
29.77689 -0.109858 0.34921
29.87053 -0.119223 0.34271
29.96417 -0.128291 0.33599
30.05780 -0.137052 0.32904
30.15144 -0.145500 0.32190
30.24508 -0.153629 0.31456
30.33872 -0.161431 0.30705
30.43236 -0.168903 0.29938
30.52599 -0.176039 0.29157
30.61963 -0.182834 0.28362
30.71327 -0.189286 0.27555
30.80691 -0.195391 0.26739
30.90055 -0.201148 0.25913
30.99418 -0.206554 0.25080
31.08782 -0.211609 0.24241
31.18146 -0.216312 0.23397
31.27510 -0.220663 0.22550
31.36874 -0.224663 0.21702
31.46237 -0.228312 0.20853
31.55601 -0.231614 0.20004
31.64965 -0.234570 0.19158
31.74329 -0.237184 0.18316
31.83693 -0.239458 0.17478
31.93056 -0.241397 0.16647
32.02420 -0.243005 0.15822
32.11784 -0.244286 0.15006
32.21148 -0.245248 0.14200
32.30512 -0.245895 0.13404
32.39875 -0.246233 0.12620
32.49239 -0.246270 0.11849
32.58603 -0.246012 0.11092
32.67967 -0.245467 0.10350
32.77331 -0.244643 0.09623
32.86694 -0.243548 0.08913
32.96058 -0.242190 0.08220
33.05422 -0.240579 0.07546
33.14786 -0.238723 0.06890
33.24150 -0.236632 0.06255
33.33513 -0.234316 0.05639
33.42877 -0.231784 0.05045
33.52241 -0.229045 0.04471
33.61605 -0.226112 0.03920
33.70969 -0.222993 0.03392
33.80332 -0.219700 0.02886
33.89696 -0.216242 0.02403
33.99060 -0.212631 0.01944
34.08424 -0.208878 0.01509
34.17788 -0.204993 0.01098
34.27151 -0.200987 0.00711
34.36515 -0.196871 0.00348
34.45879 -0.192656 0.00010
34.55243 -0.188353 -0.00304
34.64607 -0.183973 -0.00593
34.73971 -0.179526 -0.00858
34.83334 -0.175024 -0.01099
34.92698 -0.170476 -0.01315
35.02062 -0.165893 -0.01508
35.11426 -0.161286 -0.01677
35.20790 -0.156665 -0.01822
35.30153 -0.152040 -0.01944
35.39517 -0.147420 -0.02044
35.48881 -0.142816 -0.02121
35.58245 -0.138236 -0.02176
35.67609 -0.133691 -0.02210
35.76972 -0.129189 -0.02223
35.86336 -0.124739 -0.02215
35.95700 -0.120349 -0.02187
36.05064 -0.116028 -0.02140
36.14427 -0.111784 -0.02074
36.23791 -0.107624 -0.01990
36.33155 -0.103556 -0.01889
36.42519 -0.099587 -0.01771
36.51883 -0.095724 -0.01636
36.61247 -0.091972 -0.01487
36.70610 -0.088339 -0.01323
36.79974 -0.084830 -0.01145
36.89338 -0.081451 -0.00954
36.98702 -0.078206 -0.00751
37.08066 -0.075101 -0.00536
37.17429 -0.072139 -0.00311
37.26793 -0.069326 -0.00076
37.36157 -0.066664 0.00168
37.45521 -0.064157 0.00420
37.54885 -0.061809 0.00679
37.64248 -0.059621 0.00945
37.73612 -0.057596 0.01216
37.82976 -0.055736 0.01492
37.92340 -0.054043 0.01772
38.01703 -0.052518 0.02055
38.11067 -0.051162 0.02340
38.20431 -0.049975 0.02626
38.29795 -0.048957 0.02913
38.39159 -0.048110 0.03199
38.48523 -0.047431 0.03484
38.57886 -0.046921 0.03768
38.67250 -0.046578 0.04049
38.76614 -0.046401 0.04326
38.85978 -0.046389 0.04599
38.95342 -0.046538 0.04867
39.04705 -0.046848 0.05129
39.14069 -0.047316 0.05385
39.23433 -0.047938 0.05633
39.32797 -0.048712 0.05874
39.42161 -0.049634 0.06107
39.51524 -0.050701 0.06330
39.60888 -0.051909 0.06544
39.70252 -0.053254 0.06748
39.79616 -0.054732 0.06940
39.88980 -0.056338 0.07122
39.98343 -0.058067 0.07292
40.07707 -0.059916 0.07449
40.17071 -0.061878 0.07593
40.26435 -0.063949 0.07725
40.35799 -0.066123 0.07843
40.45162 -0.068395 0.07946
40.54526 -0.070759 0.08036
40.63890 -0.073210 0.08111
40.73254 -0.075742 0.08171
40.82618 -0.078348 0.08216
40.91981 -0.081023 0.08245
41.01345 -0.083762 0.08259
41.10709 -0.086557 0.08257
41.20073 -0.089402 0.08239
41.29437 -0.092292 0.08205
41.38800 -0.095219 0.08155
41.48164 -0.098179 0.08089
41.57528 -0.101164 0.08006
41.66892 -0.104168 0.07908
41.76256 -0.107185 0.07793
41.85619 -0.110209 0.07662
41.94983 -0.113234 0.07515
42.04347 -0.116253 0.07352
42.13711 -0.119260 0.07173
42.23075 -0.122250 0.06979
42.32438 -0.125216 0.06769
42.41802 -0.128152 0.06544
42.51166 -0.131053 0.06304
42.60530 -0.133913 0.06049
42.69894 -0.136726 0.05779
42.79257 -0.139487 0.05495
42.88621 -0.142191 0.05198
42.97985 -0.144831 0.04886
43.07349 -0.147404 0.04562
43.16713 -0.149905 0.04225
43.26076 -0.152327 0.03875
43.35440 -0.154667 0.03513
43.44804 -0.156921 0.03140
43.54168 -0.159084 0.02756
43.63532 -0.161151 0.02360
43.72895 -0.163119 0.01955
43.82259 -0.164984 0.01540
43.91623 -0.166743 0.01116
44.00987 -0.168392 0.00683
44.10351 -0.169927 0.00242
44.19715 -0.171346 -0.00207
44.29078 -0.172646 -0.00663
44.38442 -0.173824 -0.01125
44.47806 -0.174878 -0.01594
44.57170 -0.175806 -0.02068
44.66533 -0.176605 -0.02546
44.75897 -0.177273 -0.03029
44.85261 -0.177810 -0.03516
44.94625 -0.178213 -0.04006
45.03989 -0.178481 -0.04499
45.13352 -0.178614 -0.04994
45.22716 -0.178610 -0.05490
45.32080 -0.178470 -0.05987
45.41444 -0.178192 -0.06484
45.50808 -0.177776 -0.06981
45.60172 -0.177222 -0.07477
45.69535 -0.176531 -0.07972
45.78899 -0.175703 -0.08465
45.88263 -0.174738 -0.08955
45.97627 -0.173637 -0.09443
46.06991 -0.172401 -0.09926
46.16354 -0.171032 -0.10406
46.25718 -0.169530 -0.10881
46.35082 -0.167897 -0.11351
46.44446 -0.166135 -0.11816
46.53809 -0.164245 -0.12274
46.63173 -0.162230 -0.12726
46.72537 -0.160091 -0.13171
46.81901 -0.157831 -0.13608
46.91265 -0.155452 -0.14038
47.00628 -0.152957 -0.14459
47.09992 -0.150348 -0.14871
47.19356 -0.147629 -0.15275
47.28720 -0.144802 -0.15668
47.38084 -0.141870 -0.16052
47.47448 -0.138837 -0.16426
47.56811 -0.135705 -0.16790
47.66175 -0.132478 -0.17142
47.75539 -0.129160 -0.17484
47.84903 -0.125754 -0.17814
47.94267 -0.122264 -0.18132
48.03630 -0.118693 -0.18439
48.12994 -0.115045 -0.18733
48.22358 -0.111324 -0.19015
48.31722 -0.107534 -0.19285
48.41085 -0.103679 -0.19542
48.50449 -0.099763 -0.19786
48.59813 -0.095790 -0.20017
48.69177 -0.091763 -0.20235
48.78541 -0.087687 -0.20440
48.87905 -0.083567 -0.20632
48.97268 -0.079405 -0.20810
49.06632 -0.075206 -0.20975
49.15996 -0.070975 -0.21127
49.25360 -0.066715 -0.21265
49.34724 -0.062430 -0.21390
49.44087 -0.058124 -0.21501
49.53451 -0.053802 -0.21600
49.62815 -0.049468 -0.21684
49.72179 -0.045124 -0.21756
49.81543 -0.040776 -0.21814
49.90906 -0.036427 -0.21860
50.00270 -0.032080 -0.21892
50.09634 -0.027740 -0.21912
50.18998 -0.023411 -0.21919
50.28362 -0.019095 -0.21913
50.37725 -0.014797 -0.21896
50.47089 -0.010519 -0.21866
50.56453 -0.006266 -0.21824
50.65817 -0.002040 -0.21770
50.75181 0.002155 -0.21705
50.84544 0.006317 -0.21629
50.93908 0.010441 -0.21541
51.03272 0.014526 -0.21443
51.12636 0.018568 -0.21334
51.22000 0.022565 -0.21215
51.31363 0.026514 -0.21086
51.40727 0.030412 -0.20947
51.50091 0.034257 -0.20799
51.59455 0.038048 -0.20642
51.68819 0.041781 -0.20475
51.78182 0.045454 -0.20301
51.87546 0.049067 -0.20118
51.96910 0.052616 -0.19927
52.06274 0.056100 -0.19728
52.15638 0.059517 -0.19523
52.25001 0.062867 -0.19310
52.34365 0.066147 -0.19091
52.43729 0.069357 -0.18865
52.53093 0.072495 -0.18633
52.62457 0.075560 -0.18396
52.71820 0.078551 -0.18154
52.81184 0.081468 -0.17906
52.90548 0.084309 -0.17654
52.99912 0.087075 -0.17398
53.09276 0.089765 -0.17137
53.18639 0.092378 -0.16873
53.28003 0.094915 -0.16606
53.37367 0.097374 -0.16335
53.46731 0.099757 -0.16062
53.56095 0.102063 -0.15786
53.65458 0.104292 -0.15508
53.74822 0.106444 -0.15229
53.84186 0.108521 -0.14948
53.93550 0.110522 -0.14665
54.02914 0.112448 -0.14382
54.12277 0.114299 -0.14097
54.21641 0.116077 -0.13813
54.31005 0.117782 -0.13528
54.40369 0.119414 -0.13243
54.49733 0.120976 -0.12958
54.59097 0.122467 -0.12674
54.68460 0.123889 -0.12391
54.77824 0.125244 -0.12109
54.87188 0.126531 -0.11828
54.96552 0.127753 -0.11548
55.05916 0.128911 -0.11270
55.15279 0.130005 -0.10993
55.24643 0.131039 -0.10719
55.34007 0.132012 -0.10446
55.43371 0.132927 -0.10176
55.52734 0.133784 -0.09908
55.62098 0.134586 -0.09643
55.71462 0.135334 -0.09380
55.80826 0.136029 -0.09120
55.90190 0.136674 -0.08863
55.99553 0.137269 -0.08609
56.08917 0.137817 -0.08358
56.18281 0.138319 -0.08110
56.27645 0.138776 -0.07865
56.37009 0.139191 -0.07624
56.46373 0.139564 -0.07386
56.55736 0.139898 -0.07151
56.65100 0.140195 -0.06920
56.74464 0.140455 -0.06692
56.83828 0.140680 -0.06467
56.93192 0.140872 -0.06246
57.02555 0.141033 -0.06029
57.11919 0.141164 -0.05815
57.21283 0.141266 -0.05604
57.30647 0.141342 -0.05397
57.40010 0.141391 -0.05193
57.49374 0.141417 -0.04992
57.58738 0.141420 -0.04795
57.68102 0.141402 -0.04601
57.77466 0.141363 -0.04410
57.86829 0.141306 -0.04223
57.96193 0.141232 -0.04038
58.05557 0.141140 -0.03857
58.14921 0.141034 -0.03678
58.24285 0.140914 -0.03503
58.33649 0.140780 -0.03330
58.43012 0.140634 -0.03160
58.52376 0.140477 -0.02992
58.61740 0.140310 -0.02827
58.71104 0.140134 -0.02665
58.80468 0.139948 -0.02504
58.89831 0.139755 -0.02346
58.99195 0.139555 -0.02190
59.08559 0.139348 -0.02036
59.17923 0.139135 -0.01884
59.27287 0.138917 -0.01734
59.36650 0.138693 -0.01585
59.46014 0.138465 -0.01438
59.55378 0.138233 -0.01293
59.64742 0.137997 -0.01148
59.74106 0.137757 -0.01005
59.83469 0.137513 -0.00863
59.92833 0.137267 -0.00722
60.02197 0.137017 -0.00582
60.11561 0.136764 -0.00443
60.20925 0.136507 -0.00304
60.30288 0.136248 -0.00166
60.39652 0.135985 -0.00028
60.49016 0.135718 0.00110
60.58380 0.135448 0.00247
60.67744 0.135174 0.00384
60.77107 0.134896 0.00521
60.86471 0.134614 0.00659
60.95835 0.134327 0.00796
61.05199 0.134034 0.00934
61.14563 0.133736 0.01072
61.23926 0.133432 0.01210
61.33290 0.133121 0.01349
61.42654 0.132803 0.01488
61.52018 0.132478 0.01629
61.61382 0.132144 0.01770
61.70745 0.131802 0.01911
61.80109 0.131450 0.02054
61.89473 0.131087 0.02197
61.98837 0.130715 0.02342
62.08201 0.130330 0.02487
62.17564 0.129934 0.02633
62.26928 0.129524 0.02781
62.36292 0.129101 0.02929
62.45656 0.128664 0.03079
62.55020 0.128211 0.03230
62.64383 0.127743 0.03382
62.73747 0.127258 0.03535
62.83111 0.126755 0.03690
62.92475 0.126235 0.03846
63.01839 0.125695 0.04003
63.11202 0.125136 0.04161
63.20566 0.124556 0.04320
63.29930 0.123955 0.04480
63.39294 0.123332 0.04642
63.48658 0.122686 0.04805
63.58022 0.122017 0.04968
63.67385 0.121323 0.05133
63.76749 0.120605 0.05299
63.86113 0.119860 0.05466
63.95477 0.119090 0.05634
64.04841 0.118293 0.05803
64.14204 0.117468 0.05972
64.23568 0.116615 0.06143
64.32932 0.115733 0.06314
64.42296 0.114822 0.06486
64.51659 0.113881 0.06658
64.61023 0.112910 0.06831
64.70387 0.111907 0.07004
64.79751 0.110874 0.07178
64.89115 0.109808 0.07352
64.98479 0.108711 0.07526
65.07842 0.107580 0.07700
65.17206 0.106417 0.07874
65.26570 0.105220 0.08049
65.35934 0.103990 0.08223
65.45298 0.102727 0.08396
65.54661 0.101429 0.08570
65.64025 0.100097 0.08742
65.73389 0.098731 0.08915
65.82753 0.097330 0.09086
65.92117 0.095895 0.09257
66.01480 0.094425 0.09427
66.10844 0.092921 0.09596
66.20208 0.091382 0.09764
66.29572 0.089809 0.09930
66.38935 0.088201 0.10095
66.48299 0.086560 0.10259
66.57663 0.084884 0.10421
66.67027 0.083175 0.10582
66.76391 0.081432 0.10740
66.85755 0.079655 0.10897
66.95118 0.077846 0.11052
67.04482 0.076005 0.11204
67.13846 0.074131 0.11355
67.23210 0.072225 0.11503
67.32574 0.070288 0.11648
67.41937 0.068321 0.11791
67.51301 0.066323 0.11931
67.60665 0.064295 0.12069
67.70029 0.062239 0.12203
67.79393 0.060153 0.12335
67.88756 0.058040 0.12463
67.98120 0.055900 0.12589
68.07484 0.053734 0.12711
68.16848 0.051541 0.12829
68.26211 0.049324 0.12944
68.35575 0.047083 0.13056
68.44939 0.044818 0.13163
68.54303 0.042531 0.13267
68.63667 0.040222 0.13368
68.73031 0.037892 0.13464
68.82394 0.035543 0.13556
68.91758 0.033174 0.13644
69.01122 0.030788 0.13728
69.10486 0.028385 0.13808
69.19850 0.025965 0.13883
69.29213 0.023531 0.13954
69.38577 0.021083 0.14021
69.47941 0.018621 0.14083
69.57305 0.016148 0.14140
69.66669 0.013663 0.14193
69.76032 0.011169 0.14241
69.85396 0.008666 0.14285
69.94760 0.006156 0.14323
70.04124 0.003639 0.14357
70.13488 0.001116 0.14387
70.22851 -0.001411 0.14411
70.32215 -0.003942 0.14430
70.41579 -0.006475 0.14445
70.50943 -0.009008 0.14454
70.60307 -0.011542 0.14459
70.69670 -0.014075 0.14458
70.79034 -0.016606 0.14453
70.88398 -0.019133 0.14443
70.97762 -0.021656 0.14427
71.07126 -0.024173 0.14407
71.16489 -0.026684 0.14381
71.25853 -0.029187 0.14351
71.35217 -0.031681 0.14315
71.44581 -0.034166 0.14275
71.53945 -0.036640 0.14230
71.63308 -0.039102 0.14179
71.72672 -0.041551 0.14124
71.82036 -0.043986 0.14064
71.91400 -0.046406 0.13999
72.00764 -0.048810 0.13929
72.10127 -0.051197 0.13855
72.19491 -0.053566 0.13775
72.28855 -0.055917 0.13691
72.38219 -0.058247 0.13602
72.47583 -0.060557 0.13509
72.56946 -0.062845 0.13411
72.66310 -0.065111 0.13308
72.75674 -0.067354 0.13201
72.85038 -0.069572 0.13089
72.94402 -0.071765 0.12973
73.03765 -0.073932 0.12853
73.13129 -0.076073 0.12729
73.22493 -0.078187 0.12600
73.31857 -0.080272 0.12467
73.41221 -0.082328 0.12330
73.50584 -0.084355 0.12189
73.59948 -0.086352 0.12044
73.69312 -0.088318 0.11896
73.78676 -0.090252 0.11743
73.88040 -0.092155 0.11587
73.97404 -0.094024 0.11427
74.06767 -0.095861 0.11264
74.16131 -0.097663 0.11097
74.25495 -0.099432 0.10927
74.34859 -0.101165 0.10754
74.44223 -0.102864 0.10577
74.53586 -0.104527 0.10397
74.62950 -0.106153 0.10214
74.72314 -0.107744 0.10029
74.81678 -0.109297 0.09840
74.91042 -0.110813 0.09649
75.00405 -0.112292 0.09454
75.09769 -0.113733 0.09258
75.19133 -0.115135 0.09059
75.28497 -0.116500 0.08857
75.37860 -0.117826 0.08653
75.47224 -0.119113 0.08447
75.56588 -0.120361 0.08238
75.65952 -0.121570 0.08028
75.75316 -0.122739 0.07816
75.84680 -0.123869 0.07601
75.94043 -0.124960 0.07385
76.03407 -0.126011 0.07168
76.12771 -0.127022 0.06948
76.22135 -0.127994 0.06727
76.31499 -0.128926 0.06505
76.40862 -0.129818 0.06281
76.50226 -0.130670 0.06056
76.59590 -0.131482 0.05830
76.68954 -0.132255 0.05603
76.78317 -0.132988 0.05374
76.87681 -0.133681 0.05145
76.97045 -0.134335 0.04915
77.06409 -0.134949 0.04684
77.15773 -0.135524 0.04452
77.25136 -0.136060 0.04220
77.34500 -0.136557 0.03988
77.43864 -0.137015 0.03754
77.53228 -0.137434 0.03521
77.62592 -0.137815 0.03287
77.71956 -0.138157 0.03053
77.81319 -0.138461 0.02818
77.90683 -0.138727 0.02584
78.00047 -0.138955 0.02349
78.09411 -0.139146 0.02115
78.18775 -0.139299 0.01881
78.28138 -0.139415 0.01646
78.37502 -0.139495 0.01412
78.46866 -0.139538 0.01179
78.56230 -0.139544 0.00945
78.65594 -0.139515 0.00713
78.74957 -0.139449 0.00480
78.84321 -0.139348 0.00248
78.93685 -0.139212 0.00017
79.03049 -0.139041 -0.00214
79.12413 -0.138835 -0.00444
79.21776 -0.138595 -0.00673
79.31140 -0.138321 -0.00901
79.40504 -0.138012 -0.01129
79.49868 -0.137671 -0.01356
79.59232 -0.137296 -0.01581
79.68595 -0.136888 -0.01806
79.77959 -0.136447 -0.02030
79.87323 -0.135975 -0.02253
79.96687 -0.135470 -0.02474
80.06051 -0.134933 -0.02695
80.15414 -0.134365 -0.02914
80.24778 -0.133765 -0.03132
80.34142 -0.133135 -0.03349
80.43506 -0.132474 -0.03564
80.52870 -0.131783 -0.03778
80.62233 -0.131062 -0.03991
80.71597 -0.130311 -0.04202
80.80961 -0.129531 -0.04412
80.90325 -0.128721 -0.04620
80.99689 -0.127883 -0.04827
81.09052 -0.127016 -0.05032
81.18416 -0.126121 -0.05236
81.27780 -0.125197 -0.05438
81.37144 -0.124246 -0.05639
81.46508 -0.123268 -0.05838
81.55871 -0.122262 -0.06035
81.65235 -0.121229 -0.06230
81.74599 -0.120169 -0.06424
81.83963 -0.119084 -0.06616
81.93327 -0.117971 -0.06806
82.02690 -0.116833 -0.06995
82.12054 -0.115669 -0.07181
82.21418 -0.114480 -0.07366
82.30782 -0.113266 -0.07549
82.40146 -0.112026 -0.07730
82.49509 -0.110762 -0.07909
82.58873 -0.109474 -0.08086
82.68237 -0.108161 -0.08261
82.77601 -0.106824 -0.08434
82.86965 -0.105464 -0.08605
82.96328 -0.104080 -0.08774
83.05692 -0.102672 -0.08941
83.15056 -0.101242 -0.09106
83.24420 -0.099789 -0.09268
83.33784 -0.098314 -0.09429
83.43148 -0.096816 -0.09588
83.52511 -0.095296 -0.09744
83.61875 -0.093754 -0.09898
83.71239 -0.092191 -0.10050
83.80603 -0.090606 -0.10200
83.89966 -0.089001 -0.10347
83.99330 -0.087374 -0.10492
84.08694 -0.085727 -0.10635
84.18058 -0.084059 -0.10775
84.27422 -0.082372 -0.10914
84.36785 -0.080664 -0.11049
84.46149 -0.078937 -0.11183
84.55513 -0.077191 -0.11314
84.64877 -0.075425 -0.11442
84.74241 -0.073641 -0.11568
84.83605 -0.071838 -0.11692
84.92968 -0.070017 -0.11813
85.02332 -0.068178 -0.11932
85.11696 -0.066321 -0.12048
85.21060 -0.064447 -0.12161
85.30424 -0.062555 -0.12272
85.39787 -0.060647 -0.12380
85.49151 -0.058722 -0.12486
85.58515 -0.056781 -0.12589
85.67879 -0.054824 -0.12689
85.77242 -0.052852 -0.12787
85.86606 -0.050864 -0.12881
85.95970 -0.048861 -0.12973
86.05334 -0.046844 -0.13063
86.14698 -0.044812 -0.13149
86.24061 -0.042766 -0.13233
86.33425 -0.040707 -0.13314
86.42789 -0.038635 -0.13391
86.52153 -0.036550 -0.13466
86.61517 -0.034452 -0.13539
86.70881 -0.032342 -0.13608
86.80244 -0.030221 -0.13674
86.89608 -0.028088 -0.13737
86.98972 -0.025944 -0.13797
87.08336 -0.023790 -0.13854
87.17700 -0.021626 -0.13908
87.27063 -0.019452 -0.13959
87.36427 -0.017269 -0.14007
87.45791 -0.015077 -0.14052
87.55155 -0.012877 -0.14094
87.64518 -0.010669 -0.14132
87.73882 -0.008454 -0.14167
87.83246 -0.006231 -0.14200
87.92610 -0.004003 -0.14228
88.01974 -0.001768 -0.14254
88.11337 0.000473 -0.14277
88.20701 0.002718 -0.14296
88.30065 0.004968 -0.14312
88.39429 0.007222 -0.14324
88.48793 0.009479 -0.14333
88.58157 0.011740 -0.14339
88.67520 0.014003 -0.14342
88.76884 0.016268 -0.14341
88.86248 0.018534 -0.14337
88.95612 0.020801 -0.14329
89.04976 0.023068 -0.14319
89.14339 0.025336 -0.14304
89.23703 0.027602 -0.14286
89.33067 0.029867 -0.14265
89.42431 0.032130 -0.14241
89.51795 0.034391 -0.14213
89.61158 0.036648 -0.14181
89.70522 0.038902 -0.14146
89.79886 0.041152 -0.14108
89.89250 0.043397 -0.14066
89.98614 0.045637 -0.14021
90.07977 0.047870 -0.13972
90.17341 0.050098 -0.13920
90.26705 0.052318 -0.13865
90.36069 0.054530 -0.13806
90.45433 0.056734 -0.13743
90.54796 0.058929 -0.13677
90.64160 0.061114 -0.13608
90.73524 0.063290 -0.13535
90.82888 0.065454 -0.13459
90.92252 0.067608 -0.13379
91.01615 0.069749 -0.13296
91.10979 0.071878 -0.13209
91.20343 0.073994 -0.13119
91.29707 0.076096 -0.13026
91.39071 0.078184 -0.12930
91.48434 0.080257 -0.12830
91.57798 0.082315 -0.12726
91.67162 0.084356 -0.12620
91.76526 0.086381 -0.12510
91.85890 0.088388 -0.12397
91.95253 0.090378 -0.12280
92.04617 0.092349 -0.12161
92.13981 0.094302 -0.12038
92.23345 0.096235 -0.11912
92.32709 0.098147 -0.11782
92.42072 0.100039 -0.11650
92.51436 0.101910 -0.11515
92.60800 0.103759 -0.11376
92.70164 0.105586 -0.11234
92.79528 0.107390 -0.11090
92.88891 0.109170 -0.10942
92.98255 0.110927 -0.10791
93.07619 0.112659 -0.10638
93.16983 0.114366 -0.10481
93.26347 0.116048 -0.10322
93.35710 0.117704 -0.10160
93.45074 0.119333 -0.09995
93.54438 0.120935 -0.09828
93.63802 0.122510 -0.09657
93.73166 0.124057 -0.09484
93.82530 0.125576 -0.09308
93.91893 0.127065 -0.09130
94.01257 0.128526 -0.08949
94.10621 0.129957 -0.08766
94.19985 0.131357 -0.08580
94.29349 0.132727 -0.08392
94.38712 0.134066 -0.08202
94.48076 0.135374 -0.08009
94.57440 0.136650 -0.07814
94.66804 0.137893 -0.07616
94.76167 0.139104 -0.07417
94.85531 0.140283 -0.07215
94.94895 0.141428 -0.07012
95.04259 0.142539 -0.06806
95.13623 0.143617 -0.06598
95.22986 0.144660 -0.06388
95.32350 0.145668 -0.06177
95.41714 0.146642 -0.05964
95.51078 0.147581 -0.05749
95.60442 0.148484 -0.05532
95.69806 0.149351 -0.05313
95.79169 0.150182 -0.05093
95.88533 0.150977 -0.04872
95.97897 0.151736 -0.04649
96.07261 0.152458 -0.04424
96.16625 0.153143 -0.04199
96.25988 0.153791 -0.03972
96.35352 0.154402 -0.03743
96.44716 0.154975 -0.03514
96.54080 0.155510 -0.03283
96.63443 0.156008 -0.03051
96.72807 0.156467 -0.02818
96.82171 0.156889 -0.02585
96.91535 0.157272 -0.02350
97.00899 0.157617 -0.02115
97.10262 0.157923 -0.01879
97.19626 0.158191 -0.01642
97.28990 0.158420 -0.01404
97.38354 0.158611 -0.01166
97.47718 0.158763 -0.00927
97.57082 0.158875 -0.00688
97.66445 0.158950 -0.00448
97.75809 0.158985 -0.00209
97.85173 0.158981 0.00032
97.94537 0.158938 0.00272
98.03901 0.158857 0.00513
98.13264 0.158736 0.00753
98.22628 0.158577 0.00994
98.31992 0.158379 0.01235
98.41356 0.158142 0.01475
98.50720 0.157866 0.01716
98.60083 0.157552 0.01956
98.69447 0.157199 0.02196
98.78811 0.156808 0.02436
98.88175 0.156378 0.02675
98.97539 0.155910 0.02914
99.06902 0.155404 0.03152
99.16266 0.154860 0.03390
99.25630 0.154278 0.03627
99.34994 0.153659 0.03864
99.44358 0.153001 0.04099
99.53721 0.152307 0.04334
99.63085 0.151575 0.04569
99.72449 0.150806 0.04802
99.81813 0.150000 0.05034
99.91177 0.149158 0.05265
100.00540 0.148279 0.05495
100.09904 0.147364 0.05724
100.19268 0.146413 0.05952
100.28632 0.145426 0.06178
100.37996 0.144404 0.06404
100.47359 0.143346 0.06627
100.56723 0.142254 0.06850
100.66087 0.141127 0.07071
100.75451 0.139965 0.07290
100.84815 0.138770 0.07508
100.94178 0.137540 0.07724
101.03542 0.136277 0.07939
101.12906 0.134981 0.08152
101.22270 0.133651 0.08363
101.31634 0.132289 0.08572
101.40997 0.130895 0.08779
101.50361 0.129469 0.08985
101.59725 0.128012 0.09188
101.69089 0.126523 0.09390
101.78453 0.125003 0.09589
101.87816 0.123453 0.09786
101.97180 0.121873 0.09981
102.06544 0.120262 0.10174
102.15908 0.118623 0.10365
102.25272 0.116954 0.10553
102.34635 0.115257 0.10739
102.43999 0.113532 0.10923
102.53363 0.111779 0.11104
102.62727 0.109998 0.11283
102.72091 0.108191 0.11459
102.81454 0.106356 0.11632
102.90818 0.104496 0.11803
103.00182 0.102610 0.11972
103.09546 0.100699 0.12138
103.18910 0.098763 0.12301
103.28274 0.096802 0.12461
103.37637 0.094818 0.12619
103.47001 0.092810 0.12773
103.56365 0.090779 0.12925
103.65729 0.088726 0.13074
103.75092 0.086650 0.13220
103.84456 0.084553 0.13363
103.93820 0.082434 0.13504
104.03184 0.080295 0.13641
104.12548 0.078136 0.13775
104.21912 0.075957 0.13906
104.31275 0.073758 0.14034
104.40639 0.071541 0.14159
104.50003 0.069306 0.14280
104.59367 0.067053 0.14399
104.68731 0.064782 0.14514
104.78094 0.062495 0.14626
104.87458 0.060192 0.14735
104.96822 0.057873 0.14840
105.06186 0.055539 0.14942
105.15550 0.053189 0.15041
105.24913 0.050826 0.15137
105.34277 0.048449 0.15229
105.43641 0.046059 0.15317
105.53005 0.043656 0.15403
105.62368 0.041242 0.15484
105.71732 0.038815 0.15563
105.81096 0.036378 0.15638
105.90460 0.033930 0.15709
105.99824 0.031472 0.15777
106.09188 0.029004 0.15842
106.18551 0.026528 0.15902
106.27915 0.024043 0.15960
106.37279 0.021551 0.16013
106.46643 0.019051 0.16064
106.56007 0.016544 0.16110
106.65370 0.014032 0.16153
106.74734 0.011513 0.16193
106.84098 0.008990 0.16228
106.93462 0.006462 0.16261
107.02826 0.003930 0.16289
107.12189 0.001394 0.16314
107.21553 -0.001144 0.16335
107.30917 -0.003685 0.16353
107.40281 -0.006227 0.16367
107.49644 -0.008771 0.16377
107.59008 -0.011316 0.16383
107.68372 -0.013860 0.16386
107.77736 -0.016404 0.16386
107.87100 -0.018947 0.16381
107.96464 -0.021489 0.16373
108.05827 -0.024028 0.16361
108.15191 -0.026565 0.16346
108.24555 -0.029099 0.16327
108.33919 -0.031628 0.16304
108.43283 -0.034154 0.16278
108.52646 -0.036675 0.16248
108.62010 -0.039190 0.16214
108.71374 -0.041699 0.16177
108.80738 -0.044201 0.16136
108.90102 -0.046697 0.16091
108.99465 -0.049185 0.16043
109.08829 -0.051665 0.15991
109.18193 -0.054136 0.15936
109.27557 -0.056597 0.15877
109.36921 -0.059049 0.15814
109.46284 -0.061490 0.15748
109.55648 -0.063921 0.15678
109.65012 -0.066340 0.15605
109.74376 -0.068747 0.15528
109.83740 -0.071141 0.15448
109.93103 -0.073523 0.15364
110.02467 -0.075890 0.15277
110.11831 -0.078244 0.15187
110.21195 -0.080583 0.15092
110.30559 -0.082906 0.14995
110.39922 -0.085214 0.14894
110.49286 -0.087506 0.14790
110.58650 -0.089780 0.14682
110.68014 -0.092038 0.14571
110.77378 -0.094278 0.14457
110.86741 -0.096499 0.14339
110.96105 -0.098702 0.14218
111.05469 -0.100885 0.14094
111.14833 -0.103048 0.13967
111.24197 -0.105191 0.13837
111.33560 -0.107313 0.13703
111.42924 -0.109414 0.13566
111.52288 -0.111493 0.13427
111.61652 -0.113550 0.13284
111.71016 -0.115584 0.13138
111.80379 -0.117595 0.12989
111.89743 -0.119582 0.12837
111.99107 -0.121545 0.12682
112.08471 -0.123483 0.12525
112.17835 -0.125396 0.12364
112.27198 -0.127284 0.12201
112.36562 -0.129145 0.12035
112.45926 -0.130980 0.11866
112.55290 -0.132789 0.11694
112.64654 -0.134570 0.11520
112.74017 -0.136323 0.11343
112.83381 -0.138049 0.11163
112.92745 -0.139745 0.10981
113.02109 -0.141413 0.10796
113.11473 -0.143052 0.10609
113.20837 -0.144661 0.10420
113.30200 -0.146239 0.10228
113.39564 -0.147788 0.10033
113.48928 -0.149305 0.09837
113.58292 -0.150791 0.09638
113.67656 -0.152246 0.09436
113.77019 -0.153669 0.09233
113.86383 -0.155059 0.09028
113.95747 -0.156417 0.08820
114.05111 -0.157742 0.08610
114.14475 -0.159033 0.08399
114.23838 -0.160292 0.08185
114.33202 -0.161516 0.07970
114.42566 -0.162706 0.07752
114.51930 -0.163861 0.07533
114.61293 -0.164982 0.07313
114.70657 -0.166068 0.07090
114.80021 -0.167118 0.06866
114.89385 -0.168133 0.06640
114.98749 -0.169112 0.06413
115.08113 -0.170055 0.06184
115.17476 -0.170962 0.05954
115.26840 -0.171832 0.05722
115.36204 -0.172665 0.05489
115.45568 -0.173462 0.05255
115.54932 -0.174221 0.05019
115.64295 -0.174943 0.04782
115.73659 -0.175627 0.04545
115.83023 -0.176274 0.04306
115.92387 -0.176883 0.04066
116.01750 -0.177454 0.03825
116.11114 -0.177986 0.03583
116.20478 -0.178481 0.03341
116.29842 -0.178937 0.03097
116.39206 -0.179354 0.02853
116.48569 -0.179733 0.02609
116.57933 -0.180072 0.02363
116.67297 -0.180373 0.02117
116.76661 -0.180635 0.01871
116.86025 -0.180858 0.01624
116.95389 -0.181042 0.01377
117.04752 -0.181187 0.01129
117.14116 -0.181292 0.00881
117.23480 -0.181358 0.00633
117.32844 -0.181385 0.00385
117.42208 -0.181373 0.00137
117.51571 -0.181321 -0.00112
117.60935 -0.181230 -0.00360
117.70299 -0.181100 -0.00608
117.79663 -0.180931 -0.00857
117.89026 -0.180722 -0.01105
117.98390 -0.180474 -0.01352
118.07754 -0.180187 -0.01600
118.17118 -0.179860 -0.01847
118.26482 -0.179495 -0.02093
118.35846 -0.179091 -0.02340
118.45209 -0.178648 -0.02585
118.54573 -0.178166 -0.02830
118.63937 -0.177645 -0.03075
118.73301 -0.177086 -0.03318
118.82665 -0.176488 -0.03561
118.92028 -0.175852 -0.03803
119.01392 -0.175178 -0.04045
119.10756 -0.174466 -0.04285
119.20120 -0.173716 -0.04524
119.29484 -0.172928 -0.04763
119.38847 -0.172103 -0.05000
119.48211 -0.171240 -0.05236
119.57575 -0.170341 -0.05471
119.66939 -0.169404 -0.05704
119.76303 -0.168430 -0.05936
119.85666 -0.167420 -0.06167
119.95030 -0.166374 -0.06397
120.04394 -0.165292 -0.06625
120.13758 -0.164174 -0.06851
120.23122 -0.163020 -0.07076
120.32485 -0.161831 -0.07299
120.41849 -0.160607 -0.07521
120.51213 -0.159348 -0.07741
120.60577 -0.158055 -0.07959
120.69941 -0.156728 -0.08175
120.79304 -0.155367 -0.08389
120.88668 -0.153972 -0.08602
120.98032 -0.152544 -0.08812
121.07396 -0.151084 -0.09020
121.16760 -0.149590 -0.09226
121.26123 -0.148065 -0.09431
121.35487 -0.146508 -0.09633
121.44851 -0.144919 -0.09832
121.54215 -0.143299 -0.10030
121.63579 -0.141648 -0.10225
121.72942 -0.139967 -0.10418
121.82306 -0.138256 -0.10608
121.91670 -0.136515 -0.10796
122.01034 -0.134745 -0.10981
122.10398 -0.132946 -0.11164
122.19761 -0.131119 -0.11344
122.29125 -0.129264 -0.11522
122.38489 -0.127382 -0.11697
122.47853 -0.125472 -0.11869
122.57217 -0.123536 -0.12039
122.66580 -0.121573 -0.12206
122.75944 -0.119585 -0.12370
122.85308 -0.117571 -0.12531
122.94672 -0.115533 -0.12689
123.04036 -0.113470 -0.12845
123.13399 -0.111383 -0.12997
123.22763 -0.109273 -0.13146
123.32127 -0.107140 -0.13293
123.41491 -0.104985 -0.13436
123.50855 -0.102807 -0.13576
123.60218 -0.100608 -0.13713
123.69582 -0.098389 -0.13847
123.78946 -0.096148 -0.13978
123.88310 -0.093888 -0.14105
123.97674 -0.091609 -0.14230
124.07038 -0.089310 -0.14351
124.16401 -0.086993 -0.14468
124.25765 -0.084659 -0.14583
124.35129 -0.082307 -0.14694
124.44493 -0.079938 -0.14801
124.53857 -0.077553 -0.14906
124.63220 -0.075153 -0.15006
124.72584 -0.072737 -0.15104
124.81948 -0.070307 -0.15198
124.91312 -0.067863 -0.15288
125.00675 -0.065406 -0.15375
125.10039 -0.062935 -0.15458
125.19403 -0.060452 -0.15538
125.28767 -0.057958 -0.15615
125.38131 -0.055452 -0.15687
125.47494 -0.052936 -0.15756
125.56858 -0.050410 -0.15822
125.66222 -0.047874 -0.15884
125.75586 -0.045329 -0.15942
125.84950 -0.042776 -0.15997
125.94314 -0.040216 -0.16048
126.03677 -0.037648 -0.16095
126.13041 -0.035074 -0.16139
126.22405 -0.032493 -0.16179
126.31769 -0.029908 -0.16215
126.41133 -0.027317 -0.16247
126.50496 -0.024723 -0.16276
126.59860 -0.022125 -0.16301
126.69224 -0.019523 -0.16323
126.78588 -0.016920 -0.16340
126.87951 -0.014314 -0.16354
126.97315 -0.011708 -0.16364
127.06679 -0.009100 -0.16371
127.16043 -0.006493 -0.16374
127.25407 -0.003886 -0.16373
127.34770 -0.001280 -0.16368
127.44134 0.001324 -0.16360
127.53498 0.003925 -0.16348
127.62862 0.006524 -0.16332
127.72226 0.009119 -0.16312
127.81590 0.011711 -0.16289
127.90953 0.014297 -0.16262
128.00317 0.016879 -0.16231
128.09681 0.019454 -0.16197
128.19045 0.022023 -0.16159
128.28409 0.024586 -0.16118
128.37772 0.027140 -0.16072
128.47136 0.029687 -0.16023
128.56500 0.032224 -0.15971
128.65864 0.034753 -0.15915
128.75228 0.037272 -0.15855
128.84591 0.039780 -0.15792
128.93955 0.042277 -0.15725
129.03319 0.044763 -0.15654
129.12683 0.047236 -0.15580
129.22047 0.049697 -0.15503
129.31410 0.052145 -0.15422
129.40774 0.054579 -0.15337
129.50138 0.056998 -0.15250
129.59502 0.059403 -0.15158
129.68866 0.061793 -0.15064
129.78229 0.064166 -0.14965
129.87593 0.066523 -0.14864
129.96957 0.068863 -0.14759
130.06321 0.071186 -0.14651
130.15685 0.073490 -0.14540
130.25048 0.075776 -0.14425
130.34412 0.078043 -0.14307
130.43776 0.080290 -0.14186
130.53140 0.082517 -0.14062
130.62504 0.084724 -0.13935
130.71867 0.086910 -0.13804
130.81231 0.089074 -0.13671
130.90595 0.091216 -0.13534
130.99959 0.093336 -0.13394
131.09323 0.095432 -0.13252
131.18686 0.097505 -0.13106
131.28050 0.099555 -0.12958
131.37414 0.101580 -0.12807
131.46778 0.103580 -0.12653
131.56142 0.105555 -0.12496
131.65505 0.107504 -0.12336
131.74869 0.109427 -0.12174
131.84233 0.111324 -0.12009
131.93597 0.113193 -0.11841
132.02961 0.115036 -0.11671
132.12324 0.116850 -0.11498
132.21688 0.118637 -0.11322
132.31052 0.120394 -0.11145
132.40416 0.122123 -0.10964
132.49780 0.123823 -0.10782
132.59143 0.125492 -0.10597
132.68507 0.127132 -0.10409
132.77871 0.128741 -0.10220
132.87235 0.130320 -0.10028
132.96599 0.131867 -0.09834
133.05962 0.133383 -0.09638
133.15326 0.134867 -0.09440
133.24690 0.136319 -0.09240
133.34054 0.137739 -0.09037
133.43418 0.139126 -0.08833
133.52781 0.140480 -0.08627
133.62145 0.141800 -0.08420
133.71509 0.143087 -0.08210
133.80873 0.144340 -0.07999
133.90237 0.145559 -0.07786
133.99601 0.146743 -0.07571
134.08964 0.147893 -0.07355
134.18328 0.149008 -0.07137
134.27692 0.150088 -0.06918
134.37056 0.151132 -0.06698
134.46420 0.152141 -0.06476
134.55783 0.153114 -0.06252
134.65147 0.154051 -0.06028
134.74511 0.154951 -0.05802
134.83875 0.155816 -0.05575
134.93239 0.156643 -0.05347
135.02602 0.157434 -0.05118
135.11966 0.158189 -0.04888
135.21330 0.158906 -0.04657
135.30694 0.159586 -0.04425
135.40058 0.160228 -0.04192
135.49421 0.160833 -0.03959
135.58785 0.161401 -0.03725
135.68149 0.161931 -0.03490
135.77513 0.162423 -0.03254
135.86876 0.162877 -0.03018
135.96240 0.163293 -0.02782
136.05604 0.163672 -0.02545
136.14968 0.164012 -0.02307
136.24332 0.164314 -0.02070
136.33695 0.164578 -0.01832
136.43059 0.164804 -0.01594
136.52423 0.164991 -0.01355
136.61787 0.165140 -0.01117
136.71151 0.165251 -0.00879
136.80514 0.165324 -0.00640
136.89878 0.165358 -0.00402
136.99242 0.165354 -0.00164
137.08606 0.165312 0.00074
137.17970 0.165232 0.00312
137.27333 0.165114 0.00550
137.36697 0.164957 0.00787
137.46061 0.164763 0.01024
137.55425 0.164530 0.01260
137.64789 0.164260 0.01496
137.74153 0.163952 0.01731
137.83516 0.163606 0.01965
137.92880 0.163223 0.02199
138.02244 0.162802 0.02432
138.11608 0.162344 0.02665
138.20972 0.161848 0.02896
138.30335 0.161316 0.03127
138.39699 0.160746 0.03356
138.49063 0.160140 0.03585
138.58427 0.159498 0.03812
138.67791 0.158819 0.04039
138.77154 0.158103 0.04264
138.86518 0.157352 0.04488
138.95882 0.156565 0.04711
139.05246 0.155742 0.04932
139.14610 0.154884 0.05152
139.23973 0.153991 0.05370
139.33337 0.153063 0.05587
139.42701 0.152100 0.05803
139.52065 0.151102 0.06017
139.61429 0.150071 0.06229
139.70792 0.149006 0.06439
139.80156 0.147907 0.06648
139.89520 0.146774 0.06855
139.98884 0.145609 0.07060
140.08248 0.144411 0.07264
140.17611 0.143180 0.07465
140.26975 0.141917 0.07664
140.36339 0.140623 0.07861
140.45703 0.139297 0.08057
140.55067 0.137940 0.08250
140.64430 0.136552 0.08441
140.73794 0.135133 0.08629
140.83158 0.133685 0.08816
140.92522 0.132207 0.09000
141.01886 0.130699 0.09181
141.11249 0.129163 0.09361
141.20613 0.127598 0.09538
141.29977 0.126005 0.09712
141.39341 0.124384 0.09884
141.48705 0.122736 0.10054
141.58068 0.121060 0.10220
141.67432 0.119359 0.10384
141.76796 0.117631 0.10546
141.86160 0.115877 0.10705
141.95524 0.114098 0.10861
142.04887 0.112295 0.11014
142.14251 0.110467 0.11164
142.23615 0.108615 0.11312
142.32979 0.106740 0.11457
142.42343 0.104842 0.11598
142.51706 0.102921 0.11737
142.61070 0.100978 0.11873
142.70434 0.099014 0.12006
142.79798 0.097029 0.12136
142.89162 0.095023 0.12262
142.98525 0.092997 0.12386
143.07889 0.090952 0.12506
143.17253 0.088887 0.12624
143.26617 0.086804 0.12738
143.35981 0.084703 0.12849
143.45344 0.082585 0.12956
143.54708 0.080449 0.13061
143.64072 0.078297 0.13162
143.73436 0.076129 0.13259
143.82800 0.073946 0.13354
143.92163 0.071748 0.13445
144.01527 0.069535 0.13533
144.10891 0.067309 0.13617
144.20255 0.065070 0.13698
144.29619 0.062818 0.13775
144.38983 0.060553 0.13849
144.48346 0.058278 0.13920
144.57710 0.055991 0.13987
144.67074 0.053694 0.14051
144.76438 0.051387 0.14111
144.85802 0.049070 0.14167
144.95165 0.046745 0.14220
145.04529 0.044412 0.14270
145.13893 0.042071 0.14316
145.23257 0.039723 0.14358
145.32621 0.037368 0.14397
145.41984 0.035008 0.14432
145.51348 0.032643 0.14464
145.60712 0.030272 0.14492
145.70076 0.027898 0.14516
145.79440 0.025520 0.14537
145.88803 0.023139 0.14554
145.98167 0.020755 0.14568
146.07531 0.018370 0.14578
146.16895 0.015983 0.14584
146.26259 0.013596 0.14587
146.35622 0.011209 0.14586
146.44986 0.008822 0.14582
146.54350 0.006436 0.14574
146.63714 0.004052 0.14562
146.73077 0.001670 0.14547
146.82441 -0.000709 0.14528
146.91805 -0.003084 0.14506
147.01169 -0.005456 0.14480
147.10533 -0.007823 0.14450
147.19896 -0.010185 0.14417
147.29260 -0.012541 0.14381
147.38624 -0.014891 0.14340
147.47988 -0.017234 0.14297
147.57352 -0.019570 0.14250
147.66715 -0.021898 0.14199
147.76079 -0.024217 0.14145
147.85443 -0.026528 0.14087
147.94807 -0.028828 0.14026
148.04171 -0.031118 0.13961
148.13535 -0.033398 0.13893
148.22898 -0.035666 0.13822
148.32262 -0.037923 0.13747
148.41626 -0.040167 0.13669
148.50990 -0.042398 0.13587
148.60354 -0.044615 0.13503
148.69717 -0.046819 0.13414
148.79081 -0.049008 0.13323
148.88445 -0.051181 0.13228
148.97809 -0.053340 0.13131
149.07173 -0.055482 0.13029
149.16536 -0.057607 0.12925
149.25900 -0.059716 0.12818
149.35264 -0.061806 0.12707
149.44628 -0.063879 0.12594
149.53992 -0.065932 0.12477
149.63355 -0.067967 0.12357
149.72719 -0.069982 0.12234
149.82083 -0.071977 0.12109
149.91447 -0.073951 0.11980
150.00811 -0.075904 0.11849
150.10174 -0.077836 0.11714
150.19538 -0.079745 0.11577
150.28902 -0.081632 0.11437
150.38266 -0.083496 0.11294
150.47630 -0.085337 0.11148
150.56993 -0.087154 0.11000
150.66357 -0.088947 0.10849
150.75721 -0.090715 0.10696
150.85085 -0.092457 0.10540
150.94449 -0.094175 0.10381
151.03812 -0.095866 0.10220
151.13176 -0.097531 0.10056
151.22540 -0.099169 0.09890
151.31904 -0.100780 0.09722
151.41268 -0.102364 0.09551
151.50631 -0.103920 0.09378
151.59995 -0.105447 0.09203
151.69359 -0.106946 0.09025
151.78723 -0.108415 0.08845
151.88087 -0.109856 0.08664
151.97450 -0.111267 0.08480
152.06814 -0.112647 0.08294
152.16178 -0.113998 0.08106
152.25542 -0.115317 0.07916
152.34906 -0.116606 0.07725
152.44269 -0.117863 0.07531
152.53633 -0.119089 0.07336
152.62997 -0.120283 0.07139
152.72361 -0.121445 0.06940
152.81725 -0.122574 0.06740
152.91089 -0.123671 0.06538
153.00452 -0.124735 0.06335
153.09816 -0.125765 0.06130
153.19180 -0.126762 0.05923
153.28544 -0.127725 0.05716
153.37908 -0.128655 0.05507
153.47271 -0.129550 0.05296
153.56635 -0.130411 0.05085
153.65999 -0.131237 0.04872
153.75363 -0.132029 0.04658
153.84726 -0.132785 0.04443
153.94090 -0.133507 0.04227
154.03454 -0.134193 0.04010
154.12818 -0.134844 0.03793
154.22182 -0.135460 0.03574
154.31545 -0.136039 0.03355
154.40909 -0.136583 0.03134
154.50273 -0.137091 0.02914
154.59637 -0.137562 0.02692
154.69001 -0.137998 0.02470
154.78364 -0.138397 0.02248
154.87728 -0.138760 0.02024
154.97092 -0.139086 0.01801
155.06456 -0.139376 0.01577
155.15820 -0.139629 0.01353
155.25184 -0.139846 0.01129
155.34547 -0.140026 0.00904
155.43911 -0.140169 0.00680
155.53275 -0.140275 0.00455
155.62639 -0.140345 0.00230
155.72003 -0.140378 0.00006
155.81366 -0.140374 -0.00219
155.90730 -0.140333 -0.00443
156.00094 -0.140256 -0.00667
156.09458 -0.140142 -0.00891
156.18822 -0.139991 -0.01115
156.28185 -0.139804 -0.01338
156.37549 -0.139580 -0.01561
156.46913 -0.139319 -0.01783
156.56277 -0.139022 -0.02005
156.65641 -0.138689 -0.02226
156.75004 -0.138319 -0.02447
156.84368 -0.137913 -0.02667
156.93732 -0.137471 -0.02886
157.03096 -0.136993 -0.03104
157.12459 -0.136480 -0.03321
157.21823 -0.135930 -0.03538
157.31187 -0.135345 -0.03753
157.40551 -0.134725 -0.03968
157.49915 -0.134069 -0.04181
157.59278 -0.133379 -0.04393
157.68642 -0.132653 -0.04604
157.78006 -0.131893 -0.04814
157.87370 -0.131098 -0.05022
157.96734 -0.130269 -0.05229
158.06098 -0.129406 -0.05435
158.15461 -0.128509 -0.05639
158.24825 -0.127578 -0.05842
158.34189 -0.126614 -0.06043
158.43553 -0.125616 -0.06243
158.52917 -0.124586 -0.06441
158.62280 -0.123523 -0.06637
158.71644 -0.122428 -0.06831
158.81008 -0.121300 -0.07024
158.90372 -0.120141 -0.07215
158.99736 -0.118950 -0.07403
159.09099 -0.117728 -0.07590
159.18463 -0.116475 -0.07775
159.27827 -0.115191 -0.07958
159.37191 -0.113877 -0.08139
159.46555 -0.112533 -0.08318
159.55918 -0.111159 -0.08494
159.65282 -0.109756 -0.08668
159.74646 -0.108324 -0.08840
159.84010 -0.106864 -0.09010
159.93374 -0.105375 -0.09177
160.02737 -0.103858 -0.09342
160.12101 -0.102314 -0.09505
160.21465 -0.100743 -0.09665
160.30829 -0.099145 -0.09822
160.40193 -0.097521 -0.09977
160.49556 -0.095871 -0.10130
160.58920 -0.094195 -0.10279
160.68284 -0.092495 -0.10426
160.77648 -0.090770 -0.10571
160.87012 -0.089020 -0.10712
160.96375 -0.087247 -0.10851
161.05739 -0.085450 -0.10987
161.15103 -0.083631 -0.11120
161.24467 -0.081789 -0.11251
161.33831 -0.079925 -0.11378
161.43194 -0.078040 -0.11502
161.52558 -0.076133 -0.11624
161.61922 -0.074206 -0.11742
161.71286 -0.072259 -0.11857
161.80650 -0.070292 -0.11970
161.90013 -0.068306 -0.12079
161.99377 -0.066302 -0.12185
162.08741 -0.064279 -0.12288
162.18105 -0.062239 -0.12388
162.27469 -0.060182 -0.12484
162.36832 -0.058108 -0.12577
162.46196 -0.056018 -0.12667
162.55560 -0.053912 -0.12754
162.64924 -0.051791 -0.12838
162.74288 -0.049656 -0.12918
162.83652 -0.047507 -0.12995
162.93015 -0.045344 -0.13068
163.02379 -0.043169 -0.13138
163.11743 -0.040981 -0.13205
163.21107 -0.038781 -0.13268
163.30471 -0.036570 -0.13328
163.39834 -0.034348 -0.13384
163.49198 -0.032116 -0.13437
163.58562 -0.029874 -0.13486
163.67926 -0.027624 -0.13532
163.77290 -0.025364 -0.13575
163.86653 -0.023097 -0.13613
163.96017 -0.020823 -0.13649
164.05381 -0.018541 -0.13681
164.14745 -0.016254 -0.13709
164.24108 -0.013960 -0.13733
164.33472 -0.011662 -0.13755
164.42836 -0.009359 -0.13772
164.52200 -0.007052 -0.13786
164.61564 -0.004742 -0.13797
164.70927 -0.002428 -0.13803
164.80291 -0.000113 -0.13807
164.89655 0.002204 -0.13806
164.99019 0.004522 -0.13802
165.08383 0.006841 -0.13795
165.17746 0.009160 -0.13784
165.27110 0.011478 -0.13769
165.36474 0.013795 -0.13751
165.45838 0.016110 -0.13729
165.55202 0.018422 -0.13703
165.64565 0.020732 -0.13674
165.73929 0.023038 -0.13642
165.83293 0.025340 -0.13606
165.92657 0.027638 -0.13566
166.02021 0.029930 -0.13523
166.11385 0.032216 -0.13476
166.20748 0.034496 -0.13426
166.30112 0.036769 -0.13372
166.39476 0.039035 -0.13315
166.48840 0.041292 -0.13254
166.58204 0.043541 -0.13190
166.67567 0.045781 -0.13122
166.76931 0.048010 -0.13051
166.86295 0.050230 -0.12976
166.95659 0.052438 -0.12898
167.05023 0.054636 -0.12817
167.14386 0.056821 -0.12732
167.23750 0.058993 -0.12644
167.33114 0.061153 -0.12553
167.42478 0.063299 -0.12458
167.51842 0.065430 -0.12360
167.61205 0.067547 -0.12259
167.70569 0.069649 -0.12154
167.79933 0.071735 -0.12046
167.89297 0.073805 -0.11936
167.98661 0.075858 -0.11821
168.08024 0.077894 -0.11704
168.17388 0.079912 -0.11584
168.26752 0.081911 -0.11461
168.36116 0.083892 -0.11334
168.45480 0.085853 -0.11205
168.54843 0.087795 -0.11072
168.64207 0.089716 -0.10937
168.73571 0.091616 -0.10798
168.82935 0.093495 -0.10657
168.92299 0.095353 -0.10513
169.01662 0.097188 -0.10366
169.11026 0.099000 -0.10216
169.20390 0.100789 -0.10064
169.29754 0.102555 -0.09909
169.39118 0.104296 -0.09751
169.48481 0.106014 -0.09590
169.57845 0.107706 -0.09427
169.67209 0.109372 -0.09261
169.76573 0.111013 -0.09093
169.85937 0.112628 -0.08922
169.95300 0.114216 -0.08749
170.04664 0.115778 -0.08574
170.14028 0.117311 -0.08396
170.23392 0.118817 -0.08216
170.32756 0.120295 -0.08033
170.42119 0.121744 -0.07848
170.51483 0.123164 -0.07662
170.60847 0.124555 -0.07473
170.70211 0.125916 -0.07281
170.79575 0.127247 -0.07088
170.88938 0.128548 -0.06893
170.98302 0.129818 -0.06696
171.07666 0.131057 -0.06497
171.17030 0.132265 -0.06296
171.26394 0.133441 -0.06093
171.35757 0.134585 -0.05889
171.45121 0.135697 -0.05683
171.54485 0.136776 -0.05475
171.63849 0.137822 -0.05265
171.73213 0.138835 -0.05054
171.82576 0.139815 -0.04842
171.91940 0.140761 -0.04628
172.01304 0.141673 -0.04413
172.10668 0.142551 -0.04196
172.20032 0.143395 -0.03978
172.29395 0.144204 -0.03759
172.38759 0.144978 -0.03538
172.48123 0.145717 -0.03317
172.57487 0.146421 -0.03094
172.66851 0.147090 -0.02870
172.76214 0.147722 -0.02646
172.85578 0.148319 -0.02420
172.94942 0.148880 -0.02194
173.04306 0.149405 -0.01966
173.13670 0.149894 -0.01738
173.23034 0.150346 -0.01510
173.32397 0.150762 -0.01280
173.41761 0.151141 -0.01050
173.51125 0.151483 -0.00820
173.60489 0.151788 -0.00589
173.69853 0.152056 -0.00358
173.79216 0.152288 -0.00126
173.88580 0.152482 0.00106
173.97944 0.152638 0.00338
174.07308 0.152758 0.00571
174.16672 0.152840 0.00803
174.26035 0.152885 0.01036
174.35399 0.152892 0.01268
174.44763 0.152862 0.01501
174.54127 0.152794 0.01734
174.63491 0.152689 0.01966
174.72854 0.152546 0.02198
174.82218 0.152366 0.02430
174.91582 0.152148 0.02661
175.00946 0.151893 0.02892
175.10309 0.151601 0.03123
175.19673 0.151271 0.03353
175.29037 0.150904 0.03583
175.38401 0.150500 0.03812
175.47765 0.150058 0.04040
175.57128 0.149580 0.04268
175.66492 0.149065 0.04495
175.75856 0.148512 0.04721
175.85220 0.147923 0.04946
175.94584 0.147297 0.05170
176.03947 0.146635 0.05393
176.13311 0.145937 0.05615
176.22675 0.145202 0.05836
176.32039 0.144431 0.06056
176.41403 0.143624 0.06275
176.50766 0.142781 0.06492
176.60130 0.141903 0.06708
176.69494 0.140990 0.06922
176.78858 0.140041 0.07135
176.88222 0.139057 0.07347
176.97586 0.138038 0.07557
177.06949 0.136985 0.07766
177.16313 0.135898 0.07972
177.25677 0.134777 0.08178
177.35041 0.133621 0.08381
177.44405 0.132432 0.08582
177.53768 0.131210 0.08782
177.63132 0.129955 0.08980
177.72496 0.128667 0.09176
177.81860 0.127347 0.09369
177.91224 0.125994 0.09561
178.00587 0.124610 0.09751
178.09951 0.123194 0.09938
178.19315 0.121746 0.10123
178.28679 0.120268 0.10307
178.38043 0.118760 0.10487
178.47406 0.117221 0.10666
178.56770 0.115652 0.10842
178.66134 0.114053 0.11015
178.75498 0.112426 0.11186
178.84862 0.110769 0.11355
178.94225 0.109085 0.11521
179.03589 0.107372 0.11684
179.12953 0.105631 0.11845
179.22317 0.103864 0.12003
179.31681 0.102069 0.12158
179.41044 0.100248 0.12311
179.50408 0.098401 0.12461
179.59772 0.096529 0.12608
179.69136 0.094631 0.12752
179.78500 0.092709 0.12893
179.87863 0.090762 0.13031
179.97227 0.088791 0.13166
180.06591 0.086797 0.13298
180.15955 0.084781 0.13428
180.25319 0.082741 0.13554
180.34682 0.080680 0.13676
180.44046 0.078597 0.13796
180.53410 0.076494 0.13913
180.62774 0.074369 0.14026
180.72138 0.072225 0.14136
180.81501 0.070061 0.14243
180.90865 0.067879 0.14346
181.00229 0.065677 0.14446
181.09593 0.063458 0.14543
181.18957 0.061221 0.14636
181.28320 0.058967 0.14726
181.37684 0.056697 0.14813
181.47048 0.054411 0.14896
181.56412 0.052109 0.14975
181.65776 0.049792 0.15051
181.75139 0.047462 0.15124
181.84503 0.045117 0.15193
181.93867 0.042759 0.15258
182.03231 0.040389 0.15320
182.12595 0.038006 0.15378
182.21958 0.035612 0.15432
182.31322 0.033207 0.15483
182.40686 0.030792 0.15531
182.50050 0.028366 0.15574
182.59414 0.025932 0.15614
182.68777 0.023488 0.15650
182.78141 0.021037 0.15683
182.87505 0.018577 0.15712
182.96869 0.016111 0.15737
183.06233 0.013639 0.15758
183.15596 0.011160 0.15775
183.24960 0.008677 0.15789
183.34324 0.006188 0.15799
183.43688 0.003696 0.15806
183.53052 0.001200 0.15808
183.62416 -0.001299 0.15807
183.71779 -0.003800 0.15802
183.81143 -0.006303 0.15793
183.90507 -0.008807 0.15780
183.99871 -0.011312 0.15764
184.09235 -0.013816 0.15744
184.18598 -0.016320 0.15720
184.27962 -0.018823 0.15692
184.37326 -0.021324 0.15661
184.46690 -0.023823 0.15625
184.56054 -0.026318 0.15586
184.65417 -0.028810 0.15544
184.74781 -0.031298 0.15497
184.84145 -0.033781 0.15447
184.93509 -0.036259 0.15393
185.02873 -0.038731 0.15335
185.12236 -0.041196 0.15274
185.21600 -0.043655 0.15209
185.30964 -0.046105 0.15140
185.40328 -0.048548 0.15068
185.49692 -0.050981 0.14991
185.59055 -0.053405 0.14912
185.68419 -0.055820 0.14828
185.77783 -0.058223 0.14741
185.87147 -0.060616 0.14651
185.96510 -0.062997 0.14557
186.05874 -0.065365 0.14459
186.15238 -0.067721 0.14358
186.24602 -0.070063 0.14253
186.33966 -0.072392 0.14145
186.43329 -0.074706 0.14033
186.52693 -0.077005 0.13918
186.62057 -0.079288 0.13799
186.71421 -0.081555 0.13677
186.80785 -0.083806 0.13552
186.90148 -0.086039 0.13424
186.99512 -0.088255 0.13292
187.08876 -0.090452 0.13156
187.18240 -0.092631 0.13018
187.27604 -0.094790 0.12876
187.36968 -0.096930 0.12731
187.46331 -0.099049 0.12583
187.55695 -0.101148 0.12432
187.65059 -0.103225 0.12278
187.74423 -0.105280 0.12120
187.83787 -0.107313 0.11960
187.93150 -0.109323 0.11797
188.02514 -0.111310 0.11630
188.11878 -0.113273 0.11461
188.21242 -0.115212 0.11289
188.30606 -0.117127 0.11114
188.39969 -0.119016 0.10936
188.49333 -0.120879 0.10756
188.58697 -0.122717 0.10573
188.68061 -0.124528 0.10387
188.77425 -0.126312 0.10198
188.86788 -0.128069 0.10007
188.96152 -0.129798 0.09814
189.05516 -0.131499 0.09617
189.14880 -0.133171 0.09419
189.24244 -0.134815 0.09218
189.33607 -0.136429 0.09014
189.42971 -0.138013 0.08809
189.52335 -0.139567 0.08601
189.61699 -0.141091 0.08390
189.71063 -0.142583 0.08178
189.80426 -0.144045 0.07963
189.89790 -0.145475 0.07747
189.99154 -0.146873 0.07528
190.08518 -0.148238 0.07307
190.17882 -0.149571 0.07085
190.27245 -0.150872 0.06860
190.36609 -0.152138 0.06634
190.45973 -0.153372 0.06406
190.55337 -0.154571 0.06176
190.64701 -0.155737 0.05945
190.74064 -0.156868 0.05711
190.83428 -0.157964 0.05477
190.92792 -0.159026 0.05241
191.02156 -0.160052 0.05003
191.11520 -0.161042 0.04764
191.20883 -0.161997 0.04523
191.30247 -0.162916 0.04282
191.39611 -0.163799 0.04039
191.48975 -0.164646 0.03795
191.58339 -0.165456 0.03549
191.67702 -0.166229 0.03303
191.77066 -0.166965 0.03056
191.86430 -0.167664 0.02807
191.95794 -0.168326 0.02558
192.05158 -0.168950 0.02308
192.14521 -0.169537 0.02057
192.23885 -0.170085 0.01805
192.33249 -0.170596 0.01553
192.42613 -0.171069 0.01300
192.51977 -0.171504 0.01047
192.61341 -0.171900 0.00793
192.70704 -0.172258 0.00539
192.80068 -0.172577 0.00284
192.89432 -0.172858 0.00029
192.98796 -0.173101 -0.00226
193.08159 -0.173304 -0.00482
193.17523 -0.173469 -0.00737
193.26887 -0.173595 -0.00993
193.36251 -0.173682 -0.01249
193.45615 -0.173730 -0.01504
193.54978 -0.173740 -0.01760
193.64342 -0.173710 -0.02015
193.73706 -0.173642 -0.02271
193.83070 -0.173534 -0.02525
193.92434 -0.173388 -0.02780
194.01797 -0.173203 -0.03034
194.11161 -0.172979 -0.03288
194.20525 -0.172716 -0.03541
194.29889 -0.172415 -0.03794
194.39253 -0.172075 -0.04046
194.48617 -0.171696 -0.04297
194.57980 -0.171279 -0.04547
194.67344 -0.170823 -0.04797
194.76708 -0.170329 -0.05046
194.86072 -0.169797 -0.05294
194.95436 -0.169227 -0.05541
195.04799 -0.168619 -0.05787
195.14163 -0.167973 -0.06032
195.23527 -0.167289 -0.06275
195.32891 -0.166568 -0.06518
195.42255 -0.165810 -0.06759
195.51618 -0.165014 -0.06999
195.60982 -0.164181 -0.07237
195.70346 -0.163311 -0.07474
195.79710 -0.162405 -0.07709
195.89074 -0.161463 -0.07943
195.98437 -0.160484 -0.08176
196.07801 -0.159469 -0.08406
196.17165 -0.158418 -0.08635
196.26529 -0.157332 -0.08863
196.35892 -0.156211 -0.09088
196.45256 -0.155054 -0.09311
196.54620 -0.153863 -0.09533
196.63984 -0.152637 -0.09753
196.73348 -0.151377 -0.09970
196.82711 -0.150084 -0.10185
196.92075 -0.148756 -0.10399
197.01439 -0.147395 -0.10610
197.10803 -0.146002 -0.10819
197.20167 -0.144575 -0.11025
197.29530 -0.143117 -0.11230
197.38894 -0.141626 -0.11432
197.48258 -0.140104 -0.11631
197.57622 -0.138550 -0.11828
197.66986 -0.136965 -0.12023
197.76350 -0.135350 -0.12214
197.85713 -0.133705 -0.12404
197.95077 -0.132029 -0.12590
198.04441 -0.130325 -0.12774
198.13805 -0.128591 -0.12956
198.23169 -0.126828 -0.13134
198.32532 -0.125038 -0.13310
198.41896 -0.123219 -0.13482
198.51260 -0.121373 -0.13652
198.60624 -0.119500 -0.13819
198.69988 -0.117601 -0.13983
198.79351 -0.115675 -0.14143
198.88715 -0.113724 -0.14301
198.98079 -0.111748 -0.14456
199.07443 -0.109747 -0.14607
199.16807 -0.107721 -0.14756
199.26170 -0.105672 -0.14901
199.35534 -0.103599 -0.15043
199.44898 -0.101504 -0.15181
199.54262 -0.099386 -0.15316
199.63626 -0.097246 -0.15448
199.72989 -0.095085 -0.15577
199.82353 -0.092903 -0.15702
199.91717 -0.090701 -0.15823
200.01081 -0.088478 -0.15942
200.10445 -0.086237 -0.16056
200.19808 -0.083976 -0.16168
200.29172 -0.081697 -0.16275
200.38536 -0.079401 -0.16379
200.47900 -0.077087 -0.16480
200.57264 -0.074757 -0.16576
200.66627 -0.072410 -0.16670
200.75991 -0.070048 -0.16759
200.85355 -0.067670 -0.16845
200.94719 -0.065278 -0.16927
201.04083 -0.062872 -0.17005
201.13446 -0.060453 -0.17080
201.22810 -0.058021 -0.17151
201.32174 -0.055577 -0.17218
201.41538 -0.053121 -0.17281
201.50902 -0.050653 -0.17340
201.60265 -0.048176 -0.17396
201.69629 -0.045688 -0.17448
201.78993 -0.043191 -0.17496
201.88357 -0.040685 -0.17540
201.97721 -0.038170 -0.17580
202.07084 -0.035649 -0.17616
202.16448 -0.033120 -0.17648
202.25812 -0.030584 -0.17677
202.35176 -0.028043 -0.17701
202.44540 -0.025496 -0.17722
202.53904 -0.022944 -0.17738
202.63267 -0.020389 -0.17751
202.72631 -0.017830 -0.17760
202.81995 -0.015268 -0.17765
202.91359 -0.012703 -0.17766
203.00723 -0.010137 -0.17763
203.10086 -0.007570 -0.17756
203.19450 -0.005002 -0.17745
203.28814 -0.002434 -0.17730
203.38178 0.000133 -0.17711
203.47541 0.002699 -0.17688
203.56905 0.005263 -0.17662
203.66269 0.007825 -0.17631
203.75633 0.010383 -0.17597
203.84997 0.012939 -0.17558
203.94360 0.015489 -0.17516
204.03724 0.018036 -0.17470
204.13088 0.020576 -0.17420
204.22452 0.023111 -0.17366
204.31816 0.025639 -0.17308
204.41179 0.028160 -0.17246
204.50543 0.030674 -0.17181
204.59907 0.033179 -0.17112
204.69271 0.035675 -0.17039
204.78635 0.038161 -0.16962
204.87998 0.040638 -0.16881
204.97362 0.043104 -0.16797
205.06726 0.045559 -0.16709
205.16090 0.048002 -0.16617
205.25454 0.050433 -0.16521
205.34818 0.052850 -0.16422
205.44181 0.055255 -0.16320
205.53545 0.057645 -0.16213
205.62909 0.060021 -0.16103
205.72273 0.062382 -0.15990
205.81637 0.064727 -0.15873
205.91000 0.067056 -0.15752
206.00364 0.069368 -0.15628
206.09728 0.071663 -0.15501
206.19092 0.073940 -0.15370
206.28456 0.076199 -0.15235
206.37819 0.078439 -0.15098
206.47183 0.080660 -0.14957
206.56547 0.082861 -0.14812
206.65911 0.085041 -0.14665
206.75275 0.087201 -0.14514
206.84638 0.089339 -0.14360
206.94002 0.091456 -0.14203
207.03366 0.093550 -0.14042
207.12730 0.095621 -0.13879
207.22094 0.097669 -0.13713
207.31457 0.099693 -0.13543
207.40821 0.101693 -0.13371
207.50185 0.103669 -0.13195
207.59549 0.105619 -0.13017
207.68913 0.107544 -0.12836
207.78276 0.109442 -0.12652
207.87640 0.111314 -0.12465
207.97004 0.113160 -0.12276
208.06368 0.114978 -0.12084
208.15732 0.116768 -0.11889
208.25095 0.118530 -0.11692
208.34459 0.120264 -0.11492
208.43823 0.121969 -0.11290
208.53187 0.123644 -0.11085
208.62551 0.125290 -0.10878
208.71914 0.126905 -0.10668
208.81278 0.128491 -0.10457
208.90642 0.130045 -0.10243
209.00006 0.131569 -0.10026
209.09370 0.133061 -0.09808
209.18733 0.134521 -0.09587
209.28097 0.135949 -0.09365
209.37461 0.137344 -0.09140
209.46825 0.138707 -0.08914
209.56189 0.140037 -0.08685
209.65552 0.141333 -0.08455
209.74916 0.142596 -0.08223
209.84280 0.143825 -0.07989
209.93644 0.145019 -0.07754
210.03008 0.146179 -0.07517
210.12371 0.147305 -0.07278
210.21735 0.148395 -0.07038
210.31099 0.149450 -0.06796
210.40463 0.150470 -0.06553
210.49827 0.151454 -0.06309
210.59190 0.152402 -0.06063
210.68554 0.153315 -0.05817
210.77918 0.154190 -0.05569
210.87282 0.155030 -0.05319
210.96646 0.155833 -0.05069
211.06009 0.156599 -0.04818
211.15373 0.157328 -0.04566
211.24737 0.158019 -0.04313
211.34101 0.158674 -0.04059
211.43465 0.159291 -0.03805
211.52828 0.159871 -0.03549
211.62192 0.160413 -0.03293
211.71556 0.160917 -0.03037
211.80920 0.161383 -0.02780
211.90284 0.161812 -0.02522
211.99647 0.162202 -0.02264
212.09011 0.162555 -0.02006
212.18375 0.162869 -0.01748
212.27739 0.163145 -0.01489
212.37103 0.163382 -0.01230
212.46467 0.163582 -0.00971
212.55830 0.163743 -0.00712
212.65194 0.163866 -0.00453
212.74558 0.163950 -0.00194
212.83922 0.163996 0.00065
212.93286 0.164004 0.00323
213.02649 0.163973 0.00582
213.12013 0.163905 0.00840
213.21377 0.163798 0.01097
213.30741 0.163652 0.01355
213.40105 0.163469 0.01611
213.49468 0.163248 0.01867
213.58832 0.162988 0.02123
213.68196 0.162691 0.02378
213.77560 0.162356 0.02632
213.86924 0.161983 0.02885
213.96287 0.161573 0.03138
214.05651 0.161125 0.03389
214.15015 0.160639 0.03640
214.24379 0.160117 0.03889
214.33742 0.159557 0.04138
214.43106 0.158961 0.04385
214.52470 0.158328 0.04631
214.61834 0.157658 0.04876
214.71198 0.156952 0.05119
214.80561 0.156210 0.05361
214.89925 0.155431 0.05602
214.99289 0.154617 0.05841
215.08653 0.153768 0.06079
215.18017 0.152883 0.06315
215.27380 0.151962 0.06549
215.36744 0.151007 0.06782
215.46108 0.150018 0.07013
215.55472 0.148994 0.07242
215.64836 0.147936 0.07470
215.74199 0.146844 0.07695
215.83563 0.145718 0.07918
215.92927 0.144560 0.08140
216.02291 0.143368 0.08359
216.11655 0.142144 0.08576
216.21019 0.140887 0.08791
216.30382 0.139598 0.09004
216.39746 0.138278 0.09214
216.49110 0.136927 0.09423
216.58474 0.135544 0.09628
216.67838 0.134131 0.09832
216.77201 0.132687 0.10033
216.86565 0.131213 0.10231
216.95929 0.129710 0.10427
217.05293 0.128178 0.10620
217.14657 0.126617 0.10811
217.24020 0.125028 0.10999
217.33384 0.123411 0.11184
217.42748 0.121766 0.11366
217.52112 0.120093 0.11546
217.61476 0.118395 0.11723
217.70839 0.116669 0.11897
217.80203 0.114918 0.12068
217.89567 0.113142 0.12236
217.98931 0.111340 0.12400
218.08295 0.109514 0.12562
218.17658 0.107664 0.12721
218.27022 0.105791 0.12877
218.36386 0.103894 0.13029
218.45750 0.101974 0.13179
218.55114 0.100032 0.13325
218.64477 0.098069 0.13468
218.73841 0.096084 0.13607
218.83205 0.094078 0.13744
218.92569 0.092052 0.13876
219.01933 0.090007 0.14006
219.11296 0.087942 0.14132
219.20660 0.085859 0.14255
219.30024 0.083757 0.14374
219.39388 0.081638 0.14490
219.48752 0.079501 0.14602
219.58115 0.077348 0.14710
219.67479 0.075179 0.14816
219.76843 0.072994 0.14917
219.86207 0.070794 0.15015
219.95571 0.068580 0.15109
220.04934 0.066351 0.15200
220.14298 0.064110 0.15287
220.23662 0.061855 0.15370
220.33026 0.059588 0.15449
220.42390 0.057310 0.15525
220.51753 0.055020 0.15597
220.61117 0.052720 0.15666
220.70481 0.050410 0.15730
220.79845 0.048090 0.15791
220.89209 0.045762 0.15848
220.98572 0.043425 0.15901
221.07936 0.041080 0.15950
221.17300 0.038728 0.15996
221.26664 0.036370 0.16038
221.36028 0.034006 0.16075
221.45391 0.031636 0.16109
221.54755 0.029261 0.16140
221.64119 0.026882 0.16166
221.73483 0.024500 0.16188
221.82847 0.022114 0.16207
221.92210 0.019726 0.16221
222.01574 0.017336 0.16232
222.10938 0.014944 0.16239
222.20302 0.012552 0.16242
222.29666 0.010160 0.16241
222.39029 0.007768 0.16237
222.48393 0.005377 0.16228
222.57757 0.002988 0.16216
222.67121 0.000601 0.16200
222.76485 -0.001784 0.16180
222.85849 -0.004165 0.16156
222.95212 -0.006542 0.16128
223.04576 -0.008914 0.16096
223.13940 -0.011282 0.16061
223.23304 -0.013644 0.16022
223.32668 -0.016000 0.15979
223.42031 -0.018349 0.15932
223.51395 -0.020690 0.15881
223.60759 -0.023024 0.15827
223.70123 -0.025349 0.15769
223.79487 -0.027665 0.15708
223.88850 -0.029971 0.15642
223.98214 -0.032267 0.15573
224.07578 -0.034552 0.15500
224.16942 -0.036826 0.15424
224.26306 -0.039089 0.15344
224.35669 -0.041338 0.15260
224.45033 -0.043575 0.15173
224.54397 -0.045799 0.15082
224.63761 -0.048008 0.14988
224.73125 -0.050202 0.14890
224.82488 -0.052382 0.14789
224.91852 -0.054546 0.14684
225.01216 -0.056694 0.14576
225.10580 -0.058825 0.14465
225.19943 -0.060939 0.14350
225.29307 -0.063035 0.14232
225.38671 -0.065113 0.14110
225.48035 -0.067172 0.13985
225.57399 -0.069212 0.13857
225.66762 -0.071232 0.13726
225.76126 -0.073233 0.13592
225.85490 -0.075212 0.13454
225.94854 -0.077170 0.13314
226.04218 -0.079107 0.13170
226.13581 -0.081022 0.13023
226.22945 -0.082914 0.12873
226.32309 -0.084783 0.12721
226.41673 -0.086629 0.12565
226.51037 -0.088450 0.12407
226.60401 -0.090248 0.12245
226.69764 -0.092020 0.12081
226.79128 -0.093768 0.11914
226.88492 -0.095490 0.11745
226.97856 -0.097185 0.11573
227.07220 -0.098855 0.11398
227.16583 -0.100497 0.11220
227.25947 -0.102113 0.11040
227.35311 -0.103701 0.10858
227.44675 -0.105260 0.10673
227.54039 -0.106792 0.10486
227.63402 -0.108295 0.10296
227.72766 -0.109768 0.10104
227.82130 -0.111212 0.09910
227.91494 -0.112627 0.09713
228.00858 -0.114011 0.09515
228.10221 -0.115365 0.09314
228.19585 -0.116689 0.09112
228.28949 -0.117981 0.08907
228.38313 -0.119242 0.08700
228.47677 -0.120471 0.08492
228.57040 -0.121668 0.08281
228.66404 -0.122833 0.08069
228.75768 -0.123965 0.07855
228.85132 -0.125065 0.07640
228.94496 -0.126132 0.07423
229.03859 -0.127165 0.07204
229.13223 -0.128165 0.06983
229.22587 -0.129132 0.06762
229.31951 -0.130064 0.06539
229.41315 -0.130962 0.06314
229.50678 -0.131826 0.06088
229.60042 -0.132655 0.05861
229.69406 -0.133449 0.05633
229.78770 -0.134209 0.05403
229.88134 -0.134933 0.05173
229.97497 -0.135622 0.04942
230.06861 -0.136276 0.04709
230.16225 -0.136894 0.04476
230.25589 -0.137476 0.04242
230.34953 -0.138022 0.04007
230.44316 -0.138533 0.03771
230.53680 -0.139007 0.03535
230.63044 -0.139446 0.03298
230.72408 -0.139848 0.03060
230.81772 -0.140213 0.02823
230.91135 -0.140542 0.02584
231.00499 -0.140835 0.02345
231.09863 -0.141091 0.02106
231.19227 -0.141311 0.01867
231.28591 -0.141494 0.01628
231.37954 -0.141640 0.01388
231.47318 -0.141750 0.01148
231.56682 -0.141823 0.00909
231.66046 -0.141859 0.00669
231.75410 -0.141859 0.00430
231.84773 -0.141822 0.00190
231.94137 -0.141748 -0.00049
232.03501 -0.141638 -0.00288
232.12865 -0.141491 -0.00526
232.22229 -0.141307 -0.00764
232.31592 -0.141088 -0.01002
232.40956 -0.140831 -0.01239
232.50320 -0.140539 -0.01475
232.59684 -0.140210 -0.01711
232.69048 -0.139845 -0.01946
232.78411 -0.139445 -0.02180
232.87775 -0.139008 -0.02414
232.97139 -0.138536 -0.02647
233.06503 -0.138028 -0.02878
233.15867 -0.137484 -0.03109
233.25230 -0.136905 -0.03339
233.34594 -0.136291 -0.03567
233.43958 -0.135643 -0.03795
233.53322 -0.134959 -0.04021
233.62686 -0.134240 -0.04246
233.72050 -0.133488 -0.04469
233.81413 -0.132700 -0.04692
233.90777 -0.131879 -0.04912
234.00141 -0.131024 -0.05132
234.09505 -0.130136 -0.05349
234.18869 -0.129214 -0.05565
234.28232 -0.128259 -0.05780
234.37596 -0.127272 -0.05993
234.46960 -0.126251 -0.06204
234.56324 -0.125199 -0.06413
234.65688 -0.124114 -0.06620
234.75051 -0.122998 -0.06825
234.84415 -0.121850 -0.07029
234.93779 -0.120671 -0.07230
235.03143 -0.119461 -0.07429
235.12507 -0.118221 -0.07626
235.21870 -0.116950 -0.07821
235.31234 -0.115650 -0.08014
235.40598 -0.114320 -0.08205
235.49962 -0.112961 -0.08393
235.59325 -0.111573 -0.08579
235.68689 -0.110157 -0.08762
235.78053 -0.108712 -0.08943
235.87417 -0.107240 -0.09121
235.96781 -0.105740 -0.09297
236.06144 -0.104214 -0.09471
236.15508 -0.102661 -0.09641
236.24872 -0.101082 -0.09809
236.34236 -0.099477 -0.09975
236.43600 -0.097846 -0.10137
236.52963 -0.096191 -0.10297
236.62327 -0.094511 -0.10454
236.71691 -0.092807 -0.10608
236.81055 -0.091080 -0.10759
236.90419 -0.089329 -0.10908
236.99783 -0.087556 -0.11053
237.09146 -0.085761 -0.11195
237.18510 -0.083943 -0.11334
237.27874 -0.082104 -0.11470
237.37238 -0.080245 -0.11603
237.46602 -0.078365 -0.11733
237.55965 -0.076465 -0.11860
237.65329 -0.074546 -0.11983
237.74693 -0.072607 -0.12103
237.84057 -0.070651 -0.12220
237.93421 -0.068676 -0.12334
238.02784 -0.066684 -0.12444
238.12148 -0.064675 -0.12551
238.21512 -0.062650 -0.12654
238.30876 -0.060609 -0.12754
238.40240 -0.058552 -0.12851
238.49603 -0.056480 -0.12944
238.58967 -0.054395 -0.13034
238.68331 -0.052295 -0.13120
238.77695 -0.050182 -0.13203
238.87059 -0.048057 -0.13282
238.96422 -0.045919 -0.13357
239.05786 -0.043770 -0.13429
239.15150 -0.041610 -0.13498
239.24514 -0.039439 -0.13562
239.33878 -0.037258 -0.13623
239.43241 -0.035068 -0.13681
239.52605 -0.032869 -0.13735
239.61969 -0.030662 -0.13785
239.71333 -0.028447 -0.13831
239.80697 -0.026225 -0.13874
239.90060 -0.023996 -0.13913
239.99424 -0.021762 -0.13948
240.08788 -0.019521 -0.13979
240.18152 -0.017276 -0.14007
240.27516 -0.015027 -0.14031
240.36879 -0.012774 -0.14051
240.46243 -0.010518 -0.14068
240.55607 -0.008259 -0.14081
240.64971 -0.005998 -0.14090
240.74335 -0.003736 -0.14095
240.83698 -0.001473 -0.14096
240.93062 0.000790 -0.14094
241.02426 0.003053 -0.14088
241.11790 0.005315 -0.14078
241.21154 0.007576 -0.14064
241.30517 0.009835 -0.14047
241.39881 0.012091 -0.14026
241.49245 0.014343 -0.14001
241.58609 0.016592 -0.13972
241.67973 0.018837 -0.13940
241.77336 0.021077 -0.13904
241.86700 0.023311 -0.13864
241.96064 0.025539 -0.13821
242.05428 0.027761 -0.13773
242.14792 0.029976 -0.13722
242.24156 0.032182 -0.13668
242.33519 0.034381 -0.13610
242.42883 0.036570 -0.13548
242.52247 0.038750 -0.13482
242.61611 0.040920 -0.13413
242.70974 0.043080 -0.13340
242.80338 0.045228 -0.13264
242.89702 0.047365 -0.13184
242.99066 0.049490 -0.13101
243.08430 0.051601 -0.13014
243.17793 0.053700 -0.12923
243.27157 0.055785 -0.12829
243.36521 0.057855 -0.12732
243.45885 0.059911 -0.12631
243.55249 0.061951 -0.12527
243.64612 0.063975 -0.12419
243.73976 0.065983 -0.12309
243.83340 0.067974 -0.12194
243.92704 0.069947 -0.12077
244.02068 0.071902 -0.11956
244.11431 0.073839 -0.11832
244.20795 0.075757 -0.11705
244.30159 0.077656 -0.11574
244.39523 0.079534 -0.11441
244.48887 0.081392 -0.11304
244.58251 0.083229 -0.11164
244.67614 0.085045 -0.11022
244.76978 0.086839 -0.10876
244.86342 0.088611 -0.10727
244.95706 0.090360 -0.10576
245.05070 0.092085 -0.10421
245.14433 0.093788 -0.10264
245.23797 0.095465 -0.10104
245.33161 0.097119 -0.09941
245.42525 0.098747 -0.09775
245.51889 0.100350 -0.09607
245.61252 0.101928 -0.09436
245.70616 0.103479 -0.09262
245.79980 0.105003 -0.09086
245.89344 0.106501 -0.08907
245.98708 0.107971 -0.08726
246.08071 0.109413 -0.08542
246.17435 0.110828 -0.08356
246.26799 0.112213 -0.08168
246.36163 0.113570 -0.07978
246.45526 0.114898 -0.07785
246.54890 0.116196 -0.07590
246.64254 0.117464 -0.07393
246.73618 0.118702 -0.07193
246.82982 0.119910 -0.06992
246.92346 0.121086 -0.06789
247.01709 0.122232 -0.06584
247.11073 0.123346 -0.06376
247.20437 0.124428 -0.06167
247.29801 0.125478 -0.05957
247.39165 0.126496 -0.05744
247.48528 0.127481 -0.05530
247.57892 0.128433 -0.05314
247.67256 0.129353 -0.05097
247.76620 0.130238 -0.04878
247.85984 0.131091 -0.04658
247.95347 0.131909 -0.04436
248.04711 0.132694 -0.04213
248.14075 0.133444 -0.03989
248.23439 0.134159 -0.03763
248.32803 0.134841 -0.03536
248.42166 0.135487 -0.03308
248.51530 0.136098 -0.03079
248.60894 0.136674 -0.02849
248.70258 0.137215 -0.02618
248.79622 0.137720 -0.02386
248.88985 0.138190 -0.02154
248.98349 0.138624 -0.01920
249.07713 0.139022 -0.01686
249.17077 0.139384 -0.01451
249.26441 0.139710 -0.01216
249.35804 0.140000 -0.00980
249.45168 0.140253 -0.00743
249.54532 0.140470 -0.00506
249.63896 0.140651 -0.00269
249.73260 0.140795 -0.00031
249.82623 0.140903 0.00206
249.91987 0.140974 0.00444
250.01351 0.141008 0.00683
250.10715 0.141006 0.00921
250.20079 0.140967 0.01159
250.29442 0.140892 0.01397
250.38806 0.140779 0.01635
250.48170 0.140631 0.01873
250.57534 0.140445 0.02111
250.66898 0.140223 0.02348
250.76261 0.139964 0.02585
250.85625 0.139669 0.02822
250.94989 0.139338 0.03058
251.04353 0.138970 0.03293
251.13717 0.138566 0.03528
251.23080 0.138125 0.03762
251.32444 0.137649 0.03996
251.41808 0.137136 0.04229
251.51172 0.136588 0.04461
251.60536 0.136004 0.04692
251.69899 0.135384 0.04922
251.79263 0.134728 0.05151
251.88627 0.134037 0.05379
251.97991 0.133312 0.05606
252.07355 0.132550 0.05832
252.16719 0.131755 0.06057
252.26082 0.130924 0.06280
252.35446 0.130059 0.06502
252.44810 0.129160 0.06722
252.54174 0.128226 0.06941
252.63538 0.127259 0.07159
252.72901 0.126258 0.07375
252.82265 0.125224 0.07589
252.91629 0.124156 0.07801
253.00993 0.123056 0.08012
253.10357 0.121923 0.08221
253.19720 0.120758 0.08429
253.29084 0.119560 0.08634
253.38448 0.118331 0.08837
253.47812 0.117070 0.09039
253.57175 0.115778 0.09238
253.66539 0.114455 0.09435
253.75903 0.113102 0.09630
253.85267 0.111718 0.09823
253.94631 0.110304 0.10013
254.03994 0.108861 0.10202
254.13358 0.107388 0.10388
254.22722 0.105887 0.10571
254.32086 0.104357 0.10752
254.41450 0.102799 0.10931
254.50813 0.101213 0.11107
254.60177 0.099599 0.11280
254.69541 0.097959 0.11451
254.78905 0.096292 0.11619
254.88269 0.094599 0.11784
254.97632 0.092880 0.11947
255.06996 0.091135 0.12106
255.16360 0.089366 0.12263
255.25724 0.087572 0.12417
255.35088 0.085754 0.12568
255.44452 0.083912 0.12717
255.53815 0.082047 0.12862
255.63179 0.080160 0.13004
255.72543 0.078250 0.13143
255.81907 0.076318 0.13279
255.91271 0.074365 0.13411
256.00634 0.072391 0.13541
256.09998 0.070396 0.13667
256.19362 0.068382 0.13790
256.28726 0.066348 0.13910
256.38090 0.064295 0.14026
256.47453 0.062224 0.14139
256.56817 0.060135 0.14249
256.66181 0.058028 0.14355
256.75545 0.055905 0.14458
256.84909 0.053765 0.14557
256.94272 0.051609 0.14653
257.03636 0.049438 0.14745
257.13000 0.047253 0.14833
257.22364 0.045052 0.14918
257.31728 0.042839 0.15000
257.41091 0.040612 0.15078
257.50455 0.038372 0.15152
257.59819 0.036121 0.15223
257.69183 0.033858 0.15289
257.78547 0.031584 0.15353
257.87910 0.029299 0.15412
257.97274 0.027005 0.15468
258.06638 0.024701 0.15519
258.16002 0.022389 0.15568
258.25366 0.020069 0.15612
258.34729 0.017741 0.15652
258.44093 0.015406 0.15689
258.53457 0.013064 0.15722
258.62821 0.010717 0.15751
258.72185 0.008365 0.15776
258.81548 0.006008 0.15797
258.90912 0.003647 0.15815
259.00276 0.001282 0.15828
259.09640 -0.001086 0.15838
259.19004 -0.003456 0.15844
259.28367 -0.005827 0.15846
259.37731 -0.008200 0.15843
259.47095 -0.010573 0.15838
259.56459 -0.012947 0.15828
259.65823 -0.015319 0.15814
259.75186 -0.017691 0.15796
259.84550 -0.020061 0.15775
259.93914 -0.022428 0.15749
260.03278 -0.024792 0.15720
260.12642 -0.027153 0.15687
260.22005 -0.029510 0.15650
260.31369 -0.031862 0.15609
260.40733 -0.034209 0.15564
260.50097 -0.036549 0.15515
260.59461 -0.038883 0.15462
260.68824 -0.041211 0.15406
260.78188 -0.043530 0.15345
260.87552 -0.045841 0.15281
260.96916 -0.048144 0.15213
261.06280 -0.050437 0.15142
261.15643 -0.052720 0.15066
261.25007 -0.054993 0.14987
261.34371 -0.057254 0.14904
261.43735 -0.059504 0.14817
261.53099 -0.061742 0.14726
261.62462 -0.063967 0.14632
261.71826 -0.066178 0.14534
261.81190 -0.068376 0.14433
261.90554 -0.070559 0.14328
261.99918 -0.072727 0.14219
262.09282 -0.074880 0.14106
262.18645 -0.077017 0.13990
262.28009 -0.079136 0.13871
262.37373 -0.081239 0.13748
262.46737 -0.083324 0.13621
262.56101 -0.085391 0.13491
262.65464 -0.087439 0.13358
262.74828 -0.089468 0.13221
262.84192 -0.091477 0.13081
262.93556 -0.093466 0.12938
263.02920 -0.095434 0.12791
263.12283 -0.097381 0.12641
263.21647 -0.099306 0.12487
263.31011 -0.101209 0.12331
263.40375 -0.103089 0.12171
263.49739 -0.104946 0.12008
263.59102 -0.106779 0.11842
263.68466 -0.108588 0.11673
263.77830 -0.110373 0.11501
263.87194 -0.112132 0.11326
263.96558 -0.113866 0.11148
264.05921 -0.115574 0.10967
264.15285 -0.117256 0.10784
264.24649 -0.118910 0.10597
264.34013 -0.120538 0.10408
264.43376 -0.122137 0.10216
264.52740 -0.123709 0.10021
264.62104 -0.125252 0.09823
264.71468 -0.126767 0.09623
264.80832 -0.128252 0.09421
264.90195 -0.129707 0.09216
264.99559 -0.131133 0.09008
265.08923 -0.132528 0.08798
265.18287 -0.133892 0.08586
265.27651 -0.135225 0.08372
265.37014 -0.136527 0.08155
265.46378 -0.137797 0.07936
265.55742 -0.139035 0.07714
265.65106 -0.140240 0.07491
265.74470 -0.141412 0.07266
265.83834 -0.142552 0.07038
265.93197 -0.143658 0.06809
266.02561 -0.144731 0.06577
266.11925 -0.145769 0.06344
266.21289 -0.146773 0.06109
266.30653 -0.147743 0.05873
266.40016 -0.148678 0.05634
266.49380 -0.149578 0.05395
266.58744 -0.150443 0.05153
266.68108 -0.151272 0.04910
266.77472 -0.152066 0.04665
266.86835 -0.152823 0.04420
266.96199 -0.153545 0.04172
267.05563 -0.154230 0.03924
267.14927 -0.154879 0.03674
267.24291 -0.155491 0.03423
267.33654 -0.156066 0.03171
267.43018 -0.156604 0.02918
267.52382 -0.157105 0.02664
267.61746 -0.157568 0.02409
267.71110 -0.157994 0.02153
267.80473 -0.158382 0.01896
267.89837 -0.158733 0.01639
267.99201 -0.159046 0.01381
268.08565 -0.159321 0.01122
268.17929 -0.159558 0.00863
268.27292 -0.159757 0.00603
268.36656 -0.159917 0.00343
268.46020 -0.160040 0.00082
268.55384 -0.160124 -0.00179
268.64748 -0.160169 -0.00440
268.74111 -0.160177 -0.00701
268.83475 -0.160146 -0.00963
268.92839 -0.160076 -0.01224
269.02203 -0.159968 -0.01486
269.11567 -0.159822 -0.01748
269.20930 -0.159637 -0.02009
269.30294 -0.159414 -0.02270
269.39658 -0.159153 -0.02531
269.49022 -0.158853 -0.02792
269.58386 -0.158515 -0.03052
269.67749 -0.158138 -0.03312
269.77113 -0.157724 -0.03572
269.86477 -0.157271 -0.03831
269.95841 -0.156781 -0.04089
270.05205 -0.156253 -0.04347
270.14568 -0.155686 -0.04604
270.23932 -0.155083 -0.04860
270.33296 -0.154441 -0.05115
270.42660 -0.153762 -0.05369
270.52024 -0.153046 -0.05623
270.61387 -0.152293 -0.05875
270.70751 -0.151503 -0.06126
270.80115 -0.150676 -0.06376
270.89479 -0.149812 -0.06625
270.98843 -0.148912 -0.06873
271.08206 -0.147976 -0.07119
271.17570 -0.147004 -0.07364
271.26934 -0.145996 -0.07607
271.36298 -0.144952 -0.07849
271.45662 -0.143873 -0.08090
271.55025 -0.142759 -0.08328
271.64389 -0.141610 -0.08566
271.73753 -0.140426 -0.08801
271.83117 -0.139208 -0.09034
271.92481 -0.137956 -0.09266
272.01844 -0.136670 -0.09496
272.11208 -0.135351 -0.09724
272.20572 -0.133998 -0.09949
272.29936 -0.132613 -0.10173
272.39300 -0.131195 -0.10395
272.48663 -0.129744 -0.10614
272.58027 -0.128262 -0.10831
272.67391 -0.126748 -0.11046
272.76755 -0.125203 -0.11259
272.86119 -0.123627 -0.11469
272.95483 -0.122020 -0.11677
273.04846 -0.120384 -0.11882
273.14210 -0.118717 -0.12085
273.23574 -0.117021 -0.12285
273.32938 -0.115296 -0.12483
273.42302 -0.113543 -0.12678
273.51665 -0.111761 -0.12870
273.61029 -0.109951 -0.13059
273.70393 -0.108115 -0.13246
273.79757 -0.106251 -0.13430
273.89121 -0.104360 -0.13610
273.98484 -0.102444 -0.13788
274.07848 -0.100502 -0.13963
274.17212 -0.098534 -0.14135
274.26576 -0.096542 -0.14304
274.35940 -0.094526 -0.14470
274.45303 -0.092486 -0.14632
274.54667 -0.090423 -0.14791
274.64031 -0.088337 -0.14947
274.73395 -0.086228 -0.15100
274.82758 -0.084098 -0.15250
274.92122 -0.081946 -0.15396
275.01486 -0.079774 -0.15539
275.10850 -0.077581 -0.15678
275.20214 -0.075368 -0.15814
275.29577 -0.073136 -0.15947
275.38941 -0.070885 -0.16075
275.48305 -0.068616 -0.16201
275.57669 -0.066330 -0.16323
275.67033 -0.064026 -0.16441
275.76396 -0.061705 -0.16556
275.85760 -0.059369 -0.16666
275.95124 -0.057017 -0.16774
276.04488 -0.054650 -0.16877
276.13852 -0.052268 -0.16977
276.23215 -0.049873 -0.17073
276.32579 -0.047464 -0.17165
276.41943 -0.045043 -0.17254
276.51307 -0.042609 -0.17338
276.60671 -0.040164 -0.17419
276.70035 -0.037708 -0.17496
276.79398 -0.035241 -0.17569
276.88762 -0.032765 -0.17638
276.98126 -0.030280 -0.17703
277.07490 -0.027785 -0.17764
277.16854 -0.025283 -0.17822
277.26217 -0.022773 -0.17875
277.35581 -0.020257 -0.17924
277.44945 -0.017734 -0.17970
277.54309 -0.015205 -0.18011
277.63673 -0.012671 -0.18048
277.73036 -0.010133 -0.18081
277.82400 -0.007591 -0.18111
277.91764 -0.005046 -0.18136
278.01128 -0.002498 -0.18157
278.10492 0.000052 -0.18174
278.19855 0.002604 -0.18187
278.29219 0.005156 -0.18196
278.38583 0.007709 -0.18201
278.47947 0.010261 -0.18202
278.57311 0.012812 -0.18198
278.66674 0.015362 -0.18191
278.76038 0.017909 -0.18180
278.85402 0.020454 -0.18164
278.94766 0.022995 -0.18145
279.04130 0.025533 -0.18121
279.13493 0.028065 -0.18093
279.22857 0.030593 -0.18062
279.32221 0.033114 -0.18026
279.41585 0.035630 -0.17986
279.50949 0.038138 -0.17942
279.60312 0.040639 -0.17894
279.69676 0.043131 -0.17843
279.79040 0.045614 -0.17787
279.88404 0.048089 -0.17727
279.97768 0.050553 -0.17663
280.07131 0.053006 -0.17595
280.16495 0.055449 -0.17524
280.25859 0.057880 -0.17448
280.35223 0.060298 -0.17369
280.44587 0.062704 -0.17285
280.53950 0.065095 -0.17198
280.63314 0.067473 -0.17107
280.72678 0.069837 -0.17012
280.82042 0.072185 -0.16913
280.91406 0.074517 -0.16811
281.00769 0.076833 -0.16704
281.10133 0.079133 -0.16594
281.19497 0.081414 -0.16481
281.28861 0.083678 -0.16363
281.38225 0.085924 -0.16242
281.47588 0.088150 -0.16118
281.56952 0.090357 -0.15989
281.66316 0.092543 -0.15857
281.75680 0.094709 -0.15722
281.85044 0.096854 -0.15583
281.94407 0.098977 -0.15441
282.03771 0.101078 -0.15295
282.13135 0.103157 -0.15146
282.22499 0.105212 -0.14993
282.31863 0.107244 -0.14837
282.41226 0.109251 -0.14678
282.50590 0.111234 -0.14516
282.59954 0.113192 -0.14350
282.69318 0.115124 -0.14181
282.78682 0.117030 -0.14009
282.88045 0.118910 -0.13834
282.97409 0.120763 -0.13656
283.06773 0.122588 -0.13475
283.16137 0.124385 -0.13290
283.25501 0.126155 -0.13103
283.34864 0.127895 -0.12913
283.44228 0.129607 -0.12720
283.53592 0.131289 -0.12525
283.62956 0.132941 -0.12326
283.72320 0.134563 -0.12125
283.81684 0.136154 -0.11922
283.91047 0.137714 -0.11715
284.00411 0.139242 -0.11506
284.09775 0.140739 -0.11295
284.19139 0.142204 -0.11081
284.28503 0.143636 -0.10864
284.37866 0.145035 -0.10646
284.47230 0.146401 -0.10425
284.56594 0.147734 -0.10201
284.65958 0.149032 -0.09976
284.75322 0.150297 -0.09748
284.84685 0.151527 -0.09518
284.94049 0.152722 -0.09287
285.03413 0.153882 -0.09053
285.12777 0.155007 -0.08817
285.22141 0.156096 -0.08579
285.31504 0.157150 -0.08340
285.40868 0.158167 -0.08099
285.50232 0.159148 -0.07856
285.59596 0.160092 -0.07611
285.68959 0.161000 -0.07365
285.78323 0.161870 -0.07117
285.87687 0.162704 -0.06868
285.97051 0.163499 -0.06617
286.06415 0.164258 -0.06365
286.15778 0.164978 -0.06112
286.25142 0.165660 -0.05857
286.34506 0.166305 -0.05601
286.43870 0.166911 -0.05344
286.53234 0.167478 -0.05086
286.62598 0.168007 -0.04827
286.71961 0.168497 -0.04567
286.81325 0.168949 -0.04307
286.90689 0.169361 -0.04045
287.00053 0.169735 -0.03783
287.09417 0.170069 -0.03519
287.18780 0.170364 -0.03256
287.28144 0.170620 -0.02991
287.37508 0.170836 -0.02727
287.46872 0.171013 -0.02461
287.56236 0.171151 -0.02196
287.65599 0.171249 -0.01930
287.74963 0.171308 -0.01663
287.84327 0.171327 -0.01397
287.93691 0.171307 -0.01130
288.03055 0.171247 -0.00863
288.12418 0.171148 -0.00597
288.21782 0.171009 -0.00330
288.31146 0.170831 -0.00063
288.40510 0.170613 0.00203
288.49874 0.170356 0.00469
288.59237 0.170060 0.00735
288.68601 0.169725 0.01000
288.77965 0.169351 0.01265
288.87329 0.168937 0.01530
288.96693 0.168485 0.01794
289.06056 0.167994 0.02058
289.15420 0.167464 0.02320
289.24784 0.166896 0.02582
289.34148 0.166289 0.02844
289.43512 0.165644 0.03104
289.52875 0.164961 0.03364
289.62239 0.164240 0.03622
289.71603 0.163481 0.03880
289.80967 0.162685 0.04136
289.90331 0.161851 0.04391
289.99694 0.160980 0.04645
290.09058 0.160072 0.04898
290.18422 0.159127 0.05149
290.27786 0.158146 0.05399
290.37150 0.157128 0.05648
290.46513 0.156075 0.05895
290.55877 0.154985 0.06140
290.65241 0.153860 0.06384
290.74605 0.152700 0.06627
290.83969 0.151505 0.06867
290.93332 0.150275 0.07106
291.02696 0.149011 0.07342
291.12060 0.147713 0.07577
291.21424 0.146381 0.07810
291.30788 0.145015 0.08041
291.40152 0.143617 0.08270
291.49515 0.142185 0.08497
291.58879 0.140722 0.08722
291.68243 0.139226 0.08944
291.77607 0.137698 0.09164
291.86971 0.136139 0.09382
291.96334 0.134549 0.09597
292.05698 0.132929 0.09810
292.15062 0.131278 0.10021
292.24426 0.129598 0.10229
292.33790 0.127888 0.10434
292.43153 0.126150 0.10637
292.52517 0.124382 0.10837
292.61881 0.122587 0.11034
292.71245 0.120764 0.11229
292.80608 0.118914 0.11421
292.89972 0.117036 0.11610
292.99336 0.115133 0.11796
293.08700 0.113204 0.11979
293.18064 0.111249 0.12160
293.27427 0.109269 0.12337
293.36791 0.107265 0.12511
293.46155 0.105237 0.12682
293.55519 0.103186 0.12850
293.64883 0.101111 0.13015
293.74246 0.099014 0.13176
293.83610 0.096895 0.13335
293.92974 0.094755 0.13490
294.02338 0.092593 0.13642
294.11702 0.090412 0.13790
294.21065 0.088210 0.13935
294.30429 0.085989 0.14077
294.39793 0.083749 0.14215
294.49157 0.081491 0.14349
294.58521 0.079215 0.14481
294.67885 0.076922 0.14608
294.77248 0.074612 0.14732
294.86612 0.072286 0.14853
294.95976 0.069945 0.14970
295.05340 0.067589 0.15083
295.14704 0.065218 0.15192
295.24067 0.062834 0.15298
295.33431 0.060436 0.15400
295.42795 0.058026 0.15499
295.52159 0.055604 0.15593
295.61523 0.053170 0.15684
295.70886 0.050725 0.15771
295.80250 0.048270 0.15855
295.89614 0.045805 0.15934
295.98978 0.043332 0.16010
296.08342 0.040849 0.16081
296.17705 0.038359 0.16149
296.27069 0.035861 0.16213
296.36433 0.033357 0.16273
296.45797 0.030847 0.16329
296.55161 0.028331 0.16382
296.64524 0.025810 0.16430
296.73888 0.023285 0.16474
296.83252 0.020756 0.16514
296.92616 0.018224 0.16551
297.01980 0.015690 0.16583
297.11343 0.013154 0.16612
297.20707 0.010617 0.16636
297.30071 0.008079 0.16657
297.39435 0.005541 0.16673
297.48799 0.003003 0.16686
297.58162 0.000467 0.16694
297.67526 -0.002067 0.16699
297.76890 -0.004599 0.16700
297.86254 -0.007128 0.16696
297.95618 -0.009653 0.16689
298.04981 -0.012174 0.16677
298.14345 -0.014690 0.16662
298.23709 -0.017201 0.16643
298.33073 -0.019705 0.16620
298.42437 -0.022203 0.16593
298.51800 -0.024694 0.16561
298.61164 -0.027176 0.16526
298.70528 -0.029651 0.16488
298.79892 -0.032116 0.16445
298.89256 -0.034571 0.16398
298.98619 -0.037016 0.16348
299.07983 -0.039451 0.16293
299.17347 -0.041874 0.16235
299.26711 -0.044284 0.16173
299.36075 -0.046683 0.16107
299.45438 -0.049068 0.16037
299.54802 -0.051439 0.15964
299.64166 -0.053796 0.15887
299.73530 -0.056139 0.15806
299.82894 -0.058465 0.15721
299.92257 -0.060776 0.15633
300.01621 -0.063070 0.15541
300.10985 -0.065347 0.15446
300.20349 -0.067607 0.15346
300.29713 -0.069848 0.15244
300.39076 -0.072071 0.15137
300.48440 -0.074274 0.15028
300.57804 -0.076458 0.14914
300.67168 -0.078621 0.14798
300.76532 -0.080764 0.14677
300.85895 -0.082885 0.14554
300.95259 -0.084984 0.14427
301.04623 -0.087061 0.14297
301.13987 -0.089115 0.14163
301.23351 -0.091146 0.14026
301.32715 -0.093153 0.13886
301.42078 -0.095136 0.13743
301.51442 -0.097094 0.13597
301.60806 -0.099027 0.13447
301.70170 -0.100934 0.13295
301.79534 -0.102815 0.13139
301.88897 -0.104669 0.12981
301.98261 -0.106496 0.12819
302.07625 -0.108296 0.12655
302.16989 -0.110068 0.12488
302.26353 -0.111812 0.12317
302.35716 -0.113527 0.12145
302.45080 -0.115213 0.11969
302.54444 -0.116870 0.11791
302.63808 -0.118496 0.11610
302.73172 -0.120093 0.11426
302.82535 -0.121658 0.11240
302.91899 -0.123193 0.11052
303.01263 -0.124696 0.10860
303.10627 -0.126167 0.10667
303.19991 -0.127607 0.10471
303.29354 -0.129014 0.10273
303.38718 -0.130388 0.10073
303.48082 -0.131729 0.09870
303.57446 -0.133037 0.09666
303.66809 -0.134311 0.09459
303.76173 -0.135551 0.09250
303.85537 -0.136757 0.09039
303.94901 -0.137928 0.08826
304.04265 -0.139065 0.08612
304.13628 -0.140166 0.08395
304.22992 -0.141232 0.08177
304.32356 -0.142263 0.07957
304.41720 -0.143258 0.07735
304.51084 -0.144216 0.07512
304.60447 -0.145139 0.07287
304.69811 -0.146025 0.07061
304.79175 -0.146874 0.06833
304.88539 -0.147687 0.06604
304.97903 -0.148462 0.06374
305.07267 -0.149200 0.06142
305.16630 -0.149901 0.05909
305.25994 -0.150565 0.05675
305.35358 -0.151190 0.05440
305.44722 -0.151778 0.05204
305.54086 -0.152328 0.04967
305.63449 -0.152840 0.04729
305.72813 -0.153314 0.04490
305.82177 -0.153750 0.04251
305.91541 -0.154147 0.04010
306.00905 -0.154506 0.03769
306.10268 -0.154826 0.03528
306.19632 -0.155108 0.03286
306.28996 -0.155351 0.03043
306.38360 -0.155556 0.02800
306.47724 -0.155722 0.02556
306.57087 -0.155850 0.02313
306.66451 -0.155938 0.02069
306.75815 -0.155988 0.01825
306.85179 -0.156000 0.01580
306.94543 -0.155972 0.01336
307.03906 -0.155906 0.01092
307.13270 -0.155802 0.00847
307.22634 -0.155659 0.00603
307.31998 -0.155477 0.00359
307.41362 -0.155257 0.00116
307.50725 -0.154999 -0.00128
307.60089 -0.154702 -0.00371
307.69453 -0.154367 -0.00613
307.78817 -0.153995 -0.00855
307.88181 -0.153584 -0.01097
307.97544 -0.153135 -0.01338
308.06908 -0.152649 -0.01578
308.16272 -0.152125 -0.01817
308.25636 -0.151564 -0.02056
308.35000 -0.150965 -0.02294
308.44363 -0.150330 -0.02531
308.53727 -0.149657 -0.02767
308.63091 -0.148948 -0.03002
308.72455 -0.148202 -0.03235
308.81819 -0.147420 -0.03468
308.91182 -0.146602 -0.03699
309.00546 -0.145748 -0.03930
309.09910 -0.144858 -0.04159
309.19274 -0.143933 -0.04386
309.28638 -0.142973 -0.04612
309.38001 -0.141978 -0.04837
309.47365 -0.140948 -0.05060
309.56729 -0.139884 -0.05281
309.66093 -0.138786 -0.05501
309.75457 -0.137654 -0.05719
309.84820 -0.136489 -0.05935
309.94184 -0.135291 -0.06150
310.03548 -0.134059 -0.06363
310.12912 -0.132795 -0.06573
310.22276 -0.131499 -0.06782
310.31639 -0.130172 -0.06989
310.41003 -0.128812 -0.07193
310.50367 -0.127422 -0.07396
310.59731 -0.126000 -0.07596
310.69095 -0.124549 -0.07794
310.78458 -0.123067 -0.07990
310.87822 -0.121556 -0.08184
310.97186 -0.120015 -0.08375
311.06550 -0.118446 -0.08563
311.15914 -0.116848 -0.08750
311.25277 -0.115222 -0.08933
311.34641 -0.113569 -0.09115
311.44005 -0.111888 -0.09293
311.53369 -0.110181 -0.09469
311.62733 -0.108448 -0.09642
311.72096 -0.106688 -0.09813
311.81460 -0.104904 -0.09981
311.90824 -0.103094 -0.10145
312.00188 -0.101260 -0.10308
312.09552 -0.099402 -0.10467
312.18916 -0.097521 -0.10623
312.28279 -0.095616 -0.10776
312.37643 -0.093689 -0.10926
312.47007 -0.091741 -0.11074
312.56371 -0.089770 -0.11218
312.65735 -0.087779 -0.11359
312.75098 -0.085767 -0.11497
312.84462 -0.083735 -0.11631
312.93826 -0.081684 -0.11763
313.03190 -0.079613 -0.11891
313.12554 -0.077525 -0.12016
313.21917 -0.075419 -0.12138
313.31281 -0.073295 -0.12256
313.40645 -0.071155 -0.12371
313.50009 -0.068998 -0.12483
313.59373 -0.066826 -0.12591
313.68736 -0.064638 -0.12695
313.78100 -0.062437 -0.12797
313.87464 -0.060221 -0.12894
313.96828 -0.057992 -0.12989
314.06191 -0.055750 -0.13079
314.15555 -0.053495 -0.13166
314.24919 -0.051229 -0.13250
314.34283 -0.048953 -0.13330
314.43647 -0.046665 -0.13406
314.53010 -0.044368 -0.13479
314.62374 -0.042061 -0.13548
314.71738 -0.039746 -0.13613
314.81102 -0.037422 -0.13675
314.90466 -0.035091 -0.13733
314.99829 -0.032753 -0.13787
315.09193 -0.030409 -0.13838
315.18557 -0.028059 -0.13884
315.27921 -0.025703 -0.13928
315.37285 -0.023344 -0.13967
315.46648 -0.020980 -0.14002
315.56012 -0.018613 -0.14034
315.65376 -0.016243 -0.14062
315.74740 -0.013871 -0.14086
315.84104 -0.011498 -0.14107
315.93468 -0.009124 -0.14123
316.02831 -0.006749 -0.14136
316.12195 -0.004375 -0.14145
316.21559 -0.002002 -0.14150
316.30923 0.000370 -0.14152
316.40287 0.002740 -0.14149
316.49650 0.005107 -0.14143
316.59014 0.007470 -0.14133
316.68378 0.009830 -0.14119
316.77742 0.012185 -0.14102
316.87106 0.014535 -0.14081
316.96469 0.016879 -0.14056
317.05833 0.019217 -0.14027
317.15197 0.021548 -0.13994
317.24561 0.023871 -0.13958
317.33925 0.026186 -0.13918
317.43288 0.028492 -0.13874
317.52652 0.030789 -0.13826
317.62016 0.033077 -0.13775
317.71380 0.035353 -0.13720
317.80744 0.037619 -0.13662
317.90107 0.039873 -0.13600
317.99471 0.042115 -0.13534
318.08835 0.044343 -0.13465
318.18199 0.046559 -0.13392
318.27563 0.048760 -0.13315
318.36926 0.050948 -0.13235
318.46290 0.053120 -0.13151
318.55654 0.055276 -0.13064
318.65018 0.057416 -0.12973
318.74382 0.059540 -0.12879
318.83745 0.061646 -0.12782
318.93109 0.063734 -0.12681
319.02473 0.065804 -0.12576
319.11837 0.067855 -0.12469
319.21201 0.069887 -0.12358
319.30564 0.071899 -0.12243
319.39928 0.073891 -0.12126
319.49292 0.075861 -0.12005
319.58656 0.077810 -0.11881
319.68020 0.079737 -0.11754
319.77383 0.081642 -0.11623
319.86747 0.083524 -0.11490
319.96111 0.085382 -0.11353
320.05475 0.087217 -0.11214
320.14839 0.089027 -0.11071
320.24202 0.090812 -0.10926
320.33566 0.092572 -0.10777
320.42930 0.094307 -0.10626
320.52294 0.096015 -0.10472
320.61658 0.097697 -0.10315
320.71021 0.099351 -0.10155
320.80385 0.100978 -0.09993
320.89749 0.102578 -0.09828
320.99113 0.104148 -0.09660
321.08477 0.105691 -0.09490
321.17840 0.107204 -0.09317
321.27204 0.108688 -0.09142
321.36568 0.110141 -0.08964
321.45932 0.111565 -0.08784
321.55296 0.112958 -0.08601
321.64659 0.114320 -0.08417
321.74023 0.115651 -0.08229
321.83387 0.116950 -0.08040
321.92751 0.118217 -0.07849
322.02115 0.119451 -0.07655
322.11478 0.120654 -0.07459
322.20842 0.121823 -0.07262
322.30206 0.122959 -0.07062
322.39570 0.124061 -0.06860
322.48934 0.125130 -0.06657
322.58297 0.126164 -0.06452
322.67661 0.127164 -0.06245
322.77025 0.128130 -0.06036
322.86389 0.129060 -0.05826
322.95753 0.129956 -0.05614
323.05117 0.130816 -0.05401
323.14480 0.131640 -0.05186
323.23844 0.132429 -0.04969
323.33208 0.133182 -0.04752
323.42572 0.133899 -0.04533
323.51936 0.134579 -0.04312
323.61299 0.135222 -0.04091
323.70663 0.135829 -0.03868
323.80027 0.136399 -0.03645
323.89391 0.136932 -0.03420
323.98755 0.137428 -0.03194
324.08118 0.137886 -0.02968
324.17482 0.138307 -0.02740
324.26846 0.138691 -0.02512
324.36210 0.139037 -0.02283
324.45574 0.139345 -0.02054
324.54937 0.139615 -0.01823
324.64301 0.139847 -0.01593
324.73665 0.140041 -0.01361
324.83029 0.140198 -0.01130
324.92392 0.140316 -0.00898
325.01756 0.140396 -0.00665
325.11120 0.140438 -0.00433
325.20484 0.140442 -0.00200
325.29848 0.140408 0.00033
325.39211 0.140335 0.00266
325.48575 0.140224 0.00499
325.57939 0.140076 0.00732
325.67303 0.139889 0.00965
325.76667 0.139664 0.01198
325.86030 0.139401 0.01430
325.95394 0.139100 0.01662
326.04758 0.138761 0.01894
326.14122 0.138385 0.02125
326.23486 0.137971 0.02356
326.32850 0.137519 0.02587
326.42213 0.137029 0.02817
326.51577 0.136503 0.03046
326.60941 0.135939 0.03274
326.70305 0.135338 0.03502
326.79669 0.134700 0.03729
326.89032 0.134025 0.03955
326.98396 0.133313 0.04180
327.07760 0.132565 0.04404
327.17124 0.131781 0.04626
327.26488 0.130960 0.04848
327.35851 0.130104 0.05069
327.45215 0.129212 0.05288
327.54579 0.128285 0.05506
327.63943 0.127322 0.05723
327.73307 0.126324 0.05938
327.82670 0.125292 0.06152
327.92034 0.124225 0.06365
328.01398 0.123124 0.06575
328.10762 0.121989 0.06785
328.20126 0.120820 0.06992
328.29489 0.119618 0.07198
328.38853 0.118383 0.07402
328.48217 0.117115 0.07604
328.57581 0.115814 0.07804
328.66945 0.114481 0.08002
328.76308 0.113117 0.08199
328.85672 0.111721 0.08393
328.95036 0.110294 0.08585
329.04400 0.108836 0.08775
329.13764 0.107348 0.08962
329.23127 0.105830 0.09148
329.32491 0.104282 0.09331
329.41855 0.102705 0.09512
329.51219 0.101099 0.09690
329.60583 0.099465 0.09866
329.69946 0.097803 0.10040
329.79310 0.096113 0.10211
329.88674 0.094396 0.10379
329.98038 0.092652 0.10545
330.07402 0.090881 0.10708
330.16765 0.089085 0.10868
330.26129 0.087264 0.11026
330.35493 0.085417 0.11181
330.44857 0.083546 0.11333
330.54221 0.081651 0.11482
330.63584 0.079732 0.11628
330.72948 0.077790 0.11771
330.82312 0.075826 0.11912
330.91676 0.073840 0.12049
331.01040 0.071832 0.12183
331.10404 0.069803 0.12314
331.19767 0.067753 0.12442
331.29131 0.065683 0.12567
331.38495 0.063594 0.12688
331.47859 0.061486 0.12807
331.57223 0.059359 0.12922
331.66586 0.057215 0.13033
331.75950 0.055053 0.13142
331.85314 0.052874 0.13247
331.94678 0.050679 0.13349
332.04041 0.048468 0.13447
332.13405 0.046242 0.13542
332.22769 0.044002 0.13633
332.32133 0.041747 0.13721
332.41497 0.039479 0.13805
332.50860 0.037198 0.13886
332.60224 0.034905 0.13963
332.69588 0.032600 0.14037
332.78952 0.030284 0.14107
332.88316 0.027958 0.14173
332.97679 0.025621 0.14236
333.07043 0.023275 0.14295
333.16407 0.020921 0.14351
333.25771 0.018558 0.14402
333.35135 0.016187 0.14450
333.44498 0.013810 0.14495
333.53862 0.011427 0.14535
333.63226 0.009037 0.14572
333.72590 0.006643 0.14605
333.81954 0.004244 0.14634
333.91318 0.001841 0.14660
334.00681 -0.000566 0.14682
334.10045 -0.002975 0.14700
334.19409 -0.005386 0.14714
334.28773 -0.007798 0.14724
334.38137 -0.010211 0.14731
334.47500 -0.012625 0.14733
334.56864 -0.015038 0.14732
334.66228 -0.017450 0.14727
334.75592 -0.019860 0.14718
334.84956 -0.022268 0.14706
334.94319 -0.024673 0.14689
335.03683 -0.027075 0.14669
335.13047 -0.029473 0.14645
335.22411 -0.031865 0.14617
335.31775 -0.034253 0.14586
335.41138 -0.036634 0.14550
335.50502 -0.039009 0.14511
335.59866 -0.041377 0.14468
335.69230 -0.043737 0.14421
335.78593 -0.046089 0.14371
335.87957 -0.048431 0.14316
335.97321 -0.050764 0.14258
336.06685 -0.053087 0.14197
336.16049 -0.055399 0.14131
336.25413 -0.057699 0.14062
336.34776 -0.059988 0.13989
336.44140 -0.062264 0.13912
336.53504 -0.064526 0.13832
336.62868 -0.066775 0.13748
336.72232 -0.069010 0.13661
336.81595 -0.071229 0.13570
336.90959 -0.073433 0.13475
337.00323 -0.075621 0.13377
337.09687 -0.077792 0.13275
337.19051 -0.079947 0.13170
337.28414 -0.082083 0.13062
337.37778 -0.084201 0.12949
337.47142 -0.086300 0.12834
337.56506 -0.088379 0.12715
337.65870 -0.090439 0.12593
337.75233 -0.092478 0.12467
337.84597 -0.094496 0.12338
337.93961 -0.096492 0.12206
338.03325 -0.098467 0.12070
338.12689 -0.100418 0.11931
338.22052 -0.102347 0.11789
338.31416 -0.104252 0.11644
338.40780 -0.106132 0.11496
338.50144 -0.107988 0.11345
338.59508 -0.109819 0.11191
338.68871 -0.111624 0.11033
338.78235 -0.113404 0.10873
338.87599 -0.115156 0.10710
338.96963 -0.116882 0.10543
339.06327 -0.118580 0.10375
339.15690 -0.120250 0.10203
339.25054 -0.121891 0.10028
339.34418 -0.123504 0.09851
339.43782 -0.125088 0.09671
339.53146 -0.126642 0.09488
339.62509 -0.128166 0.09303
339.71873 -0.129659 0.09115
339.81237 -0.131121 0.08925
339.90601 -0.132552 0.08732
339.99965 -0.133952 0.08537
340.09328 -0.135319 0.08340
340.18692 -0.136654 0.08140
340.28056 -0.137956 0.07938
340.37420 -0.139224 0.07733
340.46784 -0.140460 0.07527
340.56147 -0.141661 0.07318
340.65511 -0.142828 0.07108
340.74875 -0.143961 0.06895
340.84239 -0.145059 0.06680
340.93603 -0.146122 0.06464
341.02967 -0.147149 0.06246
341.12330 -0.148141 0.06025
341.21694 -0.149096 0.05803
341.31058 -0.150016 0.05580
341.40422 -0.150898 0.05354
341.49786 -0.151744 0.05128
341.59149 -0.152553 0.04899
341.68513 -0.153325 0.04669
341.77877 -0.154059 0.04438
341.87241 -0.154756 0.04205
341.96605 -0.155414 0.03972
342.05968 -0.156035 0.03736
342.15332 -0.156617 0.03500
342.24696 -0.157161 0.03262
342.34060 -0.157666 0.03024
342.43424 -0.158132 0.02784
342.52787 -0.158559 0.02544
342.62151 -0.158948 0.02302
342.71515 -0.159297 0.02060
342.80879 -0.159606 0.01817
342.90242 -0.159876 0.01573
342.99606 -0.160107 0.01329
343.08970 -0.160298 0.01084
343.18334 -0.160449 0.00839
343.27698 -0.160560 0.00593
343.37061 -0.160632 0.00346
343.46425 -0.160663 0.00100
343.55789 -0.160655 -0.00147
343.65153 -0.160606 -0.00395
343.74517 -0.160518 -0.00642
343.83880 -0.160389 -0.00889
343.93244 -0.160221 -0.01137
344.02608 -0.160012 -0.01384
344.11972 -0.159763 -0.01632
344.21336 -0.159475 -0.01879
344.30700 -0.159146 -0.02126
344.40063 -0.158777 -0.02373
344.49427 -0.158369 -0.02619
344.58791 -0.157921 -0.02865
344.68155 -0.157433 -0.03111
344.77519 -0.156905 -0.03356
344.86882 -0.156338 -0.03601
344.96246 -0.155732 -0.03844
345.05610 -0.155086 -0.04088
345.14974 -0.154401 -0.04330
345.24338 -0.153677 -0.04572
345.33701 -0.152914 -0.04812
345.43065 -0.152112 -0.05052
345.52429 -0.151271 -0.05291
345.61793 -0.150393 -0.05529
345.71157 -0.149476 -0.05765
345.80520 -0.148520 -0.06001
345.89884 -0.147528 -0.06235
345.99248 -0.146497 -0.06468
346.08612 -0.145429 -0.06699
346.17976 -0.144324 -0.06929
346.27339 -0.143182 -0.07158
346.36703 -0.142003 -0.07385
346.46067 -0.140788 -0.07611
346.55431 -0.139536 -0.07834
346.64795 -0.138249 -0.08057
346.74158 -0.136926 -0.08277
346.83522 -0.135568 -0.08496
346.92886 -0.134174 -0.08712
347.02250 -0.132746 -0.08927
347.11614 -0.131284 -0.09140
347.20977 -0.129788 -0.09351
347.30341 -0.128258 -0.09560
347.39705 -0.126694 -0.09766
347.49069 -0.125098 -0.09971
347.58433 -0.123469 -0.10173
347.67796 -0.121807 -0.10373
347.77160 -0.120114 -0.10571
347.86524 -0.118389 -0.10766
347.95888 -0.116633 -0.10959
348.05252 -0.114846 -0.11149
348.14615 -0.113030 -0.11337
348.23979 -0.111183 -0.11522
348.33343 -0.109306 -0.11704
348.42707 -0.107401 -0.11884
348.52071 -0.105467 -0.12061
348.61434 -0.103505 -0.12236
348.70798 -0.101516 -0.12407
348.80162 -0.099499 -0.12576
348.89526 -0.097455 -0.12742
348.98890 -0.095385 -0.12905
349.08253 -0.093289 -0.13065
349.17617 -0.091168 -0.13222
349.26981 -0.089023 -0.13375
349.36345 -0.086853 -0.13526
349.45709 -0.084659 -0.13674
349.55072 -0.082441 -0.13818
349.64436 -0.080202 -0.13959
349.73800 -0.077939 -0.14097
349.83164 -0.075656 -0.14232
349.92528 -0.073351 -0.14363
350.01891 -0.071025 -0.14491
350.11255 -0.068679 -0.14616
350.20619 -0.066314 -0.14737
350.29983 -0.063930 -0.14855
350.39347 -0.061527 -0.14969
350.48710 -0.059107 -0.15080
350.58074 -0.056669 -0.15187
350.67438 -0.054215 -0.15290
350.76802 -0.051744 -0.15390
350.86166 -0.049258 -0.15487
350.95529 -0.046757 -0.15580
351.04893 -0.044242 -0.15669
351.14257 -0.041713 -0.15754
351.23621 -0.039171 -0.15836
351.32985 -0.036617 -0.15914
351.42349 -0.034050 -0.15988
351.51712 -0.031472 -0.16058
351.61076 -0.028884 -0.16125
351.70440 -0.026285 -0.16188
351.79804 -0.023677 -0.16247
351.89168 -0.021061 -0.16302
351.98531 -0.018436 -0.16353
352.07895 -0.015803 -0.16400
352.17259 -0.013163 -0.16444
352.26623 -0.010517 -0.16483
352.35987 -0.007866 -0.16519
352.45350 -0.005209 -0.16551
352.54714 -0.002548 -0.16578
352.64078 0.000117 -0.16602
352.73442 0.002785 -0.16622
352.82806 0.005455 -0.16638
352.92169 0.008127 -0.16650
353.01533 0.010801 -0.16658
353.10897 0.013475 -0.16662
353.20261 0.016149 -0.16662
353.29624 0.018822 -0.16658
353.38988 0.021494 -0.16650
353.48352 0.024164 -0.16638
353.57716 0.026831 -0.16623
353.67080 0.029495 -0.16603
353.76443 0.032155 -0.16579
353.85807 0.034811 -0.16551
353.95171 0.037461 -0.16519
354.04535 0.040106 -0.16484
354.13899 0.042744 -0.16444
354.23262 0.045375 -0.16401
354.32626 0.047998 -0.16353
354.41990 0.050613 -0.16302
354.51354 0.053218 -0.16246
354.60718 0.055814 -0.16187
354.70081 0.058400 -0.16124
354.79445 0.060975 -0.16057
354.88809 0.063539 -0.15986
354.98173 0.066090 -0.15912
355.07537 0.068628 -0.15833
355.16901 0.071153 -0.15751
355.26264 0.073665 -0.15665
355.35628 0.076161 -0.15575
355.44992 0.078642 -0.15482
355.54356 0.081108 -0.15384
355.63720 0.083557 -0.15283
355.73083 0.085989 -0.15179
355.82447 0.088404 -0.15070
355.91811 0.090800 -0.14958
356.01175 0.093178 -0.14843
356.10539 0.095536 -0.14724
356.19902 0.097875 -0.14601
356.29266 0.100193 -0.14475
356.38630 0.102489 -0.14345
356.47994 0.104765 -0.14212
356.57358 0.107018 -0.14076
356.66721 0.109248 -0.13936
356.76085 0.111456 -0.13792
356.85449 0.113639 -0.13646
356.94813 0.115798 -0.13496
357.04177 0.117933 -0.13343
357.13540 0.120041 -0.13186
357.22904 0.122125 -0.13027
357.32268 0.124181 -0.12864
357.41632 0.126211 -0.12698
357.50996 0.128214 -0.12529
357.60359 0.130188 -0.12357
357.69723 0.132134 -0.12182
357.79087 0.134052 -0.12004
357.88451 0.135940 -0.11824
357.97815 0.137798 -0.11640
358.07178 0.139627 -0.11454
358.16542 0.141424 -0.11264
358.25906 0.143190 -0.11072
358.35270 0.144925 -0.10878
358.44634 0.146628 -0.10681
358.53997 0.148299 -0.10481
358.63361 0.149937 -0.10278
358.72725 0.151541 -0.10073
358.82089 0.153112 -0.09866
358.91453 0.154649 -0.09656
359.00816 0.156152 -0.09444
359.10180 0.157620 -0.09230
359.19544 0.159053 -0.09013
359.28908 0.160450 -0.08795
359.38272 0.161812 -0.08574
359.47635 0.163138 -0.08351
359.56999 0.164427 -0.08126
359.66363 0.165679 -0.07899
359.75727 0.166894 -0.07670
359.85091 0.168072 -0.07439
359.94454 0.169213 -0.07207
360.03818 0.170315 -0.06972
360.13182 0.171379 -0.06736
360.22546 0.172405 -0.06499
360.31910 0.173392 -0.06260
360.41273 0.174340 -0.06019
360.50637 0.175248 -0.05777
360.60001 0.176118 -0.05533
360.69365 0.176947 -0.05288
360.78729 0.177737 -0.05042
360.88092 0.178487 -0.04794
360.97456 0.179196 -0.04546
361.06820 0.179865 -0.04296
361.16184 0.180493 -0.04045
361.25548 0.181081 -0.03793
361.34911 0.181628 -0.03541
361.44275 0.182133 -0.03287
361.53639 0.182598 -0.03033
361.63003 0.183021 -0.02777
361.72367 0.183403 -0.02522
361.81730 0.183743 -0.02265
361.91094 0.184041 -0.02008
362.00458 0.184298 -0.01751
362.09822 0.184513 -0.01493
362.19186 0.184687 -0.01235
362.28550 0.184818 -0.00976
362.37913 0.184908 -0.00717
362.47277 0.184955 -0.00458
362.56641 0.184961 -0.00199
362.66005 0.184925 0.00060
362.75369 0.184847 0.00319
362.84732 0.184726 0.00579
362.94096 0.184564 0.00838
363.03460 0.184360 0.01096
363.12824 0.184114 0.01355
363.22188 0.183827 0.01613
363.31551 0.183497 0.01871
363.40915 0.183126 0.02128
363.50279 0.182713 0.02385
363.59643 0.182259 0.02642
363.69007 0.181764 0.02897
363.78370 0.181227 0.03152
363.87734 0.180649 0.03407
363.97098 0.180030 0.03660
364.06462 0.179370 0.03913
364.15825 0.178669 0.04164
364.25189 0.177928 0.04415
364.34553 0.177146 0.04664
364.43917 0.176325 0.04913
364.53281 0.175463 0.05160
364.62644 0.174561 0.05406
364.72008 0.173620 0.05651
364.81372 0.172639 0.05894
364.90736 0.171619 0.06136
365.00100 0.170561 0.06377
365.09463 0.169463 0.06615
365.18827 0.168327 0.06853
365.28191 0.167153 0.07088
365.37555 0.165941 0.07322
365.46919 0.164692 0.07555
365.56282 0.163405 0.07785
365.65646 0.162082 0.08014
365.75010 0.160721 0.08240
365.84374 0.159324 0.08465
365.93738 0.157892 0.08687
366.03102 0.156423 0.08908
366.12465 0.154920 0.09126
366.21829 0.153381 0.09342
366.31193 0.151807 0.09556
366.40557 0.150200 0.09768
366.49921 0.148559 0.09977
366.59284 0.146884 0.10184
366.68648 0.145176 0.10388
366.78012 0.143435 0.10590
366.87376 0.141662 0.10789
366.96740 0.139858 0.10986
367.06103 0.138022 0.11180
367.15467 0.136155 0.11371
367.24831 0.134257 0.11560
367.34195 0.132330 0.11745
367.43559 0.130372 0.11928
367.52922 0.128386 0.12108
367.62286 0.126371 0.12286
367.71650 0.124328 0.12460
367.81014 0.122257 0.12631
367.90378 0.120160 0.12799
367.99741 0.118035 0.12964
368.09105 0.115884 0.13126
368.18469 0.113708 0.13285
368.27833 0.111506 0.13441
368.37197 0.109280 0.13593
368.46560 0.107029 0.13742
368.55924 0.104755 0.13888
368.65288 0.102458 0.14030
368.74652 0.100139 0.14169
368.84016 0.097798 0.14305
368.93379 0.095435 0.14437
369.02743 0.093052 0.14565
369.12107 0.090648 0.14691
369.21471 0.088225 0.14812
369.30835 0.085783 0.14930
369.40198 0.083322 0.15045
369.49562 0.080843 0.15156
369.58926 0.078347 0.15263
369.68290 0.075835 0.15366
369.77654 0.073306 0.15466
369.87017 0.070762 0.15562
369.96381 0.068203 0.15655
370.05745 0.065629 0.15743
370.15109 0.063042 0.15828
370.24473 0.060442 0.15909
370.33836 0.057830 0.15986
370.43200 0.055206 0.16059
370.52564 0.052570 0.16129
370.61928 0.049924 0.16194
370.71292 0.047269 0.16256
370.80656 0.044604 0.16314
370.90019 0.041930 0.16368
370.99383 0.039248 0.16418
371.08747 0.036559 0.16464
371.18111 0.033864 0.16506
371.27474 0.031162 0.16544
371.36838 0.028455 0.16578
371.46202 0.025743 0.16608
371.55566 0.023027 0.16634
371.64930 0.020307 0.16656
371.74293 0.017585 0.16674
371.83657 0.014861 0.16688
371.93021 0.012135 0.16698
372.02385 0.009408 0.16705
372.11749 0.006681 0.16707
372.21112 0.003954 0.16705
372.30476 0.001229 0.16699
372.39840 -0.001495 0.16689
372.49204 -0.004216 0.16675
372.58568 -0.006934 0.16658
372.67931 -0.009649 0.16636
372.77295 -0.012359 0.16610
372.86659 -0.015064 0.16580
372.96023 -0.017764 0.16546
373.05387 -0.020457 0.16509
373.14751 -0.023143 0.16467
373.24114 -0.025822 0.16422
373.33478 -0.028493 0.16372
373.42842 -0.031155 0.16319
373.52206 -0.033807 0.16262
373.61570 -0.036449 0.16200
373.70933 -0.039081 0.16135
373.80297 -0.041701 0.16067
373.89661 -0.044309 0.15994
373.99025 -0.046904 0.15918
374.08389 -0.049487 0.15837
374.17752 -0.052055 0.15753
374.27116 -0.054609 0.15666
374.36480 -0.057148 0.15574
374.45844 -0.059671 0.15479
374.55208 -0.062179 0.15380
374.64571 -0.064669 0.15278
374.73935 -0.067142 0.15172
374.83299 -0.069596 0.15062
374.92663 -0.072033 0.14949
375.02026 -0.074449 0.14832
375.11390 -0.076847 0.14712
375.20754 -0.079224 0.14588
375.30118 -0.081580 0.14461
375.39482 -0.083914 0.14330
375.48845 -0.086227 0.14196
375.58209 -0.088517 0.14059
375.67573 -0.090784 0.13919
375.76937 -0.093027 0.13775
375.86301 -0.095247 0.13628
375.95665 -0.097441 0.13477
376.05028 -0.099611 0.13324
376.14392 -0.101754 0.13168
376.23756 -0.103872 0.13008
376.33120 -0.105963 0.12845
376.42484 -0.108026 0.12680
376.51847 -0.110062 0.12511
376.61211 -0.112070 0.12340
376.70575 -0.114050 0.12165
376.79939 -0.116000 0.11988
376.89303 -0.117921 0.11808
376.98666 -0.119811 0.11625
377.08030 -0.121672 0.11440
377.17394 -0.123501 0.11252
377.26758 -0.125299 0.11061
377.36122 -0.127066 0.10868
377.45485 -0.128800 0.10673
377.54849 -0.130502 0.10475
377.64213 -0.132171 0.10274
377.73577 -0.133807 0.10071
377.82941 -0.135409 0.09866
377.92304 -0.136977 0.09659
378.01668 -0.138511 0.09449
378.11032 -0.140009 0.09238
378.20396 -0.141473 0.09024
378.29760 -0.142902 0.08808
378.39123 -0.144295 0.08590
378.48487 -0.145651 0.08371
378.57851 -0.146972 0.08149
378.67215 -0.148255 0.07926
378.76579 -0.149502 0.07701
378.85942 -0.150711 0.07474
378.95306 -0.151883 0.07246
379.04670 -0.153018 0.07016
379.14034 -0.154114 0.06784
379.23398 -0.155172 0.06551
379.32761 -0.156192 0.06317
379.42125 -0.157172 0.06081
379.51489 -0.158114 0.05844
379.60853 -0.159017 0.05606
379.70217 -0.159880 0.05366
379.79580 -0.160704 0.05126
379.88944 -0.161489 0.04884
379.98308 -0.162233 0.04642
380.07672 -0.162938 0.04398
380.17036 -0.163602 0.04154
380.26399 -0.164226 0.03909
380.35763 -0.164810 0.03663
380.45127 -0.165353 0.03416
380.54491 -0.165855 0.03169
380.63855 -0.166317 0.02922
380.73219 -0.166738 0.02673
380.82582 -0.167118 0.02425
380.91946 -0.167457 0.02176
381.01310 -0.167755 0.01926
381.10674 -0.168013 0.01677
381.20038 -0.168229 0.01427
381.29401 -0.168404 0.01177
381.38765 -0.168537 0.00927
381.48129 -0.168630 0.00677
381.57493 -0.168682 0.00427
381.66857 -0.168692 0.00178
381.76220 -0.168662 -0.00072
381.85584 -0.168590 -0.00321
381.94948 -0.168478 -0.00570
382.04312 -0.168325 -0.00819
382.13675 -0.168130 -0.01067
382.23039 -0.167895 -0.01315
382.32403 -0.167620 -0.01562
382.41767 -0.167303 -0.01808
382.51131 -0.166947 -0.02054
382.60494 -0.166549 -0.02299
382.69858 -0.166112 -0.02543
382.79222 -0.165635 -0.02786
382.88586 -0.165117 -0.03029
382.97950 -0.164560 -0.03270
383.07313 -0.163963 -0.03511
383.16677 -0.163327 -0.03750
383.26041 -0.162652 -0.03988
383.35405 -0.161937 -0.04225
383.44769 -0.161184 -0.04460
383.54133 -0.160392 -0.04695
383.63496 -0.159561 -0.04927
383.72860 -0.158693 -0.05159
383.82224 -0.157786 -0.05389
383.91588 -0.156842 -0.05617
384.00952 -0.155861 -0.05843
384.10315 -0.154842 -0.06068
384.19679 -0.153786 -0.06291
384.29043 -0.152694 -0.06513
384.38407 -0.151566 -0.06732
384.47771 -0.150402 -0.06950
384.57134 -0.149202 -0.07166
384.66498 -0.147966 -0.07379
384.75862 -0.146696 -0.07591
384.85226 -0.145391 -0.07800
384.94590 -0.144052 -0.08007
385.03953 -0.142679 -0.08212
385.13317 -0.141272 -0.08415
385.22681 -0.139833 -0.08616
385.32045 -0.138360 -0.08814
385.41409 -0.136855 -0.09009
385.50772 -0.135318 -0.09202
385.60136 -0.133750 -0.09393
385.69500 -0.132150 -0.09581
385.78864 -0.130520 -0.09766
385.88228 -0.128859 -0.09949
385.97591 -0.127169 -0.10129
386.06955 -0.125449 -0.10307
386.16319 -0.123700 -0.10481
386.25683 -0.121923 -0.10653
386.35047 -0.120117 -0.10822
386.44410 -0.118284 -0.10987
386.53774 -0.116424 -0.11150
386.63138 -0.114538 -0.11310
386.72502 -0.112625 -0.11467
386.81866 -0.110687 -0.11621
386.91229 -0.108723 -0.11772
387.00593 -0.106735 -0.11919
387.09957 -0.104723 -0.12064
387.19321 -0.102688 -0.12205
387.28685 -0.100629 -0.12343
387.38048 -0.098549 -0.12477
387.47412 -0.096446 -0.12609
387.56776 -0.094322 -0.12737
387.66140 -0.092177 -0.12861
387.75504 -0.090011 -0.12982
387.84867 -0.087827 -0.13100
387.94231 -0.085623 -0.13214
388.03595 -0.083400 -0.13325
388.12959 -0.081160 -0.13432
388.22323 -0.078902 -0.13536
388.31686 -0.076627 -0.13636
388.41050 -0.074336 -0.13732
388.50414 -0.072030 -0.13825
388.59778 -0.069708 -0.13914
388.69142 -0.067372 -0.14000
388.78505 -0.065022 -0.14082
388.87869 -0.062659 -0.14160
388.97233 -0.060284 -0.14235
389.06597 -0.057896 -0.14305
389.15961 -0.055497 -0.14372
389.25324 -0.053088 -0.14435
389.34688 -0.050668 -0.14495
389.44052 -0.048239 -0.14550
389.53416 -0.045800 -0.14602
389.62780 -0.043354 -0.14650
389.72143 -0.040900 -0.14694
389.81507 -0.038439 -0.14735
389.90871 -0.035972 -0.14771
390.00235 -0.033499 -0.14804
390.09599 -0.031020 -0.14833
390.18962 -0.028538 -0.14858
390.28326 -0.026051 -0.14879
390.37690 -0.023562 -0.14896
390.47054 -0.021070 -0.14909
390.56418 -0.018576 -0.14918
390.65782 -0.016080 -0.14924
390.75145 -0.013584 -0.14925
390.84509 -0.011088 -0.14923
390.93873 -0.008593 -0.14917
391.03237 -0.006099 -0.14907
391.12600 -0.003607 -0.14893
391.21964 -0.001118 -0.14876
391.31328 0.001368 -0.14854
391.40692 0.003851 -0.14829
391.50056 0.006328 -0.14799
391.59420 0.008801 -0.14766
391.68783 0.011268 -0.14729
391.78147 0.013729 -0.14689
391.87511 0.016182 -0.14644
391.96875 0.018628 -0.14596
392.06238 0.021066 -0.14544
392.15602 0.023495 -0.14488
392.24966 0.025914 -0.14428
392.34330 0.028323 -0.14365
392.43694 0.030722 -0.14298
392.53057 0.033109 -0.14227
392.62421 0.035484 -0.14153
392.71785 0.037846 -0.14075
392.81149 0.040196 -0.13994
392.90513 0.042532 -0.13908
392.99877 0.044853 -0.13820
393.09240 0.047159 -0.13727
393.18604 0.049450 -0.13631
393.27968 0.051725 -0.13532
393.37332 0.053983 -0.13429
393.46695 0.056224 -0.13323
393.56059 0.058447 -0.13213
393.65423 0.060651 -0.13100
393.74787 0.062837 -0.12984
393.84151 0.065003 -0.12864
393.93515 0.067149 -0.12741
394.02878 0.069274 -0.12615
394.12242 0.071379 -0.12486
394.21606 0.073461 -0.12353
394.30970 0.075522 -0.12217
394.40333 0.077559 -0.12078
394.49697 0.079574 -0.11936
394.59061 0.081564 -0.11791
394.68425 0.083531 -0.11643
394.77789 0.085473 -0.11492
394.87153 0.087389 -0.11338
394.96516 0.089280 -0.11181
395.05880 0.091144 -0.11022
395.15244 0.092982 -0.10859
395.24608 0.094793 -0.10694
395.33971 0.096576 -0.10526
395.43335 0.098331 -0.10356
395.52699 0.100058 -0.10183
395.62063 0.101755 -0.10007
395.71427 0.103424 -0.09829
395.80791 0.105062 -0.09648
395.90154 0.106670 -0.09465
395.99518 0.108248 -0.09279
396.08882 0.109795 -0.09092
396.18246 0.111310 -0.08901
396.27610 0.112794 -0.08709
396.36973 0.114246 -0.08514
396.46337 0.115665 -0.08318
396.55701 0.117051 -0.08119
396.65065 0.118404 -0.07918
396.74429 0.119724 -0.07716
396.83792 0.121009 -0.07511
396.93156 0.122261 -0.07304
397.02520 0.123478 -0.07096
397.11884 0.124660 -0.06886
397.21248 0.125807 -0.06674
397.30611 0.126919 -0.06461
397.39975 0.127995 -0.06246
397.49339 0.129035 -0.06029
397.58703 0.130039 -0.05811
397.68067 0.131007 -0.05592
397.77430 0.131938 -0.05371
397.86794 0.132832 -0.05149
397.96158 0.133689 -0.04926
398.05522 0.134508 -0.04701
398.14886 0.135290 -0.04476
398.24249 0.136035 -0.04249
398.33613 0.136741 -0.04021
398.42977 0.137410 -0.03793
398.52341 0.138040 -0.03563
398.61705 0.138632 -0.03333
398.71068 0.139185 -0.03102
398.80432 0.139700 -0.02870
398.89796 0.140176 -0.02638
398.99160 0.140613 -0.02405
399.08524 0.141011 -0.02171
399.17887 0.141370 -0.01937
399.27251 0.141690 -0.01703
399.36615 0.141970 -0.01468
399.45979 0.142211 -0.01234
399.55343 0.142413 -0.00998
399.64706 0.142576 -0.00763
399.74070 0.142699 -0.00528
399.83434 0.142783 -0.00292
399.92798 0.142827 -0.00057
400.02162 0.142832 0.00178
400.11525 0.142797 0.00413
400.20889 0.142723 0.00648
400.30253 0.142610 0.00883
400.39617 0.142457 0.01117
400.48981 0.142265 0.01351
400.58344 0.142033 0.01584
400.67708 0.141763 0.01817
400.77072 0.141453 0.02049
400.86436 0.141104 0.02281
400.95800 0.140717 0.02511
401.05164 0.140290 0.02741
401.14527 0.139825 0.02971
401.23891 0.139322 0.03199
401.33255 0.138780 0.03426
401.42619 0.138199 0.03653
401.51982 0.137581 0.03878
401.61346 0.136925 0.04102
401.70710 0.136231 0.04325
401.80074 0.135499 0.04547
401.89438 0.134730 0.04767
401.98802 0.133924 0.04986
402.08165 0.133081 0.05203
402.17529 0.132201 0.05420
402.26893 0.131285 0.05634
402.36257 0.130332 0.05847
402.45620 0.129344 0.06058
402.54984 0.128320 0.06268
402.64348 0.127260 0.06475
402.73712 0.126165 0.06681
402.83076 0.125036 0.06886
402.92440 0.123871 0.07088
403.01803 0.122673 0.07288
403.11167 0.121440 0.07486
403.20531 0.120174 0.07682
403.29895 0.118875 0.07876
403.39259 0.117543 0.08068
403.48622 0.116178 0.08257
403.57986 0.114781 0.08444
403.67350 0.113352 0.08629
403.76714 0.111892 0.08811
403.86077 0.110401 0.08991
403.95441 0.108879 0.09169
404.04805 0.107326 0.09344
404.14169 0.105744 0.09516
404.23533 0.104133 0.09686
404.32897 0.102492 0.09853
404.42260 0.100823 0.10017
404.51624 0.099125 0.10179
404.60988 0.097400 0.10338
404.70352 0.095648 0.10494
404.79715 0.093868 0.10647
404.89079 0.092063 0.10797
404.98443 0.090231 0.10944
405.07807 0.088375 0.11088
405.17171 0.086493 0.11229
405.26535 0.084587 0.11367
405.35898 0.082657 0.11502
405.45262 0.080704 0.11634
405.54626 0.078728 0.11763
405.63990 0.076729 0.11888
405.73354 0.074709 0.12010
405.82717 0.072667 0.12129
405.92081 0.070605 0.12244
406.01445 0.068522 0.12356
406.10809 0.066420 0.12465
406.20173 0.064299 0.12570
406.29536 0.062159 0.12672
406.38900 0.060001 0.12771
406.48264 0.057825 0.12866
406.57628 0.055633 0.12957
406.66992 0.053425 0.13045
406.76355 0.051201 0.13129
406.85719 0.048961 0.13210
406.95083 0.046707 0.13287
407.04447 0.044440 0.13360
407.13811 0.042158 0.13430
407.23174 0.039865 0.13496
407.32538 0.037559 0.13558
407.41902 0.035241 0.13617
407.51266 0.032913 0.13672
407.60630 0.030574 0.13723
407.69993 0.028225 0.13770
407.79357 0.025868 0.13814
407.88721 0.023502 0.13854
407.98085 0.021128 0.13890
408.07449 0.018746 0.13922
408.16812 0.016359 0.13951
408.26176 0.013965 0.13975
408.35540 0.011566 0.13996
408.44904 0.009162 0.14013
408.54268 0.006754 0.14026
408.63631 0.004343 0.14035
408.72995 0.001929 0.14041
408.82359 -0.000487 0.14042
408.91723 -0.002905 0.14040
409.01087 -0.005324 0.14034
409.10450 -0.007743 0.14024
409.19814 -0.010162 0.14010
409.29178 -0.012579 0.13992
409.38542 -0.014995 0.13970
409.47906 -0.017409 0.13945
409.57269 -0.019820 0.13916
409.66633 -0.022227 0.13882
409.75997 -0.024631 0.13845
409.85361 -0.027029 0.13805
409.94725 -0.029422 0.13760
410.04088 -0.031809 0.13712
410.13452 -0.034189 0.13659
410.22816 -0.036562 0.13603
410.32180 -0.038927 0.13544
410.41544 -0.041283 0.13480
410.50908 -0.043630 0.13413
410.60271 -0.045967 0.13342
410.69635 -0.048294 0.13267
410.78999 -0.050610 0.13189
410.88363 -0.052914 0.13107
410.97726 -0.055206 0.13022
411.07090 -0.057485 0.12932
411.16454 -0.059751 0.12839
411.25818 -0.062002 0.12743
411.35182 -0.064239 0.12643
411.44546 -0.066461 0.12540
411.53909 -0.068666 0.12433
411.63273 -0.070855 0.12322
411.72637 -0.073028 0.12208
411.82001 -0.075182 0.12091
411.91364 -0.077319 0.11970
412.00728 -0.079437 0.11846
412.10092 -0.081535 0.11718
412.19456 -0.083614 0.11588
412.28820 -0.085672 0.11454
412.38184 -0.087709 0.11316
412.47547 -0.089725 0.11176
412.56911 -0.091719 0.11032
412.66275 -0.093690 0.10886
412.75639 -0.095638 0.10736
412.85002 -0.097562 0.10583
412.94366 -0.099463 0.10427
413.03730 -0.101338 0.10268
413.13094 -0.103189 0.10107
413.22458 -0.105014 0.09942
413.31822 -0.106813 0.09774
413.41185 -0.108585 0.09604
413.50549 -0.110330 0.09431
413.59913 -0.112048 0.09255
413.69277 -0.113737 0.09077
413.78641 -0.115398 0.08896
413.88004 -0.117031 0.08712
413.97368 -0.118633 0.08526
414.06732 -0.120206 0.08337
414.16096 -0.121749 0.08146
414.25459 -0.123262 0.07952
414.34823 -0.124743 0.07756
414.44187 -0.126193 0.07558
414.53551 -0.127610 0.07358
414.62915 -0.128996 0.07155
414.72279 -0.130349 0.06950
414.81642 -0.131669 0.06743
414.91006 -0.132956 0.06534
415.00370 -0.134209 0.06324
415.09734 -0.135428 0.06111
415.19097 -0.136613 0.05896
415.28461 -0.137763 0.05680
415.37825 -0.138878 0.05461
415.47189 -0.139958 0.05241
415.56553 -0.141002 0.05020
415.65917 -0.142010 0.04797
415.75280 -0.142982 0.04572
415.84644 -0.143917 0.04346
415.94008 -0.144816 0.04118
416.03372 -0.145678 0.03889
416.12736 -0.146502 0.03659
416.22099 -0.147290 0.03427
416.31463 -0.148039 0.03194
416.40827 -0.148750 0.02961
416.50191 -0.149424 0.02726
416.59555 -0.150059 0.02490
416.68918 -0.150655 0.02253
416.78282 -0.151213 0.02015
416.87646 -0.151732 0.01777
416.97010 -0.152212 0.01537
417.06374 -0.152652 0.01297
417.15737 -0.153054 0.01057
417.25101 -0.153416 0.00816
417.34465 -0.153738 0.00574
417.43829 -0.154021 0.00332
417.53193 -0.154264 0.00089
417.62556 -0.154467 -0.00154
417.71920 -0.154631 -0.00397
417.81284 -0.154754 -0.00640
417.90648 -0.154837 -0.00883
418.00012 -0.154880 -0.01127
418.09375 -0.154883 -0.01370
418.18739 -0.154846 -0.01614
418.28103 -0.154769 -0.01857
418.37467 -0.154651 -0.02100
418.46831 -0.154494 -0.02343
418.56194 -0.154296 -0.02585
418.65558 -0.154058 -0.02828
418.74922 -0.153780 -0.03069
418.84286 -0.153462 -0.03311
418.93650 -0.153103 -0.03551
419.03013 -0.152705 -0.03791
419.12377 -0.152267 -0.04031
419.21741 -0.151789 -0.04269
419.31105 -0.151272 -0.04507
419.40469 -0.150715 -0.04744
419.49832 -0.150118 -0.04980
419.59196 -0.149483 -0.05215
419.68560 -0.148807 -0.05448
419.77924 -0.148093 -0.05681
419.87288 -0.147340 -0.05913
419.96651 -0.146549 -0.06143
420.06015 -0.145718 -0.06372
420.15379 -0.144850 -0.06600
420.24743 -0.143943 -0.06826
420.34107 -0.142998 -0.07051
420.43471 -0.142015 -0.07274
420.52834 -0.140995 -0.07495
420.62198 -0.139938 -0.07715
420.71562 -0.138843 -0.07933
420.80926 -0.137712 -0.08150
420.90290 -0.136544 -0.08364
420.99653 -0.135340 -0.08577
421.09017 -0.134100 -0.08787
421.18381 -0.132824 -0.08996
421.27745 -0.131513 -0.09203
421.37108 -0.130167 -0.09407
421.46472 -0.128786 -0.09609
421.55836 -0.127370 -0.09809
421.65200 -0.125921 -0.10007
421.74564 -0.124437 -0.10203
421.83928 -0.122921 -0.10396
421.93291 -0.121371 -0.10586
422.02655 -0.119789 -0.10775
422.12019 -0.118174 -0.10960
422.21383 -0.116527 -0.11143
422.30746 -0.114849 -0.11323
422.40110 -0.113140 -0.11501
422.49474 -0.111400 -0.11676
422.58838 -0.109630 -0.11848
422.68202 -0.107830 -0.12018
422.77566 -0.106000 -0.12184
422.86929 -0.104142 -0.12348
422.96293 -0.102255 -0.12508
423.05657 -0.100340 -0.12666
423.15021 -0.098397 -0.12820
423.24384 -0.096428 -0.12972
423.33748 -0.094431 -0.13120
423.43112 -0.092409 -0.13265
423.52476 -0.090361 -0.13407
423.61840 -0.088287 -0.13546
423.71204 -0.086189 -0.13681
423.80567 -0.084067 -0.13813
423.89931 -0.081921 -0.13942
423.99295 -0.079752 -0.14067
424.08659 -0.077561 -0.14189
424.18022 -0.075348 -0.14307
424.27386 -0.073113 -0.14422
424.36750 -0.070857 -0.14533
424.46114 -0.068580 -0.14641
424.55478 -0.066284 -0.14745
424.64841 -0.063969 -0.14845
424.74205 -0.061635 -0.14942
424.83569 -0.059283 -0.15035
424.92933 -0.056913 -0.15125
425.02297 -0.054526 -0.15211
425.11661 -0.052123 -0.15292
425.21024 -0.049705 -0.15371
425.30388 -0.047271 -0.15445
425.39752 -0.044822 -0.15515
425.49116 -0.042359 -0.15582
425.58480 -0.039884 -0.15645
425.67843 -0.037395 -0.15704
425.77207 -0.034894 -0.15759
425.86571 -0.032382 -0.15810
425.95935 -0.029859 -0.15857
426.05299 -0.027325 -0.15900
426.14662 -0.024782 -0.15939
426.24026 -0.022230 -0.15974
426.33390 -0.019670 -0.16005
426.42754 -0.017101 -0.16033
426.52118 -0.014526 -0.16056
426.61481 -0.011944 -0.16075
426.70845 -0.009357 -0.16090
426.80209 -0.006764 -0.16101
426.89573 -0.004167 -0.16108
426.98937 -0.001566 -0.16111
427.08300 0.001039 -0.16109
427.17664 0.003646 -0.16104
427.27028 0.006255 -0.16095
427.36392 0.008865 -0.16081
427.45756 0.011476 -0.16064
427.55119 0.014087 -0.16042
427.64483 0.016697 -0.16017
427.73847 0.019306 -0.15987
427.83211 0.021913 -0.15953
427.92575 0.024517 -0.15916
428.01938 0.027118 -0.15874
428.11302 0.029716 -0.15828
428.20666 0.032308 -0.15778
428.30030 0.034896 -0.15724
428.39394 0.037477 -0.15666
428.48757 0.040052 -0.15604
428.58121 0.042620 -0.15538
428.67485 0.045180 -0.15468
428.76849 0.047732 -0.15394
428.86213 0.050274 -0.15317
428.95576 0.052807 -0.15235
429.04940 0.055330 -0.15149
429.14304 0.057842 -0.15060
429.23668 0.060342 -0.14966
429.33032 0.062829 -0.14869
429.42395 0.065304 -0.14768
429.51759 0.067766 -0.14663
429.61123 0.070213 -0.14554
429.70487 0.072646 -0.14441
429.79851 0.075063 -0.14325
429.89214 0.077464 -0.14205
429.98578 0.079849 -0.14081
430.07942 0.082217 -0.13954
430.17306 0.084567 -0.13823
430.26670 0.086899 -0.13688
430.36033 0.089212 -0.13550
430.45397 0.091505 -0.13409
430.54761 0.093778 -0.13263
430.64125 0.096031 -0.13115
430.73489 0.098262 -0.12963
430.82853 0.100472 -0.12807
430.92216 0.102659 -0.12648
431.01580 0.104824 -0.12486
431.10944 0.106965 -0.12320
431.20308 0.109082 -0.12152
431.29671 0.111175 -0.11980
431.39035 0.113242 -0.11804
431.48399 0.115284 -0.11626
431.57763 0.117300 -0.11445
431.67127 0.119290 -0.11260
431.76490 0.121252 -0.11073
431.85854 0.123187 -0.10882
431.95218 0.125094 -0.10689
432.04582 0.126972 -0.10493
432.13946 0.128821 -0.10294
432.23310 0.130641 -0.10092
432.32673 0.132431 -0.09887
432.42037 0.134190 -0.09680
432.51401 0.135918 -0.09470
432.60765 0.137616 -0.09258
432.70128 0.139281 -0.09043
432.79492 0.140914 -0.08825
432.88856 0.142515 -0.08606
432.98220 0.144083 -0.08383
433.07584 0.145617 -0.08159
433.16948 0.147118 -0.07932
433.26311 0.148584 -0.07703
433.35675 0.150016 -0.07472
433.45039 0.151414 -0.07238
433.54403 0.152775 -0.07003
433.63766 0.154102 -0.06766
433.73130 0.155392 -0.06526
433.82494 0.156646 -0.06285
433.91858 0.157864 -0.06042
434.01222 0.159044 -0.05797
434.10586 0.160188 -0.05551
434.19949 0.161294 -0.05303
434.29313 0.162362 -0.05053
434.38677 0.163392 -0.04802
434.48041 0.164384 -0.04550
434.57404 0.165337 -0.04296
434.66768 0.166251 -0.04040
434.76132 0.167126 -0.03784
434.85496 0.167962 -0.03526
434.94860 0.168759 -0.03267
435.04224 0.169516 -0.03007
435.13587 0.170233 -0.02746
435.22951 0.170909 -0.02484
435.32315 0.171546 -0.02221
435.41679 0.172142 -0.01957
435.51043 0.172697 -0.01693
435.60406 0.173212 -0.01427
435.69770 0.173686 -0.01162
435.79134 0.174118 -0.00895
435.88498 0.174510 -0.00628
435.97862 0.174860 -0.00361
436.07225 0.175169 -0.00093
436.16589 0.175437 0.00175
436.25953 0.175663 0.00443
436.35317 0.175847 0.00711
436.44681 0.175990 0.00980
436.54044 0.176091 0.01249
436.63408 0.176150 0.01517
436.72772 0.176168 0.01786
436.82136 0.176144 0.02054
436.91500 0.176078 0.02322
437.00863 0.175970 0.02590
437.10227 0.175821 0.02857
437.19591 0.175630 0.03124
437.28955 0.175397 0.03391
437.38319 0.175122 0.03657
437.47682 0.174806 0.03922
437.57046 0.174449 0.04187
437.66410 0.174050 0.04451
437.75774 0.173610 0.04714
437.85138 0.173128 0.04976
437.94501 0.172606 0.05238
438.03865 0.172042 0.05498
438.13229 0.171438 0.05757
438.22593 0.170792 0.06015
438.31957 0.170107 0.06272
438.41320 0.169380 0.06528
438.50684 0.168614 0.06782
438.60048 0.167807 0.07035
438.69412 0.166961 0.07287
438.78776 0.166075 0.07537
438.88139 0.165149 0.07785
438.97503 0.164184 0.08032
439.06867 0.163181 0.08277
439.16231 0.162138 0.08520
439.25595 0.161057 0.08762
439.34958 0.159937 0.09001
439.44322 0.158780 0.09239
439.53686 0.157585 0.09475
439.63050 0.156352 0.09708
439.72414 0.155083 0.09940
439.81777 0.153776 0.10169
439.91141 0.152433 0.10396
440.00505 0.151054 0.10621
440.09869 0.149639 0.10844
440.19233 0.148188 0.11064
440.28597 0.146702 0.11281
440.37960 0.145182 0.11497
440.47324 0.143627 0.11709
440.56688 0.142038 0.11919
440.66052 0.140415 0.12126
440.75415 0.138759 0.12331
440.84779 0.137070 0.12533
440.94143 0.135349 0.12732
441.03507 0.133596 0.12928
441.12871 0.131811 0.13121
441.22235 0.129995 0.13311
441.31598 0.128148 0.13499
441.40962 0.126271 0.13683
441.50326 0.124364 0.13864
441.59690 0.122427 0.14042
441.69053 0.120462 0.14216
441.78417 0.118469 0.14388
441.87781 0.116447 0.14556
441.97145 0.114398 0.14721
442.06509 0.112322 0.14883
442.15873 0.110220 0.15041
442.25236 0.108092 0.15195
442.34600 0.105938 0.15347
442.43964 0.103760 0.15494
442.53328 0.101557 0.15638
442.62692 0.099331 0.15779
442.72055 0.097081 0.15916
442.81419 0.094809 0.16049
442.90783 0.092514 0.16178
443.00147 0.090198 0.16304
443.09510 0.087861 0.16426
443.18874 0.085504 0.16544
443.28238 0.083126 0.16659
443.37602 0.080730 0.16769
443.46966 0.078315 0.16876
443.56330 0.075881 0.16979
443.65693 0.073431 0.17078
443.75057 0.070963 0.17172
443.84421 0.068479 0.17263
443.93785 0.065979 0.17350
444.03148 0.063465 0.17433
444.12512 0.060936 0.17512
444.21876 0.058393 0.17586
444.31240 0.055837 0.17657
444.40604 0.053268 0.17724
444.49968 0.050687 0.17786
444.59331 0.048096 0.17844
444.68695 0.045493 0.17898
444.78059 0.042881 0.17948
444.87423 0.040259 0.17994
444.96787 0.037628 0.18035
445.06150 0.034989 0.18073
445.15514 0.032343 0.18106
445.24878 0.029690 0.18135
445.34242 0.027031 0.18159
445.43606 0.024366 0.18180
445.52969 0.021697 0.18196
445.62333 0.019023 0.18208
445.71697 0.016346 0.18216
445.81061 0.013666 0.18219
445.90425 0.010984 0.18218
445.99788 0.008301 0.18213
446.09152 0.005616 0.18204
446.18516 0.002931 0.18190
446.27880 0.000247 0.18172
446.37244 -0.002437 0.18150
446.46607 -0.005118 0.18124
446.55971 -0.007797 0.18093
446.65335 -0.010473 0.18058
446.74699 -0.013146 0.18019
446.84063 -0.015814 0.17976
446.93426 -0.018477 0.17928
447.02790 -0.021134 0.17877
447.12154 -0.023785 0.17821
447.21518 -0.026429 0.17761
447.30882 -0.029065 0.17696
447.40245 -0.031693 0.17628
447.49609 -0.034312 0.17556
447.58973 -0.036922 0.17479
447.68337 -0.039521 0.17398
447.77701 -0.042109 0.17314
447.87064 -0.044686 0.17225
447.96428 -0.047251 0.17132
448.05792 -0.049803 0.17035
448.15156 -0.052342 0.16934
448.24520 -0.054867 0.16830
448.33883 -0.057377 0.16721
448.43247 -0.059872 0.16608
448.52611 -0.062351 0.16492
448.61975 -0.064814 0.16372
448.71339 -0.067260 0.16248
448.80702 -0.069688 0.16120
448.90066 -0.072098 0.15988
448.99430 -0.074489 0.15852
449.08794 -0.076861 0.15713
449.18158 -0.079212 0.15571
449.27521 -0.081544 0.15424
449.36885 -0.083854 0.15274
449.46249 -0.086142 0.15121
449.55613 -0.088408 0.14964
449.64977 -0.090651 0.14803
449.74340 -0.092872 0.14639
449.83704 -0.095068 0.14472
449.93068 -0.097239 0.14301
450.02432 -0.099386 0.14127
450.11796 -0.101508 0.13950
450.21159 -0.103603 0.13769
450.30523 -0.105672 0.13585
450.39887 -0.107714 0.13399
450.49251 -0.109729 0.13209
450.58615 -0.111715 0.13016
450.67979 -0.113673 0.12820
450.77342 -0.115602 0.12621
450.86706 -0.117502 0.12419
450.96070 -0.119372 0.12214
451.05434 -0.121212 0.12006
451.14797 -0.123021 0.11796
451.24161 -0.124799 0.11583
451.33525 -0.126545 0.11368
451.42889 -0.128259 0.11149
451.52253 -0.129941 0.10929
451.61617 -0.131590 0.10705
451.70980 -0.133206 0.10480
451.80344 -0.134788 0.10252
451.89708 -0.136336 0.10021
451.99072 -0.137850 0.09789
452.08435 -0.139329 0.09554
452.17799 -0.140773 0.09317
452.27163 -0.142181 0.09078
452.36527 -0.143554 0.08836
452.45891 -0.144891 0.08593
452.55255 -0.146191 0.08348
452.64618 -0.147455 0.08101
452.73982 -0.148682 0.07853
452.83346 -0.149871 0.07602
452.92710 -0.151023 0.07350
453.02074 -0.152137 0.07096
453.11437 -0.153213 0.06841
453.20801 -0.154251 0.06584
453.30165 -0.155250 0.06326
453.39529 -0.156210 0.06067
453.48892 -0.157132 0.05806
453.58256 -0.158014 0.05544
453.67620 -0.158856 0.05281
453.76984 -0.159659 0.05017
453.86348 -0.160423 0.04751
453.95712 -0.161146 0.04485
454.05075 -0.161829 0.04218
454.14439 -0.162472 0.03950
454.23803 -0.163074 0.03681
454.33167 -0.163636 0.03411
454.42530 -0.164157 0.03141
454.51894 -0.164638 0.02870
454.61258 -0.165077 0.02599
454.70622 -0.165476 0.02328
454.79986 -0.165834 0.02055
454.89350 -0.166150 0.01783
454.98713 -0.166425 0.01511
455.08077 -0.166659 0.01238
455.17441 -0.166852 0.00965
455.26805 -0.167004 0.00692
455.36169 -0.167114 0.00419
455.45532 -0.167183 0.00146
455.54896 -0.167211 -0.00126
455.64260 -0.167197 -0.00399
455.73624 -0.167142 -0.00671
455.82988 -0.167046 -0.00943
455.92351 -0.166909 -0.01214
456.01715 -0.166731 -0.01485
456.11079 -0.166511 -0.01755
456.20443 -0.166251 -0.02025
456.29807 -0.165950 -0.02294
456.39170 -0.165608 -0.02562
456.48534 -0.165225 -0.02829
456.57898 -0.164802 -0.03096
456.67262 -0.164338 -0.03361
456.76626 -0.163835 -0.03626
456.85989 -0.163291 -0.03889
456.95353 -0.162707 -0.04151
457.04717 -0.162083 -0.04412
457.14081 -0.161420 -0.04672
457.23445 -0.160717 -0.04930
457.32808 -0.159975 -0.05187
457.42172 -0.159194 -0.05443
457.51536 -0.158375 -0.05697
457.60900 -0.157516 -0.05949
457.70264 -0.156620 -0.06200
457.79627 -0.155685 -0.06449
457.88991 -0.154713 -0.06696
457.98355 -0.153703 -0.06942
458.07719 -0.152655 -0.07185
458.17083 -0.151571 -0.07427
458.26446 -0.150450 -0.07666
458.35810 -0.149293 -0.07904
458.45174 -0.148100 -0.08139
458.54538 -0.146870 -0.08372
458.63902 -0.145606 -0.08603
458.73265 -0.144306 -0.08831
458.82629 -0.142972 -0.09058
458.91993 -0.141604 -0.09281
459.01357 -0.140201 -0.09503
459.10721 -0.138765 -0.09722
459.20084 -0.137296 -0.09938
459.29448 -0.135793 -0.10151
459.38812 -0.134259 -0.10362
459.48176 -0.132692 -0.10571
459.57540 -0.131094 -0.10776
459.66903 -0.129465 -0.10979
459.76267 -0.127805 -0.11178
459.85631 -0.126114 -0.11375
459.94995 -0.124394 -0.11569
460.04359 -0.122644 -0.11760
460.13723 -0.120866 -0.11947
460.23086 -0.119059 -0.12132
460.32450 -0.117224 -0.12313
460.41814 -0.115361 -0.12492
460.51178 -0.113472 -0.12667
460.60541 -0.111556 -0.12838
460.69905 -0.109614 -0.13007
460.79269 -0.107646 -0.13172
460.88633 -0.105654 -0.13333
460.97997 -0.103637 -0.13492
461.07361 -0.101597 -0.13646
461.16724 -0.099532 -0.13798
461.26088 -0.097446 -0.13945
461.35452 -0.095336 -0.14089
461.44816 -0.093205 -0.14230
461.54179 -0.091053 -0.14366
461.63543 -0.088881 -0.14499
461.72907 -0.086688 -0.14629
461.82271 -0.084476 -0.14754
461.91635 -0.082244 -0.14876
462.00999 -0.079995 -0.14994
462.10362 -0.077728 -0.15108
462.19726 -0.075444 -0.15219
462.29090 -0.073143 -0.15325
462.38454 -0.070826 -0.15428
462.47817 -0.068494 -0.15526
462.57181 -0.066148 -0.15621
462.66545 -0.063787 -0.15712
462.75909 -0.061412 -0.15798
462.85273 -0.059025 -0.15881
462.94637 -0.056626 -0.15959
463.04000 -0.054215 -0.16034
463.13364 -0.051793 -0.16104
463.22728 -0.049360 -0.16171
463.32092 -0.046918 -0.16233
463.41455 -0.044467 -0.16291
463.50819 -0.042007 -0.16345
463.60183 -0.039540 -0.16395
463.69547 -0.037065 -0.16441
463.78911 -0.034584 -0.16483
463.88274 -0.032097 -0.16520
463.97638 -0.029604 -0.16554
464.07002 -0.027107 -0.16583
464.16366 -0.024606 -0.16608
464.25730 -0.022102 -0.16628
464.35094 -0.019595 -0.16645
464.44457 -0.017086 -0.16657
464.53821 -0.014576 -0.16666
464.63185 -0.012065 -0.16670
464.72549 -0.009553 -0.16669
464.81913 -0.007043 -0.16665
464.91276 -0.004533 -0.16656
465.00640 -0.002026 -0.16644
465.10004 0.000479 -0.16627
465.19368 0.002981 -0.16606
465.28732 0.005479 -0.16581
465.38095 0.007972 -0.16551
465.47459 0.010461 -0.16518
465.56823 0.012944 -0.16480
465.66187 0.015420 -0.16439
465.75551 0.017889 -0.16393
465.84914 0.020351 -0.16343
465.94278 0.022804 -0.16289
466.03642 0.025249 -0.16231
466.13006 0.027684 -0.16169
466.22370 0.030108 -0.16103
466.31733 0.032522 -0.16033
466.41097 0.034925 -0.15959
466.50461 0.037315 -0.15881
466.59825 0.039693 -0.15799
466.69189 0.042058 -0.15713
466.78552 0.044409 -0.15624
466.87916 0.046745 -0.15530
466.97280 0.049066 -0.15433
467.06644 0.051372 -0.15332
467.16008 0.053661 -0.15227
467.25371 0.055934 -0.15118
467.34735 0.058189 -0.15006
467.44099 0.060426 -0.14890
467.53463 0.062645 -0.14770
467.62827 0.064844 -0.14646
467.72190 0.067024 -0.14520
467.81554 0.069184 -0.14389
467.90918 0.071322 -0.14255
468.00282 0.073440 -0.14118
468.09646 0.075535 -0.13977
468.19009 0.077608 -0.13832
468.28373 0.079659 -0.13685
468.37737 0.081685 -0.13534
468.47101 0.083688 -0.13379
468.56465 0.085666 -0.13222
468.65828 0.087620 -0.13061
468.75192 0.089548 -0.12897
468.84556 0.091449 -0.12730
468.93920 0.093325 -0.12560
469.03284 0.095173 -0.12387
469.12647 0.096994 -0.12211
469.22011 0.098788 -0.12033
469.31375 0.100553 -0.11851
469.40739 0.102289 -0.11666
469.50103 0.103996 -0.11479
469.59466 0.105673 -0.11289
469.68830 0.107320 -0.11096
469.78194 0.108937 -0.10900
469.87558 0.110523 -0.10702
469.96922 0.112078 -0.10502
470.06286 0.113601 -0.10299
470.15649 0.115092 -0.10094
470.25013 0.116551 -0.09886
470.34377 0.117977 -0.09676
470.43741 0.119369 -0.09464
470.53104 0.120729 -0.09249
470.62468 0.122054 -0.09033
470.71832 0.123345 -0.08814
470.81196 0.124602 -0.08593
470.90560 0.125824 -0.08371
470.99923 0.127011 -0.08146
471.09287 0.128163 -0.07920
471.18651 0.129279 -0.07692
471.28015 0.130359 -0.07462
471.37379 0.131403 -0.07230
471.46743 0.132410 -0.06997
471.56106 0.133381 -0.06763
471.65470 0.134315 -0.06527
471.74834 0.135211 -0.06289
471.84198 0.136071 -0.06050
471.93561 0.136892 -0.05810
472.02925 0.137676 -0.05569
472.12289 0.138422 -0.05326
472.21653 0.139130 -0.05083
472.31017 0.139800 -0.04838
472.40381 0.140431 -0.04593
472.49744 0.141023 -0.04346
472.59108 0.141577 -0.04099
472.68472 0.142091 -0.03851
472.77836 0.142567 -0.03602
472.87199 0.143004 -0.03353
472.96563 0.143402 -0.03103
473.05927 0.143760 -0.02852
473.15291 0.144079 -0.02602
473.24655 0.144358 -0.02350
473.34019 0.144598 -0.02099
473.43382 0.144799 -0.01847
473.52746 0.144960 -0.01595
473.62110 0.145081 -0.01343
473.71474 0.145163 -0.01091
473.80837 0.145205 -0.00839
473.90201 0.145208 -0.00587
473.99565 0.145171 -0.00335
474.08929 0.145094 -0.00083
474.18293 0.144979 0.00168
474.27657 0.144823 0.00419
474.37020 0.144628 0.00669
474.46384 0.144394 0.00920
474.55748 0.144121 0.01169
474.65112 0.143809 0.01418
474.74476 0.143457 0.01666
474.83839 0.143067 0.01913
474.93203 0.142637 0.02160
475.02567 0.142170 0.02406
475.11931 0.141663 0.02650
475.21295 0.141118 0.02894
475.30658 0.140535 0.03137
475.40022 0.139914 0.03378
475.49386 0.139255 0.03619
475.58750 0.138558 0.03858
475.68114 0.137824 0.04096
475.77477 0.137053 0.04332
475.86841 0.136244 0.04567
475.96205 0.135399 0.04800
476.05569 0.134517 0.05032
476.14933 0.133599 0.05262
476.24296 0.132645 0.05491
476.33660 0.131655 0.05718
476.43024 0.130629 0.05942
476.52388 0.129569 0.06166
476.61752 0.128473 0.06387
476.71115 0.127343 0.06606
476.80479 0.126178 0.06823
476.89843 0.124979 0.07038
476.99207 0.123747 0.07251
477.08571 0.122482 0.07461
477.17934 0.121183 0.07670
477.27298 0.119852 0.07876
477.36662 0.118489 0.08079
477.46026 0.117093 0.08280
477.55390 0.115667 0.08479
477.64753 0.114209 0.08675
477.74117 0.112720 0.08869
477.83481 0.111202 0.09060
477.92845 0.109653 0.09248
478.02209 0.108075 0.09434
478.11572 0.106468 0.09616
478.20936 0.104832 0.09796
478.30300 0.103169 0.09973
478.39664 0.101477 0.10147
478.49028 0.099759 0.10318
478.58391 0.098013 0.10487
478.67755 0.096242 0.10652
478.77119 0.094445 0.10813
478.86483 0.092622 0.10972
478.95847 0.090775 0.11128
479.05210 0.088903 0.11280
479.14574 0.087008 0.11429
479.23938 0.085089 0.11575
479.33302 0.083148 0.11718
479.42666 0.081184 0.11857
479.52029 0.079199 0.11992
479.61393 0.077193 0.12124
479.70757 0.075166 0.12253
479.80121 0.073119 0.12378
479.89485 0.071052 0.12500
479.98848 0.068967 0.12618
480.08212 0.066863 0.12732
480.17576 0.064742 0.12843
480.26940 0.062603 0.12950
480.36304 0.060448 0.13054
480.45668 0.058276 0.13153
480.55031 0.056089 0.13249
480.64395 0.053888 0.13341
480.73759 0.051672 0.13430
480.83123 0.049442 0.13514
480.92486 0.047199 0.13595
481.01850 0.044944 0.13671
481.11214 0.042677 0.13744
481.20578 0.040399 0.13813
481.29942 0.038110 0.13878
481.39306 0.035811 0.13939
481.48669 0.033503 0.13996
481.58033 0.031185 0.14050
481.67397 0.028860 0.14099
481.76761 0.026528 0.14144
481.86125 0.024188 0.14185
481.95488 0.021842 0.14222
482.04852 0.019491 0.14255
482.14216 0.017134 0.14284
482.23580 0.014774 0.14309
482.32943 0.012409 0.14330
482.42307 0.010042 0.14347
482.51671 0.007672 0.14360
482.61035 0.005300 0.14369
482.70399 0.002927 0.14373
482.79763 0.000554 0.14374
482.89126 -0.001819 0.14370
482.98490 -0.004191 0.14363
483.07854 -0.006562 0.14351
483.17218 -0.008931 0.14336
483.26581 -0.011298 0.14316
483.35945 -0.013660 0.14292
483.45309 -0.016019 0.14264
483.54673 -0.018374 0.14232
483.64037 -0.020722 0.14196
483.73401 -0.023066 0.14156
483.82764 -0.025402 0.14112
483.92128 -0.027732 0.14065
484.01492 -0.030053 0.14013
484.10856 -0.032366 0.13957
484.20219 -0.034671 0.13897
484.29583 -0.036965 0.13833
484.38947 -0.039249 0.13765
484.48311 -0.041523 0.13694
484.57675 -0.043785 0.13618
484.67039 -0.046034 0.13539
484.76402 -0.048271 0.13455
484.85766 -0.050495 0.13368
484.95130 -0.052704 0.13277
485.04494 -0.054900 0.13183
485.13858 -0.057080 0.13084
485.23221 -0.059244 0.12982
485.32585 -0.061392 0.12876
485.41949 -0.063523 0.12767
485.51313 -0.065636 0.12654
485.60677 -0.067732 0.12537
485.70040 -0.069809 0.12417
485.79404 -0.071867 0.12293
485.88768 -0.073905 0.12165
485.98132 -0.075922 0.12035
486.07496 -0.077919 0.11900
486.16859 -0.079895 0.11763
486.26223 -0.081848 0.11621
486.35587 -0.083779 0.11477
486.44951 -0.085687 0.11329
486.54315 -0.087572 0.11178
486.63678 -0.089433 0.11024
486.73042 -0.091269 0.10867
486.82406 -0.093080 0.10706
486.91770 -0.094865 0.10542
487.01134 -0.096625 0.10376
487.10497 -0.098358 0.10206
487.19861 -0.100064 0.10033
487.29225 -0.101743 0.09858
487.38589 -0.103393 0.09679
487.47953 -0.105016 0.09498
487.57316 -0.106610 0.09314
487.66680 -0.108174 0.09127
487.76044 -0.109709 0.08938
487.85408 -0.111214 0.08746
487.94772 -0.112688 0.08551
488.04135 -0.114131 0.08354
488.13499 -0.115544 0.08154
488.22863 -0.116924 0.07952
488.32227 -0.118272 0.07748
488.41591 -0.119588 0.07541
488.50954 -0.120872 0.07332
488.60318 -0.122122 0.07121
488.69682 -0.123338 0.06907
488.79046 -0.124521 0.06692
488.88410 -0.125670 0.06475
488.97773 -0.126784 0.06255
489.07137 -0.127863 0.06034
489.16501 -0.128907 0.05811
489.25865 -0.129916 0.05586
489.35229 -0.130889 0.05359
489.44592 -0.131826 0.05130
489.53956 -0.132727 0.04900
489.63320 -0.133592 0.04669
489.72684 -0.134420 0.04436
489.82048 -0.135211 0.04201
489.91412 -0.135964 0.03965
490.00775 -0.136681 0.03728
490.10139 -0.137360 0.03490
490.19503 -0.138001 0.03250
490.28867 -0.138604 0.03010
490.38230 -0.139168 0.02768
490.47594 -0.139695 0.02525
490.56958 -0.140183 0.02281
490.66322 -0.140632 0.02037
490.75686 -0.141043 0.01792
490.85050 -0.141415 0.01546
490.94413 -0.141748 0.01299
491.03777 -0.142042 0.01052
491.13141 -0.142296 0.00804
491.22505 -0.142511 0.00556
491.31868 -0.142687 0.00307
491.41232 -0.142824 0.00058
491.50596 -0.142921 -0.00191
491.59960 -0.142978 -0.00441
491.69324 -0.142996 -0.00690
491.78688 -0.142975 -0.00940
491.88051 -0.142914 -0.01190
491.97415 -0.142813 -0.01439
492.06779 -0.142673 -0.01689
492.16143 -0.142493 -0.01938
492.25507 -0.142273 -0.02187
492.34870 -0.142015 -0.02436
492.44234 -0.141716 -0.02684
492.53598 -0.141379 -0.02931
492.62962 -0.141002 -0.03179
492.72325 -0.140586 -0.03425
492.81689 -0.140131 -0.03671
492.91053 -0.139636 -0.03916
493.00417 -0.139103 -0.04161
493.09781 -0.138531 -0.04404
493.19145 -0.137921 -0.04647
493.28508 -0.137272 -0.04889
493.37872 -0.136584 -0.05129
493.47236 -0.135859 -0.05369
493.56600 -0.135095 -0.05607
493.65963 -0.134294 -0.05844
493.75327 -0.133455 -0.06079
493.84691 -0.132579 -0.06314
493.94055 -0.131665 -0.06546
494.03419 -0.130715 -0.06778
494.12783 -0.129727 -0.07007
494.22146 -0.128704 -0.07235
494.31510 -0.127644 -0.07462
494.40874 -0.126548 -0.07686
494.50238 -0.125416 -0.07909
494.59602 -0.124249 -0.08130
494.68965 -0.123047 -0.08349
494.78329 -0.121810 -0.08566
494.87693 -0.120539 -0.08781
494.97057 -0.119233 -0.08994
495.06421 -0.117893 -0.09205
495.15784 -0.116520 -0.09413
495.25148 -0.115114 -0.09619
495.34512 -0.113675 -0.09823
495.43876 -0.112204 -0.10024
495.53240 -0.110700 -0.10223
495.62603 -0.109165 -0.10420
495.71967 -0.107599 -0.10614
495.81331 -0.106002 -0.10805
495.90695 -0.104374 -0.10993
496.00059 -0.102716 -0.11179
496.09422 -0.101028 -0.11362
496.18786 -0.099312 -0.11542
496.28150 -0.097566 -0.11720
496.37514 -0.095792 -0.11894
496.46878 -0.093991 -0.12066
496.56241 -0.092162 -0.12234
496.65605 -0.090306 -0.12400
496.74969 -0.088423 -0.12562
496.84333 -0.086515 -0.12721
496.93697 -0.084581 -0.12877
497.03060 -0.082622 -0.13030
497.12424 -0.080639 -0.13179
497.21788 -0.078631 -0.13325
497.31152 -0.076601 -0.13468
497.40516 -0.074547 -0.13607
497.49879 -0.072471 -0.13743
497.59243 -0.070373 -0.13876
497.68607 -0.068254 -0.14004
497.77971 -0.066114 -0.14130
497.87335 -0.063954 -0.14251
497.96698 -0.061775 -0.14370
498.06062 -0.059576 -0.14484
498.15426 -0.057359 -0.14595
498.24790 -0.055124 -0.14702
498.34154 -0.052871 -0.14805
498.43517 -0.050602 -0.14904
498.52881 -0.048317 -0.15000
498.62245 -0.046016 -0.15092
498.71609 -0.043700 -0.15180
498.80973 -0.041370 -0.15264
498.90336 -0.039026 -0.15344
498.99700 -0.036668 -0.15420
499.09064 -0.034299 -0.15492
499.18428 -0.031917 -0.15560
499.27792 -0.029525 -0.15624
499.37155 -0.027121 -0.15684
499.46519 -0.024708 -0.15740
499.55883 -0.022285 -0.15792
499.65247 -0.019853 -0.15840
499.74611 -0.017414 -0.15884
499.83974 -0.014967 -0.15924
499.93338 -0.012513 -0.15959
500.02702 -0.010052 -0.15991
500.12066 -0.007587 -0.16018
500.21430 -0.005116 -0.16041
500.30794 -0.002641 -0.16060
500.40157 -0.000163 -0.16074
500.49521 0.002318 -0.16085
500.58885 0.004802 -0.16091
500.68249 0.007287 -0.16093
500.77612 0.009773 -0.16091
500.86976 0.012260 -0.16085
500.96340 0.014746 -0.16074
501.05704 0.017231 -0.16060
501.15068 0.019715 -0.16041
501.24432 0.022196 -0.16018
501.33795 0.024675 -0.15990
501.43159 0.027149 -0.15959
501.52523 0.029620 -0.15923
501.61887 0.032085 -0.15883
501.71250 0.034545 -0.15839
501.80614 0.036999 -0.15790
501.89978 0.039446 -0.15738
501.99342 0.041885 -0.15681
502.08706 0.044316 -0.15620
502.18070 0.046738 -0.15555
502.27433 0.049151 -0.15486
502.36797 0.051554 -0.15413
502.46161 0.053946 -0.15336
502.55525 0.056326 -0.15254
502.64888 0.058695 -0.15169
502.74252 0.061051 -0.15080
502.83616 0.063394 -0.14986
502.92980 0.065722 -0.14889
503.02344 0.068037 -0.14787
503.11707 0.070336 -0.14682
503.21071 0.072619 -0.14572
503.30435 0.074886 -0.14459
503.39799 0.077136 -0.14342
503.49163 0.079368 -0.14221
503.58527 0.081583 -0.14096
503.67890 0.083778 -0.13968
503.77254 0.085954 -0.13835
503.86618 0.088111 -0.13699
503.95982 0.090246 -0.13559
504.05345 0.092361 -0.13416
504.14709 0.094454 -0.13269
504.24073 0.096525 -0.13118
504.33437 0.098573 -0.12964
504.42801 0.100598 -0.12806
504.52165 0.102598 -0.12645
504.61528 0.104575 -0.12480
504.70892 0.106526 -0.12312
504.80256 0.108452 -0.12140
504.89620 0.110352 -0.11965
504.98984 0.112225 -0.11787
505.08347 0.114072 -0.11606
505.17711 0.115891 -0.11421
505.27075 0.117682 -0.11234
505.36439 0.119444 -0.11043
505.45803 0.121177 -0.10849
505.55166 0.122881 -0.10652
505.64530 0.124555 -0.10452
505.73894 0.126199 -0.10249
505.83258 0.127811 -0.10043
505.92622 0.129393 -0.09835
506.01985 0.130943 -0.09623
506.11349 0.132460 -0.09409
506.20713 0.133945 -0.09193
506.30077 0.135397 -0.08973
506.39441 0.136816 -0.08752
506.48804 0.138201 -0.08527
506.58168 0.139552 -0.08300
506.67532 0.140868 -0.08071
506.76896 0.142149 -0.07840
506.86260 0.143395 -0.07606
506.95623 0.144606 -0.07370
507.04987 0.145780 -0.07131
507.14351 0.146919 -0.06891
507.23715 0.148020 -0.06649
507.33079 0.149085 -0.06404
507.42442 0.150113 -0.06158
507.51806 0.151103 -0.05910
507.61170 0.152055 -0.05660
507.70534 0.152969 -0.05408
507.79898 0.153845 -0.05155
507.89261 0.154682 -0.04900
507.98625 0.155480 -0.04643
508.07989 0.156240 -0.04385
508.17353 0.156960 -0.04126
508.26717 0.157640 -0.03865
508.36080 0.158281 -0.03603
508.45444 0.158882 -0.03340
508.54808 0.159443 -0.03075
508.64172 0.159963 -0.02809
508.73536 0.160444 -0.02543
508.82899 0.160883 -0.02275
508.92263 0.161282 -0.02007
509.01627 0.161640 -0.01737
509.10991 0.161957 -0.01467
509.20355 0.162233 -0.01197
509.29718 0.162467 -0.00925
509.39082 0.162661 -0.00653
509.48446 0.162813 -0.00381
509.57810 0.162923 -0.00108
509.67174 0.162993 0.00165
509.76537 0.163020 0.00439
509.85901 0.163006 0.00713
509.95265 0.162951 0.00987
510.04629 0.162853 0.01261
510.13993 0.162714 0.01534
510.23356 0.162534 0.01808
510.32720 0.162312 0.02082
510.42084 0.162048 0.02356
510.51448 0.161743 0.02629
510.60812 0.161396 0.02902
510.70176 0.161008 0.03175
510.79539 0.160579 0.03447
510.88903 0.160108 0.03718
510.98267 0.159596 0.03989
511.07631 0.159043 0.04260
511.16994 0.158449 0.04529
511.26358 0.157815 0.04798
511.35722 0.157139 0.05066
511.45086 0.156423 0.05332
511.54450 0.155667 0.05598
511.63814 0.154870 0.05863
511.73177 0.154033 0.06127
511.82541 0.153156 0.06389
511.91905 0.152240 0.06650
512.01269 0.151284 0.06910
512.10632 0.150289 0.07168
512.19996 0.149255 0.07425
512.29360 0.148182 0.07681
512.38724 0.147071 0.07934
512.48088 0.145921 0.08186
512.57452 0.144734 0.08437
512.66815 0.143508 0.08685
512.76179 0.142245 0.08932
512.85543 0.140945 0.09176
512.94907 0.139609 0.09419
513.04270 0.138235 0.09660
513.13634 0.136826 0.09898
513.22998 0.135380 0.10135
513.32362 0.133899 0.10369
513.41726 0.132383 0.10601
513.51090 0.130832 0.10830
513.60453 0.129247 0.11057
513.69817 0.127628 0.11282
513.79181 0.125975 0.11504
513.88545 0.124288 0.11723
513.97909 0.122569 0.11940
514.07272 0.120818 0.12154
514.16636 0.119034 0.12366
514.26000 0.117219 0.12574
514.35364 0.115373 0.12780
514.44728 0.113496 0.12983
514.54091 0.111589 0.13183
514.63455 0.109653 0.13380
514.72819 0.107686 0.13573
514.82183 0.105692 0.13764
514.91547 0.103668 0.13951
515.00910 0.101618 0.14136
515.10274 0.099539 0.14317
515.19638 0.097434 0.14494
515.29002 0.095303 0.14669
515.38366 0.093146 0.14840
515.47729 0.090964 0.15007
515.57093 0.088757 0.15171
515.66457 0.086526 0.15332
515.75821 0.084271 0.15489
515.85185 0.081994 0.15642
515.94548 0.079694 0.15792
516.03912 0.077372 0.15938
516.13276 0.075029 0.16080
516.22640 0.072665 0.16219
516.32004 0.070281 0.16354
516.41367 0.067877 0.16485
516.50731 0.065455 0.16612
516.60095 0.063014 0.16735
516.69459 0.060556 0.16854
516.78823 0.058080 0.16969
516.88186 0.055588 0.17081
516.97550 0.053080 0.17188
517.06914 0.050557 0.17291
517.16278 0.048019 0.17390
517.25642 0.045467 0.17485
517.35005 0.042902 0.17576
517.44369 0.040324 0.17663
517.53733 0.037734 0.17746
517.63097 0.035133 0.17824
517.72461 0.032521 0.17898
517.81824 0.029898 0.17968
517.91188 0.027267 0.18034
518.00552 0.024627 0.18096
518.09916 0.021978 0.18153
518.19280 0.019322 0.18206
518.28643 0.016660 0.18254
518.38007 0.013991 0.18299
518.47371 0.011317 0.18338
518.56735 0.008638 0.18374
518.66099 0.005954 0.18405
518.75462 0.003268 0.18432
518.84826 0.000579 0.18455
518.94190 -0.002113 0.18473
519.03554 -0.004805 0.18486
519.12918 -0.007499 0.18496
519.22281 -0.010192 0.18500
519.31645 -0.012885 0.18501
519.41009 -0.015576 0.18497
519.50373 -0.018266 0.18489
519.59737 -0.020952 0.18476
519.69101 -0.023636 0.18459
519.78464 -0.026315 0.18437
519.87828 -0.028989 0.18412
519.97192 -0.031659 0.18381
520.06556 -0.034322 0.18347
520.15919 -0.036978 0.18308
520.25283 -0.039627 0.18264
520.34647 -0.042268 0.18217
520.44011 -0.044900 0.18165
520.53375 -0.047522 0.18108
520.62739 -0.050135 0.18048
520.72102 -0.052736 0.17983
520.81466 -0.055327 0.17913
520.90830 -0.057905 0.17840
521.00194 -0.060470 0.17762
521.09558 -0.063022 0.17680
521.18921 -0.065561 0.17594
521.28285 -0.068084 0.17503
521.37649 -0.070592 0.17409
521.47013 -0.073084 0.17310
521.56376 -0.075560 0.17207
521.65740 -0.078018 0.17100
521.75104 -0.080459 0.16990
521.84468 -0.082881 0.16875
521.93832 -0.085284 0.16755
522.03196 -0.087667 0.16632
522.12559 -0.090030 0.16506
522.21923 -0.092372 0.16375
522.31287 -0.094693 0.16240
522.40651 -0.096991 0.16101
522.50014 -0.099267 0.15959
522.59378 -0.101520 0.15813
522.68742 -0.103749 0.15663
522.78106 -0.105953 0.15509
522.87470 -0.108133 0.15352
522.96834 -0.110287 0.15191
523.06197 -0.112415 0.15026
523.15561 -0.114516 0.14858
523.24925 -0.116591 0.14686
523.34289 -0.118637 0.14511
523.43652 -0.120656 0.14332
523.53016 -0.122645 0.14151
523.62380 -0.124606 0.13965
523.71744 -0.126537 0.13777
523.81108 -0.128437 0.13585
523.90472 -0.130307 0.13390
523.99835 -0.132146 0.13192
524.09199 -0.133953 0.12990
524.18563 -0.135729 0.12786
524.27927 -0.137471 0.12579
524.37291 -0.139181 0.12369
524.46654 -0.140857 0.12155
524.56018 -0.142499 0.11940
524.65382 -0.144107 0.11721
524.74746 -0.145680 0.11499
524.84110 -0.147219 0.11275
524.93473 -0.148722 0.11048
525.02837 -0.150188 0.10819
525.12201 -0.151619 0.10587
525.21565 -0.153013 0.10353
525.30929 -0.154370 0.10116
525.40292 -0.155690 0.09877
525.49656 -0.156972 0.09636
525.59020 -0.158216 0.09392
525.68384 -0.159422 0.09146
525.77748 -0.160589 0.08899
525.87111 -0.161718 0.08649
525.96475 -0.162807 0.08397
526.05839 -0.163857 0.08143
526.15203 -0.164867 0.07888
526.24567 -0.165837 0.07631
526.33930 -0.166766 0.07372
526.43294 -0.167655 0.07111
526.52658 -0.168504 0.06849
526.62022 -0.169311 0.06585
526.71386 -0.170078 0.06320
526.80749 -0.170803 0.06053
526.90113 -0.171486 0.05785
526.99477 -0.172128 0.05516
527.08841 -0.172728 0.05246
527.18205 -0.173286 0.04974
527.27568 -0.173802 0.04702
527.36932 -0.174275 0.04428
527.46296 -0.174706 0.04154
527.55660 -0.175094 0.03879
527.65024 -0.175440 0.03603
527.74387 -0.175743 0.03326
527.83751 -0.176003 0.03049
527.93115 -0.176221 0.02771
528.02479 -0.176395 0.02492
528.11843 -0.176527 0.02214
528.21206 -0.176615 0.01934
528.30570 -0.176660 0.01655
528.39934 -0.176663 0.01375
528.49298 -0.176622 0.01095
528.58662 -0.176538 0.00815
528.68025 -0.176411 0.00535
528.77389 -0.176241 0.00256
528.86753 -0.176029 -0.00024
528.96117 -0.175773 -0.00304
529.05481 -0.175474 -0.00583
529.14845 -0.175133 -0.00862
529.24208 -0.174749 -0.01141
529.33572 -0.174323 -0.01419
529.42936 -0.173853 -0.01696
529.52300 -0.173342 -0.01973
529.61663 -0.172788 -0.02249
529.71027 -0.172193 -0.02525
529.80391 -0.171555 -0.02799
529.89755 -0.170875 -0.03073
529.99119 -0.170154 -0.03346
530.08483 -0.169392 -0.03618
530.17846 -0.168588 -0.03889
530.27210 -0.167743 -0.04158
530.36574 -0.166858 -0.04426
530.45938 -0.165932 -0.04693
530.55301 -0.164965 -0.04959
530.64665 -0.163959 -0.05223
530.74029 -0.162912 -0.05486
530.83393 -0.161826 -0.05747
530.92757 -0.160701 -0.06007
531.02121 -0.159536 -0.06265
531.11484 -0.158333 -0.06521
531.20848 -0.157092 -0.06775
531.30212 -0.155812 -0.07028
531.39576 -0.154495 -0.07278
531.48940 -0.153140 -0.07526
531.58303 -0.151748 -0.07773
531.67667 -0.150320 -0.08017
531.77031 -0.148855 -0.08259
531.86395 -0.147354 -0.08499
531.95758 -0.145817 -0.08737
532.05122 -0.144245 -0.08972
532.14486 -0.142638 -0.09205
532.23850 -0.140997 -0.09435
532.33214 -0.139322 -0.09663
532.42578 -0.137614 -0.09888
532.51941 -0.135872 -0.10111
532.61305 -0.134097 -0.10331
532.70669 -0.132291 -0.10548
532.80033 -0.130452 -0.10762
532.89396 -0.128582 -0.10973
532.98760 -0.126682 -0.11182
533.08124 -0.124751 -0.11388
533.17488 -0.122790 -0.11590
533.26852 -0.120800 -0.11790
533.36216 -0.118781 -0.11986
533.45579 -0.116734 -0.12179
533.54943 -0.114659 -0.12369
533.64307 -0.112556 -0.12556
533.73671 -0.110427 -0.12740
533.83034 -0.108272 -0.12920
533.92398 -0.106091 -0.13097
534.01762 -0.103885 -0.13270
534.11126 -0.101655 -0.13440
534.20490 -0.099400 -0.13606
534.29854 -0.097122 -0.13769
534.39217 -0.094822 -0.13928
534.48581 -0.092499 -0.14084
534.57945 -0.090155 -0.14236
534.67309 -0.087789 -0.14384
534.76673 -0.085404 -0.14529
534.86036 -0.082998 -0.14669
534.95400 -0.080573 -0.14806
535.04764 -0.078130 -0.14939
535.14128 -0.075669 -0.15069
535.23492 -0.073190 -0.15194
535.32855 -0.070695 -0.15315
535.42219 -0.068184 -0.15433
535.51583 -0.065657 -0.15546
535.60947 -0.063116 -0.15656
535.70311 -0.060560 -0.15761
535.79674 -0.057991 -0.15863
535.89038 -0.055410 -0.15960
535.98402 -0.052816 -0.16053
536.07766 -0.050211 -0.16142
536.17130 -0.047594 -0.16227
536.26493 -0.044968 -0.16308
536.35857 -0.042333 -0.16385
536.45221 -0.039688 -0.16457
536.54585 -0.037036 -0.16525
536.63949 -0.034376 -0.16589
536.73312 -0.031709 -0.16649
536.82676 -0.029036 -0.16704
536.92040 -0.026358 -0.16755
537.01404 -0.023675 -0.16802
537.10768 -0.020988 -0.16845
537.20131 -0.018298 -0.16883
537.29495 -0.015605 -0.16917
537.38859 -0.012910 -0.16947
537.48223 -0.010214 -0.16973
537.57587 -0.007517 -0.16994
537.66950 -0.004821 -0.17011
537.76314 -0.002125 -0.17023
537.85678 0.000569 -0.17031
537.95042 0.003261 -0.17035
538.04406 0.005951 -0.17035
538.13769 0.008636 -0.17030
538.23133 0.011318 -0.17021
538.32497 0.013994 -0.17008
538.41861 0.016665 -0.16990
538.51225 0.019330 -0.16968
538.60588 0.021988 -0.16942
538.69952 0.024638 -0.16911
538.79316 0.027280 -0.16877
538.88680 0.029913 -0.16838
538.98044 0.032536 -0.16795
539.07407 0.035149 -0.16747
539.16771 0.037751 -0.16696
539.26135 0.040341 -0.16640
539.35499 0.042919 -0.16580
539.44863 0.045484 -0.16516
539.54227 0.048036 -0.16448
539.63590 0.050573 -0.16375
539.72954 0.053095 -0.16299
539.82318 0.055602 -0.16218
539.91682 0.058093 -0.16134
540.01045 0.060566 -0.16045
540.10409 0.063023 -0.15953
540.19773 0.065461 -0.15856
540.29137 0.067880 -0.15756
540.38501 0.070281 -0.15651
540.47865 0.072661 -0.15543
540.57228 0.075021 -0.15431
540.66592 0.077360 -0.15315
540.75956 0.079677 -0.15196
540.85320 0.081972 -0.15072
540.94683 0.084243 -0.14945
541.04047 0.086492 -0.14815
541.13411 0.088716 -0.14680
541.22775 0.090916 -0.14542
541.32139 0.093091 -0.14401
541.41503 0.095240 -0.14256
541.50866 0.097363 -0.14107
541.60230 0.099459 -0.13955
541.69594 0.101528 -0.13800
541.78958 0.103569 -0.13641
541.88321 0.105582 -0.13479
541.97685 0.107566 -0.13314
542.07049 0.109521 -0.13145
542.16413 0.111445 -0.12973
542.25777 0.113340 -0.12799
542.35140 0.115204 -0.12621
542.44504 0.117036 -0.12440
542.53868 0.118837 -0.12256
542.63232 0.120606 -0.12069
542.72596 0.122342 -0.11879
542.81960 0.124045 -0.11687
542.91323 0.125715 -0.11492
543.00687 0.127350 -0.11294
543.10051 0.128952 -0.11093
543.19415 0.130519 -0.10890
543.28778 0.132051 -0.10684
543.38142 0.133547 -0.10475
543.47506 0.135008 -0.10265
543.56870 0.136432 -0.10051
543.66234 0.137820 -0.09836
543.75598 0.139171 -0.09618
543.84961 0.140485 -0.09398
543.94325 0.141762 -0.09176
544.03689 0.143000 -0.08952
544.13053 0.144201 -0.08725
544.22417 0.145363 -0.08497
544.31780 0.146486 -0.08267
544.41144 0.147571 -0.08035
544.50508 0.148616 -0.07801
544.59872 0.149621 -0.07566
544.69236 0.150587 -0.07329
544.78599 0.151513 -0.07090
544.87963 0.152399 -0.06850
544.97327 0.153245 -0.06608
545.06691 0.154050 -0.06365
545.16055 0.154814 -0.06120
545.25418 0.155537 -0.05875
545.34782 0.156219 -0.05628
545.44146 0.156860 -0.05380
545.53510 0.157459 -0.05131
545.62874 0.158017 -0.04881
545.72237 0.158534 -0.04629
545.81601 0.159008 -0.04378
545.90965 0.159441 -0.04125
546.00329 0.159831 -0.03871
546.09693 0.160180 -0.03617
546.19056 0.160486 -0.03363
546.28420 0.160750 -0.03107
546.37784 0.160972 -0.02852
546.47148 0.161152 -0.02595
546.56512 0.161290 -0.02339
546.65875 0.161385 -0.02082
546.75239 0.161438 -0.01825
546.84603 0.161449 -0.01568
546.93967 0.161417 -0.01311
547.03331 0.161343 -0.01054
547.12694 0.161227 -0.00797
547.22058 0.161069 -0.00541
547.31422 0.160869 -0.00284
547.40786 0.160626 -0.00028
547.50150 0.160342 0.00228
547.59513 0.160016 0.00484
547.68877 0.159649 0.00739
547.78241 0.159240 0.00993
547.87605 0.158789 0.01247
547.96969 0.158297 0.01500
548.06332 0.157764 0.01752
548.15696 0.157190 0.02004
548.25060 0.156575 0.02255
548.34424 0.155919 0.02504
548.43788 0.155223 0.02753
548.53151 0.154487 0.03000
548.62515 0.153711 0.03247
548.71879 0.152895 0.03492
548.81243 0.152040 0.03736
548.90607 0.151145 0.03978
548.99970 0.150211 0.04220
549.09334 0.149239 0.04459
549.18698 0.148228 0.04697
549.28062 0.147178 0.04934
549.37426 0.146091 0.05168
549.46789 0.144967 0.05401
549.56153 0.143805 0.05633
549.65517 0.142606 0.05862
549.74881 0.141370 0.06090
549.84245 0.140098 0.06315
549.93609 0.138791 0.06539
550.02972 0.137448 0.06760
550.12336 0.136069 0.06979
550.21700 0.134656 0.07196
550.31064 0.133209 0.07411
550.40427 0.131727 0.07624
550.49791 0.130212 0.07834
550.59155 0.128664 0.08041
550.68519 0.127084 0.08246
550.77883 0.125471 0.08449
550.87247 0.123826 0.08649
550.96610 0.122150 0.08846
551.05974 0.120443 0.09041
551.15338 0.118705 0.09233
551.24702 0.116938 0.09422
551.34065 0.115141 0.09608
551.43429 0.113315 0.09792
551.52793 0.111461 0.09972
551.62157 0.109579 0.10150
551.71521 0.107669 0.10324
551.80885 0.105733 0.10495
551.90248 0.103770 0.10664
551.99612 0.101781 0.10829
552.08976 0.099767 0.10990
552.18340 0.097728 0.11149
552.27703 0.095666 0.11304
552.37067 0.093579 0.11456
552.46431 0.091470 0.11605
552.55795 0.089338 0.11750
552.65159 0.087184 0.11892
552.74523 0.085009 0.12030
552.83886 0.082813 0.12164
552.93250 0.080598 0.12296
553.02614 0.078362 0.12423
553.11978 0.076108 0.12547
553.21342 0.073836 0.12667
553.30705 0.071546 0.12784
553.40069 0.069239 0.12897
553.49433 0.066916 0.13006
553.58797 0.064576 0.13111
553.68160 0.062222 0.13213
553.77524 0.059854 0.13310
553.86888 0.057471 0.13404
553.96252 0.055076 0.13494
554.05616 0.052668 0.13580
554.14980 0.050248 0.13663
554.24343 0.047817 0.13741
554.33707 0.045375 0.13815
554.43071 0.042923 0.13886
554.52435 0.040463 0.13952
554.61799 0.037993 0.14014
554.71162 0.035516 0.14073
554.80526 0.033032 0.14127
554.89890 0.030541 0.14177
554.99254 0.028044 0.14223
555.08618 0.025543 0.14265
555.17981 0.023036 0.14303
555.27345 0.020526 0.14337
555.36709 0.018013 0.14367
555.46073 0.015498 0.14393
555.55437 0.012980 0.14414
555.64800 0.010462 0.14432
555.74164 0.007943 0.14445
555.83528 0.005425 0.14455
555.92892 0.002907 0.14460
556.02256 0.000392 0.14461
556.11619 -0.002122 0.14458
556.20983 -0.004632 0.14451
556.30347 -0.007139 0.14439
556.39711 -0.009641 0.14424
556.49075 -0.012138 0.14405
556.58438 -0.014629 0.14381
556.67802 -0.017114 0.14353
556.77166 -0.019592 0.14322
556.86530 -0.022062 0.14286
556.95894 -0.024523 0.14246
557.05257 -0.026976 0.14202
557.14621 -0.029418 0.14154
557.23985 -0.031851 0.14102
557.33349 -0.034272 0.14046
557.42713 -0.036681 0.13986
557.52076 -0.039078 0.13923
557.61440 -0.041461 0.13855
557.70804 -0.043831 0.13783
557.80168 -0.046187 0.13707
557.89532 -0.048528 0.13628
557.98895 -0.050853 0.13545
558.08259 -0.053161 0.13457
558.17623 -0.055453 0.13366
558.26987 -0.057728 0.13272
558.36351 -0.059984 0.13173
558.45714 -0.062221 0.13071
558.55078 -0.064439 0.12965
558.64442 -0.066637 0.12855
558.73806 -0.068815 0.12742
558.83170 -0.070971 0.12625
558.92534 -0.073106 0.12505
559.01897 -0.075218 0.12381
559.11261 -0.077307 0.12253
559.20625 -0.079373 0.12122
559.29989 -0.081415 0.11988
559.39352 -0.083432 0.11850
559.48716 -0.085425 0.11709
559.58080 -0.087391 0.11565
559.67444 -0.089331 0.11417
559.76808 -0.091245 0.11266
559.86172 -0.093131 0.11112
559.95535 -0.094990 0.10955
560.04899 -0.096820 0.10795
560.14263 -0.098622 0.10631
560.23627 -0.100394 0.10465
560.32991 -0.102136 0.10296
560.42354 -0.103849 0.10123
560.51718 -0.105530 0.09948
560.61082 -0.107181 0.09770
560.70446 -0.108800 0.09590
560.79809 -0.110387 0.09406
560.89173 -0.111941 0.09220
560.98537 -0.113462 0.09031
561.07901 -0.114951 0.08840
561.17265 -0.116405 0.08646
561.26629 -0.117825 0.08450
561.35992 -0.119211 0.08252
561.45356 -0.120562 0.08051
561.54720 -0.121878 0.07847
561.64084 -0.123158 0.07642
561.73447 -0.124402 0.07434
561.82811 -0.125610 0.07224
561.92175 -0.126781 0.07013
562.01539 -0.127915 0.06799
562.10903 -0.129012 0.06583
562.20267 -0.130072 0.06365
562.29630 -0.131093 0.06146
562.38994 -0.132077 0.05925
562.48358 -0.133022 0.05702
562.57722 -0.133928 0.05477
562.67085 -0.134796 0.05251
562.76449 -0.135624 0.05023
562.85813 -0.136413 0.04794
562.95177 -0.137162 0.04564
563.04541 -0.137872 0.04332
563.13905 -0.138541 0.04099
563.23268 -0.139170 0.03864
563.32632 -0.139759 0.03629
563.41996 -0.140308 0.03392
563.51360 -0.140815 0.03155
563.60723 -0.141282 0.02917
563.70087 -0.141708 0.02677
563.79451 -0.142093 0.02437
563.88815 -0.142436 0.02196
563.98179 -0.142739 0.01955
564.07543 -0.143000 0.01713
564.16906 -0.143219 0.01470
564.26270 -0.143397 0.01227
564.35634 -0.143533 0.00984
564.44998 -0.143628 0.00740
564.54362 -0.143681 0.00496
564.63725 -0.143693 0.00251
564.73089 -0.143662 0.00007
564.82453 -0.143590 -0.00238
564.91817 -0.143477 -0.00482
565.01181 -0.143321 -0.00726
565.10544 -0.143125 -0.00971
565.19908 -0.142886 -0.01215
565.29272 -0.142606 -0.01459
565.38636 -0.142285 -0.01702
565.48000 -0.141922 -0.01945
565.57363 -0.141518 -0.02188
565.66727 -0.141073 -0.02430
565.76091 -0.140587 -0.02671
565.85455 -0.140060 -0.02912
565.94819 -0.139492 -0.03152
566.04182 -0.138883 -0.03391
566.13546 -0.138234 -0.03629
566.22910 -0.137545 -0.03867
566.32274 -0.136816 -0.04103
566.41638 -0.136047 -0.04338
566.51001 -0.135238 -0.04572
566.60365 -0.134389 -0.04805
566.69729 -0.133501 -0.05037
566.79093 -0.132574 -0.05267
566.88457 -0.131608 -0.05496
566.97820 -0.130604 -0.05724
567.07184 -0.129562 -0.05949
567.16548 -0.128481 -0.06174
567.25912 -0.127363 -0.06396
567.35276 -0.126207 -0.06617
567.44639 -0.125014 -0.06837
567.54003 -0.123784 -0.07054
567.63367 -0.122518 -0.07270
567.72731 -0.121216 -0.07483
567.82095 -0.119878 -0.07695
567.91458 -0.118504 -0.07904
568.00822 -0.117096 -0.08111
568.10186 -0.115652 -0.08316
568.19550 -0.114175 -0.08519
568.28914 -0.112663 -0.08720
568.38277 -0.111118 -0.08918
568.47641 -0.109540 -0.09114
568.57005 -0.107929 -0.09307
568.66369 -0.106286 -0.09498
568.75733 -0.104611 -0.09686
568.85096 -0.102905 -0.09872
568.94460 -0.101168 -0.10055
569.03824 -0.099400 -0.10235
569.13188 -0.097603 -0.10413
569.22552 -0.095776 -0.10587
569.31916 -0.093920 -0.10759
569.41279 -0.092035 -0.10928
569.50643 -0.090123 -0.11093
569.60007 -0.088183 -0.11256
569.69371 -0.086216 -0.11416
569.78734 -0.084222 -0.11572
569.88098 -0.082203 -0.11726
569.97462 -0.080159 -0.11876
570.06826 -0.078089 -0.12023
570.16190 -0.075996 -0.12167
570.25554 -0.073879 -0.12307
570.34917 -0.071738 -0.12444
570.44281 -0.069576 -0.12578
570.53645 -0.067391 -0.12708
570.63009 -0.065185 -0.12834
570.72373 -0.062958 -0.12958
570.81736 -0.060711 -0.13077
570.91100 -0.058444 -0.13193
571.00464 -0.056159 -0.13306
571.09828 -0.053855 -0.13414
571.19191 -0.051534 -0.13519
571.28555 -0.049195 -0.13621
571.37919 -0.046840 -0.13718
571.47283 -0.044470 -0.13812
571.56647 -0.042084 -0.13902
571.66011 -0.039683 -0.13988
571.75374 -0.037269 -0.14071
571.84738 -0.034842 -0.14149
571.94102 -0.032402 -0.14223
572.03466 -0.029950 -0.14294
572.12829 -0.027487 -0.14361
572.22193 -0.025014 -0.14424
572.31557 -0.022530 -0.14482
572.40921 -0.020038 -0.14537
572.50285 -0.017537 -0.14588
572.59649 -0.015028 -0.14634
572.69012 -0.012512 -0.14677
572.78376 -0.009989 -0.14716
572.87740 -0.007461 -0.14750
572.97104 -0.004928 -0.14780
573.06467 -0.002390 -0.14807
573.15831 0.000152 -0.14829
573.25195 0.002696 -0.14847
573.34559 0.005243 -0.14861
573.43923 0.007791 -0.14871
573.53287 0.010341 -0.14877
573.62650 0.012890 -0.14878
573.72014 0.015439 -0.14876
573.81378 0.017987 -0.14869
573.90742 0.020533 -0.14858
574.00106 0.023077 -0.14843
574.09469 0.025617 -0.14824
574.18833 0.028153 -0.14801
574.28197 0.030685 -0.14773
574.37561 0.033211 -0.14742
574.46925 0.035731 -0.14706
574.56288 0.038245 -0.14666
574.65652 0.040751 -0.14623
574.75016 0.043249 -0.14575
574.84380 0.045738 -0.14523
574.93744 0.048218 -0.14467
575.03107 0.050688 -0.14406
575.12471 0.053146 -0.14342
575.21835 0.055593 -0.14274
575.31199 0.058028 -0.14202
575.40563 0.060451 -0.14125
575.49926 0.062859 -0.14045
575.59290 0.065253 -0.13961
575.68654 0.067633 -0.13873
575.78018 0.069997 -0.13781
575.87382 0.072345 -0.13685
575.96745 0.074676 -0.13585
576.06109 0.076989 -0.13482
576.15473 0.079284 -0.13374
576.24837 0.081561 -0.13263
576.34201 0.083818 -0.13148
576.43564 0.086055 -0.13029
576.52928 0.088272 -0.12907
576.62292 0.090467 -0.12781
576.71656 0.092641 -0.12651
576.81020 0.094792 -0.12518
576.90383 0.096919 -0.12381
576.99747 0.099024 -0.12240
577.09111 0.101103 -0.12096
577.18475 0.103158 -0.11949
577.27839 0.105188 -0.11798
577.37202 0.107192 -0.11644
577.46566 0.109169 -0.11486
577.55930 0.111119 -0.11325
577.65294 0.113041 -0.11161
577.74658 0.114935 -0.10994
577.84021 0.116800 -0.10823
577.93385 0.118636 -0.10649
578.02749 0.120442 -0.10473
578.12113 0.122218 -0.10293
578.21477 0.123963 -0.10110
578.30840 0.125677 -0.09924
578.40204 0.127359 -0.09735
578.49568 0.129009 -0.09544
578.58932 0.130626 -0.09349
578.68296 0.132209 -0.09152
578.77660 0.133759 -0.08952
578.87023 0.135275 -0.08750
578.96387 0.136757 -0.08545
579.05751 0.138203 -0.08337
579.15115 0.139614 -0.08127
579.24478 0.140989 -0.07914
579.33842 0.142328 -0.07699
579.43206 0.143630 -0.07482
579.52570 0.144895 -0.07262
579.61934 0.146123 -0.07041
579.71298 0.147313 -0.06817
579.80661 0.148465 -0.06591
579.90025 0.149579 -0.06363
579.99389 0.150654 -0.06133
580.08753 0.151690 -0.05901
580.18116 0.152686 -0.05667
580.27480 0.153643 -0.05431
580.36844 0.154560 -0.05194
580.46208 0.155436 -0.04955
580.55572 0.156272 -0.04714
580.64936 0.157067 -0.04472
580.74299 0.157821 -0.04229
580.83663 0.158533 -0.03984
580.93027 0.159205 -0.03737
581.02391 0.159834 -0.03490
581.11754 0.160421 -0.03241
581.21118 0.160967 -0.02991
581.30482 0.161470 -0.02740
581.39846 0.161930 -0.02488
581.49210 0.162348 -0.02235
581.58573 0.162723 -0.01981
581.67937 0.163055 -0.01726
581.77301 0.163344 -0.01471
581.86665 0.163590 -0.01214
581.96029 0.163792 -0.00958
582.05393 0.163951 -0.00700
582.14756 0.164067 -0.00443
582.24120 0.164139 -0.00184
582.33484 0.164167 0.00074
582.42848 0.164152 0.00333
582.52211 0.164093 0.00592
582.61575 0.163990 0.00851
582.70939 0.163844 0.01110
582.80303 0.163654 0.01370
582.89667 0.163420 0.01629
582.99031 0.163142 0.01888
583.08394 0.162821 0.02147
583.17758 0.162456 0.02405
583.27122 0.162047 0.02663
583.36486 0.161595 0.02921
583.45849 0.161100 0.03178
583.55213 0.160561 0.03435
583.64577 0.159979 0.03691
583.73941 0.159354 0.03946
583.83305 0.158685 0.04201
583.92669 0.157974 0.04454
584.02032 0.157221 0.04707
584.11396 0.156424 0.04959
584.20760 0.155586 0.05210
584.30124 0.154705 0.05460
584.39488 0.153782 0.05708
584.48851 0.152817 0.05956
584.58215 0.151811 0.06202
584.67579 0.150763 0.06446
584.76943 0.149674 0.06690
584.86307 0.148545 0.06931
584.95670 0.147374 0.07171
585.05034 0.146164 0.07410
585.14398 0.144913 0.07647
585.23762 0.143622 0.07882
585.33126 0.142292 0.08115
585.42489 0.140923 0.08346
585.51853 0.139515 0.08576
585.61217 0.138069 0.08803
585.70581 0.136584 0.09029
585.79945 0.135061 0.09252
585.89308 0.133501 0.09473
585.98672 0.131904 0.09692
586.08036 0.130271 0.09908
586.17400 0.128601 0.10122
586.26764 0.126895 0.10334
586.36127 0.125154 0.10543
586.45491 0.123377 0.10749
586.54855 0.121566 0.10953
586.64219 0.119721 0.11155
586.73583 0.117842 0.11353
586.82946 0.115930 0.11549
586.92310 0.113985 0.11742
587.01674 0.112008 0.11933
587.11038 0.109998 0.12120
587.20402 0.107958 0.12304
587.29765 0.105887 0.12485
587.39129 0.103785 0.12664
587.48493 0.101654 0.12839
587.57857 0.099493 0.13011
587.67221 0.097304 0.13179
587.76584 0.095086 0.13345
587.85948 0.092841 0.13507
587.95312 0.090568 0.13666
588.04676 0.088270 0.13821
588.14040 0.085945 0.13973
588.23403 0.083595 0.14121
588.32767 0.081220 0.14266
588.42131 0.078821 0.14408
588.51495 0.076398 0.14545
588.60859 0.073953 0.14680
588.70222 0.071485 0.14810
588.79586 0.068995 0.14937
588.88950 0.066484 0.15060
588.98314 0.063953 0.15179
589.07678 0.061402 0.15294
589.17042 0.058832 0.15406
589.26405 0.056243 0.15513
589.35769 0.053636 0.15617
589.45133 0.051013 0.15717
589.54497 0.048372 0.15813
589.63860 0.045716 0.15905
589.73224 0.043044 0.15992
589.82588 0.040358 0.16076
589.91952 0.037658 0.16156
590.01316 0.034945 0.16231
590.10680 0.032220 0.16303
590.20043 0.029482 0.16370
590.29407 0.026734 0.16433
590.38771 0.023975 0.16492
590.48135 0.021206 0.16547
590.57498 0.018429 0.16597
590.66862 0.015643 0.16644
590.76226 0.012850 0.16686
590.85590 0.010049 0.16724
590.94954 0.007243 0.16757
591.04318 0.004431 0.16786
591.13681 0.001615 0.16811
591.23045 -0.001206 0.16832
591.32409 -0.004029 0.16848
591.41773 -0.006856 0.16861
591.51136 -0.009684 0.16868
591.60500 -0.012513 0.16872
591.69864 -0.015342 0.16871
591.79228 -0.018172 0.16866
591.88592 -0.021000 0.16856
591.97956 -0.023826 0.16842
592.07319 -0.026650 0.16824
592.16683 -0.029470 0.16801
592.26047 -0.032286 0.16774
592.35411 -0.035098 0.16743
592.44775 -0.037904 0.16708
592.54138 -0.040705 0.16668
592.63502 -0.043498 0.16624
592.72866 -0.046283 0.16576
592.82230 -0.049061 0.16523
592.91593 -0.051829 0.16466
593.00957 -0.054588 0.16405
593.10321 -0.057336 0.16340
593.19685 -0.060073 0.16270
593.29049 -0.062798 0.16196
593.38413 -0.065510 0.16118
593.47776 -0.068209 0.16036
593.57140 -0.070894 0.15950
593.66504 -0.073565 0.15859
593.75868 -0.076220 0.15765
593.85232 -0.078859 0.15666
593.94595 -0.081481 0.15563
594.03959 -0.084086 0.15457
594.13323 -0.086673 0.15346
594.22687 -0.089241 0.15231
594.32051 -0.091790 0.15112
594.41414 -0.094318 0.14990
594.50778 -0.096826 0.14863
594.60142 -0.099312 0.14733
594.69506 -0.101777 0.14599
594.78870 -0.104218 0.14461
594.88233 -0.106637 0.14319
594.97597 -0.109031 0.14174
595.06961 -0.111401 0.14024
595.16325 -0.113745 0.13872
595.25689 -0.116064 0.13715
595.35052 -0.118357 0.13555
595.44416 -0.120622 0.13392
595.53780 -0.122860 0.13225
595.63144 -0.125069 0.13054
595.72508 -0.127250 0.12880
595.81871 -0.129402 0.12703
595.91235 -0.131524 0.12522
596.00599 -0.133615 0.12338
596.09963 -0.135675 0.12151
596.19327 -0.137704 0.11961
596.28690 -0.139700 0.11768
596.38054 -0.141665 0.11571
596.47418 -0.143596 0.11372
596.56782 -0.145493 0.11169
596.66146 -0.147356 0.10964
596.75509 -0.149185 0.10755
596.84873 -0.150979 0.10544
596.94237 -0.152737 0.10330
597.03601 -0.154459 0.10114
597.12965 -0.156145 0.09894
597.22328 -0.157794 0.09672
597.31692 -0.159405 0.09448
597.41056 -0.160979 0.09221
597.50420 -0.162514 0.08991
597.59784 -0.164011 0.08760
597.69147 -0.165469 0.08526
597.78511 -0.166888 0.08289
597.87875 -0.168267 0.08051
597.97239 -0.169606 0.07810
598.06603 -0.170904 0.07567
598.15966 -0.172162 0.07323
598.25330 -0.173378 0.07076
598.34694 -0.174553 0.06827
598.44058 -0.175687 0.06577
598.53422 -0.176778 0.06325
598.62785 -0.177827 0.06071
598.72149 -0.178833 0.05815
598.81513 -0.179796 0.05558
598.90877 -0.180716 0.05300
599.00241 -0.181593 0.05040
599.09605 -0.182426 0.04778
599.18968 -0.183215 0.04516
599.28332 -0.183961 0.04252
599.37696 -0.184661 0.03987
599.47060 -0.185318 0.03721
599.56424 -0.185929 0.03454
599.65787 -0.186496 0.03186
599.75151 -0.187018 0.02917
599.84515 -0.187495 0.02647
599.93879 -0.187926 0.02377
600.03242 -0.188313 0.02105
600.12606 -0.188653 0.01834
600.21970 -0.188948 0.01561
600.31334 -0.189198 0.01288
600.40698 -0.189401 0.01015
600.50062 -0.189559 0.00742
600.59425 -0.189671 0.00468
600.68789 -0.189737 0.00194
600.78153 -0.189757 -0.00080
600.87517 -0.189731 -0.00354
600.96880 -0.189659 -0.00628
601.06244 -0.189542 -0.00902
601.15608 -0.189378 -0.01176
601.24972 -0.189168 -0.01449
601.34336 -0.188913 -0.01722
601.43700 -0.188612 -0.01995
601.53063 -0.188265 -0.02267
601.62427 -0.187872 -0.02539
601.71791 -0.187434 -0.02810
601.81155 -0.186951 -0.03081
601.90518 -0.186422 -0.03351
601.99882 -0.185848 -0.03620
602.09246 -0.185229 -0.03888
602.18610 -0.184565 -0.04155
602.27974 -0.183856 -0.04421
602.37338 -0.183102 -0.04686
602.46701 -0.182305 -0.04950
602.56065 -0.181463 -0.05213
602.65429 -0.180577 -0.05474
602.74793 -0.179647 -0.05734
602.84156 -0.178674 -0.05993
602.93520 -0.177657 -0.06250
603.02884 -0.176598 -0.06505
603.12248 -0.175495 -0.06759
603.21612 -0.174350 -0.07011
603.30975 -0.173163 -0.07262
603.40339 -0.171934 -0.07510
603.49703 -0.170664 -0.07757
603.59067 -0.169352 -0.08002
603.68431 -0.167999 -0.08244
603.77795 -0.166605 -0.08485
603.87158 -0.165172 -0.08724
603.96522 -0.163698 -0.08960
604.05886 -0.162185 -0.09194
604.15250 -0.160632 -0.09426
604.24614 -0.159041 -0.09655
604.33977 -0.157412 -0.09882
604.43341 -0.155744 -0.10106
604.52705 -0.154039 -0.10328
604.62069 -0.152297 -0.10547
604.71433 -0.150519 -0.10764
604.80796 -0.148704 -0.10978
604.90160 -0.146853 -0.11189
604.99524 -0.144967 -0.11397
605.08888 -0.143046 -0.11602
605.18252 -0.141091 -0.11804
605.27615 -0.139103 -0.12004
605.36979 -0.137081 -0.12200
605.46343 -0.135026 -0.12393
605.55707 -0.132939 -0.12583
605.65071 -0.130820 -0.12770
605.74434 -0.128670 -0.12953
605.83798 -0.126489 -0.13133
605.93162 -0.124278 -0.13310
606.02526 -0.122038 -0.13484
606.11890 -0.119768 -0.13654
606.21253 -0.117471 -0.13820
606.30617 -0.115145 -0.13983
606.39981 -0.112793 -0.14143
606.49345 -0.110413 -0.14299
606.58709 -0.108008 -0.14451
606.68072 -0.105578 -0.14599
606.77436 -0.103122 -0.14744
606.86800 -0.100643 -0.14885
606.96164 -0.098140 -0.15022
607.05528 -0.095614 -0.15156
607.14891 -0.093066 -0.15285
607.24255 -0.090496 -0.15411
607.33619 -0.087906 -0.15532
607.42983 -0.085295 -0.15650
607.52347 -0.082664 -0.15764
607.61710 -0.080015 -0.15873
607.71074 -0.077348 -0.15979
607.80438 -0.074663 -0.16080
607.89802 -0.071961 -0.16178
607.99166 -0.069243 -0.16271
608.08529 -0.066509 -0.16360
608.17893 -0.063761 -0.16445
608.27257 -0.060998 -0.16526
608.36621 -0.058222 -0.16602
608.45985 -0.055434 -0.16675
608.55349 -0.052633 -0.16743
608.64712 -0.049822 -0.16806
608.74076 -0.047000 -0.16866
608.83440 -0.044168 -0.16921
608.92804 -0.041327 -0.16972
609.02167 -0.038477 -0.17018
609.11531 -0.035620 -0.17060
609.20895 -0.032756 -0.17098
609.30259 -0.029886 -0.17131
609.39623 -0.027011 -0.17160
609.48987 -0.024130 -0.17185
609.58350 -0.021246 -0.17205
609.67714 -0.018359 -0.17221
609.77078 -0.015469 -0.17233
609.86442 -0.012578 -0.17240
609.95806 -0.009685 -0.17242
610.05169 -0.006792 -0.17241
610.14533 -0.003900 -0.17235
610.23897 -0.001009 -0.17224
610.33261 0.001881 -0.17209
610.42624 0.004767 -0.17190
610.51988 0.007650 -0.17166
610.61352 0.010529 -0.17138
610.70716 0.013403 -0.17106
610.80080 0.016272 -0.17069
610.89444 0.019134 -0.17028
610.98807 0.021989 -0.16983
611.08171 0.024836 -0.16933
611.17535 0.027675 -0.16879
611.26899 0.030504 -0.16821
611.36262 0.033324 -0.16758
611.45626 0.036133 -0.16691
611.54990 0.038930 -0.16620
611.64354 0.041715 -0.16545
611.73718 0.044488 -0.16465
611.83082 0.047246 -0.16382
611.92445 0.049991 -0.16294
612.01809 0.052721 -0.16202
612.11173 0.055435 -0.16106
612.20537 0.058133 -0.16006
612.29900 0.060813 -0.15902
612.39264 0.063476 -0.15793
612.48628 0.066121 -0.15681
612.57992 0.068747 -0.15565
612.67356 0.071353 -0.15445
612.76720 0.073939 -0.15321
612.86083 0.076503 -0.15193
612.95447 0.079046 -0.15061
613.04811 0.081567 -0.14926
613.14175 0.084065 -0.14787
613.23538 0.086539 -0.14644
613.32902 0.088989 -0.14497
613.42266 0.091414 -0.14347
613.51630 0.093814 -0.14193
613.60994 0.096188 -0.14036
613.70358 0.098535 -0.13875
613.79721 0.100855 -0.13710
613.89085 0.103147 -0.13542
613.98449 0.105411 -0.13371
614.07813 0.107646 -0.13197
614.17177 0.109852 -0.13019
614.26540 0.112027 -0.12838
614.35904 0.114172 -0.12653
614.45268 0.116285 -0.12466
614.54632 0.118367 -0.12276
614.63996 0.120417 -0.12082
614.73359 0.122434 -0.11885
614.82723 0.124418 -0.11686
614.92087 0.126368 -0.11484
615.01451 0.128284 -0.11278
615.10815 0.130166 -0.11070
615.20178 0.132012 -0.10860
615.29542 0.133823 -0.10646
615.38906 0.135597 -0.10431
615.48270 0.137336 -0.10212
615.57634 0.139037 -0.09991
615.66997 0.140701 -0.09768
615.76361 0.142328 -0.09542
615.85725 0.143916 -0.09314
615.95089 0.145466 -0.09083
616.04453 0.146976 -0.08851
616.13816 0.148448 -0.08616
616.23180 0.149880 -0.08380
616.32544 0.151272 -0.08141
616.41908 0.152624 -0.07900
616.51272 0.153935 -0.07658
616.60635 0.155206 -0.07413
616.69999 0.156435 -0.07167
616.79363 0.157623 -0.06920
616.88727 0.158768 -0.06670
616.98091 0.159872 -0.06420
617.07454 0.160934 -0.06167
617.16818 0.161952 -0.05913
617.26182 0.162928 -0.05658
617.35546 0.163861 -0.05402
617.44910 0.164751 -0.05144
617.54273 0.165598 -0.04886
617.63637 0.166400 -0.04626
617.73001 0.167159 -0.04365
617.82365 0.167874 -0.04104
617.91729 0.168545 -0.03841
618.01092 0.169171 -0.03578
618.10456 0.169753 -0.03314
618.19820 0.170291 -0.03049
618.29184 0.170784 -0.02784
618.38548 0.171232 -0.02518
618.47911 0.171635 -0.02252
618.57275 0.171993 -0.01986
618.66639 0.172307 -0.01719
618.76003 0.172575 -0.01452
618.85367 0.172799 -0.01185
618.94731 0.172977 -0.00917
619.04094 0.173110 -0.00650
619.13458 0.173198 -0.00383
619.22822 0.173241 -0.00116
619.32186 0.173239 0.00151
619.41549 0.173192 0.00418
619.50913 0.173100 0.00684
619.60277 0.172963 0.00950
619.69641 0.172782 0.01215
619.79005 0.172555 0.01480
619.88369 0.172284 0.01744
619.97732 0.171968 0.02007
620.07096 0.171608 0.02270
620.16460 0.171204 0.02531
620.25824 0.170755 0.02792
620.35187 0.170262 0.03052
620.44551 0.169726 0.03311
620.53915 0.169145 0.03569
620.63279 0.168522 0.03825
620.72643 0.167855 0.04081
620.82006 0.167145 0.04335
620.91370 0.166392 0.04587
621.00734 0.165596 0.04838
621.10098 0.164758 0.05088
621.19462 0.163878 0.05336
621.28826 0.162956 0.05582
621.38189 0.161993 0.05827
621.47553 0.160988 0.06069
621.56917 0.159942 0.06310
621.66281 0.158856 0.06550
621.75644 0.157729 0.06787
621.85008 0.156562 0.07022
621.94372 0.155356 0.07255
622.03736 0.154110 0.07485
622.13100 0.152825 0.07714
622.22464 0.151501 0.07940
622.31827 0.150140 0.08164
622.41191 0.148740 0.08386
622.50555 0.147304 0.08605
622.59919 0.145830 0.08821
622.69282 0.144319 0.09035
622.78646 0.142773 0.09246
622.88010 0.141191 0.09455
622.97374 0.139573 0.09661
623.06738 0.137921 0.09864
623.16102 0.136234 0.10064
623.25465 0.134514 0.10262
623.34829 0.132760 0.10456
623.44193 0.130974 0.10648
623.53557 0.129155 0.10836
623.62921 0.127304 0.11021
623.72284 0.125422 0.11203
623.81648 0.123510 0.11382
623.91012 0.121567 0.11558
624.00376 0.119594 0.11730
624.09740 0.117592 0.11899
624.19103 0.115562 0.12065
624.28467 0.113503 0.12227
624.37831 0.111418 0.12386
624.47195 0.109305 0.12541
624.56559 0.107166 0.12692
624.65922 0.105002 0.12840
624.75286 0.102812 0.12985
624.84650 0.100598 0.13126
624.94014 0.098360 0.13263
625.03378 0.096100 0.13396
625.12741 0.093816 0.13526
625.22105 0.091511 0.13652
625.31469 0.089184 0.13773
625.40833 0.086837 0.13892
625.50197 0.084469 0.14006
625.59560 0.082083 0.14116
625.68924 0.079677 0.14222
625.78288 0.077254 0.14325
625.87652 0.074814 0.14423
625.97016 0.072356 0.14517
626.06379 0.069883 0.14608
626.15743 0.067395 0.14694
626.25107 0.064892 0.14776
626.34471 0.062375 0.14854
626.43835 0.059845 0.14928
626.53198 0.057302 0.14997
626.62562 0.054747 0.15063
626.71926 0.052182 0.15124
626.81290 0.049606 0.15181
626.90654 0.047020 0.15234
627.00017 0.044426 0.15283
627.09381 0.041823 0.15327
627.18745 0.039212 0.15367
627.28109 0.036595 0.15403
627.37473 0.033972 0.15435
627.46836 0.031343 0.15462
627.56200 0.028710 0.15485
627.65564 0.026072 0.15504
627.74928 0.023432 0.15519
627.84292 0.020789 0.15529
627.93655 0.018144 0.15535
628.03019 0.015498 0.15537
628.12383 0.012852 0.15534
628.21747 0.010207 0.15527
628.31111 0.007562 0.15516
628.40475 0.004920 0.15501
628.49838 0.002280 0.15481
628.59202 -0.000357 0.15457
628.68566 -0.002990 0.15429
628.77930 -0.005618 0.15397
628.87293 -0.008240 0.15360
628.96657 -0.010856 0.15319
629.06021 -0.013466 0.15274
629.15385 -0.016068 0.15225
629.24749 -0.018661 0.15171
629.34113 -0.021245 0.15114
629.43476 -0.023820 0.15052
629.52840 -0.026384 0.14986
629.62204 -0.028937 0.14916
629.71568 -0.031478 0.14842
629.80931 -0.034007 0.14764
629.90295 -0.036522 0.14682
629.99659 -0.039024 0.14596
630.09023 -0.041511 0.14506
630.18387 -0.043982 0.14412
630.27751 -0.046438 0.14314
630.37114 -0.048877 0.14212
630.46478 -0.051299 0.14106
630.55842 -0.053703 0.13997
630.65206 -0.056088 0.13883
630.74569 -0.058454 0.13766
630.83933 -0.060800 0.13645
630.93297 -0.063126 0.13521
631.02661 -0.065430 0.13392
631.12025 -0.067713 0.13260
631.21389 -0.069973 0.13125
631.30752 -0.072211 0.12986
631.40116 -0.074424 0.12843
631.49480 -0.076614 0.12697
631.58844 -0.078779 0.12548
631.68208 -0.080918 0.12395
631.77571 -0.083031 0.12239
631.86935 -0.085118 0.12079
631.96299 -0.087178 0.11917
632.05663 -0.089210 0.11751
632.15026 -0.091214 0.11582
632.24390 -0.093189 0.11410
632.33754 -0.095135 0.11234
632.43118 -0.097051 0.11056
632.52482 -0.098937 0.10875
632.61846 -0.100791 0.10691
632.71209 -0.102615 0.10504
632.80573 -0.104407 0.10314
632.89937 -0.106166 0.10122
632.99301 -0.107893 0.09926
633.08664 -0.109586 0.09728
633.18028 -0.111246 0.09528
633.27392 -0.112871 0.09325
633.36756 -0.114462 0.09120
633.46120 -0.116018 0.08912
633.55484 -0.117539 0.08702
633.64847 -0.119024 0.08489
633.74211 -0.120472 0.08274
633.83575 -0.121884 0.08058
633.92939 -0.123259 0.07839
634.02303 -0.124597 0.07618
634.11666 -0.125896 0.07395
634.21030 -0.127158 0.07170
634.30394 -0.128382 0.06943
634.39758 -0.129566 0.06714
634.49122 -0.130712 0.06484
634.58485 -0.131818 0.06252
634.67849 -0.132885 0.06018
634.77213 -0.133912 0.05783
634.86577 -0.134899 0.05547
634.95941 -0.135845 0.05309
635.05304 -0.136750 0.05069
635.14668 -0.137615 0.04829
635.24032 -0.138438 0.04587
635.33396 -0.139221 0.04344
635.42760 -0.139961 0.04100
635.52123 -0.140660 0.03855
635.61487 -0.141317 0.03609
635.70851 -0.141932 0.03363
635.80215 -0.142504 0.03115
635.89579 -0.143034 0.02867
635.98942 -0.143522 0.02618
636.08306 -0.143967 0.02369
636.17670 -0.144369 0.02119
636.27034 -0.144729 0.01869
636.36398 -0.145045 0.01618
636.45761 -0.145318 0.01367
636.55125 -0.145549 0.01116
636.64489 -0.145736 0.00864
636.73853 -0.145880 0.00613
636.83217 -0.145981 0.00361
636.92580 -0.146038 0.00110
637.01944 -0.146053 -0.00141
637.11308 -0.146024 -0.00393
637.20672 -0.145952 -0.00643
637.30036 -0.145837 -0.00894
637.39399 -0.145679 -0.01144
637.48763 -0.145478 -0.01393
637.58127 -0.145233 -0.01642
637.67491 -0.144946 -0.01891
637.76855 -0.144616 -0.02138
637.86218 -0.144244 -0.02385
637.95582 -0.143829 -0.02631
638.04946 -0.143371 -0.02877
638.14310 -0.142871 -0.03121
638.23674 -0.142329 -0.03364
638.33038 -0.141745 -0.03606
638.42401 -0.141119 -0.03847
638.51765 -0.140451 -0.04086
638.61129 -0.139742 -0.04325
638.70493 -0.138992 -0.04562
638.79857 -0.138201 -0.04797
638.89220 -0.137369 -0.05031
638.98584 -0.136497 -0.05263
639.07948 -0.135584 -0.05494
639.17312 -0.134631 -0.05723
639.26675 -0.133638 -0.05950
639.36039 -0.132606 -0.06176
639.45403 -0.131535 -0.06399
639.54767 -0.130425 -0.06621
639.64131 -0.129277 -0.06840
639.73495 -0.128090 -0.07058
639.82858 -0.126866 -0.07273
639.92222 -0.125604 -0.07486
640.01586 -0.124305 -0.07697
640.10950 -0.122969 -0.07905
640.20313 -0.121596 -0.08111
640.29677 -0.120188 -0.08314
640.39041 -0.118744 -0.08516
640.48405 -0.117265 -0.08714
640.57769 -0.115751 -0.08910
640.67133 -0.114203 -0.09103
640.76496 -0.112621 -0.09293
640.85860 -0.111006 -0.09481
640.95224 -0.109358 -0.09666
641.04588 -0.107677 -0.09848
641.13951 -0.105964 -0.10027
641.23315 -0.104219 -0.10203
641.32679 -0.102444 -0.10376
641.42043 -0.100638 -0.10546
641.51407 -0.098802 -0.10712
641.60771 -0.096936 -0.10876
641.70134 -0.095042 -0.11036
641.79498 -0.093119 -0.11193
641.88862 -0.091168 -0.11347
641.98226 -0.089190 -0.11497
642.07589 -0.087185 -0.11644
642.16953 -0.085154 -0.11787
642.26317 -0.083097 -0.11927
642.35681 -0.081016 -0.12064
642.45045 -0.078909 -0.12196
642.54408 -0.076779 -0.12326
642.63772 -0.074626 -0.12451
642.73136 -0.072450 -0.12573
642.82500 -0.070252 -0.12691
642.91864 -0.068033 -0.12805
643.01228 -0.065792 -0.12916
643.10591 -0.063532 -0.13023
643.19955 -0.061252 -0.13126
643.29319 -0.058953 -0.13225
643.38683 -0.056636 -0.13320
643.48047 -0.054302 -0.13411
643.57410 -0.051950 -0.13498
643.66774 -0.049582 -0.13581
643.76138 -0.047199 -0.13660
643.85502 -0.044801 -0.13735
643.94866 -0.042389 -0.13807
644.04229 -0.039963 -0.13873
644.13593 -0.037524 -0.13936
644.22957 -0.035073 -0.13995
644.32321 -0.032611 -0.14050
644.41685 -0.030138 -0.14100
644.51048 -0.027654 -0.14146
644.60412 -0.025162 -0.14189
644.69776 -0.022660 -0.14226
644.79140 -0.020151 -0.14260
644.88504 -0.017635 -0.14290
644.97867 -0.015112 -0.14315
645.07231 -0.012583 -0.14336
645.16595 -0.010049 -0.14353
645.25959 -0.007511 -0.14365
645.35323 -0.004969 -0.14373
645.44686 -0.002424 -0.14377
645.54050 0.000124 -0.14377
645.63414 0.002672 -0.14372
645.72778 0.005222 -0.14364
645.82142 0.007771 -0.14351
645.91505 0.010320 -0.14333
646.00869 0.012868 -0.14312
646.10233 0.015413 -0.14286
646.19597 0.017956 -0.14256
646.28961 0.020495 -0.14221
646.38324 0.023030 -0.14183
646.47688 0.025560 -0.14140
646.57052 0.028084 -0.14093
646.66416 0.030602 -0.14042
646.75780 0.033112 -0.13986
646.85143 0.035615 -0.13927
646.94507 0.038110 -0.13863
647.03871 0.040595 -0.13795
647.13235 0.043070 -0.13723
647.22599 0.045534 -0.13647
647.31962 0.047987 -0.13567
647.41326 0.050428 -0.13483
647.50690 0.052856 -0.13394
647.60054 0.055271 -0.13302
647.69418 0.057672 -0.13206
647.78781 0.060058 -0.13105
647.88145 0.062428 -0.13001
647.97509 0.064782 -0.12893
648.06873 0.067119 -0.12781
648.16237 0.069439 -0.12665
648.25600 0.071741 -0.12545
648.34964 0.074024 -0.12422
648.44328 0.076287 -0.12295
648.53692 0.078530 -0.12164
648.63056 0.080753 -0.12029
648.72420 0.082954 -0.11891
648.81783 0.085133 -0.11749
648.91147 0.087289 -0.11603
649.00511 0.089422 -0.11454
649.09875 0.091531 -0.11302
649.19239 0.093616 -0.11146
649.28602 0.095676 -0.10986
649.37966 0.097710 -0.10823
649.47330 0.099717 -0.10657
649.56694 0.101698 -0.10488
649.66057 0.103652 -0.10315
649.75421 0.105577 -0.10139
649.84785 0.107474 -0.09960
649.94149 0.109342 -0.09778
650.03513 0.111180 -0.09593
650.12877 0.112988 -0.09405
650.22240 0.114765 -0.09214
650.31604 0.116512 -0.09020
650.40968 0.118226 -0.08823
650.50332 0.119909 -0.08624
650.59695 0.121558 -0.08422
650.69059 0.123175 -0.08217
650.78423 0.124757 -0.08009
650.87787 0.126306 -0.07799
650.97151 0.127820 -0.07587
651.06515 0.129300 -0.07371
651.15878 0.130743 -0.07154
651.25242 0.132151 -0.06934
651.34606 0.133523 -0.06712
651.43970 0.134858 -0.06488
651.53333 0.136156 -0.06262
651.62697 0.137416 -0.06033
651.72061 0.138639 -0.05803
651.81425 0.139823 -0.05571
651.90789 0.140969 -0.05336
652.00153 0.142076 -0.05100
652.09516 0.143144 -0.04862
652.18880 0.144172 -0.04623
652.28244 0.145161 -0.04382
652.37608 0.146109 -0.04139
652.46971 0.147017 -0.03895
652.56335 0.147884 -0.03649
652.65699 0.148710 -0.03402
652.75063 0.149495 -0.03154
652.84427 0.150238 -0.02905
652.93791 0.150940 -0.02654
653.03154 0.151600 -0.02402
653.12518 0.152218 -0.02150
653.21882 0.152793 -0.01896
653.31246 0.153325 -0.01642
653.40610 0.153816 -0.01386
653.49973 0.154263 -0.01130
653.59337 0.154667 -0.00874
653.68701 0.155028 -0.00617
653.78065 0.155345 -0.00359
653.87429 0.155620 -0.00101
653.96792 0.155850 0.00158
654.06156 0.156037 0.00417
654.15520 0.156181 0.00676
654.24884 0.156281 0.00935
654.34248 0.156336 0.01194
654.43611 0.156348 0.01453
654.52975 0.156317 0.01713
654.62339 0.156241 0.01972
654.71703 0.156121 0.02230
654.81067 0.155958 0.02489
654.90430 0.155750 0.02747
654.99794 0.155499 0.03005
655.09158 0.155203 0.03262
655.18522 0.154864 0.03519
655.27886 0.154482 0.03775
655.37249 0.154055 0.04030
655.46613 0.153586 0.04284
655.55977 0.153072 0.04538
655.65341 0.152516 0.04791
655.74705 0.151916 0.05042
655.84068 0.151273 0.05293
655.93432 0.150587 0.05542
656.02796 0.149858 0.05790
656.12160 0.149087 0.06037
656.21524 0.148274 0.06283
656.30887 0.147418 0.06527
656.40251 0.146520 0.06769
656.49615 0.145580 0.07010
656.58979 0.144599 0.07250
656.68343 0.143577 0.07487
656.77706 0.142513 0.07723
656.87070 0.141409 0.07957
656.96434 0.140264 0.08189
657.05798 0.139079 0.08420
657.15162 0.137854 0.08648
657.24525 0.136589 0.08874
657.33889 0.135285 0.09097
657.43253 0.133942 0.09319
657.52617 0.132560 0.09538
657.61981 0.131141 0.09755
657.71344 0.129683 0.09970
657.80708 0.128187 0.10182
657.90072 0.126655 0.10391
657.99436 0.125086 0.10598
658.08800 0.123480 0.10802
658.18164 0.121838 0.11004
658.27527 0.120161 0.11202
658.36891 0.118449 0.11398
658.46255 0.116702 0.11591
658.55619 0.114921 0.11781
658.64982 0.113107 0.11968
658.74346 0.111259 0.12152
658.83710 0.109378 0.12332
658.93074 0.107465 0.12510
659.02438 0.105520 0.12684
659.11802 0.103544 0.12855
659.21165 0.101537 0.13023
659.30529 0.099500 0.13187
659.39893 0.097433 0.13348
659.49257 0.095338 0.13506
659.58620 0.093213 0.13660
659.67984 0.091061 0.13810
659.77348 0.088881 0.13957
659.86712 0.086674 0.14100
659.96076 0.084441 0.14239
660.05439 0.082182 0.14375
660.14803 0.079898 0.14507
660.24167 0.077589 0.14635
660.33531 0.075257 0.14759
660.42895 0.072901 0.14880
660.52259 0.070523 0.14996
660.61622 0.068123 0.15108
660.70986 0.065701 0.15217
660.80350 0.063259 0.15321
660.89714 0.060796 0.15421
660.99077 0.058314 0.15518
661.08441 0.055814 0.15610
661.17805 0.053295 0.15698
661.27169 0.050759 0.15781
661.36533 0.048206 0.15861
661.45897 0.045637 0.15936
661.55260 0.043052 0.16007
661.64624 0.040453 0.16074
661.73988 0.037840 0.16136
661.83352 0.035213 0.16194
661.92715 0.032574 0.16248
662.02079 0.029923 0.16297
662.11443 0.027261 0.16342
662.20807 0.024589 0.16383
662.30171 0.021906 0.16419
662.39535 0.019215 0.16450
662.48898 0.016516 0.16478
662.58262 0.013808 0.16500
662.67626 0.011094 0.16519
662.76990 0.008374 0.16532
662.86354 0.005648 0.16542
662.95717 0.002918 0.16546
663.05081 0.000184 0.16547
663.14445 -0.002553 0.16543
663.23809 -0.005293 0.16534
663.33173 -0.008035 0.16521
663.42536 -0.010777 0.16503
663.51900 -0.013520 0.16481
663.61264 -0.016262 0.16454
663.70628 -0.019003 0.16423
663.79992 -0.021742 0.16387
663.89355 -0.024478 0.16347
663.98719 -0.027211 0.16302
664.08083 -0.029939 0.16253
664.17447 -0.032663 0.16199
664.26811 -0.035381 0.16141
664.36174 -0.038092 0.16078
664.45538 -0.040797 0.16011
664.54902 -0.043493 0.15939
664.64266 -0.046181 0.15864
664.73630 -0.048859 0.15783
664.82993 -0.051528 0.15699
664.92357 -0.054186 0.15609
665.01721 -0.056832 0.15516
665.11085 -0.059465 0.15418
665.20449 -0.062086 0.15316
665.29812 -0.064694 0.15210
665.39176 -0.067286 0.15100
665.48540 -0.069864 0.14985
665.57904 -0.072426 0.14866
665.67268 -0.074972 0.14743
665.76631 -0.077500 0.14616
665.85995 -0.080011 0.14484
665.95359 -0.082502 0.14349
666.04723 -0.084975 0.14209
666.14087 -0.087428 0.14066
666.23450 -0.089860 0.13919
666.32814 -0.092271 0.13767
666.42178 -0.094660 0.13612
666.51542 -0.097027 0.13453
666.60906 -0.099370 0.13290
666.70269 -0.101690 0.13123
666.79633 -0.103985 0.12953
666.88997 -0.106255 0.12778
666.98361 -0.108499 0.12601
667.07725 -0.110717 0.12419
667.17088 -0.112908 0.12234
667.26452 -0.115072 0.12046
667.35816 -0.117207 0.11854
667.45180 -0.119314 0.11658
667.54544 -0.121391 0.11459
667.63907 -0.123439 0.11257
667.73271 -0.125456 0.11052
667.82635 -0.127442 0.10843
667.91999 -0.129396 0.10631
668.01363 -0.131319 0.10417
668.10726 -0.133208 0.10199
668.20090 -0.135065 0.09978
668.29454 -0.136888 0.09754
668.38818 -0.138677 0.09527
668.48182 -0.140432 0.09297
668.57546 -0.142151 0.09065
668.66909 -0.143834 0.08830
668.76273 -0.145482 0.08592
668.85637 -0.147093 0.08352
668.95001 -0.148667 0.08109
669.04364 -0.150203 0.07864
669.13728 -0.151702 0.07616
669.23092 -0.153163 0.07366
669.32456 -0.154585 0.07113
669.41820 -0.155968 0.06859
669.51184 -0.157311 0.06602
669.60547 -0.158614 0.06343
669.69911 -0.159878 0.06082
669.79275 -0.161101 0.05820
669.88639 -0.162283 0.05555
669.98002 -0.163423 0.05289
670.07366 -0.164523 0.05020
670.16730 -0.165580 0.04751
670.26094 -0.166595 0.04479
670.35458 -0.167568 0.04206
670.44822 -0.168498 0.03932
670.54185 -0.169385 0.03656
670.63549 -0.170229 0.03379
670.72913 -0.171029 0.03101
670.82277 -0.171786 0.02821
670.91641 -0.172499 0.02541
671.01004 -0.173167 0.02259
671.10368 -0.173792 0.01976
671.19732 -0.174371 0.01693
671.29096 -0.174906 0.01409
671.38459 -0.175397 0.01124
671.47823 -0.175842 0.00838
671.57187 -0.176242 0.00552
671.66551 -0.176597 0.00265
671.75915 -0.176906 -0.00022
671.85279 -0.177170 -0.00309
671.94642 -0.177389 -0.00597
672.04006 -0.177562 -0.00885
672.13370 -0.177689 -0.01173
672.22734 -0.177771 -0.01461
672.32097 -0.177806 -0.01749
672.41461 -0.177796 -0.02036
672.50825 -0.177740 -0.02324
672.60189 -0.177639 -0.02612
672.69553 -0.177491 -0.02899
672.78917 -0.177298 -0.03185
672.88280 -0.177059 -0.03471
672.97644 -0.176774 -0.03757
673.07008 -0.176444 -0.04042
673.16372 -0.176068 -0.04326
673.25736 -0.175646 -0.04610
673.35099 -0.175180 -0.04892
673.44463 -0.174668 -0.05174
673.53827 -0.174111 -0.05455
673.63191 -0.173508 -0.05734
673.72555 -0.172861 -0.06012
673.81918 -0.172170 -0.06289
673.91282 -0.171433 -0.06565
674.00646 -0.170653 -0.06840
674.10010 -0.169828 -0.07113
674.19374 -0.168959 -0.07384
674.28737 -0.168047 -0.07654
674.38101 -0.167091 -0.07922
674.47465 -0.166092 -0.08188
674.56829 -0.165050 -0.08453
674.66193 -0.163965 -0.08715
674.75556 -0.162838 -0.08976
674.84920 -0.161668 -0.09235
674.94284 -0.160457 -0.09491
675.03648 -0.159204 -0.09746
675.13012 -0.157910 -0.09998
675.22375 -0.156575 -0.10248
675.31739 -0.155199 -0.10495
675.41103 -0.153783 -0.10740
675.50467 -0.152328 -0.10982
675.59831 -0.150833 -0.11222
675.69194 -0.149298 -0.11460
675.78558 -0.147726 -0.11694
675.87922 -0.146114 -0.11926
675.97286 -0.144466 -0.12155
676.06650 -0.142779 -0.12381
676.16013 -0.141056 -0.12604
676.25377 -0.139296 -0.12825
676.34741 -0.137500 -0.13042
676.44105 -0.135669 -0.13256
676.53469 -0.133802 -0.13466
676.62832 -0.131901 -0.13674
676.72196 -0.129966 -0.13878
676.81560 -0.127997 -0.14079
676.90924 -0.125995 -0.14277
677.00288 -0.123960 -0.14471
677.09651 -0.121893 -0.14661
677.19015 -0.119795 -0.14848
677.28379 -0.117666 -0.15031
677.37743 -0.115507 -0.15211
677.47107 -0.113317 -0.15387
677.56470 -0.111099 -0.15559
677.65834 -0.108851 -0.15728
677.75198 -0.106576 -0.15892
677.84562 -0.104273 -0.16053
677.93926 -0.101944 -0.16210
678.03290 -0.099588 -0.16362
678.12653 -0.097207 -0.16511
678.22017 -0.094800 -0.16656
678.31381 -0.092369 -0.16796
678.40745 -0.089915 -0.16933
678.50108 -0.087437 -0.17065
678.59472 -0.084937 -0.17193
678.68836 -0.082416 -0.17317
678.78200 -0.079873 -0.17436
678.87564 -0.077310 -0.17551
678.96928 -0.074727 -0.17662
679.06291 -0.072125 -0.17768
679.15655 -0.069504 -0.17870
679.25019 -0.066866 -0.17968
679.34383 -0.064211 -0.18061
679.43746 -0.061540 -0.18150
679.53110 -0.058853 -0.18234
679.62474 -0.056152 -0.18313
679.71838 -0.053436 -0.18388
679.81202 -0.050707 -0.18459
679.90566 -0.047965 -0.18525
679.99929 -0.045211 -0.18586
680.09293 -0.042446 -0.18642
680.18657 -0.039671 -0.18694
680.28021 -0.036885 -0.18741
680.37384 -0.034091 -0.18784
680.46748 -0.031288 -0.18822
680.56112 -0.028478 -0.18855
680.65476 -0.025661 -0.18883
680.74840 -0.022838 -0.18907
680.84204 -0.020010 -0.18926
680.93567 -0.017177 -0.18940
681.02931 -0.014341 -0.18950
681.12295 -0.011501 -0.18954
681.21659 -0.008659 -0.18954
681.31022 -0.005816 -0.18950
681.40386 -0.002972 -0.18940
681.49750 -0.000127 -0.18926
681.59114 0.002716 -0.18907
681.68478 0.005558 -0.18883
681.77841 0.008398 -0.18855
681.87205 0.011235 -0.18821
681.96569 0.014068 -0.18783
682.05933 0.016896 -0.18741
682.15297 0.019719 -0.18693
682.24661 0.022537 -0.18641
682.34024 0.025347 -0.18585
682.43388 0.028150 -0.18523
682.52752 0.030945 -0.18457
682.62116 0.033731 -0.18386
682.71480 0.036507 -0.18311
682.80843 0.039272 -0.18231
682.90207 0.042027 -0.18147
682.99571 0.044769 -0.18058
683.08935 0.047499 -0.17964
683.18299 0.050216 -0.17866
683.27662 0.052918 -0.17763
683.37026 0.055605 -0.17656
683.46390 0.058277 -0.17545
683.55754 0.060933 -0.17429
683.65118 0.063572 -0.17309
683.74481 0.066193 -0.17184
683.83845 0.068796 -0.17056
683.93209 0.071380 -0.16922
684.02573 0.073944 -0.16785
684.11937 0.076488 -0.16643
684.21300 0.079011 -0.16498
684.30664 0.081512 -0.16348
684.40028 0.083990 -0.16194
684.49392 0.086446 -0.16036
684.58756 0.088878 -0.15874
684.68119 0.091285 -0.15708
684.77483 0.093668 -0.15538
684.86847 0.096025 -0.15364
684.96211 0.098356 -0.15187
685.05575 0.100660 -0.15005
685.14938 0.102936 -0.14820
685.24302 0.105185 -0.14631
685.33666 0.107404 -0.14439
685.43030 0.109595 -0.14243
685.52394 0.111756 -0.14043
685.61757 0.113886 -0.13840
685.71121 0.115986 -0.13633
685.80485 0.118054 -0.13424
685.89849 0.120090 -0.13210
685.99213 0.122093 -0.12994
686.08576 0.124063 -0.12774
686.17940 0.126000 -0.12551
686.27304 0.127903 -0.12325
686.36668 0.129771 -0.12096
686.46032 0.131604 -0.11864
686.55395 0.133401 -0.11629
686.64759 0.135162 -0.11392
686.74123 0.136887 -0.11151
686.83487 0.138575 -0.10908
686.92851 0.140225 -0.10662
687.02214 0.141838 -0.10414
687.11578 0.143412 -0.10162
687.20942 0.144948 -0.09909
687.30306 0.146444 -0.09653
687.39670 0.147901 -0.09395
687.49033 0.149319 -0.09134
687.58397 0.150696 -0.08872
687.67761 0.152032 -0.08607
687.77125 0.153328 -0.08340
687.86489 0.154583 -0.08071
687.95853 0.155796 -0.07800
688.05216 0.156967 -0.07528
688.14580 0.158096 -0.07253
688.23944 0.159182 -0.06977
688.33308 0.160226 -0.06700
688.42672 0.161227 -0.06420
688.52035 0.162184 -0.06140
688.61399 0.163098 -0.05857
688.70763 0.163969 -0.05574
688.80127 0.164795 -0.05289
688.89490 0.165578 -0.05003
688.98854 0.166316 -0.04716
689.08218 0.167009 -0.04428
689.17582 0.167658 -0.04139
689.26946 0.168262 -0.03850
689.36310 0.168822 -0.03559
689.45673 0.169336 -0.03268
689.55037 0.169804 -0.02976
689.64401 0.170228 -0.02683
689.73765 0.170606 -0.02390
689.83128 0.170939 -0.02096
689.92492 0.171226 -0.01803
690.01856 0.171467 -0.01509
690.11220 0.171663 -0.01214
690.20584 0.171813 -0.00920
690.29948 0.171917 -0.00626
690.39311 0.171976 -0.00331
690.48675 0.171988 -0.00037
690.58039 0.171955 0.00257
690.67403 0.171877 0.00551
690.76766 0.171753 0.00844
690.86130 0.171583 0.01137
690.95494 0.171368 0.01429
691.04858 0.171107 0.01721
691.14222 0.170801 0.02012
691.23586 0.170450 0.02303
691.32949 0.170053 0.02592
691.42313 0.169612 0.02881
691.51677 0.169126 0.03168
691.61041 0.168595 0.03455
691.70404 0.168019 0.03740
691.79768 0.167399 0.04025
691.89132 0.166735 0.04308
691.98496 0.166027 0.04589
692.07860 0.165276 0.04870
692.17224 0.164481 0.05148
692.26587 0.163642 0.05425
692.35951 0.162760 0.05701
692.45315 0.161836 0.05975
692.54679 0.160869 0.06247
692.64043 0.159860 0.06517
692.73406 0.158809 0.06785
692.82770 0.157717 0.07051
692.92134 0.156583 0.07315
693.01498 0.155408 0.07577
693.10862 0.154193 0.07837
693.20225 0.152937 0.08094
693.29589 0.151642 0.08349
693.38953 0.150307 0.08602
693.48317 0.148933 0.08852
693.57681 0.147520 0.09100
693.67044 0.146068 0.09345
693.76408 0.144579 0.09587
693.85772 0.143052 0.09827
693.95136 0.141489 0.10064
694.04500 0.139888 0.10298
694.13863 0.138252 0.10529
694.23227 0.136579 0.10757
694.32591 0.134872 0.10982
694.41955 0.133130 0.11204
694.51319 0.131354 0.11422
694.60682 0.129543 0.11638
694.70046 0.127700 0.11850
694.79410 0.125824 0.12059
694.88774 0.123916 0.12265
694.98138 0.121976 0.12467
695.07501 0.120006 0.12665
695.16865 0.118004 0.12860
695.26229 0.115973 0.13052
695.35593 0.113912 0.13240
695.44957 0.111823 0.13424
695.54320 0.109706 0.13604
695.63684 0.107560 0.13781
695.73048 0.105388 0.13954
695.82412 0.103190 0.14123
695.91776 0.100965 0.14288
696.01139 0.098716 0.14449
696.10503 0.096442 0.14606
696.19867 0.094144 0.14759
696.29231 0.091824 0.14908
696.38595 0.089480 0.15053
696.47958 0.087115 0.15194
696.57322 0.084728 0.15330
696.66686 0.082321 0.15462
696.76050 0.079894 0.15590
696.85414 0.077447 0.15714
696.94777 0.074983 0.15834
697.04141 0.072500 0.15949
697.13505 0.070000 0.16060
697.22869 0.067484 0.16166
697.32233 0.064952 0.16268
697.41596 0.062405 0.16365
697.50960 0.059844 0.16458
697.60324 0.057269 0.16547
697.69688 0.054681 0.16631
697.79052 0.052081 0.16710
697.88415 0.049470 0.16785
697.97779 0.046848 0.16856
698.07143 0.044216 0.16921
698.16507 0.041574 0.16982
698.25871 0.038925 0.17039
698.35235 0.036267 0.17091
698.44598 0.033603 0.17138
698.53962 0.030932 0.17181
698.63326 0.028256 0.17219
698.72690 0.025575 0.17252
698.82053 0.022890 0.17281
698.91417 0.020201 0.17305
699.00781 0.017511 0.17324
699.10145 0.014818 0.17338
699.19509 0.012124 0.17348
699.28872 0.009430 0.17353
699.38236 0.006737 0.17354
699.47600 0.004044 0.17350
699.56964 0.001354 0.17341
699.66328 -0.001334 0.17328
699.75692 -0.004018 0.17309
699.85055 -0.006698 0.17287
699.94419 -0.009373 0.17259
700.03783 -0.012042 0.17227
700.13147 -0.014705 0.17191
700.22510 -0.017361 0.17149
700.31874 -0.020009 0.17103
700.41238 -0.022648 0.17053
700.50602 -0.025278 0.16998
700.59966 -0.027898 0.16938
700.69330 -0.030507 0.16874
700.78693 -0.033104 0.16806
700.88057 -0.035689 0.16733
700.97421 -0.038261 0.16655
701.06785 -0.040820 0.16573
701.16148 -0.043364 0.16487
701.25512 -0.045893 0.16396
701.34876 -0.048406 0.16301
701.44240 -0.050903 0.16202
701.53604 -0.053382 0.16098
701.62968 -0.055844 0.15991
701.72331 -0.058287 0.15878
701.81695 -0.060711 0.15762
701.91059 -0.063115 0.15642
702.00423 -0.065498 0.15517
702.09786 -0.067861 0.15388
702.19150 -0.070201 0.15256
702.28514 -0.072519 0.15119
702.37878 -0.074814 0.14978
702.47242 -0.077085 0.14834
702.56606 -0.079331 0.14685
702.65969 -0.081553 0.14533
702.75333 -0.083749 0.14377
702.84697 -0.085919 0.14217
702.94061 -0.088062 0.14053
703.03425 -0.090177 0.13886
703.12788 -0.092265 0.13716
703.22152 -0.094324 0.13541
703.31516 -0.096354 0.13363
703.40880 -0.098354 0.13182
703.50244 -0.100324 0.12997
703.59607 -0.102263 0.12809
703.68971 -0.104171 0.12618
703.78335 -0.106048 0.12424
703.87699 -0.107891 0.12226
703.97063 -0.109702 0.12025
704.06426 -0.111480 0.11821
704.15790 -0.113224 0.11615
704.25154 -0.114934 0.11405
704.34518 -0.116609 0.11192
704.43882 -0.118248 0.10977
704.53245 -0.119853 0.10758
704.62609 -0.121421 0.10537
704.71973 -0.122952 0.10314
704.81337 -0.124447 0.10088
704.90701 -0.125904 0.09859
705.00064 -0.127324 0.09628
705.09428 -0.128705 0.09395
705.18792 -0.130049 0.09159
705.28156 -0.131353 0.08921
705.37520 -0.132618 0.08681
705.46883 -0.133844 0.08439
705.56247 -0.135030 0.08195
705.65611 -0.136176 0.07949
705.74975 -0.137281 0.07701
705.84339 -0.138346 0.07451
705.93702 -0.139369 0.07199
706.03066 -0.140351 0.06946
706.12430 -0.141292 0.06691
706.21794 -0.142191 0.06435
706.31158 -0.143048 0.06177
706.40521 -0.143863 0.05918
706.49885 -0.144635 0.05657
706.59249 -0.145365 0.05395
706.68613 -0.146052 0.05133
706.77977 -0.146696 0.04869
706.87340 -0.147297 0.04604
706.96704 -0.147854 0.04338
707.06068 -0.148368 0.04071
707.15432 -0.148838 0.03803
707.24796 -0.149265 0.03535
707.34159 -0.149648 0.03266
707.43523 -0.149987 0.02997
707.52887 -0.150282 0.02727
707.62251 -0.150533 0.02457
707.71615 -0.150740 0.02186
707.80979 -0.150903 0.01916
707.90342 -0.151022 0.01645
707.99706 -0.151097 0.01374
708.09070 -0.151128 0.01102
708.18434 -0.151114 0.00831
708.27797 -0.151057 0.00561
708.37161 -0.150955 0.00290
708.46525 -0.150809 0.00020
708.55889 -0.150620 -0.00250
708.65253 -0.150386 -0.00520
708.74617 -0.150109 -0.00789
708.83980 -0.149788 -0.01057
708.93344 -0.149424 -0.01325
709.02708 -0.149016 -0.01592
709.12072 -0.148565 -0.01858
709.21435 -0.148070 -0.02123
709.30799 -0.147533 -0.02387
709.40163 -0.146953 -0.02650
709.49527 -0.146330 -0.02912
709.58891 -0.145665 -0.03173
709.68255 -0.144958 -0.03433
709.77618 -0.144208 -0.03691
709.86982 -0.143417 -0.03948
709.96346 -0.142584 -0.04203
710.05710 -0.141710 -0.04457
710.15074 -0.140795 -0.04709
710.24437 -0.139840 -0.04959
710.33801 -0.138844 -0.05207
710.43165 -0.137807 -0.05454
710.52529 -0.136731 -0.05699
710.61892 -0.135616 -0.05942
710.71256 -0.134461 -0.06182
710.80620 -0.133268 -0.06421
710.89984 -0.132036 -0.06657
710.99348 -0.130766 -0.06891
711.08712 -0.129459 -0.07123
711.18075 -0.128114 -0.07353
711.27439 -0.126732 -0.07579
711.36803 -0.125314 -0.07804
711.46167 -0.123860 -0.08026
711.55530 -0.122370 -0.08245
711.64894 -0.120845 -0.08461
711.74258 -0.119285 -0.08675
711.83622 -0.117691 -0.08886
711.92986 -0.116063 -0.09094
712.02350 -0.114402 -0.09299
712.11713 -0.112708 -0.09501
712.21077 -0.110982 -0.09699
712.30441 -0.109224 -0.09895
712.39805 -0.107435 -0.10088
712.49169 -0.105615 -0.10277
712.58532 -0.103765 -0.10463
712.67896 -0.101885 -0.10646
712.77260 -0.099976 -0.10825
712.86624 -0.098039 -0.11001
712.95988 -0.096073 -0.11174
713.05351 -0.094081 -0.11343
713.14715 -0.092061 -0.11508
713.24079 -0.090015 -0.11670
713.33443 -0.087944 -0.11828
713.42807 -0.085847 -0.11982
713.52170 -0.083727 -0.12132
713.61534 -0.081582 -0.12279
713.70898 -0.079414 -0.12422
713.80262 -0.077224 -0.12561
713.89626 -0.075012 -0.12696
713.98989 -0.072779 -0.12827
714.08353 -0.070525 -0.12954
714.17717 -0.068252 -0.13077
714.27081 -0.065959 -0.13196
714.36445 -0.063647 -0.13311
714.45808 -0.061318 -0.13422
714.55172 -0.058972 -0.13528
714.64536 -0.056609 -0.13631
714.73900 -0.054230 -0.13729
714.83264 -0.051836 -0.13823
714.92627 -0.049428 -0.13912
715.01991 -0.047006 -0.13998
715.11355 -0.044571 -0.14079
715.20719 -0.042124 -0.14155
715.30083 -0.039665 -0.14228
715.39446 -0.037196 -0.14295
715.48810 -0.034716 -0.14359
715.58174 -0.032227 -0.14418
715.67538 -0.029729 -0.14473
715.76902 -0.027224 -0.14523
715.86265 -0.024711 -0.14568
715.95629 -0.022191 -0.14610
716.04993 -0.019666 -0.14646
716.14357 -0.017136 -0.14678
716.23721 -0.014602 -0.14706
716.33084 -0.012064 -0.14729
716.42448 -0.009524 -0.14748
716.51812 -0.006981 -0.14762
716.61176 -0.004437 -0.14771
716.70540 -0.001893 -0.14776
716.79903 0.000652 -0.14777
716.89267 0.003195 -0.14773
716.98631 0.005736 -0.14764
717.07995 0.008275 -0.14751
717.17359 0.010811 -0.14733
717.26722 0.013343 -0.14711
717.36086 0.015871 -0.14684
717.45450 0.018392 -0.14653
717.54814 0.020908 -0.14617
717.64178 0.023417 -0.14577
717.73541 0.025918 -0.14533
717.82905 0.028411 -0.14483
717.92269 0.030895 -0.14430
718.01633 0.033369 -0.14372
718.10997 0.035832 -0.14309
718.20361 0.038284 -0.14243
718.29724 0.040724 -0.14171
718.39088 0.043152 -0.14096
718.48452 0.045566 -0.14016
718.57816 0.047966 -0.13932
718.67179 0.050351 -0.13843
718.76543 0.052721 -0.13750
718.85907 0.055074 -0.13653
718.95271 0.057410 -0.13552
719.04635 0.059729 -0.13447
719.13999 0.062030 -0.13337
719.23362 0.064311 -0.13224
719.32726 0.066573 -0.13106
719.42090 0.068815 -0.12984
719.51454 0.071036 -0.12858
719.60817 0.073235 -0.12729
719.70181 0.075412 -0.12595
719.79545 0.077566 -0.12457
719.88909 0.079696 -0.12316
719.98273 0.081803 -0.12171
720.07637 0.083884 -0.12022
720.17000 0.085940 -0.11869
720.26364 0.087970 -0.11713
720.35728 0.089974 -0.11553
720.45092 0.091950 -0.11389
720.54455 0.093899 -0.11222
720.63819 0.095819 -0.11051
720.73183 0.097710 -0.10877
720.82547 0.099572 -0.10699
720.91911 0.101404 -0.10518
721.01274 0.103205 -0.10334
721.10638 0.104975 -0.10147
721.20002 0.106714 -0.09956
721.29366 0.108420 -0.09762
721.38730 0.110094 -0.09565
721.48094 0.111734 -0.09366
721.57457 0.113341 -0.09163
721.66821 0.114914 -0.08957
721.76185 0.116452 -0.08748
721.85549 0.117955 -0.08537
721.94912 0.119422 -0.08323
722.04276 0.120854 -0.08106
722.13640 0.122249 -0.07887
722.23004 0.123607 -0.07665
722.32368 0.124928 -0.07441
722.41732 0.126212 -0.07214
722.51095 0.127458 -0.06985
722.60459 0.128665 -0.06754
722.69823 0.129833 -0.06520
722.79187 0.130963 -0.06284
722.88551 0.132053 -0.06046
722.97914 0.133103 -0.05807
723.07278 0.134113 -0.05565
723.16642 0.135083 -0.05321
723.26006 0.136012 -0.05076
723.35370 0.136900 -0.04829
723.44733 0.137746 -0.04580
723.54097 0.138552 -0.04330
723.63461 0.139315 -0.04078
723.72825 0.140037 -0.03825
723.82189 0.140716 -0.03570
723.91552 0.141353 -0.03314
724.00916 0.141947 -0.03057
724.10280 0.142498 -0.02799
724.19644 0.143006 -0.02540
724.29008 0.143472 -0.02279
724.38371 0.143893 -0.02018
724.47735 0.144272 -0.01756
724.57099 0.144606 -0.01493
724.66463 0.144897 -0.01230
724.75827 0.145144 -0.00966
724.85190 0.145348 -0.00701
724.94554 0.145507 -0.00436
725.03918 0.145622 -0.00171
725.13282 0.145693 0.00095
725.22646 0.145720 0.00361
725.32009 0.145703 0.00627
725.41373 0.145642 0.00893
725.50737 0.145536 0.01159
725.60101 0.145386 0.01425
725.69465 0.145192 0.01691
725.78828 0.144954 0.01957
725.88192 0.144672 0.02222
725.97556 0.144346 0.02487
726.06920 0.143976 0.02751
726.16284 0.143562 0.03015
726.25647 0.143104 0.03279
726.35011 0.142602 0.03541
726.44375 0.142058 0.03803
726.53739 0.141469 0.04064
726.63103 0.140838 0.04324
726.72466 0.140163 0.04583
726.81830 0.139446 0.04841
726.91194 0.138686 0.05097
727.00558 0.137883 0.05353
727.09922 0.137038 0.05607
727.19285 0.136151 0.05860
727.28649 0.135222 0.06111
727.38013 0.134252 0.06361
727.47377 0.133240 0.06609
727.56741 0.132188 0.06855
727.66105 0.131094 0.07100
727.75468 0.129960 0.07343
727.84832 0.128786 0.07584
727.94196 0.127572 0.07823
728.03560 0.126318 0.08060
728.12923 0.125026 0.08294
728.22287 0.123694 0.08527
728.31651 0.122324 0.08758
728.41015 0.120916 0.08986
728.50379 0.119471 0.09211
728.59743 0.117988 0.09435
728.69106 0.116468 0.09655
728.78470 0.114912 0.09873
728.87834 0.113320 0.10089
728.97198 0.111692 0.10302
729.06561 0.110029 0.10512
729.15925 0.108331 0.10719
729.25289 0.106599 0.10923
729.34653 0.104834 0.11125
729.44017 0.103035 0.11323
729.53381 0.101204 0.11518
729.62744 0.099340 0.11710
729.72108 0.097445 0.11899
729.81472 0.095518 0.12085
729.90836 0.093561 0.12267
730.00199 0.091574 0.12446
730.09563 0.089558 0.12621
730.18927 0.087512 0.12793
730.28291 0.085438 0.12962
730.37655 0.083337 0.13127
730.47019 0.081208 0.13288
730.56382 0.079052 0.13446
730.65746 0.076871 0.13600
730.75110 0.074664 0.13750
730.84474 0.072433 0.13896
730.93837 0.070177 0.14039
731.03201 0.067898 0.14178
731.12565 0.065596 0.14312
731.21929 0.063272 0.14443
731.31293 0.060927 0.14570
731.40657 0.058561 0.14692
731.50020 0.056174 0.14811
731.59384 0.053768 0.14925
731.68748 0.051343 0.15035
731.78112 0.048900 0.15141
731.87476 0.046440 0.15243
731.96839 0.043963 0.15340
732.06203 0.041470 0.15433
732.15567 0.038961 0.15522
732.24931 0.036438 0.15606
732.34295 0.033902 0.15686
732.43658 0.031352 0.15762
732.53022 0.028789 0.15833
732.62386 0.026215 0.15900
732.71750 0.023630 0.15962
732.81114 0.021035 0.16019
732.90477 0.018430 0.16073
732.99841 0.015817 0.16121
733.09205 0.013195 0.16165
733.18569 0.010567 0.16204
733.27933 0.007931 0.16239
733.37296 0.005291 0.16269
733.46660 0.002645 0.16295
733.56024 -0.000005 0.16316
733.65388 -0.002659 0.16332
733.74752 -0.005315 0.16344
733.84115 -0.007973 0.16350
733.93479 -0.010632 0.16353
734.02843 -0.013291 0.16350
734.12207 -0.015950 0.16343
734.21571 -0.018608 0.16331
734.30934 -0.021264 0.16315
734.40298 -0.023918 0.16294
734.49662 -0.026568 0.16268
734.59026 -0.029213 0.16237
734.68390 -0.031854 0.16202
734.77753 -0.034489 0.16162
734.87117 -0.037117 0.16118
734.96481 -0.039738 0.16069
735.05845 -0.042351 0.16015
735.15209 -0.044956 0.15956
735.24572 -0.047550 0.15893
735.33936 -0.050135 0.15826
735.43300 -0.052708 0.15753
735.52664 -0.055270 0.15677
735.62028 -0.057819 0.15595
735.71391 -0.060354 0.15509
735.80755 -0.062876 0.15419
735.90119 -0.065383 0.15324
735.99483 -0.067874 0.15225
736.08847 -0.070349 0.15121
736.18210 -0.072807 0.15013
736.27574 -0.075248 0.14900
736.36938 -0.077670 0.14783
736.46302 -0.080073 0.14662
736.55666 -0.082456 0.14536
736.65029 -0.084819 0.14406
736.74393 -0.087160 0.14272
736.83757 -0.089480 0.14134
736.93121 -0.091777 0.13991
737.02485 -0.094051 0.13845
737.11848 -0.096300 0.13694
737.21212 -0.098526 0.13539
737.30576 -0.100726 0.13380
737.39940 -0.102900 0.13218
737.49304 -0.105047 0.13051
737.58668 -0.107168 0.12880
737.68031 -0.109260 0.12706
737.77395 -0.111325 0.12528
737.86759 -0.113360 0.12346
737.96123 -0.115365 0.12160
738.05486 -0.117340 0.11971
738.14850 -0.119285 0.11778
738.24214 -0.121198 0.11581
738.33578 -0.123079 0.11381
738.42942 -0.124927 0.11178
738.52305 -0.126743 0.10971
738.61669 -0.128524 0.10761
738.71033 -0.130272 0.10547
738.80397 -0.131985 0.10331
738.89761 -0.133662 0.10111
738.99125 -0.135304 0.09888
739.08488 -0.136910 0.09662
739.17852 -0.138478 0.09433
739.27216 -0.140010 0.09201
739.36580 -0.141504 0.08966
739.45943 -0.142960 0.08728
739.55307 -0.144377 0.08488
739.64671 -0.145755 0.08245
739.74035 -0.147094 0.07999
739.83399 -0.148392 0.07751
739.92763 -0.149651 0.07501
740.02126 -0.150869 0.07248
740.11490 -0.152046 0.06992
740.20854 -0.153181 0.06734
740.30218 -0.154275 0.06475
740.39581 -0.155326 0.06213
740.48945 -0.156335 0.05948
740.58309 -0.157301 0.05682
740.67673 -0.158224 0.05414
740.77037 -0.159104 0.05145
740.86401 -0.159940 0.04873
740.95764 -0.160732 0.04600
741.05128 -0.161480 0.04325
741.14492 -0.162183 0.04048
741.23856 -0.162842 0.03771
741.33219 -0.163456 0.03491
741.42583 -0.164024 0.03211
741.51947 -0.164547 0.02929
741.61311 -0.165025 0.02646
741.70675 -0.165457 0.02362
741.80039 -0.165843 0.02076
741.89402 -0.166183 0.01790
741.98766 -0.166477 0.01503
742.08130 -0.166724 0.01216
742.17494 -0.166925 0.00927
742.26858 -0.167080 0.00638
742.36221 -0.167188 0.00349
742.45585 -0.167249 0.00059
742.54949 -0.167264 -0.00232
742.64313 -0.167231 -0.00522
742.73677 -0.167152 -0.00813
742.83040 -0.167026 -0.01104
742.92404 -0.166854 -0.01395
743.01768 -0.166634 -0.01686
743.11132 -0.166368 -0.01977
743.20496 -0.166055 -0.02268
743.29859 -0.165695 -0.02559
743.39223 -0.165288 -0.02849
743.48587 -0.164835 -0.03139
743.57951 -0.164336 -0.03428
743.67315 -0.163790 -0.03717
743.76678 -0.163197 -0.04005
743.86042 -0.162559 -0.04292
743.95406 -0.161874 -0.04579
744.04770 -0.161144 -0.04864
744.14134 -0.160368 -0.05149
744.23497 -0.159546 -0.05432
744.32861 -0.158679 -0.05715
744.42225 -0.157767 -0.05996
744.51589 -0.156809 -0.06276
744.60953 -0.155808 -0.06554
744.70316 -0.154761 -0.06831
744.79680 -0.153671 -0.07107
744.89044 -0.152536 -0.07381
744.98408 -0.151358 -0.07653
745.07772 -0.150136 -0.07924
745.17135 -0.148872 -0.08192
745.26499 -0.147564 -0.08459
745.35863 -0.146214 -0.08724
745.45227 -0.144822 -0.08987
745.54591 -0.143389 -0.09247
745.63954 -0.141914 -0.09506
745.73318 -0.140398 -0.09762
745.82682 -0.138841 -0.10016
745.92046 -0.137244 -0.10267
746.01410 -0.135607 -0.10516
746.10773 -0.133931 -0.10762
746.20137 -0.132216 -0.11006
746.29501 -0.130463 -0.11247
746.38865 -0.128671 -0.11486
746.48229 -0.126842 -0.11721
746.57592 -0.124975 -0.11954
746.66956 -0.123073 -0.12183
746.76320 -0.121134 -0.12410
746.85684 -0.119159 -0.12634
746.95048 -0.117149 -0.12854
747.04412 -0.115105 -0.13071
747.13775 -0.113026 -0.13285
747.23139 -0.110915 -0.13496
747.32503 -0.108770 -0.13703
747.41867 -0.106593 -0.13907
747.51230 -0.104384 -0.14107
747.60594 -0.102144 -0.14304
747.69958 -0.099873 -0.14497
747.79322 -0.097573 -0.14687
747.88686 -0.095243 -0.14872
747.98050 -0.092884 -0.15054
748.07413 -0.090497 -0.15232
748.16777 -0.088083 -0.15407
748.26141 -0.085642 -0.15577
748.35505 -0.083174 -0.15743
748.44868 -0.080681 -0.15906
748.54232 -0.078164 -0.16064
748.63596 -0.075622 -0.16218
748.72960 -0.073056 -0.16368
748.82324 -0.070468 -0.16514
748.91688 -0.067858 -0.16656
749.01051 -0.065226 -0.16793
749.10415 -0.062574 -0.16926
749.19779 -0.059902 -0.17055
749.29143 -0.057210 -0.17179
749.38507 -0.054500 -0.17299
749.47870 -0.051772 -0.17414
749.57234 -0.049027 -0.17525
749.66598 -0.046266 -0.17631
749.75962 -0.043489 -0.17733
749.85325 -0.040698 -0.17830
749.94689 -0.037892 -0.17923
750.04053 -0.035073 -0.18011
750.13417 -0.032242 -0.18094
750.22781 -0.029399 -0.18173
750.32145 -0.026545 -0.18247
750.41508 -0.023681 -0.18316
750.50872 -0.020807 -0.18380
750.60236 -0.017925 -0.18440
750.69600 -0.015035 -0.18494
750.78963 -0.012138 -0.18544
750.88327 -0.009234 -0.18590
750.97691 -0.006325 -0.18630
751.07055 -0.003412 -0.18665
751.16419 -0.000495 -0.18696
751.25783 0.002426 -0.18722
751.35146 0.005348 -0.18743
751.44510 0.008273 -0.18759
751.53874 0.011197 -0.18770
751.63238 0.014122 -0.18776
751.72601 0.017045 -0.18777
751.81965 0.019967 -0.18773
751.91329 0.022887 -0.18765
752.00693 0.025803 -0.18751
752.10057 0.028714 -0.18733
752.19421 0.031621 -0.18710
752.28784 0.034522 -0.18682
752.38148 0.037417 -0.18649
752.47512 0.040304 -0.18611
752.56876 0.043183 -0.18568
752.66240 0.046053 -0.18520
752.75603 0.048913 -0.18468
752.84967 0.051763 -0.18410
752.94331 0.054601 -0.18348
753.03695 0.057428 -0.18281
753.13059 0.060241 -0.18210
753.22422 0.063041 -0.18133
753.31786 0.065826 -0.18052
753.41150 0.068596 -0.17966
753.50514 0.071350 -0.17875
753.59878 0.074088 -0.17780
753.69241 0.076808 -0.17680
753.78605 0.079509 -0.17575
753.87969 0.082192 -0.17466
753.97333 0.084855 -0.17352
754.06697 0.087497 -0.17234
754.16060 0.090118 -0.17111
754.25424 0.092717 -0.16983
754.34788 0.095294 -0.16852
754.44152 0.097847 -0.16715
754.53516 0.100376 -0.16575
754.62879 0.102880 -0.16430
754.72243 0.105359 -0.16281
754.81607 0.107811 -0.16127
754.90971 0.110237 -0.15970
755.00335 0.112635 -0.15808
755.09698 0.115005 -0.15642
755.19062 0.117346 -0.15472
755.28426 0.119658 -0.15298
755.37790 0.121939 -0.15119
755.47154 0.124189 -0.14937
755.56517 0.126408 -0.14751
755.65881 0.128595 -0.14562
755.75245 0.130749 -0.14368
755.84609 0.132870 -0.14171
755.93973 0.134958 -0.13970
756.03336 0.137010 -0.13765
756.12700 0.139028 -0.13557
756.22064 0.141010 -0.13345
756.31428 0.142956 -0.13130
756.40792 0.144865 -0.12911
756.50155 0.146737 -0.12689
756.59519 0.148571 -0.12464
756.68883 0.150367 -0.12236
756.78247 0.152124 -0.12004
756.87611 0.153842 -0.11769
756.96974 0.155520 -0.11532
757.06338 0.157157 -0.11291
757.15702 0.158755 -0.11047
757.25066 0.160310 -0.10801
757.34430 0.161825 -0.10552
757.43794 0.163297 -0.10300
757.53157 0.164727 -0.10045
757.62521 0.166114 -0.09788
757.71885 0.167458 -0.09528
757.81249 0.168758 -0.09266
757.90612 0.170014 -0.09002
757.99976 0.171226 -0.08735
758.09340 0.172393 -0.08466
758.18704 0.173516 -0.08195
758.28068 0.174593 -0.07922
758.37432 0.175624 -0.07647
758.46795 0.176609 -0.07370
758.56159 0.177548 -0.07091
758.65523 0.178441 -0.06810
758.74887 0.179286 -0.06528
758.84250 0.180085 -0.06244
758.93614 0.180837 -0.05959
759.02978 0.181541 -0.05672
759.12342 0.182198 -0.05384
759.21706 0.182806 -0.05094
759.31070 0.183367 -0.04803
759.40433 0.183879 -0.04512
759.49797 0.184344 -0.04219
759.59161 0.184759 -0.03925
759.68525 0.185126 -0.03630
759.77888 0.185445 -0.03334
759.87252 0.185714 -0.03038
759.96616 0.185935 -0.02741
760.05980 0.186107 -0.02443
760.15344 0.186230 -0.02145
760.24707 0.186304 -0.01847
760.34071 0.186328 -0.01548
760.43435 0.186304 -0.01249
760.52799 0.186230 -0.00950
760.62163 0.186108 -0.00650
760.71527 0.185936 -0.00351
760.80890 0.185715 -0.00052
760.90254 0.185445 0.00247
760.99618 0.185127 0.00546
761.08982 0.184759 0.00844
761.18345 0.184343 0.01143
761.27709 0.183878 0.01440
761.37073 0.183365 0.01737
761.46437 0.182803 0.02034
761.55801 0.182194 0.02329
761.65165 0.181536 0.02624
761.74528 0.180830 0.02918
761.83892 0.180076 0.03211
761.93256 0.179275 0.03503
762.02620 0.178427 0.03794
762.11984 0.177532 0.04083
762.21347 0.176589 0.04371
762.30711 0.175601 0.04658
762.40075 0.174566 0.04944
762.49439 0.173485 0.05228
762.58803 0.172358 0.05510
762.68166 0.171186 0.05791
762.77530 0.169968 0.06069
762.86894 0.168706 0.06347
762.96258 0.167400 0.06622
763.05622 0.166049 0.06895
763.14985 0.164655 0.07166
763.24349 0.163218 0.07435
763.33713 0.161737 0.07702
763.43077 0.160214 0.07966
763.52441 0.158649 0.08228
763.61804 0.157042 0.08488
763.71168 0.155394 0.08745
763.80532 0.153705 0.09000
763.89896 0.151976 0.09252
763.99260 0.150207 0.09501
764.08623 0.148399 0.09748
764.17987 0.146552 0.09992
764.27351 0.144666 0.10233
764.36715 0.142743 0.10470
764.46079 0.140782 0.10705
764.55442 0.138785 0.10937
764.64806 0.136751 0.11166
764.74170 0.134682 0.11391
764.83534 0.132577 0.11613
764.92898 0.130438 0.11832
765.02261 0.128265 0.12048
765.11625 0.126059 0.12259
765.20989 0.123820 0.12468
765.30353 0.121549 0.12673
765.39717 0.119247 0.12874
765.49080 0.116913 0.13072
765.58444 0.114550 0.13266
765.67808 0.112157 0.13456
765.77172 0.109735 0.13642
765.86536 0.107285 0.13824
765.95899 0.104807 0.14003
766.05263 0.102302 0.14177
766.14627 0.099772 0.14348
766.23991 0.097215 0.14514
766.33355 0.094635 0.14677
766.42718 0.092030 0.14835
766.52082 0.089401 0.14989
766.61446 0.086750 0.15138
766.70810 0.084078 0.15284
766.80174 0.081384 0.15425
766.89538 0.078669 0.15562
766.98901 0.075936 0.15694
767.08265 0.073183 0.15822
767.17629 0.070412 0.15946
767.26993 0.067624 0.16065
767.36356 0.064819 0.16179
767.45720 0.061998 0.16289
767.55084 0.059163 0.16395
767.64448 0.056313 0.16496
767.73812 0.053450 0.16592
767.83176 0.050574 0.16684
767.92539 0.047686 0.16770
768.01903 0.044787 0.16853
768.11267 0.041878 0.16930
768.20631 0.038960 0.17003
768.29994 0.036033 0.17071
768.39358 0.033098 0.17134
768.48722 0.030156 0.17193
768.58086 0.027208 0.17247
768.67450 0.024254 0.17295
768.76814 0.021296 0.17340
768.86177 0.018334 0.17379
768.95541 0.015369 0.17413
769.04905 0.012402 0.17443
769.14269 0.009434 0.17468
769.23632 0.006466 0.17487
769.32996 0.003497 0.17503
769.42360 0.000530 0.17513
769.51724 -0.002435 0.17518
769.61088 -0.005397 0.17519
769.70452 -0.008356 0.17514
769.79815 -0.011310 0.17505
769.89179 -0.014259 0.17491
769.98543 -0.017202 0.17472
770.07907 -0.020137 0.17449
770.17270 -0.023066 0.17420
770.26634 -0.025985 0.17387
770.35998 -0.028896 0.17349
770.45362 -0.031796 0.17306
770.54726 -0.034685 0.17258
770.64090 -0.037562 0.17206
770.73453 -0.040427 0.17149
770.82817 -0.043279 0.17087
770.92181 -0.046116 0.17021
771.01545 -0.048939 0.16950
771.10909 -0.051746 0.16874
771.20272 -0.054536 0.16794
771.29636 -0.057309 0.16709
771.39000 -0.060064 0.16619
771.48364 -0.062801 0.16525
771.57727 -0.065518 0.16427
771.67091 -0.068214 0.16324
771.76455 -0.070890 0.16217
771.85819 -0.073544 0.16105
771.95183 -0.076175 0.15989
772.04547 -0.078784 0.15868
772.13910 -0.081368 0.15743
772.23274 -0.083928 0.15614
772.32638 -0.086462 0.15481
772.42002 -0.088971 0.15343
772.51366 -0.091452 0.15202
772.60729 -0.093907 0.15056
772.70093 -0.096333 0.14906
772.79457 -0.098730 0.14753
772.88821 -0.101098 0.14595
772.98185 -0.103436 0.14433
773.07548 -0.105744 0.14268
773.16912 -0.108020 0.14099
773.26276 -0.110264 0.13926
773.35640 -0.112475 0.13749
773.45004 -0.114654 0.13569
773.54367 -0.116798 0.13385
773.63731 -0.118909 0.13197
773.73095 -0.120984 0.13006
773.82459 -0.123024 0.12812
773.91823 -0.125028 0.12614
774.01186 -0.126995 0.12413
774.10550 -0.128925 0.12208
774.19914 -0.130818 0.12001
774.29278 -0.132672 0.11790
774.38642 -0.134488 0.11576
774.48005 -0.136265 0.11359
774.57369 -0.138002 0.11140
774.66733 -0.139698 0.10917
774.76097 -0.141355 0.10692
774.85461 -0.142970 0.10464
774.94824 -0.144544 0.10233
775.04188 -0.146076 0.09999
775.13552 -0.147566 0.09763
775.22916 -0.149013 0.09525
775.32280 -0.150417 0.09284
775.41643 -0.151778 0.09041
775.51007 -0.153095 0.08796
775.60371 -0.154367 0.08548
775.69735 -0.155596 0.08298
775.79099 -0.156779 0.08047
775.88462 -0.157918 0.07793
775.97826 -0.159011 0.07537
776.07190 -0.160058 0.07280
776.16554 -0.161059 0.07021
776.25918 -0.162014 0.06760
776.35281 -0.162923 0.06498
776.44645 -0.163785 0.06234
776.54009 -0.164600 0.05968
776.63373 -0.165368 0.05702
776.72737 -0.166089 0.05434
776.82101 -0.166762 0.05165
776.91464 -0.167388 0.04894
777.00828 -0.167966 0.04623
777.10192 -0.168496 0.04351
777.19556 -0.168978 0.04078
777.28919 -0.169411 0.03804
777.38283 -0.169797 0.03529
777.47647 -0.170134 0.03254
777.57011 -0.170423 0.02978
777.66375 -0.170663 0.02702
777.75738 -0.170855 0.02425
777.85102 -0.170998 0.02148
777.94466 -0.171093 0.01871
778.03830 -0.171139 0.01593
778.13194 -0.171136 0.01316
778.22558 -0.171086 0.01038
778.31921 -0.170986 0.00761
778.41285 -0.170839 0.00483
778.50649 -0.170643 0.00206
778.60013 -0.170399 -0.00070
778.69376 -0.170106 -0.00347
778.78740 -0.169766 -0.00622
778.88104 -0.169378 -0.00898
778.97468 -0.168942 -0.01172
779.06832 -0.168458 -0.01446
779.16196 -0.167927 -0.01719
779.25559 -0.167349 -0.01991
779.34923 -0.166723 -0.02262
779.44287 -0.166051 -0.02533
779.53651 -0.165332 -0.02802
779.63014 -0.164567 -0.03069
779.72378 -0.163756 -0.03336
779.81742 -0.162899 -0.03601
779.91106 -0.161996 -0.03865
780.00470 -0.161048 -0.04127
780.09834 -0.160055 -0.04388
780.19197 -0.159017 -0.04647
780.28561 -0.157935 -0.04904
780.37925 -0.156809 -0.05160
780.47289 -0.155639 -0.05413
780.56652 -0.154425 -0.05665
780.66016 -0.153169 -0.05914
780.75380 -0.151871 -0.06162
780.84744 -0.150530 -0.06407
780.94108 -0.149147 -0.06650
781.03472 -0.147723 -0.06891
781.12835 -0.146259 -0.07130
781.22199 -0.144753 -0.07365
781.31563 -0.143208 -0.07599
781.40927 -0.141624 -0.07830
781.50291 -0.140000 -0.08058
781.59654 -0.138338 -0.08283
781.69018 -0.136638 -0.08506
781.78382 -0.134900 -0.08726
781.87746 -0.133126 -0.08943
781.97110 -0.131315 -0.09157
782.06473 -0.129468 -0.09368
782.15837 -0.127585 -0.09576
782.25201 -0.125669 -0.09781
782.34565 -0.123717 -0.09982
782.43929 -0.121733 -0.10180
782.53292 -0.119715 -0.10375
782.62656 -0.117665 -0.10567
782.72020 -0.115583 -0.10755
782.81384 -0.113471 -0.10939
782.90748 -0.111327 -0.11121
783.00111 -0.109154 -0.11298
783.09475 -0.106952 -0.11472
783.18839 -0.104721 -0.11642
783.28203 -0.102462 -0.11808
783.37567 -0.100176 -0.11971
783.46930 -0.097864 -0.12130
783.56294 -0.095525 -0.12285
783.65658 -0.093162 -0.12436
783.75022 -0.090774 -0.12583
783.84386 -0.088363 -0.12726
783.93749 -0.085928 -0.12865
784.03113 -0.083472 -0.13000
784.12477 -0.080994 -0.13131
784.21841 -0.078495 -0.13257
784.31205 -0.075976 -0.13380
784.40568 -0.073438 -0.13498
784.49932 -0.070881 -0.13612
784.59296 -0.068307 -0.13721
784.68660 -0.065715 -0.13827
784.78024 -0.063108 -0.13928
784.87387 -0.060485 -0.14024
784.96751 -0.057847 -0.14116
785.06115 -0.055196 -0.14204
785.15479 -0.052531 -0.14288
785.24843 -0.049854 -0.14366
785.34206 -0.047166 -0.14441
785.43570 -0.044467 -0.14511
785.52934 -0.041758 -0.14576
785.62298 -0.039040 -0.14637
785.71662 -0.036314 -0.14693
785.81025 -0.033580 -0.14744
785.90389 -0.030840 -0.14791
785.99753 -0.028094 -0.14834
786.09117 -0.025343 -0.14871
786.18481 -0.022588 -0.14905
786.27844 -0.019829 -0.14933
786.37208 -0.017068 -0.14957
786.46572 -0.014305 -0.14976
786.55936 -0.011541 -0.14991
786.65300 -0.008777 -0.15000
786.74663 -0.006014 -0.15006
786.84027 -0.003253 -0.15006
786.93391 -0.000493 -0.15002
787.02755 0.002263 -0.14994
787.12119 0.005015 -0.14980
787.21483 0.007762 -0.14962
787.30846 0.010503 -0.14940
787.40210 0.013238 -0.14912
787.49574 0.015966 -0.14880
787.58938 0.018686 -0.14844
787.68301 0.021396 -0.14803
787.77665 0.024097 -0.14757
787.87029 0.026788 -0.14707
787.96393 0.029467 -0.14652
788.05757 0.032134 -0.14593
788.15121 0.034789 -0.14529
788.24484 0.037429 -0.14461
788.33848 0.040055 -0.14389
788.43212 0.042666 -0.14312
788.52576 0.045261 -0.14230
788.61940 0.047839 -0.14144
788.71303 0.050400 -0.14054
788.80667 0.052942 -0.13959
788.90031 0.055465 -0.13860
788.99395 0.057968 -0.13757
789.08758 0.060451 -0.13650
789.18122 0.062912 -0.13538
789.27486 0.065352 -0.13423
789.36850 0.067769 -0.13303
789.46214 0.070162 -0.13179
789.55578 0.072531 -0.13051
789.64941 0.074875 -0.12919
789.74305 0.077193 -0.12783
789.83669 0.079486 -0.12643
789.93033 0.081751 -0.12499
790.02396 0.083989 -0.12351
790.11760 0.086198 -0.12200
790.21124 0.088378 -0.12045
790.30488 0.090529 -0.11886
790.39852 0.092650 -0.11723
790.49216 0.094740 -0.11557
790.58579 0.096798 -0.11387
790.67943 0.098824 -0.11214
790.77307 0.100818 -0.11038
790.86671 0.102778 -0.10858
790.96034 0.104704 -0.10674
791.05398 0.106596 -0.10488
791.14762 0.108452 -0.10298
791.24126 0.110274 -0.10105
791.33490 0.112059 -0.09909
791.42854 0.113807 -0.09710
791.52217 0.115519 -0.09507
791.61581 0.117192 -0.09302
791.70945 0.118828 -0.09095
791.80309 0.120424 -0.08884
791.89673 0.121982 -0.08670
791.99036 0.123500 -0.08454
792.08400 0.124978 -0.08236
792.17764 0.126415 -0.08014
792.27128 0.127812 -0.07791
792.36492 0.129167 -0.07565
792.45855 0.130481 -0.07336
792.55219 0.131752 -0.07106
792.64583 0.132981 -0.06873
792.73947 0.134167 -0.06638
792.83311 0.135309 -0.06401
792.92674 0.136408 -0.06162
793.02038 0.137463 -0.05921
793.11402 0.138474 -0.05679
793.20766 0.139441 -0.05434
793.30130 0.140362 -0.05188
793.39493 0.141239 -0.04940
793.48857 0.142070 -0.04691
793.58221 0.142855 -0.04441
793.67585 0.143595 -0.04189
793.76949 0.144288 -0.03935
793.86312 0.144936 -0.03681
793.95676 0.145536 -0.03425
794.05040 0.146090 -0.03168
794.14404 0.146598 -0.02911
794.23768 0.147058 -0.02652
794.33131 0.147471 -0.02393
794.42495 0.147837 -0.02133
794.51859 0.148155 -0.01872
794.61223 0.148426 -0.01610
794.70587 0.148650 -0.01348
794.79950 0.148826 -0.01086
794.89314 0.148954 -0.00823
794.98678 0.149034 -0.00560
795.08042 0.149067 -0.00297
795.17406 0.149052 -0.00034
795.26769 0.148989 0.00229
795.36133 0.148879 0.00492
795.45497 0.148721 0.00756
795.54861 0.148515 0.01018
795.64225 0.148261 0.01281
795.73588 0.147960 0.01543
795.82952 0.147611 0.01805
795.92316 0.147216 0.02066
796.01680 0.146772 0.02327
796.11044 0.146282 0.02587
796.20407 0.145745 0.02846
796.29771 0.145161 0.03104
796.39135 0.144530 0.03361
796.48499 0.143853 0.03617
796.57863 0.143129 0.03873
796.67227 0.142360 0.04127
796.76590 0.141545 0.04380
796.85954 0.140684 0.04631
796.95318 0.139777 0.04881
797.04682 0.138826 0.05130
797.14045 0.137830 0.05377
797.23409 0.136789 0.05622
797.32773 0.135704 0.05866
797.42137 0.134576 0.06108
797.51501 0.133403 0.06348
797.60865 0.132188 0.06586
797.70228 0.130930 0.06822
797.79592 0.129629 0.07056
797.88956 0.128286 0.07288
797.98320 0.126901 0.07518
798.07683 0.125476 0.07745
798.17047 0.124009 0.07970
798.26411 0.122502 0.08193
798.35775 0.120955 0.08413
798.45139 0.119368 0.08630
798.54503 0.117742 0.08845
798.63866 0.116078 0.09057
798.73230 0.114376 0.09267
798.82594 0.112636 0.09473
798.91958 0.110859 0.09677
799.01321 0.109045 0.09878
799.10685 0.107196 0.10076
799.20049 0.105311 0.10270
799.29413 0.103391 0.10462
799.38777 0.101437 0.10650
799.48140 0.099449 0.10835
799.57504 0.097428 0.11017
799.66868 0.095375 0.11195
799.76232 0.093290 0.11370
799.85596 0.091173 0.11542
799.94960 0.089025 0.11710
800.04323 0.086848 0.11874
800.13687 0.084641 0.12035
800.23051 0.082406 0.12192
800.32415 0.080142 0.12345
800.41778 0.077851 0.12494
800.51142 0.075533 0.12640
800.60506 0.073190 0.12782
800.69870 0.070821 0.12920
800.79234 0.068427 0.13053
800.88598 0.066010 0.13183
800.97961 0.063569 0.13309
801.07325 0.061106 0.13431
801.16689 0.058621 0.13548
801.26053 0.056115 0.13662
801.35416 0.053589 0.13771
801.44780 0.051044 0.13876
801.54144 0.048480 0.13976
801.63508 0.045898 0.14073
801.72872 0.043299 0.14165
801.82236 0.040683 0.14253
801.91599 0.038052 0.14336
802.00963 0.035407 0.14415
802.10327 0.032747 0.14489
802.19691 0.030074 0.14559
802.29055 0.027388 0.14624
802.38418 0.024691 0.14685
802.47782 0.021984 0.14741
802.57146 0.019266 0.14793
802.66510 0.016539 0.14840
802.75874 0.013804 0.14883
802.85237 0.011061 0.14921
802.94601 0.008312 0.14954
803.03965 0.005557 0.14983
803.13329 0.002797 0.15007
803.22693 0.000033 0.15026
803.32056 -0.002735 0.15041
803.41420 -0.005505 0.15051
803.50784 -0.008277 0.15056
803.60148 -0.011050 0.15057
803.69512 -0.013822 0.15053
803.78875 -0.016594 0.15044
803.88239 -0.019364 0.15031
803.97603 -0.022132 0.15013
804.06967 -0.024896 0.14990
804.16331 -0.027656 0.14963
804.25694 -0.030410 0.14930
804.35058 -0.033159 0.14894
804.44422 -0.035902 0.14852
804.53786 -0.038636 0.14806
804.63150 -0.041363 0.14755
804.72513 -0.044080 0.14700
804.81877 -0.046787 0.14640
804.91241 -0.049483 0.14575
805.00605 -0.052168 0.14506
805.09969 -0.054840 0.14432
805.19332 -0.057498 0.14354
805.28696 -0.060143 0.14271
805.38060 -0.062772 0.14184
805.47424 -0.065386 0.14092
805.56788 -0.067983 0.13996
805.66151 -0.070563 0.13895
805.75515 -0.073125 0.13790
805.84879 -0.075668 0.13681
805.94243 -0.078191 0.13567
806.03607 -0.080694 0.13449
806.12970 -0.083175 0.13326
806.22334 -0.085635 0.13200
806.31698 -0.088071 0.13069
806.41062 -0.090484 0.12934
806.50426 -0.092873 0.12795
806.59789 -0.095237 0.12652
806.69153 -0.097575 0.12504
806.78517 -0.099886 0.12353
806.87881 -0.102171 0.12198
806.97245 -0.104427 0.12039
807.06609 -0.106655 0.11876
807.15972 -0.108854 0.11709
807.25336 -0.111022 0.11538
807.34700 -0.113160 0.11364
807.44064 -0.115267 0.11186
807.53427 -0.117342 0.11004
807.62791 -0.119384 0.10819
807.72155 -0.121392 0.10630
807.81519 -0.123367 0.10438
807.90883 -0.125308 0.10242
808.00247 -0.127213 0.10043
808.09610 -0.129082 0.09840
808.18974 -0.130915 0.09635
808.28338 -0.132712 0.09426
808.37702 -0.134470 0.09214
808.47065 -0.136191 0.08999
808.56429 -0.137873 0.08781
808.65793 -0.139516 0.08560
808.75157 -0.141119 0.08336
808.84521 -0.142683 0.08110
808.93885 -0.144205 0.07880
809.03248 -0.145686 0.07648
809.12612 -0.147126 0.07414
809.21976 -0.148523 0.07176
809.31340 -0.149878 0.06937
809.40703 -0.151190 0.06695
809.50067 -0.152459 0.06450
809.59431 -0.153683 0.06204
809.68795 -0.154864 0.05955
809.78159 -0.155999 0.05704
809.87523 -0.157090 0.05451
809.96886 -0.158135 0.05196
810.06250 -0.159134 0.04939
810.15614 -0.160088 0.04681
810.24978 -0.160995 0.04420
810.34342 -0.161855 0.04158
810.43705 -0.162668 0.03894
810.53069 -0.163433 0.03629
810.62433 -0.164151 0.03363
810.71797 -0.164821 0.03095
810.81160 -0.165443 0.02826
810.90524 -0.166017 0.02555
810.99888 -0.166542 0.02284
811.09252 -0.167018 0.02011
811.18616 -0.167446 0.01738
811.27980 -0.167824 0.01463
811.37343 -0.168153 0.01188
811.46707 -0.168432 0.00913
811.56071 -0.168662 0.00636
811.65435 -0.168842 0.00359
811.74799 -0.168973 0.00082
811.84162 -0.169053 -0.00196
811.93526 -0.169083 -0.00474
812.02890 -0.169064 -0.00753
812.12254 -0.168994 -0.01031
812.21618 -0.168874 -0.01310
812.30981 -0.168705 -0.01588
812.40345 -0.168485 -0.01867
812.49709 -0.168215 -0.02145
812.59073 -0.167894 -0.02423
812.68437 -0.167524 -0.02700
812.77800 -0.167104 -0.02977
812.87164 -0.166634 -0.03254
812.96528 -0.166114 -0.03530
813.05892 -0.165544 -0.03805
813.15256 -0.164925 -0.04079
813.24619 -0.164256 -0.04353
813.33983 -0.163538 -0.04625
813.43347 -0.162771 -0.04897
813.52711 -0.161955 -0.05167
813.62075 -0.161090 -0.05437
813.71438 -0.160177 -0.05705
813.80802 -0.159215 -0.05971
813.90166 -0.158205 -0.06236
813.99530 -0.157147 -0.06500
814.08894 -0.156041 -0.06762
814.18257 -0.154888 -0.07023
814.27621 -0.153688 -0.07281
814.36985 -0.152442 -0.07538
814.46349 -0.151148 -0.07793
814.55713 -0.149809 -0.08046
814.65076 -0.148424 -0.08297
814.74440 -0.146994 -0.08546
814.83804 -0.145518 -0.08792
814.93168 -0.143998 -0.09037
815.02532 -0.142433 -0.09279
815.11895 -0.140825 -0.09518
815.21259 -0.139173 -0.09755
815.30623 -0.137479 -0.09989
815.39987 -0.135741 -0.10221
815.49351 -0.133962 -0.10450
815.58714 -0.132141 -0.10676
815.68078 -0.130279 -0.10900
815.77442 -0.128376 -0.11120
815.86806 -0.126434 -0.11338
815.96170 -0.124451 -0.11552
816.05533 -0.122430 -0.11763
816.14897 -0.120370 -0.11971
816.24261 -0.118272 -0.12176
816.33625 -0.116137 -0.12377
816.42989 -0.113965 -0.12575
816.52352 -0.111757 -0.12770
816.61716 -0.109513 -0.12961
816.71080 -0.107234 -0.13149
816.80444 -0.104921 -0.13333
816.89808 -0.102575 -0.13513
816.99171 -0.100195 -0.13689
817.08535 -0.097783 -0.13862
817.17899 -0.095339 -0.14031
817.27263 -0.092864 -0.14196
817.36627 -0.090358 -0.14357
817.45991 -0.087823 -0.14514
817.55354 -0.085259 -0.14667
817.64718 -0.082667 -0.14816
817.74082 -0.080047 -0.14960
817.83446 -0.077401 -0.15101
817.92809 -0.074728 -0.15237
818.02173 -0.072030 -0.15369
818.11537 -0.069307 -0.15497
818.20901 -0.066561 -0.15620
818.30265 -0.063791 -0.15739
818.39629 -0.060999 -0.15854
818.48992 -0.058186 -0.15964
818.58356 -0.055352 -0.16069
818.67720 -0.052498 -0.16170
818.77084 -0.049625 -0.16266
818.86447 -0.046734 -0.16358
818.95811 -0.043825 -0.16445
819.05175 -0.040900 -0.16528
819.14539 -0.037958 -0.16605
819.23903 -0.035002 -0.16678
819.33267 -0.032032 -0.16746
819.42630 -0.029048 -0.16810
819.51994 -0.026052 -0.16869
819.61358 -0.023044 -0.16922
819.70722 -0.020025 -0.16971
819.80085 -0.016996 -0.17015
819.89449 -0.013959 -0.17055
819.98813 -0.010913 -0.17089
820.08177 -0.007860 -0.17118
820.17541 -0.004800 -0.17143
820.26905 -0.001734 -0.17162
820.36268 0.001336 -0.17177
820.45632 0.004410 -0.17187
820.54996 0.007487 -0.17191
820.64360 0.010566 -0.17191
820.73724 0.013646 -0.17186
820.83087 0.016727 -0.17176
820.92451 0.019807 -0.17161
821.01815 0.022886 -0.17141
821.11179 0.025962 -0.17116
821.20542 0.029036 -0.17086
821.29906 0.032105 -0.17051
821.39270 0.035169 -0.17011
821.48634 0.038228 -0.16966
821.57998 0.041280 -0.16916
821.67362 0.044324 -0.16861
821.76725 0.047360 -0.16802
821.86089 0.050387 -0.16737
821.95453 0.053403 -0.16668
822.04817 0.056409 -0.16594
822.14181 0.059402 -0.16514
822.23544 0.062383 -0.16431
822.32908 0.065350 -0.16342
822.42272 0.068303 -0.16248
822.51636 0.071240 -0.16150
822.61000 0.074161 -0.16047
822.70363 0.077066 -0.15939
822.79727 0.079952 -0.15827
822.89091 0.082820 -0.15710
822.98455 0.085668 -0.15588
823.07819 0.088496 -0.15462
823.17182 0.091303 -0.15331
823.26546 0.094088 -0.15196
823.35910 0.096850 -0.15056
823.45274 0.099588 -0.14912
823.54638 0.102302 -0.14763
823.64001 0.104991 -0.14610
823.73365 0.107654 -0.14452
823.82729 0.110291 -0.14291
823.92093 0.112900 -0.14125
824.01457 0.115480 -0.13955
824.10820 0.118032 -0.13781
824.20184 0.120554 -0.13602
824.29548 0.123046 -0.13420
824.38912 0.125506 -0.13234
824.48276 0.127935 -0.13043
824.57639 0.130331 -0.12849
824.67003 0.132693 -0.12651
824.76367 0.135022 -0.12449
824.85731 0.137316 -0.12243
824.95095 0.139575 -0.12034
825.04458 0.141797 -0.11821
825.13822 0.143983 -0.11605
825.23186 0.146132 -0.11385
825.32550 0.148243 -0.11162
825.41914 0.150315 -0.10935
825.51277 0.152349 -0.10705
825.60641 0.154342 -0.10471
825.70005 0.156295 -0.10235
825.79369 0.158208 -0.09995
825.88733 0.160078 -0.09753
825.98096 0.161907 -0.09507
826.07460 0.163693 -0.09259
826.16824 0.165436 -0.09007
826.26188 0.167136 -0.08753
826.35552 0.168791 -0.08496
826.44916 0.170402 -0.08237
826.54279 0.171968 -0.07975
826.63643 0.173488 -0.07710
826.73007 0.174963 -0.07443
826.82371 0.176391 -0.07174
826.91734 0.177772 -0.06903
827.01098 0.179105 -0.06629
827.10462 0.180392 -0.06353
827.19826 0.181630 -0.06076
827.29190 0.182819 -0.05796
827.38554 0.183960 -0.05514
827.47917 0.185052 -0.05231
827.57281 0.186094 -0.04946
827.66645 0.187087 -0.04660
827.76009 0.188029 -0.04371
827.85373 0.188922 -0.04082
827.94736 0.189763 -0.03791
828.04100 0.190554 -0.03499
828.13464 0.191293 -0.03205
828.22828 0.191982 -0.02911
828.32191 0.192618 -0.02615
828.41555 0.193203 -0.02319
828.50919 0.193736 -0.02021
828.60283 0.194217 -0.01723
828.69647 0.194645 -0.01424
828.79011 0.195021 -0.01125
828.88374 0.195345 -0.00825
828.97738 0.195616 -0.00524
829.07102 0.195834 -0.00224
829.16466 0.195999 0.00077
829.25829 0.196112 0.00379
829.35193 0.196171 0.00680
829.44557 0.196178 0.00981
829.53921 0.196131 0.01282
829.63285 0.196032 0.01583
829.72649 0.195879 0.01884
829.82012 0.195674 0.02184
829.91376 0.195416 0.02484
830.00740 0.195104 0.02784
830.10104 0.194741 0.03082
830.19467 0.194324 0.03381
830.28831 0.193855 0.03678
830.38195 0.193333 0.03974
830.47559 0.192759 0.04270
830.56923 0.192133 0.04564
830.66287 0.191455 0.04858
830.75650 0.190725 0.05150
830.85014 0.189943 0.05441
830.94378 0.189110 0.05730
831.03742 0.188225 0.06018
831.13105 0.187290 0.06305
831.22469 0.186304 0.06589
831.31833 0.185267 0.06873
831.41197 0.184181 0.07154
831.50561 0.183044 0.07433
831.59925 0.181858 0.07711
831.69288 0.180623 0.07986
831.78652 0.179339 0.08260
831.88016 0.178006 0.08531
831.97380 0.176625 0.08799
832.06744 0.175196 0.09066
832.16107 0.173720 0.09330
832.25471 0.172197 0.09592
832.34835 0.170627 0.09851
832.44199 0.169011 0.10107
832.53563 0.167350 0.10360
832.62926 0.165643 0.10611
832.72290 0.163892 0.10859
832.81654 0.162096 0.11104
832.91018 0.160257 0.11346
833.00382 0.158374 0.11585
833.09745 0.156449 0.11820
833.19109 0.154482 0.12053
833.28473 0.152473 0.12282
833.37837 0.150423 0.12507
833.47201 0.148332 0.12730
833.56564 0.146202 0.12948
833.65928 0.144032 0.13164
833.75292 0.141824 0.13375
833.84656 0.139578 0.13583
833.94020 0.137294 0.13787
834.03383 0.134974 0.13987
834.12747 0.132617 0.14184
834.22111 0.130225 0.14376
834.31475 0.127799 0.14565
834.40839 0.125338 0.14749
834.50202 0.122844 0.14930
834.59566 0.120317 0.15106
834.68930 0.117758 0.15278
834.78294 0.115169 0.15446
834.87658 0.112548 0.15609
834.97021 0.109898 0.15768
835.06385 0.107219 0.15923
835.15749 0.104512 0.16073
835.25113 0.101777 0.16219
835.34477 0.099015 0.16360
835.43840 0.096228 0.16497
835.53204 0.093416 0.16629
835.62568 0.090579 0.16757
835.71932 0.087719 0.16879
835.81296 0.084836 0.16998
835.90659 0.081931 0.17111
836.00023 0.079005 0.17219
836.09387 0.076059 0.17323
836.18751 0.073094 0.17422
836.28115 0.070110 0.17516
836.37478 0.067108 0.17605
836.46842 0.064090 0.17689
836.56206 0.061055 0.17768
836.65570 0.058006 0.17842
836.74934 0.054942 0.17911
836.84298 0.051865 0.17975
836.93661 0.048776 0.18034
837.03025 0.045675 0.18088
837.12389 0.042563 0.18137
837.21753 0.039441 0.18181
837.31116 0.036311 0.18220
837.40480 0.033172 0.18253
837.49844 0.030026 0.18282
837.59208 0.026874 0.18305
837.68572 0.023717 0.18323
837.77936 0.020555 0.18336
837.87299 0.017390 0.18344
837.96663 0.014222 0.18347
838.06027 0.011052 0.18344
838.15391 0.007882 0.18337
838.24754 0.004711 0.18324
838.34118 0.001542 0.18306
838.43482 -0.001626 0.18283
838.52846 -0.004791 0.18255
838.62210 -0.007952 0.18221
838.71573 -0.011109 0.18183
838.80937 -0.014260 0.18139
838.90301 -0.017405 0.18091
838.99665 -0.020543 0.18037
839.09029 -0.023672 0.17978
839.18393 -0.026792 0.17914
839.27756 -0.029903 0.17845
839.37120 -0.033002 0.17771
839.46484 -0.036090 0.17692
839.55848 -0.039166 0.17608
839.65211 -0.042227 0.17519
839.74575 -0.045275 0.17426
839.83939 -0.048307 0.17327
839.93303 -0.051323 0.17223
840.02667 -0.054323 0.17115
840.12031 -0.057304 0.17002
840.21394 -0.060267 0.16884
840.30758 -0.063211 0.16761
840.40122 -0.066134 0.16634
840.49486 -0.069036 0.16501
840.58849 -0.071916 0.16365
840.68213 -0.074773 0.16223
840.77577 -0.077607 0.16078
840.86941 -0.080417 0.15927
840.96305 -0.083201 0.15772
841.05669 -0.085959 0.15613
841.15032 -0.088691 0.15450
841.24396 -0.091394 0.15282
841.33760 -0.094070 0.15110
841.43124 -0.096717 0.14933
841.52488 -0.099334 0.14753
841.61851 -0.101920 0.14568
841.71215 -0.104475 0.14379
841.80579 -0.106998 0.14187
841.89943 -0.109489 0.13990
841.99307 -0.111946 0.13789
842.08670 -0.114369 0.13585
842.18034 -0.116757 0.13377
842.27398 -0.119109 0.13165
842.36762 -0.121426 0.12949
842.46126 -0.123706 0.12730
842.55489 -0.125949 0.12508
842.64853 -0.128153 0.12282
842.74217 -0.130319 0.12052
842.83581 -0.132446 0.11819
842.92945 -0.134532 0.11583
843.02308 -0.136579 0.11344
843.11672 -0.138584 0.11102
843.21036 -0.140548 0.10857
843.30400 -0.142470 0.10608
843.39764 -0.144349 0.10357
843.49127 -0.146185 0.10103
843.58491 -0.147978 0.09846
843.67855 -0.149726 0.09587
843.77219 -0.151430 0.09325
843.86583 -0.153088 0.09060
843.95946 -0.154701 0.08793
844.05310 -0.156268 0.08524
844.14674 -0.157789 0.08252
844.24038 -0.159263 0.07978
844.33402 -0.160689 0.07702
844.42765 -0.162068 0.07424
844.52129 -0.163399 0.07145
844.61493 -0.164682 0.06863
844.70857 -0.165916 0.06579
844.80221 -0.167101 0.06294
844.89584 -0.168237 0.06007
844.98948 -0.169323 0.05718
845.08312 -0.170359 0.05428
845.17676 -0.171345 0.05137
845.27040 -0.172280 0.04845
845.36403 -0.173165 0.04551
845.45767 -0.173999 0.04256
845.55131 -0.174782 0.03960
845.64495 -0.175514 0.03663
845.73859 -0.176194 0.03366
845.83222 -0.176822 0.03067
845.92586 -0.177399 0.02768
846.01950 -0.177924 0.02468
846.11314 -0.178396 0.02168
846.20678 -0.178817 0.01867
846.30042 -0.179185 0.01567
846.39405 -0.179501 0.01265
846.48769 -0.179765 0.00964
846.58133 -0.179976 0.00663
846.67497 -0.180135 0.00362
846.76860 -0.180241 0.00060
846.86224 -0.180295 -0.00241
846.95588 -0.180297 -0.00541
847.04952 -0.180246 -0.00841
847.14316 -0.180143 -0.01141
847.23680 -0.179988 -0.01440
847.33043 -0.179780 -0.01739
847.42407 -0.179521 -0.02037
847.51771 -0.179209 -0.02334
847.61135 -0.178846 -0.02630
847.70498 -0.178431 -0.02925
847.79862 -0.177964 -0.03219
847.89226 -0.177446 -0.03512
847.98590 -0.176877 -0.03803
848.07954 -0.176257 -0.04093
848.17318 -0.175587 -0.04382
848.26681 -0.174866 -0.04669
848.36045 -0.174094 -0.04955
848.45409 -0.173273 -0.05238
848.54773 -0.172402 -0.05521
848.64136 -0.171482 -0.05801
848.73500 -0.170512 -0.06079
848.82864 -0.169494 -0.06355
848.92228 -0.168428 -0.06629
849.01592 -0.167313 -0.06901
849.10956 -0.166151 -0.07171
849.20319 -0.164941 -0.07438
849.29683 -0.163685 -0.07703
849.39047 -0.162382 -0.07966
849.48411 -0.161033 -0.08226
849.57775 -0.159639 -0.08483
849.67138 -0.158199 -0.08737
849.76502 -0.156714 -0.08989
849.85866 -0.155186 -0.09238
849.95230 -0.153613 -0.09484
850.04593 -0.151998 -0.09726
850.13957 -0.150339 -0.09966
850.23321 -0.148639 -0.10203
850.32685 -0.146897 -0.10436
850.42049 -0.145114 -0.10666
850.51413 -0.143290 -0.10892
850.60776 -0.141426 -0.11116
850.70140 -0.139523 -0.11335
850.79504 -0.137581 -0.11551
850.88868 -0.135602 -0.11764
850.98231 -0.133584 -0.11973
851.07595 -0.131530 -0.12178
851.16959 -0.129440 -0.12379
851.26323 -0.127314 -0.12576
851.35687 -0.125153 -0.12770
851.45051 -0.122958 -0.12959
851.54414 -0.120729 -0.13145
851.63778 -0.118468 -0.13326
851.73142 -0.116174 -0.13503
851.82506 -0.113849 -0.13676
851.91870 -0.111494 -0.13845
852.01233 -0.109108 -0.14009
852.10597 -0.106693 -0.14169
852.19961 -0.104250 -0.14325
852.29325 -0.101779 -0.14476
852.38689 -0.099282 -0.14623
852.48052 -0.096758 -0.14765
852.57416 -0.094209 -0.14903
852.66780 -0.091635 -0.15036
852.76144 -0.089038 -0.15165
852.85508 -0.086417 -0.15288
852.94871 -0.083775 -0.15407
853.04235 -0.081111 -0.15522
853.13599 -0.078427 -0.15631
853.22963 -0.075723 -0.15736
853.32327 -0.073000 -0.15836
853.41690 -0.070259 -0.15931
853.51054 -0.067502 -0.16021
853.60418 -0.064728 -0.16106
853.69782 -0.061938 -0.16187
853.79146 -0.059134 -0.16262
853.88509 -0.056317 -0.16332
853.97873 -0.053486 -0.16398
854.07237 -0.050644 -0.16458
854.16601 -0.047790 -0.16513
854.25965 -0.044927 -0.16564
854.35328 -0.042054 -0.16609
854.44692 -0.039173 -0.16649
854.54056 -0.036284 -0.16684
854.63420 -0.033389 -0.16714
854.72784 -0.030488 -0.16739
854.82147 -0.027582 -0.16759
854.91511 -0.024672 -0.16773
855.00875 -0.021759 -0.16783
855.10239 -0.018844 -0.16787
855.19603 -0.015928 -0.16787
855.28966 -0.013012 -0.16781
855.38330 -0.010096 -0.16770
855.47694 -0.007181 -0.16754
855.57058 -0.004269 -0.16733
855.66422 -0.001360 -0.16707
855.75785 0.001545 -0.16676
855.85149 0.004445 -0.16640
855.94513 0.007339 -0.16598
856.03877 0.010226 -0.16552
856.13241 0.013105 -0.16501
856.22604 0.015976 -0.16444
856.31968 0.018837 -0.16383
856.41332 0.021688 -0.16317
856.50696 0.024528 -0.16246
856.60060 0.027356 -0.16170
856.69424 0.030170 -0.16089
856.78787 0.032971 -0.16003
856.88151 0.035758 -0.15912
856.97515 0.038529 -0.15817
857.06879 0.041283 -0.15717
857.16242 0.044020 -0.15612
857.25606 0.046739 -0.15502
857.34970 0.049440 -0.15388
857.44334 0.052120 -0.15269
857.53698 0.054780 -0.15146
857.63062 0.057419 -0.15018
857.72425 0.060036 -0.14885
857.81789 0.062629 -0.14748
857.91153 0.065199 -0.14607
858.00517 0.067744 -0.14461
858.09880 0.070264 -0.14311
858.19244 0.072759 -0.14157
858.28608 0.075226 -0.13999
858.37972 0.077666 -0.13836
858.47335 0.080077 -0.13669
858.56699 0.082459 -0.13498
858.66063 0.084811 -0.13323
858.75427 0.087133 -0.13145
858.84791 0.089424 -0.12962
858.94154 0.091683 -0.12775
859.03518 0.093909 -0.12585
859.12882 0.096102 -0.12391
859.22246 0.098262 -0.12193
859.31610 0.100386 -0.11992
859.40973 0.102475 -0.11787
859.50337 0.104529 -0.11579
859.59701 0.106546 -0.11367
859.69065 0.108526 -0.11152
859.78429 0.110468 -0.10934
859.87792 0.112372 -0.10713
859.97156 0.114237 -0.10488
860.06520 0.116062 -0.10260
860.15884 0.117848 -0.10030
860.25248 0.119593 -0.09796
860.34611 0.121297 -0.09560
860.43975 0.122960 -0.09321
860.53339 0.124580 -0.09079
860.62703 0.126158 -0.08835
860.72067 0.127693 -0.08588
860.81430 0.129185 -0.08339
860.90794 0.130632 -0.08087
861.00158 0.132035 -0.07833
861.09522 0.133394 -0.07577
861.18886 0.134707 -0.07318
861.28249 0.135975 -0.07058
861.37613 0.137196 -0.06796
861.46977 0.138372 -0.06531
861.56341 0.139501 -0.06265
861.65705 0.140583 -0.05998
861.75068 0.141617 -0.05728
861.84432 0.142604 -0.05457
861.93796 0.143543 -0.05185
862.03160 0.144433 -0.04911
862.12524 0.145276 -0.04636
862.21887 0.146069 -0.04360
862.31251 0.146814 -0.04083
862.40615 0.147510 -0.03804
862.49979 0.148156 -0.03525
862.59343 0.148753 -0.03245
862.68706 0.149300 -0.02964
862.78070 0.149797 -0.02682
862.87434 0.150244 -0.02400
862.96798 0.150641 -0.02118
863.06162 0.150988 -0.01835
863.15525 0.151285 -0.01551
863.24889 0.151531 -0.01268
863.34253 0.151727 -0.00984
863.43617 0.151872 -0.00700
863.52981 0.151967 -0.00417
863.62345 0.152012 -0.00133
863.71708 0.152005 0.00150
863.81072 0.151949 0.00433
863.90436 0.151842 0.00716
863.99800 0.151684 0.00998
864.09164 0.151477 0.01279
864.18527 0.151219 0.01560
864.27891 0.150911 0.01840
864.37255 0.150552 0.02120
864.46619 0.150144 0.02398
864.55983 0.149686 0.02675
864.65346 0.149179 0.02951
864.74710 0.148622 0.03226
864.84074 0.148016 0.03500
864.93438 0.147361 0.03772
865.02802 0.146657 0.04043
865.12165 0.145905 0.04312
865.21529 0.145104 0.04580
865.30893 0.144255 0.04846
865.40257 0.143358 0.05110
865.49621 0.142414 0.05372
865.58984 0.141423 0.05632
865.68348 0.140385 0.05891
865.77712 0.139301 0.06147
865.87076 0.138170 0.06401
865.96440 0.136994 0.06652
866.05803 0.135772 0.06901
866.15167 0.134506 0.07148
866.24531 0.133194 0.07392
866.33895 0.131839 0.07634
866.43259 0.130440 0.07873
866.52622 0.128998 0.08109
866.61986 0.127513 0.08342
866.71350 0.125986 0.08573
866.80714 0.124417 0.08800
866.90078 0.122807 0.09024
866.99441 0.121156 0.09245
867.08805 0.119465 0.09463
867.18169 0.117734 0.09678
867.27533 0.115964 0.09889
867.36897 0.114155 0.10097
867.46260 0.112309 0.10302
867.55624 0.110425 0.10503
867.64988 0.108505 0.10700
867.74352 0.106548 0.10894
867.83716 0.104556 0.11084
867.93079 0.102530 0.11270
868.02443 0.100469 0.11452
868.11807 0.098374 0.11630
868.21171 0.096247 0.11805
868.30535 0.094087 0.11975
868.39898 0.091896 0.12141
868.49262 0.089674 0.12304
868.58626 0.087423 0.12462
868.67990 0.085142 0.12615
868.77354 0.082832 0.12765
868.86717 0.080494 0.12910
868.96081 0.078130 0.13051
869.05445 0.075739 0.13187
869.14809 0.073322 0.13319
869.24173 0.070881 0.13446
869.33536 0.068416 0.13569
869.42900 0.065928 0.13687
869.52264 0.063417 0.13801
869.61628 0.060884 0.13909
869.70992 0.058331 0.14014
869.80355 0.055758 0.14113
869.89719 0.053166 0.14208
869.99083 0.050555 0.14297
870.08447 0.047927 0.14382
870.17811 0.045283 0.14463
870.27174 0.042623 0.14538
870.36538 0.039948 0.14608
870.45902 0.037258 0.14674
870.55266 0.034556 0.14734
870.64630 0.031841 0.14789
870.73993 0.029115 0.14840
870.83357 0.026379 0.14885
870.92721 0.023632 0.14926
871.02085 0.020877 0.14961
871.11449 0.018114 0.14991
871.20812 0.015344 0.15016
871.30176 0.012568 0.15036
871.39540 0.009787 0.15051
871.48904 0.007001 0.15061
871.58268 0.004212 0.15066
871.67631 0.001421 0.15066
871.76995 -0.001372 0.15060
871.86359 -0.004166 0.15050
871.95723 -0.006960 0.15034
872.05087 -0.009752 0.15014
872.14450 -0.012542 0.14988
872.23814 -0.015330 0.14957
872.33178 -0.018114 0.14921
872.42542 -0.020893 0.14880
872.51906 -0.023667 0.14834
872.61269 -0.026434 0.14782
872.70633 -0.029193 0.14726
872.79997 -0.031945 0.14665
872.89361 -0.034687 0.14599
872.98725 -0.037419 0.14528
873.08088 -0.040140 0.14451
873.17452 -0.042849 0.14370
873.26816 -0.045546 0.14284
873.36180 -0.048229 0.14193
873.45544 -0.050898 0.14098
873.54908 -0.053551 0.13997
873.64271 -0.056188 0.13892
873.73635 -0.058808 0.13781
873.82999 -0.061410 0.13666
873.92363 -0.063994 0.13547
874.01727 -0.066557 0.13423
874.11090 -0.069101 0.13294
874.20454 -0.071623 0.13160
874.29818 -0.074123 0.13022
874.39182 -0.076600 0.12879
874.48546 -0.079053 0.12732
874.57909 -0.081482 0.12581
874.67273 -0.083886 0.12425
874.76637 -0.086264 0.12265
874.86001 -0.088614 0.12101
874.95365 -0.090937 0.11932
875.04728 -0.093232 0.11759
875.14092 -0.095497 0.11582
875.23456 -0.097733 0.11401
875.32820 -0.099938 0.11216
875.42184 -0.102112 0.11027
875.51547 -0.104253 0.10835
875.60911 -0.106362 0.10638
875.70275 -0.108437 0.10437
875.79639 -0.110478 0.10233
875.89003 -0.112485 0.10025
875.98366 -0.114455 0.09814
876.07730 -0.116390 0.09599
876.17094 -0.118288 0.09381
876.26458 -0.120149 0.09159
876.35822 -0.121971 0.08934
876.45185 -0.123754 0.08706
876.54549 -0.125499 0.08475
876.63913 -0.127204 0.08240
876.73277 -0.128868 0.08002
876.82641 -0.130491 0.07762
876.92004 -0.132073 0.07519
877.01368 -0.133612 0.07272
877.10732 -0.135110 0.07024
877.20096 -0.136564 0.06772
877.29460 -0.137974 0.06518
877.38823 -0.139340 0.06261
877.48187 -0.140662 0.06002
877.57551 -0.141939 0.05741
877.66915 -0.143171 0.05478
877.76279 -0.144356 0.05212
877.85642 -0.145496 0.04944
877.95006 -0.146589 0.04675
878.04370 -0.147634 0.04403
878.13734 -0.148633 0.04129
878.23098 -0.149583 0.03854
878.32461 -0.150486 0.03578
878.41825 -0.151340 0.03299
878.51189 -0.152146 0.03019
878.60553 -0.152902 0.02738
878.69917 -0.153609 0.02456
878.79280 -0.154267 0.02172
878.88644 -0.154875 0.01887
878.98008 -0.155433 0.01601
879.07372 -0.155941 0.01315
879.16736 -0.156398 0.01027
879.26099 -0.156804 0.00739
879.35463 -0.157160 0.00450
879.44827 -0.157465 0.00160
879.54191 -0.157719 -0.00129
879.63555 -0.157922 -0.00420
879.72918 -0.158074 -0.00710
879.82282 -0.158174 -0.01001
879.91646 -0.158223 -0.01292
880.01010 -0.158220 -0.01583
880.10374 -0.158166 -0.01874
880.19737 -0.158060 -0.02164
880.29101 -0.157902 -0.02455
880.38465 -0.157694 -0.02745
880.47829 -0.157433 -0.03034
880.57193 -0.157121 -0.03323
880.66556 -0.156758 -0.03611
880.75920 -0.156344 -0.03899
880.85284 -0.155878 -0.04185
880.94648 -0.155361 -0.04471
881.04012 -0.154793 -0.04756
881.13375 -0.154174 -0.05039
881.22739 -0.153505 -0.05322
881.32103 -0.152785 -0.05603
881.41467 -0.152015 -0.05883
881.50831 -0.151194 -0.06161
881.60194 -0.150324 -0.06437
881.69558 -0.149404 -0.06712
881.78922 -0.148435 -0.06986
881.88286 -0.147416 -0.07257
881.97650 -0.146349 -0.07526
882.07013 -0.145233 -0.07794
882.16377 -0.144069 -0.08059
882.25741 -0.142857 -0.08322
882.35105 -0.141597 -0.08583
882.44469 -0.140291 -0.08842
882.53832 -0.138937 -0.09098
882.63196 -0.137537 -0.09351
882.72560 -0.136091 -0.09602
882.81924 -0.134599 -0.09850
882.91288 -0.133062 -0.10096
883.00651 -0.131481 -0.10338
883.10015 -0.129855 -0.10578
883.19379 -0.128186 -0.10814
883.28743 -0.126473 -0.11048
883.38107 -0.124717 -0.11278
883.47471 -0.122919 -0.11505
883.56834 -0.121080 -0.11729
883.66198 -0.119199 -0.11949
883.75562 -0.117278 -0.12166
883.84926 -0.115317 -0.12379
883.94290 -0.113316 -0.12589
884.03653 -0.111277 -0.12795
884.13017 -0.109199 -0.12997
884.22381 -0.107084 -0.13195
884.31745 -0.104931 -0.13390
884.41109 -0.102743 -0.13580
884.50472 -0.100518 -0.13767
884.59836 -0.098259 -0.13949
884.69200 -0.095966 -0.14127
884.78564 -0.093639 -0.14301
884.87928 -0.091279 -0.14471
884.97291 -0.088887 -0.14636
885.06655 -0.086463 -0.14797
885.16019 -0.084009 -0.14954
885.25383 -0.081524 -0.15106
885.34747 -0.079011 -0.15253
885.44110 -0.076469 -0.15396
885.53474 -0.073900 -0.15534
885.62838 -0.071304 -0.15668
885.72202 -0.068681 -0.15796
885.81566 -0.066034 -0.15920
885.90929 -0.063362 -0.16039
886.00293 -0.060666 -0.16153
886.09657 -0.057948 -0.16263
886.19021 -0.055207 -0.16367
886.28385 -0.052446 -0.16466
886.37748 -0.049664 -0.16560
886.47112 -0.046863 -0.16649
886.56476 -0.044043 -0.16733
886.65840 -0.041206 -0.16812
886.75204 -0.038352 -0.16886
886.84567 -0.035482 -0.16954
886.93931 -0.032597 -0.17017
887.03295 -0.029698 -0.17075
887.12659 -0.026786 -0.17128
887.22023 -0.023861 -0.17175
887.31386 -0.020926 -0.17217
887.40750 -0.017979 -0.17254
887.50114 -0.015023 -0.17285
887.59478 -0.012059 -0.17311
887.68842 -0.009086 -0.17332
887.78205 -0.006107 -0.17347
887.87569 -0.003122 -0.17356
887.96933 -0.000132 -0.17360
888.06297 0.002861 -0.17359
888.15661 0.005858 -0.17353
888.25024 0.008857 -0.17340
888.34388 0.011857 -0.17323
888.43752 0.014858 -0.17300
888.53116 0.017858 -0.17271
888.62480 0.020856 -0.17237
888.71843 0.023851 -0.17198
888.81207 0.026843 -0.17153
888.90571 0.029831 -0.17102
888.99935 0.032813 -0.17047
889.09299 0.035788 -0.16986
889.18662 0.038757 -0.16919
889.28026 0.041717 -0.16847
889.37390 0.044668 -0.16770
889.46754 0.047609 -0.16687
889.56118 0.050539 -0.16599
889.65481 0.053457 -0.16505
889.74845 0.056362 -0.16407
889.84209 0.059253 -0.16303
889.93573 0.062130 -0.16194
890.02937 0.064991 -0.16079
890.12300 0.067835 -0.15960
890.21664 0.070662 -0.15835
890.31028 0.073471 -0.15705
890.40392 0.076260 -0.15570
890.49756 0.079030 -0.15430
890.59119 0.081778 -0.15285
890.68483 0.084504 -0.15135
890.77847 0.087208 -0.14980
890.87211 0.089888 -0.14820
890.96575 0.092544 -0.14656
891.05938 0.095174 -0.14486
891.15302 0.097778 -0.14312
891.24666 0.100355 -0.14133
891.34030 0.102905 -0.13949
891.43394 0.105425 -0.13761
891.52757 0.107917 -0.13568
891.62121 0.110378 -0.13371
891.71485 0.112808 -0.13169
891.80849 0.115206 -0.12963
891.90213 0.117572 -0.12752
891.99576 0.119904 -0.12537
892.08940 0.122202 -0.12318
892.18304 0.124465 -0.12095
892.27668 0.126693 -0.11868
892.37032 0.128884 -0.11637
892.46395 0.131038 -0.11402
892.55759 0.133155 -0.11163
892.65123 0.135233 -0.10920
892.74487 0.137272 -0.10673
892.83851 0.139272 -0.10423
892.93214 0.141230 -0.10169
893.02578 0.143148 -0.09911
893.11942 0.145024 -0.09650
893.21306 0.146858 -0.09386
893.30670 0.148649 -0.09119
893.40034 0.150397 -0.08848
893.49397 0.152100 -0.08574
893.58761 0.153759 -0.08297
893.68125 0.155372 -0.08017
893.77489 0.156940 -0.07734
893.86853 0.158462 -0.07448
893.96216 0.159936 -0.07160
894.05580 0.161364 -0.06869
894.14944 0.162743 -0.06575
894.24308 0.164075 -0.06279
894.33672 0.165358 -0.05980
894.43035 0.166592 -0.05680
894.52399 0.167776 -0.05377
894.61763 0.168910 -0.05072
894.71127 0.169994 -0.04764
894.80491 0.171028 -0.04455
894.89854 0.172010 -0.04145
894.99218 0.172941 -0.03832
895.08582 0.173820 -0.03518
895.17946 0.174648 -0.03202
895.27310 0.175423 -0.02884
895.36673 0.176145 -0.02566
895.46037 0.176814 -0.02246
895.55401 0.177431 -0.01925
895.64765 0.177994 -0.01602
895.74129 0.178503 -0.01279
895.83492 0.178959 -0.00955
895.92856 0.179360 -0.00630
896.02220 0.179708 -0.00305
896.11584 0.180001 0.00021
896.20948 0.180240 0.00348
896.30311 0.180425 0.00675
896.39675 0.180555 0.01002
896.49039 0.180630 0.01330
896.58403 0.180651 0.01657
896.67767 0.180617 0.01985
896.77130 0.180528 0.02312
896.86494 0.180384 0.02640
896.95858 0.180185 0.02967
897.05222 0.179932 0.03293
897.14586 0.179624 0.03619
897.23949 0.179261 0.03945
897.33313 0.178844 0.04270
897.42677 0.178372 0.04594
897.52041 0.177845 0.04917
897.61405 0.177265 0.05239
897.70768 0.176630 0.05560
897.80132 0.175941 0.05879
897.89496 0.175199 0.06198
897.98860 0.174403 0.06515
898.08224 0.173553 0.06831
898.17587 0.172650 0.07145
898.26951 0.171695 0.07457
898.36315 0.170686 0.07767
898.45679 0.169626 0.08076
898.55043 0.168513 0.08383
898.64406 0.167349 0.08687
898.73770 0.166133 0.08990
898.83134 0.164865 0.09290
898.92498 0.163548 0.09588
899.01862 0.162179 0.09883
899.11225 0.160761 0.10176
899.20589 0.159293 0.10466
899.29953 0.157776 0.10754
899.39317 0.156211 0.11039
899.48681 0.154597 0.11321
899.58044 0.152935 0.11600
899.67408 0.151226 0.11875
899.76772 0.149470 0.12148
899.86136 0.147668 0.12417
899.95500 0.145820 0.12684
900.04863 0.143927 0.12946
900.14227 0.141990 0.13206
900.23591 0.140008 0.13461
900.32955 0.137982 0.13713
900.42319 0.135914 0.13962
900.51682 0.133804 0.14206
900.61046 0.131652 0.14447
900.70410 0.129458 0.14683
900.79774 0.127225 0.14916
900.89138 0.124951 0.15145
900.98501 0.122639 0.15369
901.07865 0.120289 0.15589
901.17229 0.117901 0.15805
901.26593 0.115475 0.16016
901.35957 0.113014 0.16223
901.45320 0.110518 0.16426
901.54684 0.107986 0.16624
901.64048 0.105421 0.16817
901.73412 0.102822 0.17005
901.82776 0.100192 0.17189
901.92139 0.097530 0.17368
902.01503 0.094836 0.17542
902.10867 0.092113 0.17711
902.20231 0.089361 0.17875
902.29595 0.086581 0.18035
902.38958 0.083773 0.18189
902.48322 0.080939 0.18337
902.57686 0.078079 0.18481
902.67050 0.075194 0.18619
902.76414 0.072285 0.18753
902.85777 0.069353 0.18880
902.95141 0.066399 0.19003
903.04505 0.063424 0.19120
903.13869 0.060428 0.19232
903.23233 0.057413 0.19338
903.32597 0.054379 0.19438
903.41960 0.051328 0.19533
903.51324 0.048260 0.19623
903.60688 0.045176 0.19707
903.70052 0.042077 0.19785
903.79416 0.038965 0.19857
903.88779 0.035840 0.19924
903.98143 0.032703 0.19985
904.07507 0.029555 0.20041
904.16871 0.026397 0.20090
904.26235 0.023230 0.20134
904.35598 0.020055 0.20172
904.44962 0.016873 0.20205
904.54326 0.013685 0.20231
904.63690 0.010491 0.20252
904.73054 0.007294 0.20267
904.82417 0.004094 0.20275
904.91781 0.000891 0.20279
905.01145 -0.002313 0.20276
905.10509 -0.005517 0.20267
905.19873 -0.008720 0.20253
905.29236 -0.011921 0.20232
905.38600 -0.015119 0.20206
905.47964 -0.018314 0.20174
905.57328 -0.021504 0.20136
905.66692 -0.024688 0.20093
905.76055 -0.027864 0.20043
905.85419 -0.031034 0.19988
905.94783 -0.034195 0.19927
906.04147 -0.037346 0.19860
906.13511 -0.040486 0.19787
906.22874 -0.043614 0.19709
906.32238 -0.046730 0.19625
906.41602 -0.049833 0.19535
906.50966 -0.052920 0.19439
906.60330 -0.055992 0.19338
906.69693 -0.059048 0.19232
906.79057 -0.062086 0.19119
906.88421 -0.065106 0.19002
906.97785 -0.068106 0.18878
907.07149 -0.071087 0.18749
907.16512 -0.074045 0.18615
907.25876 -0.076982 0.18476
907.35240 -0.079896 0.18331
907.44604 -0.082786 0.18180
907.53968 -0.085651 0.18025
907.63331 -0.088490 0.17864
907.72695 -0.091303 0.17698
907.82059 -0.094088 0.17527
907.91423 -0.096845 0.17350
908.00787 -0.099572 0.17169
908.10150 -0.102270 0.16983
908.19514 -0.104936 0.16792
908.28878 -0.107571 0.16596
908.38242 -0.110173 0.16395
908.47606 -0.112742 0.16189
908.56969 -0.115276 0.15979
908.66333 -0.117776 0.15764
908.75697 -0.120240 0.15545
908.85061 -0.122667 0.15321
908.94425 -0.125057 0.15093
909.03788 -0.127408 0.14860
909.13152 -0.129721 0.14623
909.22516 -0.131995 0.14382
909.31880 -0.134228 0.14136
909.41244 -0.136421 0.13887
909.50607 -0.138571 0.13634
909.59971 -0.140679 0.13376
909.69335 -0.142745 0.13115
909.78699 -0.144767 0.12850
909.88063 -0.146744 0.12582
909.97426 -0.148677 0.12309
910.06790 -0.150564 0.12034
910.16154 -0.152405 0.11755
910.25518 -0.154200 0.11472
910.34882 -0.155947 0.11186
910.44245 -0.157647 0.10898
910.53609 -0.159298 0.10606
910.62973 -0.160901 0.10310
910.72337 -0.162454 0.10013
910.81701 -0.163957 0.09712
910.91064 -0.165410 0.09408
911.00428 -0.166812 0.09102
911.09792 -0.168164 0.08794
911.19156 -0.169463 0.08483
911.28520 -0.170711 0.08169
911.37883 -0.171906 0.07854
911.47247 -0.173049 0.07536
911.56611 -0.174138 0.07216
911.65975 -0.175174 0.06894
911.75339 -0.176156 0.06570
911.84702 -0.177084 0.06245
911.94066 -0.177957 0.05917
912.03430 -0.178776 0.05589
912.12794 -0.179540 0.05258
912.22158 -0.180249 0.04927
912.31521 -0.180903 0.04594
912.40885 -0.181500 0.04260
912.50249 -0.182043 0.03925
912.59613 -0.182529 0.03589
912.68977 -0.182959 0.03252
912.78340 -0.183332 0.02914
912.87704 -0.183650 0.02576
912.97068 -0.183911 0.02237
913.06432 -0.184115 0.01898
913.15796 -0.184263 0.01558
913.25160 -0.184355 0.01218
913.34523 -0.184389 0.00878
913.43887 -0.184367 0.00538
913.53251 -0.184289 0.00198
913.62615 -0.184153 -0.00141
913.71979 -0.183961 -0.00481
913.81342 -0.183713 -0.00820
913.90706 -0.183408 -0.01159
914.00070 -0.183047 -0.01497
914.09434 -0.182630 -0.01834
914.18798 -0.182156 -0.02170
914.28161 -0.181627 -0.02506
914.37525 -0.181041 -0.02841
914.46889 -0.180401 -0.03174
914.56253 -0.179705 -0.03506
914.65617 -0.178953 -0.03837
914.74980 -0.178147 -0.04167
914.84344 -0.177287 -0.04495
914.93708 -0.176371 -0.04821
915.03072 -0.175402 -0.05146
915.12436 -0.174379 -0.05469
915.21799 -0.173303 -0.05790
915.31163 -0.172174 -0.06109
915.40527 -0.170992 -0.06425
915.49891 -0.169757 -0.06740
915.59255 -0.168471 -0.07052
915.68618 -0.167133 -0.07362
915.77982 -0.165744 -0.07669
915.87346 -0.164304 -0.07974
915.96710 -0.162814 -0.08276
916.06074 -0.161275 -0.08575
916.15437 -0.159686 -0.08872
916.24801 -0.158049 -0.09165
916.34165 -0.156363 -0.09456
916.43529 -0.154630 -0.09743
916.52893 -0.152850 -0.10027
916.62256 -0.151023 -0.10308
916.71620 -0.149151 -0.10585
916.80984 -0.147233 -0.10859
916.90348 -0.145270 -0.11129
916.99712 -0.143263 -0.11396
917.09075 -0.141213 -0.11659
917.18439 -0.139120 -0.11918
917.27803 -0.136985 -0.12173
917.37167 -0.134809 -0.12424
917.46531 -0.132592 -0.12671
917.55894 -0.130335 -0.12914
917.65258 -0.128039 -0.13153
917.74622 -0.125704 -0.13388
917.83986 -0.123332 -0.13618
917.93350 -0.120922 -0.13844
918.02713 -0.118477 -0.14065
918.12077 -0.115995 -0.14282
918.21441 -0.113480 -0.14494
918.30805 -0.110930 -0.14701
918.40169 -0.108347 -0.14904
918.49532 -0.105733 -0.15102
918.58896 -0.103087 -0.15295
918.68260 -0.100410 -0.15483
918.77624 -0.097704 -0.15666
918.86988 -0.094969 -0.15845
918.96351 -0.092206 -0.16018
919.05715 -0.089417 -0.16186
919.15079 -0.086601 -0.16348
919.24443 -0.083760 -0.16506
919.33807 -0.080895 -0.16658
919.43170 -0.078006 -0.16805
919.52534 -0.075095 -0.16947
919.61898 -0.072163 -0.17083
919.71262 -0.069210 -0.17214
919.80626 -0.066238 -0.17339
919.89989 -0.063247 -0.17459
919.99353 -0.060238 -0.17573
920.08717 -0.057213 -0.17681
920.18081 -0.054172 -0.17784
920.27445 -0.051116 -0.17882
920.36808 -0.048047 -0.17973
920.46172 -0.044965 -0.18059
920.55536 -0.041871 -0.18139
920.64900 -0.038766 -0.18214
920.74264 -0.035652 -0.18282
920.83627 -0.032529 -0.18345
920.92991 -0.029399 -0.18402
921.02355 -0.026261 -0.18453
921.11719 -0.023118 -0.18499
921.21083 -0.019970 -0.18538
921.30446 -0.016819 -0.18572
921.39810 -0.013665 -0.18600
921.49174 -0.010510 -0.18622
921.58538 -0.007353 -0.18638
921.67902 -0.004198 -0.18648
921.77265 -0.001044 -0.18653
921.86629 0.002108 -0.18651
921.95993 0.005257 -0.18644
922.05357 0.008401 -0.18631
922.14721 0.011539 -0.18612
922.24084 0.014670 -0.18587
922.33448 0.017795 -0.18556
922.42812 0.020910 -0.18520
922.52176 0.024016 -0.18477
922.61540 0.027112 -0.18429
922.70903 0.030196 -0.18375
922.80267 0.033267 -0.18316
922.89631 0.036325 -0.18250
922.98995 0.039368 -0.18179
923.08359 0.042396 -0.18103
923.17723 0.045407 -0.18020
923.27086 0.048401 -0.17932
923.36450 0.051376 -0.17839
923.45814 0.054332 -0.17740
923.55178 0.057267 -0.17635
923.64542 0.060181 -0.17525
923.73905 0.063073 -0.17410
923.83269 0.065941 -0.17289
923.92633 0.068786 -0.17163
924.01997 0.071605 -0.17032
924.11361 0.074399 -0.16895
924.20724 0.077165 -0.16753
924.30088 0.079904 -0.16606
924.39452 0.082614 -0.16454
924.48816 0.085295 -0.16296
924.58180 0.087945 -0.16134
924.67543 0.090563 -0.15967
924.76907 0.093150 -0.15795
924.86271 0.095704 -0.15618
924.95635 0.098224 -0.15436
925.04999 0.100710 -0.15250
925.14362 0.103160 -0.15059
925.23726 0.105574 -0.14864
925.33090 0.107951 -0.14663
925.42454 0.110290 -0.14459
925.51818 0.112591 -0.14250
925.61181 0.114852 -0.14037
925.70545 0.117074 -0.13820
925.79909 0.119255 -0.13598
925.89273 0.121395 -0.13372
925.98637 0.123492 -0.13143
926.08000 0.125547 -0.12909
926.17364 0.127558 -0.12672
926.26728 0.129525 -0.12431
926.36092 0.131448 -0.12186
926.45456 0.133326 -0.11938
926.54819 0.135157 -0.11686
926.64183 0.136942 -0.11430
926.73547 0.138680 -0.11172
926.82911 0.140370 -0.10910
926.92275 0.142012 -0.10645
927.01638 0.143605 -0.10376
927.11002 0.145150 -0.10105
927.20366 0.146644 -0.09831
927.29730 0.148088 -0.09554
927.39094 0.149482 -0.09275
927.48457 0.150825 -0.08993
927.57821 0.152116 -0.08708
927.67185 0.153355 -0.08421
927.76549 0.154542 -0.08132
927.85913 0.155676 -0.07840
927.95276 0.156757 -0.07546
928.04640 0.157785 -0.07250
928.14004 0.158759 -0.06953
928.23368 0.159679 -0.06653
928.32732 0.160545 -0.06352
928.42095 0.161356 -0.06049
928.51459 0.162113 -0.05744
928.60823 0.162814 -0.05439
928.70187 0.163460 -0.05131
928.79551 0.164051 -0.04823
928.88914 0.164585 -0.04513
928.98278 0.165065 -0.04203
929.07642 0.165488 -0.03891
929.17006 0.165855 -0.03579
929.26370 0.166166 -0.03266
929.35733 0.166421 -0.02953
929.45097 0.166619 -0.02639
929.54461 0.166761 -0.02324
929.63825 0.166847 -0.02010
929.73189 0.166876 -0.01695
929.82552 0.166849 -0.01380
929.91916 0.166765 -0.01065
930.01280 0.166626 -0.00750
930.10644 0.166429 -0.00436
930.20008 0.166177 -0.00122
930.29371 0.165869 0.00192
930.38735 0.165505 0.00505
930.48099 0.165085 0.00817
930.57463 0.164609 0.01129
930.66827 0.164078 0.01440
930.76190 0.163491 0.01749
930.85554 0.162850 0.02058
930.94918 0.162154 0.02365
931.04282 0.161403 0.02672
931.13646 0.160598 0.02976
931.23009 0.159739 0.03279
931.32373 0.158826 0.03581
931.41737 0.157860 0.03881
931.51101 0.156840 0.04179
931.60465 0.155768 0.04475
931.69828 0.154644 0.04770
931.79192 0.153468 0.05062
931.88556 0.152241 0.05352
931.97920 0.150962 0.05639
932.07284 0.149633 0.05924
932.16647 0.148254 0.06207
932.26011 0.146825 0.06487
932.35375 0.145347 0.06765
932.44739 0.143820 0.07039
932.54103 0.142245 0.07311
932.63466 0.140623 0.07580
932.72830 0.138953 0.07846
932.82194 0.137238 0.08108
932.91558 0.135476 0.08368
933.00922 0.133669 0.08624
933.10286 0.131818 0.08877
933.19649 0.129923 0.09126
933.29013 0.127984 0.09371
933.38377 0.126003 0.09613
933.47741 0.123980 0.09852
933.57105 0.121916 0.10086
933.66468 0.119812 0.10317
933.75832 0.117667 0.10543
933.85196 0.115484 0.10766
933.94560 0.113262 0.10984
934.03924 0.111003 0.11198
934.13287 0.108707 0.11408
934.22651 0.106376 0.11614
934.32015 0.104009 0.11815
934.41379 0.101608 0.12012
934.50743 0.099173 0.12204
934.60106 0.096707 0.12392
934.69470 0.094208 0.12575
934.78834 0.091678 0.12753
934.88198 0.089118 0.12926
934.97562 0.086529 0.13095
935.06925 0.083913 0.13259
935.16289 0.081268 0.13417
935.25653 0.078598 0.13571
935.35017 0.075902 0.13720
935.44381 0.073181 0.13863
935.53744 0.070437 0.14002
935.63108 0.067670 0.14135
935.72472 0.064881 0.14263
935.81836 0.062072 0.14385
935.91200 0.059243 0.14503
936.00563 0.056396 0.14615
936.09927 0.053530 0.14721
936.19291 0.050648 0.14822
936.28655 0.047750 0.14918
936.38019 0.044838 0.15008
936.47382 0.041911 0.15093
936.56746 0.038972 0.15171
936.66110 0.036021 0.15245
936.75474 0.033060 0.15313
936.84838 0.030089 0.15375
936.94201 0.027109 0.15431
937.03565 0.024122 0.15482
937.12929 0.021128 0.15527
937.22293 0.018129 0.15566
937.31657 0.015125 0.15600
937.41020 0.012118 0.15628
937.50384 0.009109 0.15650
937.59748 0.006098 0.15666
937.69112 0.003087 0.15677
937.78476 0.000077 0.15682
937.87839 -0.002931 0.15681
937.97203 -0.005936 0.15674
938.06567 -0.008938 0.15662
938.15931 -0.011934 0.15644
938.25295 -0.014924 0.15620
938.34658 -0.017907 0.15590
938.44022 -0.020882 0.15555
938.53386 -0.023848 0.15514
938.62750 -0.026803 0.15467
938.72114 -0.029748 0.15414
938.81477 -0.032679 0.15356
938.90841 -0.035598 0.15293
939.00205 -0.038502 0.15223
939.09569 -0.041391 0.15148
939.18933 -0.044263 0.15068
939.28296 -0.047118 0.14981
939.37660 -0.049955 0.14890
939.47024 -0.052772 0.14793
939.56388 -0.055568 0.14690
939.65752 -0.058344 0.14582
939.75115 -0.061096 0.14469
939.84479 -0.063826 0.14350
939.93843 -0.066531 0.14226
940.03207 -0.069211 0.14097
940.12571 -0.071865 0.13963
940.21934 -0.074491 0.13823
940.31298 -0.077089 0.13678
940.40662 -0.079658 0.13529
940.50026 -0.082198 0.13374
940.59390 -0.084706 0.13214
940.68753 -0.087183 0.13050
940.78117 -0.089627 0.12880
940.87481 -0.092038 0.12706
940.96845 -0.094414 0.12527
941.06209 -0.096755 0.12344
941.15572 -0.099060 0.12156
941.24936 -0.101328 0.11963
941.34300 -0.103559 0.11766
941.43664 -0.105751 0.11564
941.53028 -0.107903 0.11358
941.62391 -0.110016 0.11148
941.71755 -0.112088 0.10934
941.81119 -0.114118 0.10716
941.90483 -0.116106 0.10493
941.99847 -0.118051 0.10267
942.09210 -0.119952 0.10037
942.18574 -0.121809 0.09803
942.27938 -0.123621 0.09565
942.37302 -0.125387 0.09324
942.46666 -0.127107 0.09079
942.56029 -0.128779 0.08831
942.65393 -0.130404 0.08579
942.74757 -0.131981 0.08324
942.84121 -0.133509 0.08066
942.93485 -0.134988 0.07805
943.02849 -0.136417 0.07541
943.12212 -0.137795 0.07274
943.21576 -0.139122 0.07004
943.30940 -0.140398 0.06731
943.40304 -0.141622 0.06456
943.49668 -0.142793 0.06178
943.59031 -0.143912 0.05898
943.68395 -0.144977 0.05615
943.77759 -0.145989 0.05330
943.87123 -0.146947 0.05043
943.96487 -0.147850 0.04754
944.05850 -0.148698 0.04463
944.15214 -0.149492 0.04171
944.24578 -0.150230 0.03876
944.33942 -0.150912 0.03580
944.43306 -0.151538 0.03283
944.52669 -0.152108 0.02984
944.62033 -0.152622 0.02683
944.71397 -0.153079 0.02382
944.80761 -0.153479 0.02079
944.90125 -0.153821 0.01775
944.99488 -0.154107 0.01471
945.08852 -0.154335 0.01166
945.18216 -0.154506 0.00860
945.27580 -0.154619 0.00553
945.36944 -0.154675 0.00246
945.46307 -0.154673 -0.00061
945.55671 -0.154613 -0.00368
945.65035 -0.154495 -0.00676
945.74399 -0.154320 -0.00984
945.83763 -0.154086 -0.01291
945.93126 -0.153796 -0.01598
946.02490 -0.153447 -0.01905
946.11854 -0.153041 -0.02212
946.21218 -0.152577 -0.02518
946.30582 -0.152056 -0.02823
946.39945 -0.151478 -0.03128
946.49309 -0.150843 -0.03432
946.58673 -0.150151 -0.03734
946.68037 -0.149403 -0.04036
946.77401 -0.148598 -0.04337
946.86764 -0.147737 -0.04636
946.96128 -0.146820 -0.04934
947.05492 -0.145847 -0.05230
947.14856 -0.144819 -0.05525
947.24220 -0.143736 -0.05818
947.33583 -0.142599 -0.06109
947.42947 -0.141407 -0.06398
947.52311 -0.140161 -0.06685
947.61675 -0.138861 -0.06970
947.71039 -0.137509 -0.07253
947.80402 -0.136104 -0.07533
947.89766 -0.134647 -0.07811
947.99130 -0.133138 -0.08086
948.08494 -0.131578 -0.08359
948.17858 -0.129967 -0.08629
948.27221 -0.128306 -0.08896
948.36585 -0.126595 -0.09161
948.45949 -0.124835 -0.09422
948.55313 -0.123027 -0.09680
948.64677 -0.121171 -0.09935
948.74040 -0.119268 -0.10186
948.83404 -0.117318 -0.10434
948.92768 -0.115322 -0.10679
949.02132 -0.113281 -0.10920
949.11496 -0.111195 -0.11157
949.20859 -0.109065 -0.11390
949.30223 -0.106892 -0.11620
949.39587 -0.104677 -0.11846
949.48951 -0.102419 -0.12067
949.58315 -0.100121 -0.12285
949.67678 -0.097783 -0.12498
949.77042 -0.095406 -0.12707
949.86406 -0.092990 -0.12912
949.95770 -0.090536 -0.13112
950.05134 -0.088045 -0.13308
950.14497 -0.085519 -0.13499
950.23861 -0.082957 -0.13686
950.33225 -0.080360 -0.13868
950.42589 -0.077731 -0.14045
950.51953 -0.075069 -0.14217
950.61316 -0.072375 -0.14384
950.70680 -0.069651 -0.14546
950.80044 -0.066897 -0.14704
950.89408 -0.064114 -0.14856
950.98772 -0.061303 -0.15003
951.08135 -0.058466 -0.15144
951.17499 -0.055603 -0.15281
951.26863 -0.052715 -0.15412
951.36227 -0.049803 -0.15538
951.45591 -0.046868 -0.15658
951.54954 -0.043912 -0.15773
951.64318 -0.040935 -0.15882
951.73682 -0.037938 -0.15986
951.83046 -0.034922 -0.16084
951.92410 -0.031889 -0.16176
952.01773 -0.028839 -0.16263
952.11137 -0.025774 -0.16344
952.20501 -0.022694 -0.16419
952.29865 -0.019601 -0.16489
952.39229 -0.016496 -0.16552
952.48592 -0.013380 -0.16610
952.57956 -0.010253 -0.16662
952.67320 -0.007118 -0.16708
952.76684 -0.003975 -0.16748
952.86048 -0.000825 -0.16782
952.95412 0.002331 -0.16810
953.04775 0.005491 -0.16832
953.14139 0.008654 -0.16848
953.23503 0.011820 -0.16858
953.32867 0.014986 -0.16862
953.42231 0.018153 -0.16860
953.51594 0.021318 -0.16852
953.60958 0.024482 -0.16837
953.70322 0.027641 -0.16817
953.79686 0.030797 -0.16791
953.89050 0.033946 -0.16759
953.98413 0.037089 -0.16721
954.07777 0.040224 -0.16676
954.17141 0.043349 -0.16626
954.26505 0.046465 -0.16569
954.35869 0.049569 -0.16507
954.45232 0.052661 -0.16439
954.54596 0.055739 -0.16364
954.63960 0.058803 -0.16284
954.73324 0.061850 -0.16198
954.82688 0.064881 -0.16106
954.92051 0.067894 -0.16008
955.01415 0.070888 -0.15904
955.10779 0.073861 -0.15794
955.20143 0.076814 -0.15679
955.29507 0.079744 -0.15557
955.38870 0.082650 -0.15430
955.48234 0.085532 -0.15298
955.57598 0.088389 -0.15159
955.66962 0.091219 -0.15016
955.76326 0.094021 -0.14866
955.85689 0.096794 -0.14711
955.95053 0.099538 -0.14551
956.04417 0.102251 -0.14385
956.13781 0.104933 -0.14214
956.23145 0.107581 -0.14037
956.32508 0.110196 -0.13856
956.41872 0.112776 -0.13669
956.51236 0.115321 -0.13477
956.60600 0.117829 -0.13279
956.69964 0.120299 -0.13077
956.79327 0.122731 -0.12870
956.88691 0.125123 -0.12658
956.98055 0.127476 -0.12441
957.07419 0.129786 -0.12220
957.16783 0.132055 -0.11994
957.26146 0.134281 -0.11763
957.35510 0.136463 -0.11528
957.44874 0.138600 -0.11288
957.54238 0.140692 -0.11044
957.63602 0.142738 -0.10795
957.72965 0.144736 -0.10543
957.82329 0.146687 -0.10286
957.91693 0.148589 -0.10025
958.01057 0.150441 -0.09760
958.10421 0.152244 -0.09492
958.19784 0.153995 -0.09220
958.29148 0.155696 -0.08944
958.38512 0.157344 -0.08664
958.47876 0.158939 -0.08381
958.57240 0.160480 -0.08095
958.66603 0.161968 -0.07805
958.75967 0.163400 -0.07512
958.85331 0.164778 -0.07216
958.94695 0.166099 -0.06917
959.04059 0.167364 -0.06615
959.13422 0.168572 -0.06310
959.22786 0.169723 -0.06002
959.32150 0.170815 -0.05692
959.41514 0.171849 -0.05380
959.50878 0.172825 -0.05065
959.60241 0.173740 -0.04748
959.69605 0.174596 -0.04428
959.78969 0.175392 -0.04107
959.88333 0.176127 -0.03783
959.97697 0.176802 -0.03458
960.07060 0.177415 -0.03131
960.16424 0.177966 -0.02803
960.25788 0.178456 -0.02473
960.35152 0.178884 -0.02141
960.44516 0.179249 -0.01808
960.53879 0.179551 -0.01475
960.63243 0.179791 -0.01140
960.72607 0.179968 -0.00804
960.81971 0.180082 -0.00467
960.91335 0.180132 -0.00130
961.00698 0.180119 0.00208
961.10062 0.180043 0.00547
961.19426 0.179903 0.00885
961.28790 0.179699 0.01224
961.38154 0.179432 0.01563
961.47517 0.179101 0.01902
961.56881 0.178707 0.02241
961.66245 0.178248 0.02580
961.75609 0.177727 0.02918
961.84973 0.177141 0.03256
961.94336 0.176493 0.03594
962.03700 0.175781 0.03930
962.13064 0.175006 0.04266
962.22428 0.174169 0.04600
962.31792 0.173268 0.04934
962.41155 0.172305 0.05267
962.50519 0.171280 0.05598
962.59883 0.170193 0.05927
962.69247 0.169044 0.06256
962.78611 0.167833 0.06582
962.87975 0.166562 0.06907
962.97338 0.165230 0.07230
963.06702 0.163837 0.07551
963.16066 0.162384 0.07869
963.25430 0.160872 0.08186
963.34794 0.159301 0.08500
963.44157 0.157671 0.08812
963.53521 0.155983 0.09121
963.62885 0.154237 0.09427
963.72249 0.152434 0.09731
963.81613 0.150574 0.10032
963.90976 0.148658 0.10330
964.00340 0.146687 0.10624
964.09704 0.144661 0.10916
964.19068 0.142580 0.11204
964.28432 0.140446 0.11488
964.37795 0.138259 0.11770
964.47159 0.136020 0.12047
964.56523 0.133728 0.12321
964.65887 0.131386 0.12591
964.75251 0.128994 0.12857
964.84614 0.126553 0.13119
964.93978 0.124062 0.13377
965.03342 0.121524 0.13630
965.12706 0.118939 0.13880
965.22070 0.116308 0.14125
965.31433 0.113631 0.14365
965.40797 0.110910 0.14601
965.50161 0.108145 0.14832
965.59525 0.105338 0.15059
965.68889 0.102488 0.15280
965.78252 0.099599 0.15497
965.87616 0.096668 0.15709
965.96980 0.093699 0.15915
966.06344 0.090692 0.16117
966.15708 0.087647 0.16313
966.25071 0.084567 0.16504
966.34435 0.081452 0.16689
966.43799 0.078303 0.16869
966.53163 0.075120 0.17044
966.62527 0.071906 0.17213
966.71890 0.068662 0.17376
966.81254 0.065387 0.17534
966.90618 0.062083 0.17686
966.99982 0.058752 0.17832
967.09346 0.055395 0.17972
967.18709 0.052012 0.18106
967.28073 0.048605 0.18234
967.37437 0.045175 0.18357
967.46801 0.041723 0.18473
967.56165 0.038251 0.18582
967.65528 0.034759 0.18686
967.74892 0.031248 0.18784
967.84256 0.027721 0.18875
967.93620 0.024177 0.18960
968.02984 0.020619 0.19038
968.12347 0.017047 0.19111
968.21711 0.013463 0.19176
968.31075 0.009867 0.19236
968.40439 0.006262 0.19289
968.49803 0.002647 0.19335
968.59166 -0.000974 0.19375
968.68530 -0.004601 0.19408
968.77894 -0.008234 0.19435
968.87258 -0.011870 0.19455
968.96622 -0.015509 0.19469
969.05985 -0.019149 0.19476
969.15349 -0.022789 0.19477
969.24713 -0.026427 0.19470
969.34077 -0.030063 0.19458
969.43441 -0.033695 0.19438
969.52804 -0.037322 0.19412
969.62168 -0.040942 0.19380
969.71532 -0.044555 0.19341
969.80896 -0.048159 0.19295
969.90260 -0.051753 0.19243
969.99623 -0.055335 0.19184
970.08987 -0.058905 0.19118
970.18351 -0.062461 0.19046
970.27715 -0.066002 0.18968
970.37079 -0.069526 0.18883
970.46442 -0.073033 0.18791
970.55806 -0.076520 0.18693
970.65170 -0.079988 0.18589
970.74534 -0.083435 0.18478
970.83898 -0.086858 0.18361
970.93261 -0.090258 0.18237
971.02625 -0.093633 0.18108
971.11989 -0.096982 0.17972
971.21353 -0.100304 0.17829
971.30717 -0.103597 0.17681
971.40080 -0.106860 0.17527
971.49444 -0.110092 0.17366
971.58808 -0.113292 0.17199
971.68172 -0.116460 0.17027
971.77536 -0.119593 0.16849
971.86899 -0.122690 0.16664
971.96263 -0.125751 0.16474
972.05627 -0.128774 0.16279
972.14991 -0.131758 0.16077
972.24355 -0.134703 0.15870
972.33718 -0.137606 0.15658
972.43082 -0.140468 0.15440
972.52446 -0.143287 0.15216
972.61810 -0.146062 0.14987
972.71174 -0.148792 0.14754
972.80538 -0.151475 0.14514
972.89901 -0.154112 0.14270
972.99265 -0.156701 0.14021
973.08629 -0.159241 0.13767
973.17993 -0.161731 0.13508
973.27357 -0.164170 0.13245
973.36720 -0.166557 0.12976
973.46084 -0.168892 0.12703
973.55448 -0.171174 0.12426
973.64812 -0.173401 0.12144
973.74176 -0.175574 0.11858
973.83539 -0.177690 0.11568
973.92903 -0.179749 0.11274
974.02267 -0.181752 0.10976
974.11631 -0.183696 0.10674
974.20995 -0.185580 0.10368
974.30358 -0.187406 0.10058
974.39722 -0.189170 0.09745
974.49086 -0.190874 0.09429
974.58450 -0.192516 0.09109
974.67814 -0.194096 0.08786
974.77177 -0.195613 0.08460
974.86541 -0.197066 0.08130
974.95905 -0.198455 0.07798
975.05269 -0.199780 0.07463
975.14633 -0.201039 0.07126
975.23996 -0.202233 0.06785
975.33360 -0.203360 0.06443
975.42724 -0.204421 0.06098
975.52088 -0.205415 0.05751
975.61452 -0.206341 0.05402
975.70815 -0.207200 0.05050
975.80179 -0.207990 0.04697
975.89543 -0.208712 0.04343
975.98907 -0.209365 0.03987
976.08271 -0.209948 0.03629
976.17634 -0.210462 0.03270
976.26998 -0.210907 0.02910
976.36362 -0.211282 0.02548
976.45726 -0.211586 0.02186
976.55090 -0.211821 0.01823
976.64453 -0.211985 0.01459
976.73817 -0.212078 0.01095
976.83181 -0.212101 0.00730
976.92545 -0.212053 0.00365
977.01909 -0.211935 -0.00000
977.11272 -0.211745 -0.00365
977.20636 -0.211485 -0.00731
977.30000 -0.211154 -0.01096
977.39364 -0.210753 -0.01460
977.48728 -0.210281 -0.01824
977.58091 -0.209738 -0.02188
977.67455 -0.209126 -0.02551
977.76819 -0.208443 -0.02913
977.86183 -0.207690 -0.03274
977.95547 -0.206867 -0.03634
978.04910 -0.205975 -0.03992
978.14274 -0.205013 -0.04350
978.23638 -0.203982 -0.04705
978.33002 -0.202883 -0.05060
978.42366 -0.201715 -0.05412
978.51729 -0.200479 -0.05762
978.61093 -0.199176 -0.06111
978.70457 -0.197805 -0.06457
978.79821 -0.196367 -0.06801
978.89185 -0.194863 -0.07143
978.98548 -0.193294 -0.07482
979.07912 -0.191658 -0.07819
979.17276 -0.189958 -0.08153
979.26640 -0.188194 -0.08484
979.36004 -0.186366 -0.08812
979.45367 -0.184475 -0.09137
979.54731 -0.182521 -0.09458
979.64095 -0.180505 -0.09776
979.73459 -0.178428 -0.10091
979.82823 -0.176291 -0.10403
979.92186 -0.174094 -0.10710
980.01550 -0.171838 -0.11014
980.10914 -0.169523 -0.11314
980.20278 -0.167151 -0.11610
980.29642 -0.164722 -0.11901
980.39005 -0.162237 -0.12189
980.48369 -0.159697 -0.12472
980.57733 -0.157103 -0.12751
980.67097 -0.154455 -0.13025
980.76461 -0.151755 -0.13295
980.85824 -0.149004 -0.13559
980.95188 -0.146202 -0.13819
981.04552 -0.143350 -0.14074
981.13916 -0.140449 -0.14324
981.23280 -0.137501 -0.14569
981.32643 -0.134506 -0.14809
981.42007 -0.131466 -0.15043
981.51371 -0.128381 -0.15272
981.60735 -0.125252 -0.15496
981.70099 -0.122081 -0.15714
981.79462 -0.118869 -0.15926
981.88826 -0.115617 -0.16133
981.98190 -0.112325 -0.16334
982.07554 -0.108995 -0.16529
982.16918 -0.105629 -0.16718
982.26281 -0.102227 -0.16901
982.35645 -0.098791 -0.17078
982.45009 -0.095321 -0.17249
982.54373 -0.091820 -0.17413
982.63737 -0.088287 -0.17572
982.73101 -0.084725 -0.17724
982.82464 -0.081136 -0.17869
982.91828 -0.077518 -0.18008
983.01192 -0.073875 -0.18141
983.10556 -0.070208 -0.18267
983.19920 -0.066517 -0.18387
983.29283 -0.062805 -0.18500
983.38647 -0.059072 -0.18606
983.48011 -0.055320 -0.18706
983.57375 -0.051549 -0.18799
983.66739 -0.047763 -0.18885
983.76102 -0.043961 -0.18964
983.85466 -0.040145 -0.19037
983.94830 -0.036317 -0.19102
984.04194 -0.032477 -0.19161
984.13558 -0.028628 -0.19213
984.22921 -0.024771 -0.19257
984.32285 -0.020906 -0.19295
984.41649 -0.017036 -0.19326
984.51013 -0.013161 -0.19350
984.60377 -0.009283 -0.19367
984.69740 -0.005405 -0.19376
984.79104 -0.001525 -0.19379
984.88468 0.002352 -0.19375
984.97832 0.006228 -0.19364
985.07196 0.010099 -0.19345
985.16559 0.013964 -0.19320
985.25923 0.017823 -0.19288
985.35287 0.021673 -0.19249
985.44651 0.025514 -0.19202
985.54015 0.029344 -0.19149
985.63378 0.033161 -0.19089
985.72742 0.036965 -0.19022
985.82106 0.040754 -0.18948
985.91470 0.044526 -0.18867
986.00834 0.048280 -0.18780
986.10197 0.052014 -0.18685
986.19561 0.055729 -0.18584
986.28925 0.059421 -0.18476
986.38289 0.063090 -0.18361
986.47653 0.066734 -0.18240
986.57016 0.070353 -0.18112
986.66380 0.073944 -0.17977
986.75744 0.077506 -0.17836
986.85108 0.081039 -0.17689
986.94472 0.084541 -0.17535
987.03835 0.088009 -0.17375
987.13199 0.091445 -0.17208
987.22563 0.094845 -0.17035
987.31927 0.098210 -0.16856
987.41291 0.101536 -0.16671
987.50654 0.104824 -0.16480
987.60018 0.108073 -0.16283
987.69382 0.111280 -0.16080
987.78746 0.114445 -0.15871
987.88110 0.117567 -0.15656
987.97473 0.120643 -0.15436
988.06837 0.123675 -0.15210
988.16201 0.126660 -0.14979
988.25565 0.129597 -0.14742
988.34929 0.132484 -0.14500
988.44292 0.135322 -0.14253
988.53656 0.138109 -0.14001
988.63020 0.140844 -0.13743
988.72384 0.143525 -0.13481
988.81748 0.146153 -0.13214
988.91111 0.148725 -0.12942
989.00475 0.151242 -0.12665
989.09839 0.153701 -0.12384
989.19203 0.156103 -0.12099
989.28567 0.158446 -0.11809
989.37930 0.160729 -0.11515
989.47294 0.162952 -0.11216
989.56658 0.165114 -0.10914
989.66022 0.167213 -0.10608
989.75386 0.169250 -0.10298
989.84749 0.171223 -0.09985
989.94113 0.173132 -0.09668
990.03477 0.174976 -0.09348
990.12841 0.176754 -0.09024
990.22205 0.178466 -0.08697
990.31568 0.180110 -0.08367
990.40932 0.181688 -0.08035
990.50296 0.183197 -0.07699
990.59660 0.184637 -0.07361
990.69024 0.186008 -0.07020
990.78387 0.187309 -0.06677
990.87751 0.188539 -0.06332
990.97115 0.189699 -0.05984
991.06479 0.190788 -0.05635
991.15843 0.191805 -0.05283
991.25206 0.192751 -0.04930
991.34570 0.193624 -0.04576
991.43934 0.194424 -0.04220
991.53298 0.195152 -0.03862
991.62662 0.195806 -0.03504
991.72025 0.196387 -0.03144
991.81389 0.196894 -0.02784
991.90753 0.197327 -0.02422
992.00117 0.197687 -0.02060
992.09481 0.197972 -0.01698
992.18845 0.198183 -0.01335
992.28208 0.198320 -0.00972
992.37572 0.198383 -0.00609
992.46936 0.198371 -0.00246
992.56300 0.198285 0.00116
992.65664 0.198125 0.00479
992.75027 0.197890 0.00840
992.84391 0.197582 0.01202
992.93755 0.197199 0.01562
993.03119 0.196743 0.01921
993.12483 0.196213 0.02280
993.21846 0.195609 0.02637
993.31210 0.194933 0.02993
993.40574 0.194183 0.03347
993.49938 0.193361 0.03700
993.59302 0.192467 0.04051
993.68665 0.191501 0.04400
993.78029 0.190463 0.04747
993.87393 0.189354 0.05092
993.96757 0.188174 0.05434
994.06121 0.186924 0.05774
994.15484 0.185605 0.06112
994.24848 0.184216 0.06447
994.34212 0.182758 0.06779
994.43576 0.181233 0.07108
994.52940 0.179640 0.07434
994.62303 0.177980 0.07756
994.71667 0.176254 0.08075
994.81031 0.174462 0.08391
994.90395 0.172606 0.08703
994.99759 0.170686 0.09012
995.09122 0.168702 0.09316
995.18486 0.166656 0.09617
995.27850 0.164548 0.09914
995.37214 0.162379 0.10206
995.46578 0.160150 0.10494
995.55941 0.157862 0.10777
995.65305 0.155516 0.11056
995.74669 0.153112 0.11331
995.84033 0.150652 0.11600
995.93397 0.148137 0.11865
996.02760 0.145567 0.12124
996.12124 0.142944 0.12379
996.21488 0.140269 0.12628
996.30852 0.137542 0.12872
996.40216 0.134765 0.13110
996.49579 0.131940 0.13343
996.58943 0.129066 0.13571
996.68307 0.126145 0.13793
996.77671 0.123179 0.14009
996.87035 0.120168 0.14219
996.96398 0.117115 0.14423
997.05762 0.114019 0.14621
997.15126 0.110882 0.14813
997.24490 0.107706 0.14999
997.33854 0.104491 0.15179
997.43217 0.101240 0.15352
997.52581 0.097953 0.15519
997.61945 0.094631 0.15679
997.71309 0.091277 0.15833
997.80673 0.087891 0.15980
997.90036 0.084475 0.16120
997.99400 0.081030 0.16254
998.08764 0.077557 0.16381
998.18128 0.074058 0.16501
998.27492 0.070534 0.16614
998.36855 0.066987 0.16721
998.46219 0.063418 0.16820
998.55583 0.059829 0.16912
998.64947 0.056221 0.16998
998.74311 0.052595 0.17076
998.83674 0.048954 0.17147
998.93038 0.045297 0.17210
999.02402 0.041628 0.17267
999.11766 0.037947 0.17317
999.21130 0.034256 0.17359
999.30493 0.030557 0.17394
999.39857 0.026850 0.17421
999.49221 0.023138 0.17442
999.58585 0.019422 0.17455
999.67949 0.015703 0.17460
999.77312 0.011984 0.17459
999.86676 0.008265 0.17450
999.96040 0.004547 0.17434
1000.05404 0.000834 0.17410
1000.14768 -0.002875 0.17380
1000.24131 -0.006576 0.17342
1000.33495 -0.010270 0.17296
1000.42859 -0.013954 0.17244
1000.52223 -0.017626 0.17184
1000.61587 -0.021286 0.17117
1000.70950 -0.024932 0.17043
1000.80314 -0.028562 0.16961
1000.89678 -0.032175 0.16873
1000.99042 -0.035769 0.16777
1001.08406 -0.039342 0.16674
1001.17769 -0.042894 0.16565
1001.27133 -0.046423 0.16448
1001.36497 -0.049927 0.16325
1001.45861 -0.053405 0.16194
1001.55225 -0.056856 0.16057
1001.64588 -0.060277 0.15913
1001.73952 -0.063668 0.15762
1001.83316 -0.067027 0.15605
1001.92680 -0.070352 0.15441
1002.02044 -0.073644 0.15270
1002.11408 -0.076898 0.15093
1002.20771 -0.080116 0.14910
1002.30135 -0.083294 0.14721
1002.39499 -0.086433 0.14525
1002.48863 -0.089530 0.14323
1002.58227 -0.092584 0.14115
1002.67590 -0.095594 0.13901
1002.76954 -0.098559 0.13681
1002.86318 -0.101476 0.13455
1002.95682 -0.104347 0.13224
1003.05046 -0.107168 0.12987
1003.14409 -0.109938 0.12744
1003.23773 -0.112657 0.12496
1003.33137 -0.115324 0.12243
1003.42501 -0.117937 0.11985
1003.51865 -0.120494 0.11721
1003.61228 -0.122996 0.11452
1003.70592 -0.125440 0.11179
1003.79956 -0.127827 0.10901
1003.89320 -0.130153 0.10618
1003.98684 -0.132420 0.10331
1004.08047 -0.134626 0.10039
1004.17411 -0.136769 0.09743
1004.26775 -0.138849 0.09443
1004.36139 -0.140865 0.09139
1004.45503 -0.142816 0.08831
1004.54866 -0.144701 0.08519
1004.64230 -0.146519 0.08203
1004.73594 -0.148270 0.07884
1004.82958 -0.149953 0.07562
1004.92322 -0.151567 0.07237
1005.01685 -0.153110 0.06908
1005.11049 -0.154584 0.06576
1005.20413 -0.155986 0.06242
1005.29777 -0.157317 0.05905
1005.39141 -0.158575 0.05565
1005.48504 -0.159760 0.05223
1005.57868 -0.160871 0.04879
1005.67232 -0.161909 0.04533
1005.76596 -0.162872 0.04185
1005.85960 -0.163760 0.03835
1005.95323 -0.164572 0.03483
1006.04687 -0.165309 0.03130
1006.14051 -0.165970 0.02776
1006.23415 -0.166554 0.02420
1006.32779 -0.167061 0.02064
1006.42142 -0.167491 0.01706
1006.51506 -0.167843 0.01348
1006.60870 -0.168119 0.00989
1006.70234 -0.168316 0.00630
1006.79598 -0.168435 0.00271
1006.88961 -0.168477 -0.00088
1006.98325 -0.168440 -0.00448
1007.07689 -0.168326 -0.00807
1007.17053 -0.168133 -0.01165
1007.26417 -0.167862 -0.01523
1007.35780 -0.167513 -0.01881
1007.45144 -0.167086 -0.02237
1007.54508 -0.166581 -0.02592
1007.63872 -0.165999 -0.02947
1007.73236 -0.165339 -0.03300
1007.82599 -0.164602 -0.03651
1007.91963 -0.163788 -0.04001
1008.01327 -0.162898 -0.04348
1008.10691 -0.161931 -0.04694
1008.20055 -0.160888 -0.05038
1008.29418 -0.159769 -0.05379
1008.38782 -0.158575 -0.05718
1008.48146 -0.157307 -0.06055
1008.57510 -0.155964 -0.06388
1008.66874 -0.154548 -0.06719
1008.76237 -0.153058 -0.07046
1008.85601 -0.151496 -0.07371
1008.94965 -0.149862 -0.07692
1009.04329 -0.148157 -0.08009
1009.13693 -0.146381 -0.08323
1009.23056 -0.144536 -0.08633
1009.32420 -0.142621 -0.08939
1009.41784 -0.140638 -0.09241
1009.51148 -0.138587 -0.09539
1009.60512 -0.136470 -0.09833
1009.69875 -0.134287 -0.10122
1009.79239 -0.132039 -0.10406
1009.88603 -0.129727 -0.10685
1009.97967 -0.127353 -0.10960
1010.07331 -0.124916 -0.11230
1010.16694 -0.122418 -0.11494
1010.26058 -0.119861 -0.11753
1010.35422 -0.117244 -0.12007
1010.44786 -0.114570 -0.12255
1010.54150 -0.111839 -0.12497
1010.63513 -0.109053 -0.12734
1010.72877 -0.106213 -0.12965
1010.82241 -0.103320 -0.13190
1010.91605 -0.100374 -0.13408
1011.00969 -0.097379 -0.13621
1011.10332 -0.094334 -0.13827
1011.19696 -0.091241 -0.14027
1011.29060 -0.088102 -0.14220
1011.38424 -0.084918 -0.14406
1011.47788 -0.081689 -0.14586
1011.57151 -0.078419 -0.14759
1011.66515 -0.075108 -0.14925
1011.75879 -0.071756 -0.15084
1011.85243 -0.068367 -0.15236
1011.94607 -0.064941 -0.15381
1012.03971 -0.061481 -0.15519
1012.13334 -0.057987 -0.15649
1012.22698 -0.054460 -0.15772
1012.32062 -0.050904 -0.15887
1012.41426 -0.047318 -0.15995
1012.50790 -0.043705 -0.16096
1012.60153 -0.040067 -0.16188
1012.69517 -0.036405 -0.16273
1012.78881 -0.032720 -0.16351
1012.88245 -0.029015 -0.16420
1012.97609 -0.025290 -0.16482
1013.06972 -0.021549 -0.16536
1013.16336 -0.017792 -0.16581
1013.25700 -0.014020 -0.16619
1013.35064 -0.010237 -0.16649
1013.44428 -0.006443 -0.16671
1013.53791 -0.002640 -0.16685
1013.63155 0.001170 -0.16691
1013.72519 0.004985 -0.16688
1013.81883 0.008804 -0.16678
1013.91247 0.012625 -0.16659
1014.00610 0.016445 -0.16633
1014.09974 0.020264 -0.16598
1014.19338 0.024079 -0.16555
1014.28702 0.027890 -0.16504
1014.38066 0.031693 -0.16445
1014.47429 0.035487 -0.16378
1014.56793 0.039270 -0.16303
1014.66157 0.043042 -0.16220
1014.75521 0.046799 -0.16128
1014.84885 0.050540 -0.16029
1014.94248 0.054263 -0.15922
1015.03612 0.057967 -0.15807
1015.12976 0.061650 -0.15684
1015.22340 0.065310 -0.15553
1015.31704 0.068946 -0.15414
1015.41067 0.072554 -0.15267
1015.50431 0.076134 -0.15113
1015.59795 0.079685 -0.14951
1015.69159 0.083204 -0.14782
1015.78523 0.086690 -0.14605
1015.87886 0.090140 -0.14420
1015.97250 0.093554 -0.14228
1016.06614 0.096929 -0.14029
1016.15978 0.100265 -0.13823
1016.25342 0.103559 -0.13609
1016.34705 0.106809 -0.13388
1016.44069 0.110014 -0.13161
1016.53433 0.113173 -0.12926
1016.62797 0.116284 -0.12685
1016.72161 0.119345 -0.12437
1016.81524 0.122355 -0.12182
1016.90888 0.125312 -0.11921
1017.00252 0.128215 -0.11653
1017.09616 0.131062 -0.11379
1017.18980 0.133852 -0.11099
1017.28343 0.136583 -0.10813
1017.37707 0.139254 -0.10521
1017.47071 0.141864 -0.10224
1017.56435 0.144410 -0.09920
1017.65799 0.146893 -0.09611
1017.75162 0.149310 -0.09297
1017.84526 0.151660 -0.08977
1017.93890 0.153943 -0.08653
1018.03254 0.156156 -0.08323
1018.12618 0.158298 -0.07988
1018.21981 0.160369 -0.07649
1018.31345 0.162367 -0.07305
1018.40709 0.164291 -0.06957
1018.50073 0.166140 -0.06605
1018.59437 0.167913 -0.06248
1018.68800 0.169608 -0.05888
1018.78164 0.171226 -0.05524
1018.87528 0.172764 -0.05156
1018.96892 0.174223 -0.04785
1019.06256 0.175600 -0.04410
1019.15619 0.176896 -0.04033
1019.24983 0.178109 -0.03652
1019.34347 0.179239 -0.03269
1019.43711 0.180285 -0.02883
1019.53075 0.181246 -0.02495
1019.62438 0.182121 -0.02105
1019.71802 0.182910 -0.01712
1019.81166 0.183613 -0.01318
1019.90530 0.184228 -0.00922
1019.99894 0.184755 -0.00525
1020.09257 0.185194 -0.00127
1020.18621 0.185544 0.00273
1020.27985 0.185805 0.00674
1020.37349 0.185977 0.01075
1020.46713 0.186059 0.01477
1020.56076 0.186051 0.01879
1020.65440 0.185952 0.02281
1020.74804 0.185763 0.02683
1020.84168 0.185483 0.03085
1020.93532 0.185112 0.03487
1021.02895 0.184650 0.03887
1021.12259 0.184098 0.04287
1021.21623 0.183454 0.04686
1021.30987 0.182720 0.05084
1021.40351 0.181895 0.05480
1021.49714 0.180979 0.05875
1021.59078 0.179973 0.06267
1021.68442 0.178876 0.06658
1021.77806 0.177690 0.07047
1021.87170 0.176414 0.07433
1021.96534 0.175049 0.07816
1022.05897 0.173595 0.08197
1022.15261 0.172053 0.08575
1022.24625 0.170423 0.08949
1022.33989 0.168705 0.09320
1022.43353 0.166901 0.09688
1022.52716 0.165010 0.10052
1022.62080 0.163034 0.10412
1022.71444 0.160973 0.10767
1022.80808 0.158828 0.11119
1022.90172 0.156599 0.11465
1022.99535 0.154289 0.11807
1023.08899 0.151896 0.12145
1023.18263 0.149423 0.12477
1023.27627 0.146871 0.12804
1023.36991 0.144239 0.13125
1023.46354 0.141530 0.13441
1023.55718 0.138744 0.13751
1023.65082 0.135883 0.14055
1023.74446 0.132948 0.14353
1023.83810 0.129939 0.14645
1023.93173 0.126859 0.14931
1024.02537 0.123707 0.15209
1024.11901 0.120487 0.15481
1024.21265 0.117199 0.15746
1024.30629 0.113844 0.16004
1024.39992 0.110424 0.16255
1024.49356 0.106941 0.16499
1024.58720 0.103395 0.16734
1024.68084 0.099788 0.16963
1024.77448 0.096123 0.17183
1024.86811 0.092400 0.17396
1024.96175 0.088622 0.17600
1025.05539 0.084789 0.17796
1025.14903 0.080903 0.17984
1025.24267 0.076968 0.18164
1025.33630 0.072983 0.18335
1025.42994 0.068951 0.18497
1025.52358 0.064874 0.18650
1025.61722 0.060753 0.18795
1025.71086 0.056591 0.18931
1025.80449 0.052389 0.19057
1025.89813 0.048149 0.19174
1025.99177 0.043873 0.19282
1026.08541 0.039564 0.19381
1026.17905 0.035223 0.19470
1026.27268 0.030852 0.19550
1026.36632 0.026454 0.19620
1026.45996 0.022029 0.19681
1026.55360 0.017581 0.19731
1026.64724 0.013112 0.19772
1026.74087 0.008624 0.19803
1026.83451 0.004118 0.19825
1026.92815 -0.000402 0.19836
1027.02179 -0.004936 0.19837
1027.11543 -0.009480 0.19828
1027.20906 -0.014032 0.19810
1027.30270 -0.018591 0.19781
1027.39634 -0.023153 0.19742
1027.48998 -0.027717 0.19693
1027.58362 -0.032281 0.19633
1027.67725 -0.036841 0.19564
1027.77089 -0.041397 0.19484
1027.86453 -0.045946 0.19395
1027.95817 -0.050484 0.19295
1028.05181 -0.055011 0.19185
1028.14544 -0.059524 0.19065
1028.23908 -0.064020 0.18935
1028.33272 -0.068497 0.18795
1028.42636 -0.072953 0.18644
1028.52000 -0.077386 0.18484
1028.61363 -0.081792 0.18314
1028.70727 -0.086171 0.18134
1028.80091 -0.090520 0.17944
1028.89455 -0.094837 0.17744
1028.98819 -0.099118 0.17535
1029.08182 -0.103363 0.17316
1029.17546 -0.107568 0.17087
1029.26910 -0.111732 0.16849
1029.36274 -0.115852 0.16602
1029.45638 -0.119926 0.16345
1029.55001 -0.123951 0.16079
1029.64365 -0.127927 0.15804
1029.73729 -0.131850 0.15520
1029.83093 -0.135719 0.15227
1029.92457 -0.139531 0.14925
1030.01820 -0.143283 0.14614
1030.11184 -0.146975 0.14295
1030.20548 -0.150604 0.13967
1030.29912 -0.154168 0.13631
1030.39276 -0.157664 0.13287
1030.48639 -0.161091 0.12935
1030.58003 -0.164448 0.12576
1030.67367 -0.167732 0.12208
1030.76731 -0.170940 0.11833
1030.86095 -0.174072 0.11450
1030.95458 -0.177125 0.11060
1031.04822 -0.180097 0.10664
1031.14186 -0.182988 0.10260
1031.23550 -0.185795 0.09850
1031.32914 -0.188515 0.09433
1031.42277 -0.191148 0.09009
1031.51641 -0.193693 0.08580
1031.61005 -0.196147 0.08145
1031.70369 -0.198508 0.07704
1031.79733 -0.200776 0.07257
1031.89097 -0.202949 0.06805
1031.98460 -0.205025 0.06348
1032.07824 -0.207003 0.05887
1032.17188 -0.208882 0.05420
1032.26552 -0.210660 0.04949
1032.35916 -0.212337 0.04474
1032.45279 -0.213910 0.03995
1032.54643 -0.215379 0.03512
1032.64007 -0.216742 0.03025
1032.73371 -0.218000 0.02535
1032.82735 -0.219149 0.02042
1032.92098 -0.220191 0.01547
1033.01462 -0.221123 0.01048
1033.10826 -0.221944 0.00548
1033.20190 -0.222655 0.00045
1033.29554 -0.223255 -0.00459
1033.38917 -0.223742 -0.00965
1033.48281 -0.224115 -0.01472
1033.57645 -0.224376 -0.01981
1033.67009 -0.224522 -0.02490
1033.76373 -0.224554 -0.02999
1033.85736 -0.224470 -0.03509
1033.95100 -0.224272 -0.04019
1034.04464 -0.223957 -0.04529
1034.13828 -0.223527 -0.05037
1034.23192 -0.222981 -0.05546
1034.32555 -0.222319 -0.06053
1034.41919 -0.221541 -0.06558
1034.51283 -0.220646 -0.07062
1034.60647 -0.219636 -0.07564
1034.70011 -0.218509 -0.08064
1034.79374 -0.217267 -0.08562
1034.88738 -0.215910 -0.09057
1034.98102 -0.214437 -0.09548
1035.07466 -0.212850 -0.10037
1035.16830 -0.211148 -0.10522
1035.26193 -0.209333 -0.11003
1035.35557 -0.207405 -0.11480
1035.44921 -0.205364 -0.11953
1035.54285 -0.203212 -0.12421
1035.63649 -0.200948 -0.12884
1035.73012 -0.198575 -0.13342
1035.82376 -0.196091 -0.13794
1035.91740 -0.193500 -0.14241
1036.01104 -0.190802 -0.14682
1036.10468 -0.187997 -0.15117
1036.19831 -0.185088 -0.15545
1036.29195 -0.182074 -0.15966
1036.38559 -0.178958 -0.16381
1036.47923 -0.175741 -0.16788
1036.57287 -0.172424 -0.17188
1036.66650 -0.169010 -0.17579
1036.76014 -0.165498 -0.17964
1036.85378 -0.161891 -0.18339
1036.94742 -0.158191 -0.18707
1037.04106 -0.154398 -0.19065
1037.13469 -0.150516 -0.19415
1037.22833 -0.146546 -0.19756
1037.32197 -0.142489 -0.20087
1037.41561 -0.138347 -0.20409
1037.50925 -0.134124 -0.20721
1037.60288 -0.129820 -0.21022
1037.69652 -0.125438 -0.21314
1037.79016 -0.120980 -0.21595
1037.88380 -0.116448 -0.21866
1037.97744 -0.111845 -0.22126
1038.07107 -0.107172 -0.22375
1038.16471 -0.102432 -0.22613
1038.25835 -0.097628 -0.22839
1038.35199 -0.092762 -0.23054
1038.44563 -0.087836 -0.23257
1038.53926 -0.082855 -0.23448
1038.63290 -0.077818 -0.23628
1038.72654 -0.072729 -0.23795
1038.82018 -0.067592 -0.23950
1038.91382 -0.062408 -0.24092
1039.00745 -0.057182 -0.24222
1039.10109 -0.051914 -0.24340
1039.19473 -0.046608 -0.24444
1039.28837 -0.041268 -0.24536
1039.38201 -0.035896 -0.24614
1039.47564 -0.030495 -0.24680
1039.56928 -0.025068 -0.24732
1039.66292 -0.019617 -0.24771
1039.75656 -0.014147 -0.24797
1039.85020 -0.008660 -0.24810
1039.94383 -0.003160 -0.24809
1040.03747 0.002352 -0.24794
1040.13111 0.007871 -0.24766
1040.22475 0.013394 -0.24724
1040.31839 0.018918 -0.24668
1040.41202 0.024440 -0.24599
1040.50566 0.029957 -0.24517
1040.59930 0.035465 -0.24420
1040.69294 0.040962 -0.24310
1040.78658 0.046443 -0.24186
1040.88021 0.051906 -0.24049
1040.97385 0.057348 -0.23898
1041.06749 0.062764 -0.23733
1041.16113 0.068153 -0.23555
1041.25477 0.073510 -0.23363
1041.34840 0.078832 -0.23158
1041.44204 0.084117 -0.22939
1041.53568 0.089359 -0.22707
1041.62932 0.094558 -0.22462
1041.72296 0.099708 -0.22204
1041.81660 0.104808 -0.21932
1041.91023 0.109853 -0.21648
1042.00387 0.114840 -0.21351
1042.09751 0.119767 -0.21041
1042.19115 0.124630 -0.20719
1042.28479 0.129426 -0.20384
1042.37842 0.134151 -0.20037
1042.47206 0.138804 -0.19678
1042.56570 0.143379 -0.19307
1042.65934 0.147875 -0.18924
1042.75298 0.152289 -0.18529
1042.84661 0.156617 -0.18123
1042.94025 0.160857 -0.17706
1043.03389 0.165005 -0.17278
1043.12753 0.169059 -0.16839
1043.22117 0.173016 -0.16389
1043.31480 0.176872 -0.15929
1043.40844 0.180626 -0.15459
1043.50208 0.184275 -0.14979
1043.59572 0.187816 -0.14490
1043.68936 0.191246 -0.13991
1043.78299 0.194562 -0.13483
1043.87663 0.197764 -0.12966
1043.97027 0.200847 -0.12440
1044.06391 0.203809 -0.11907
1044.15755 0.206649 -0.11365
1044.25118 0.209364 -0.10816
1044.34482 0.211951 -0.10259
1044.43846 0.214409 -0.09696
1044.53210 0.216736 -0.09125
1044.62574 0.218930 -0.08549
1044.71937 0.220988 -0.07966
1044.81301 0.222909 -0.07377
1044.90665 0.224691 -0.06783
1045.00029 0.226333 -0.06184
1045.09393 0.227833 -0.05581
1045.18756 0.229189 -0.04973
1045.28120 0.230401 -0.04361
1045.37484 0.231466 -0.03746
1045.46848 0.232384 -0.03127
1045.56212 0.233153 -0.02505
1045.65575 0.233772 -0.01882
1045.74939 0.234240 -0.01256
1045.84303 0.234557 -0.00628
1045.93667 0.234722 0.00001
1046.03031 0.234733 0.00631
1046.12394 0.234591 0.01261
1046.21758 0.234295 0.01891
1046.31122 0.233844 0.02521
1046.40486 0.233239 0.03151
1046.49850 0.232478 0.03779
1046.59213 0.231563 0.04405
1046.68577 0.230492 0.05030
1046.77941 0.229267 0.05652
1046.87305 0.227886 0.06271
1046.96669 0.226352 0.06887
1047.06032 0.224664 0.07499
1047.15396 0.222822 0.08108
1047.24760 0.220828 0.08712
1047.34124 0.218681 0.09311
1047.43488 0.216384 0.09904
1047.52851 0.213937 0.10492
1047.62215 0.211341 0.11074
1047.71579 0.208597 0.11649
1047.80943 0.205707 0.12217
1047.90307 0.202671 0.12778
1047.99670 0.199493 0.13331
1048.09034 0.196173 0.13876
1048.18398 0.192713 0.14412
1048.27762 0.189114 0.14939
1048.37126 0.185380 0.15457
1048.46489 0.181512 0.15965
1048.55853 0.177512 0.16463
1048.65217 0.173382 0.16950
1048.74581 0.169126 0.17427
1048.83945 0.164745 0.17892
1048.93308 0.160242 0.18345
1049.02672 0.155621 0.18787
1049.12036 0.150883 0.19216
1049.21400 0.146032 0.19632
1049.30764 0.141070 0.20035
1049.40127 0.136002 0.20425
1049.49491 0.130830 0.20801
1049.58855 0.125557 0.21163
1049.68219 0.120187 0.21511
1049.77583 0.114725 0.21844
1049.86946 0.109173 0.22162
1049.96310 0.103534 0.22465
1050.05674 0.097814 0.22753
1050.15038 0.092015 0.23024
1050.24402 0.086142 0.23280
1050.33765 0.080200 0.23519
1050.43129 0.074191 0.23742
1050.52493 0.068121 0.23948
1050.61857 0.061993 0.24137
1050.71221 0.055812 0.24309
1050.80584 0.049584 0.24464
1050.89948 0.043311 0.24601
1050.99312 0.036999 0.24720
1051.08676 0.030653 0.24822
1051.18040 0.024276 0.24905
1051.27403 0.017876 0.24971
1051.36767 0.011455 0.25018
1051.46131 0.005019 0.25047
1051.55495 -0.001427 0.25057
1051.64859 -0.007879 0.25049
1051.74223 -0.014331 0.25023
1051.83586 -0.020777 0.24978
1051.92950 -0.027214 0.24914
1052.02314 -0.033635 0.24831
1052.11678 -0.040036 0.24730
1052.21042 -0.046411 0.24610
1052.30405 -0.052755 0.24472
1052.39769 -0.059063 0.24315
1052.49133 -0.065330 0.24139
1052.58497 -0.071550 0.23946
1052.67861 -0.077719 0.23733
1052.77224 -0.083830 0.23503
1052.86588 -0.089878 0.23254
1052.95952 -0.095860 0.22987
1053.05316 -0.101768 0.22703
1053.14680 -0.107599 0.22400
1053.24043 -0.113345 0.22081
1053.33407 -0.119004 0.21744
1053.42771 -0.124569 0.21389
1053.52135 -0.130036 0.21018
1053.61499 -0.135399 0.20631
1053.70862 -0.140654 0.20227
1053.80226 -0.145795 0.19807
1053.89590 -0.150818 0.19371
1053.98954 -0.155718 0.18920
1054.08318 -0.160490 0.18453
1054.17681 -0.165128 0.17972
1054.27045 -0.169631 0.17476
1054.36409 -0.173991 0.16967
1054.45773 -0.178206 0.16443
1054.55137 -0.182270 0.15906
1054.64500 -0.186179 0.15357
1054.73864 -0.189931 0.14795
1054.83228 -0.193519 0.14221
1054.92592 -0.196941 0.13635
1055.01956 -0.200193 0.13039
1055.11319 -0.203270 0.12432
1055.20683 -0.206170 0.11815
1055.30047 -0.208889 0.11188
1055.39411 -0.211425 0.10553
1055.48775 -0.213773 0.09908
1055.58138 -0.215931 0.09256
1055.67502 -0.217896 0.08597
1055.76866 -0.219666 0.07931
1055.86230 -0.221237 0.07259
1055.95594 -0.222609 0.06581
1056.04957 -0.223778 0.05898
1056.14321 -0.224742 0.05211
1056.23685 -0.225501 0.04520
1056.33049 -0.226051 0.03826
1056.42413 -0.226393 0.03129
1056.51776 -0.226524 0.02431
1056.61140 -0.226444 0.01731
1056.70504 -0.226152 0.01032
1056.79868 -0.225647 0.00332
1056.89232 -0.224928 -0.00367
1056.98595 -0.223997 -0.01064
1057.07959 -0.222852 -0.01759
1057.17323 -0.221493 -0.02451
1057.26687 -0.219922 -0.03140
1057.36051 -0.218139 -0.03824
1057.45414 -0.216146 -0.04503
1057.54778 -0.213941 -0.05177
1057.64142 -0.211528 -0.05844
1057.73506 -0.208908 -0.06504
1057.82870 -0.206083 -0.07156
1057.92233 -0.203055 -0.07800
1058.01597 -0.199825 -0.08435
1058.10961 -0.196397 -0.09060
1058.20325 -0.192773 -0.09674
1058.29689 -0.188956 -0.10277
1058.39052 -0.184949 -0.10868
1058.48416 -0.180756 -0.11447
1058.57780 -0.176381 -0.12013
1058.67144 -0.171826 -0.12565
1058.76508 -0.167097 -0.13102
1058.85871 -0.162198 -0.13624
1058.95235 -0.157133 -0.14131
1059.04599 -0.151907 -0.14621
1059.13963 -0.146525 -0.15095
1059.23327 -0.140992 -0.15551
1059.32690 -0.135315 -0.15989
1059.42054 -0.129497 -0.16409
1059.51418 -0.123545 -0.16810
1059.60782 -0.117466 -0.17191
1059.70146 -0.111265 -0.17552
1059.79509 -0.104950 -0.17893
1059.88873 -0.098525 -0.18213
1059.98237 -0.091999 -0.18511
1060.07601 -0.085379 -0.18788
1060.16965 -0.078670 -0.19042
1060.26328 -0.071883 -0.19274
1060.35692 -0.065023 -0.19483
1060.45056 -0.058097 -0.19669
1060.54420 -0.051115 -0.19831
1060.63784 -0.044083 -0.19970
1060.73147 -0.037011 -0.20085
1060.82511 -0.029905 -0.20176
1060.91875 -0.022774 -0.20242
1061.01239 -0.015627 -0.20284
1061.10603 -0.008472 -0.20301
1061.19966 -0.001318 -0.20293
1061.29330 0.005826 -0.20261
1061.38694 0.012953 -0.20204
1061.48058 0.020052 -0.20122
1061.57422 0.027116 -0.20016
1061.66786 0.034137 -0.19884
1061.76149 0.041102 -0.19728
1061.85513 0.048007 -0.19548
1061.94877 0.054841 -0.19343
1062.04241 0.061595 -0.19115
1062.13605 0.068260 -0.18862
1062.22968 0.074828 -0.18586
1062.32332 0.081291 -0.18286
1062.41696 0.087639 -0.17963
1062.51060 0.093864 -0.17618
1062.60424 0.099958 -0.17251
1062.69787 0.105911 -0.16861
1062.79151 0.111717 -0.16451
1062.88515 0.117368 -0.16019
1062.97879 0.122855 -0.15568
1063.07243 0.128169 -0.15096
1063.16606 0.133305 -0.14605
1063.25970 0.138255 -0.14096
1063.35334 0.143010 -0.13569
1063.44698 0.147566 -0.13024
1063.54062 0.151914 -0.12464
1063.63425 0.156048 -0.11887
1063.72789 0.159962 -0.11296
1063.82153 0.163651 -0.10690
1063.91517 0.167108 -0.10071
1064.00881 0.170328 -0.09439
1064.10244 0.173306 -0.08796
1064.19608 0.176038 -0.08142
1064.28972 0.178519 -0.07478
1064.38336 0.180745 -0.06806
1064.47700 0.182712 -0.06125
1064.57063 0.184417 -0.05438
1064.66427 0.185857 -0.04745
1064.75791 0.187029 -0.04047
1064.85155 0.187932 -0.03345
1064.94519 0.188563 -0.02640
1065.03882 0.188921 -0.01933
1065.13246 0.189006 -0.01226
1065.22610 0.188816 -0.00519
1065.31974 0.188351 0.00186
1065.41338 0.187613 0.00889
1065.50701 0.186601 0.01588
1065.60065 0.185317 0.02283
1065.69429 0.183763 0.02972
1065.78793 0.181940 0.03654
1065.88157 0.179852 0.04328
1065.97520 0.177501 0.04993
1066.06884 0.174890 0.05648
1066.16248 0.172025 0.06291
1066.25612 0.168908 0.06923
1066.34976 0.165545 0.07541
1066.44339 0.161942 0.08145
1066.53703 0.158102 0.08734
1066.63067 0.154034 0.09307
1066.72431 0.149744 0.09863
1066.81795 0.145237 0.10401
1066.91158 0.140523 0.10920
1067.00522 0.135608 0.11419
1067.09886 0.130501 0.11897
1067.19250 0.125210 0.12354
1067.28614 0.119744 0.12789
1067.37977 0.114112 0.13201
1067.47341 0.108325 0.13589
1067.56705 0.102391 0.13953
1067.66069 0.096321 0.14292
1067.75433 0.090125 0.14606
1067.84796 0.083816 0.14894
1067.94160 0.077402 0.15155
1068.03524 0.070895 0.15389
1068.12888 0.064307 0.15597
1068.22252 0.057650 0.15776
1068.31615 0.050935 0.15928
1068.40979 0.044174 0.16052
1068.50343 0.037380 0.16147
1068.59707 0.030563 0.16214
1068.69071 0.023738 0.16252
1068.78434 0.016915 0.16262
1068.87798 0.010107 0.16244
1068.97162 0.003327 0.16197
1069.06526 -0.003415 0.16122
1069.15890 -0.010105 0.16019
1069.25253 -0.016730 0.15888
1069.34617 -0.023280 0.15729
1069.43981 -0.029743 0.15544
1069.53345 -0.036106 0.15332
1069.62709 -0.042359 0.15093
1069.72072 -0.048489 0.14829
1069.81436 -0.054488 0.14540
1069.90800 -0.060342 0.14226
1070.00164 -0.066042 0.13889
1070.09528 -0.071577 0.13528
1070.18891 -0.076938 0.13145
1070.28255 -0.082116 0.12740
1070.37619 -0.087101 0.12315
1070.46983 -0.091884 0.11870
1070.56347 -0.096457 0.11406
1070.65710 -0.100813 0.10924
1070.75074 -0.104943 0.10425
1070.84438 -0.108842 0.09911
1070.93802 -0.112502 0.09381
1071.03166 -0.115917 0.08838
1071.12529 -0.119083 0.08282
1071.21893 -0.121994 0.07715
1071.31257 -0.124645 0.07138
1071.40621 -0.127034 0.06551
1071.49985 -0.129156 0.05957
1071.59349 -0.131009 0.05355
1071.68712 -0.132591 0.04749
1071.78076 -0.133900 0.04138
1071.87440 -0.134935 0.03524
1071.96804 -0.135695 0.02908
1072.06168 -0.136182 0.02292
1072.15531 -0.136395 0.01677
1072.24895 -0.136335 0.01063
1072.34259 -0.136005 0.00453
1072.43623 -0.135407 -0.00154
1072.52987 -0.134543 -0.00754
1072.62350 -0.133418 -0.01348
1072.71714 -0.132035 -0.01934
1072.81078 -0.130399 -0.02511
1072.90442 -0.128514 -0.03078
1072.99806 -0.126386 -0.03634
1073.09169 -0.124022 -0.04178
1073.18533 -0.121427 -0.04709
1073.27897 -0.118609 -0.05225
1073.37261 -0.115575 -0.05726
1073.46625 -0.112332 -0.06211
1073.55988 -0.108890 -0.06679
1073.65352 -0.105255 -0.07129
1073.74716 -0.101438 -0.07561
1073.84080 -0.097447 -0.07974
1073.93444 -0.093292 -0.08366
1074.02807 -0.088983 -0.08738
1074.12171 -0.084530 -0.09088
1074.21535 -0.079943 -0.09417
1074.30899 -0.075232 -0.09723
1074.40263 -0.070409 -0.10006
1074.49626 -0.065485 -0.10267
1074.58990 -0.060469 -0.10503
1074.68354 -0.055375 -0.10716
1074.77718 -0.050211 -0.10905
1074.87082 -0.044992 -0.11069
1074.96445 -0.039726 -0.11209
1075.05809 -0.034426 -0.11325
1075.15173 -0.029104 -0.11416
1075.24537 -0.023769 -0.11482
1075.33901 -0.018435 -0.11524
1075.43264 -0.013111 -0.11541
1075.52628 -0.007809 -0.11535
1075.61992 -0.002541 -0.11504
1075.71356 0.002685 -0.11450
1075.80720 0.007856 -0.11372
1075.90083 0.012961 -0.11272
1075.99447 0.017993 -0.11149
1076.08811 0.022940 -0.11003
1076.18175 0.027792 -0.10837
1076.27539 0.032541 -0.10649
1076.36902 0.037177 -0.10440
1076.46266 0.041691 -0.10212
1076.55630 0.046075 -0.09965
1076.64994 0.050321 -0.09699
1076.74358 0.054422 -0.09416
1076.83721 0.058368 -0.09115
1076.93085 0.062156 -0.08798
1077.02449 0.065776 -0.08467
1077.11813 0.069224 -0.08120
1077.21177 0.072494 -0.07760
1077.30540 0.075580 -0.07387
1077.39904 0.078478 -0.07003
1077.49268 0.081183 -0.06607
1077.58632 0.083692 -0.06202
1077.67996 0.086001 -0.05788
1077.77359 0.088107 -0.05365
1077.86723 0.090007 -0.04936
1077.96087 0.091700 -0.04501
1078.05451 0.093185 -0.04061
1078.14815 0.094459 -0.03616
1078.24178 0.095522 -0.03169
1078.33542 0.096375 -0.02719
1078.42906 0.097018 -0.02269
1078.52270 0.097450 -0.01818
1078.61634 0.097675 -0.01368
1078.70997 0.097692 -0.00920
1078.80361 0.097505 -0.00475
1078.89725 0.097116 -0.00033
1078.99089 0.096527 0.00404
1079.08453 0.095742 0.00836
1079.17816 0.094765 0.01261
1079.27180 0.093600 0.01679
1079.36544 0.092252 0.02089
1079.45908 0.090724 0.02491
1079.55272 0.089023 0.02882
1079.64635 0.087155 0.03264
1079.73999 0.085123 0.03634
1079.83363 0.082936 0.03993
1079.92727 0.080599 0.04339
1080.02091 0.078118 0.04673
1080.11454 0.075502 0.04993
1080.20818 0.072756 0.05299
1080.30182 0.069889 0.05590
1080.39546 0.066907 0.05866
1080.48910 0.063819 0.06127
1080.58273 0.060632 0.06372
1080.67637 0.057354 0.06601
1080.77001 0.053993 0.06813
1080.86365 0.050558 0.07009
1080.95729 0.047056 0.07187
1081.05092 0.043497 0.07348
1081.14456 0.039887 0.07492
1081.23820 0.036236 0.07619
1081.33184 0.032552 0.07727
1081.42548 0.028843 0.07819
1081.51912 0.025117 0.07893
1081.61275 0.021383 0.07949
1081.70639 0.017648 0.07988
1081.80003 0.013921 0.08009
1081.89367 0.010209 0.08013
1081.98731 0.006521 0.08001
1082.08094 0.002864 0.07971
1082.17458 -0.000756 0.07926
1082.26822 -0.004330 0.07864
1082.36186 -0.007851 0.07786
1082.45550 -0.011314 0.07692
1082.54913 -0.014709 0.07584
1082.64277 -0.018033 0.07461
1082.73641 -0.021278 0.07323
1082.83005 -0.024439 0.07172
1082.92369 -0.027510 0.07008
1083.01732 -0.030485 0.06830
1083.11096 -0.033360 0.06641
1083.20460 -0.036130 0.06439
1083.29824 -0.038789 0.06227
1083.39188 -0.041336 0.06004
1083.48551 -0.043764 0.05771
1083.57915 -0.046070 0.05529
1083.67279 -0.048253 0.05277
1083.76643 -0.050308 0.05018
1083.86007 -0.052232 0.04752
1083.95370 -0.054025 0.04478
1084.04734 -0.055683 0.04199
1084.14098 -0.057205 0.03914
1084.23462 -0.058590 0.03624
1084.32826 -0.059836 0.03330
1084.42189 -0.060944 0.03033
1084.51553 -0.061912 0.02732
1084.60917 -0.062741 0.02430
1084.70281 -0.063429 0.02126
1084.79645 -0.063987 0.01820
1084.89008 -0.064371 0.01517
1084.98372 -0.064278 0.01241
1085.07736 -0.064107 0.00965
1085.17100 -0.063826 0.00694
1085.26464 -0.063445 0.00425
1085.35827 -0.062966 0.00161
1085.45191 -0.062390 -0.00099
1085.54555 -0.061721 -0.00355
1085.63919 -0.060961 -0.00606
1085.73283 -0.060113 -0.00851
1085.82646 -0.059180 -0.01091
1085.92010 -0.058165 -0.01324
1086.01374 -0.057070 -0.01552
1086.10738 -0.055900 -0.01773
1086.20102 -0.054656 -0.01987
1086.29465 -0.053344 -0.02194
1086.38829 -0.051965 -0.02395
1086.48193 -0.050523 -0.02587
1086.57557 -0.049023 -0.02772
1086.66921 -0.047466 -0.02949
1086.76284 -0.045858 -0.03119
1086.85648 -0.044201 -0.03280
1086.95012 -0.042498 -0.03433
1087.04376 -0.040755 -0.03577
1087.13740 -0.038973 -0.03713
1087.23103 -0.037158 -0.03841
1087.32467 -0.035311 -0.03960
1087.41831 -0.033438 -0.04070
1087.51195 -0.031541 -0.04172
1087.60559 -0.029624 -0.04265
1087.69922 -0.027691 -0.04349
1087.79286 -0.025745 -0.04425
1087.88650 -0.023790 -0.04491
1087.98014 -0.021829 -0.04550
1088.07378 -0.019865 -0.04599
1088.16741 -0.017901 -0.04640
1088.26105 -0.015942 -0.04673
1088.35469 -0.013990 -0.04697
1088.44833 -0.012048 -0.04713
1088.54197 -0.010119 -0.04721
1088.63560 -0.008207 -0.04721
1088.72924 -0.006314 -0.04713
1088.82288 -0.004443 -0.04698
1088.91652 -0.002596 -0.04674
1089.01016 -0.000777 -0.04644
1089.10379 0.001011 -0.04606
1089.19743 0.002768 -0.04561
1089.29107 0.004489 -0.04509
1089.38471 0.006174 -0.04451
1089.47835 0.007819 -0.04386
1089.57198 0.009423 -0.04315
1089.66562 0.010983 -0.04238
1089.75926 0.012498 -0.04155
1089.85290 0.013967 -0.04067
1089.94654 0.015387 -0.03974
1090.04017 0.016756 -0.03875
1090.13381 0.018074 -0.03772
1090.22745 0.019339 -0.03664
1090.32109 0.020550 -0.03552
1090.41473 0.021706 -0.03436
1090.50836 0.022806 -0.03316
1090.60200 0.023848 -0.03193
1090.69564 0.024833 -0.03066
1090.78928 0.025759 -0.02937
1090.88292 0.026626 -0.02805
1090.97655 0.027434 -0.02670
1091.07019 0.028182 -0.02534
1091.16383 0.028869 -0.02395
1091.25747 0.029497 -0.02255
1091.35111 0.030064 -0.02113
1091.44475 0.030571 -0.01971
1091.53838 0.031018 -0.01827
1091.63202 0.031406 -0.01683
1091.72566 0.031734 -0.01539
1091.81930 0.032003 -0.01395
1091.91294 0.032213 -0.01250
1092.00657 0.032366 -0.01106
1092.10021 0.032462 -0.00963
1092.19385 0.032502 -0.00821
1092.28749 0.032487 -0.00680
1092.38113 0.032417 -0.00540
1092.47476 0.032293 -0.00401
1092.56840 0.032118 -0.00264
1092.66204 0.031891 -0.00130
1092.75568 0.031615 0.00003
1092.84932 0.031290 0.00134
1092.94295 0.030918 0.00262
1093.03659 0.030500 0.00387
1093.13023 0.030038 0.00509
1093.22387 0.029534 0.00629
1093.31751 0.028988 0.00745
1093.41114 0.028402 0.00858
1093.50478 0.027779 0.00968
1093.59842 0.027119 0.01074
1093.69206 0.026425 0.01177
1093.78570 0.025698 0.01275
1093.87933 0.024940 0.01370
1093.97297 0.024152 0.01461
1094.06661 0.023338 0.01548
1094.16025 0.022498 0.01631
1094.25389 0.021634 0.01709
1094.34752 0.020748 0.01784
1094.44116 0.019842 0.01854
1094.53480 0.018918 0.01919
1094.62844 0.017977 0.01981
1094.72208 0.017022 0.02038
1094.81571 0.016055 0.02090
1094.90935 0.015077 0.02138
1095.00299 0.014089 0.02182
1095.09663 0.013095 0.02221
1095.19027 0.012095 0.02255
1095.28390 0.011092 0.02286
1095.37754 0.010087 0.02311
1095.47118 0.009082 0.02333
1095.56482 0.008078 0.02350
1095.65846 0.007078 0.02363
1095.75209 0.006083 0.02371
1095.84573 0.005094 0.02376
1095.93937 0.004113 0.02376
1096.03301 0.003142 0.02372
1096.12665 0.002182 0.02365
1096.22028 0.001234 0.02353
1096.31392 0.000300 0.02337
1096.40756 -0.000618 0.02318
1096.50120 -0.001520 0.02295
1096.59484 -0.002404 0.02269
1096.68847 -0.003269 0.02239
1096.78211 -0.004114 0.02206
1096.87575 -0.004937 0.02170
1096.96939 -0.005739 0.02131
1097.06303 -0.006517 0.02088
1097.15666 -0.007271 0.02043
1097.25030 -0.007999 0.01995
1097.34394 -0.008702 0.01945
1097.43758 -0.009378 0.01892
1097.53122 -0.010027 0.01837
1097.62485 -0.010648 0.01779
1097.71849 -0.011240 0.01720
1097.81213 -0.011803 0.01658
1097.90577 -0.012336 0.01595
1097.99941 -0.012839 0.01530
1098.09304 -0.013312 0.01464
1098.18668 -0.013754 0.01396
1098.28032 -0.014166 0.01327
1098.37396 -0.014546 0.01257
1098.46760 -0.014895 0.01186
1098.56123 -0.015212 0.01114
1098.65487 -0.015498 0.01041
1098.74851 -0.015753 0.00968
1098.84215 -0.015977 0.00894
1098.93579 -0.016169 0.00820
1099.02942 -0.016331 0.00746
1099.12306 -0.016462 0.00672
1099.21670 -0.016563 0.00599
1099.31034 -0.016633 0.00525
1099.40398 -0.016674 0.00452
1099.49761 -0.016686 0.00379
1099.59125 -0.016669 0.00306
1099.68489 -0.016624 0.00235
1099.77853 -0.016551 0.00164
1099.87217 -0.016450 0.00094
1099.96580 -0.016324 0.00025
1100.05944 -0.016171 -0.00042
1100.15308 -0.015994 -0.00109
1100.24672 -0.015792 -0.00174
1100.34036 -0.015566 -0.00238
1100.43399 -0.015317 -0.00300
1100.52763 -0.015047 -0.00360
1100.62127 -0.014755 -0.00419
1100.71491 -0.014443 -0.00477
1100.80855 -0.014111 -0.00532
1100.90218 -0.013760 -0.00586
1100.99582 -0.013392 -0.00638
1101.08946 -0.013008 -0.00687
1101.18310 -0.012607 -0.00735
1101.27674 -0.012191 -0.00781
1101.37038 -0.011762 -0.00824
1101.46401 -0.011320 -0.00865
1101.55765 -0.010865 -0.00904
1101.65129 -0.010400 -0.00941
1101.74493 -0.009925 -0.00976
1101.83857 -0.009440 -0.01008
1101.93220 -0.008948 -0.01038
1102.02584 -0.008449 -0.01066
1102.11948 -0.007943 -0.01092
1102.21312 -0.007433 -0.01115
1102.30676 -0.006918 -0.01136
1102.40039 -0.006401 -0.01154
1102.49403 -0.005881 -0.01170
1102.58767 -0.005360 -0.01184
1102.68131 -0.004838 -0.01196
1102.77495 -0.004317 -0.01205
1102.86858 -0.003798 -0.01212
1102.96222 -0.003281 -0.01217
1103.05586 -0.002767 -0.01220
1103.14950 -0.002257 -0.01221
1103.24314 -0.001751 -0.01219
1103.33677 -0.001252 -0.01216
1103.43041 -0.000759 -0.01210
1103.52405 -0.000273 -0.01202
1103.61769 0.000206 -0.01193
1103.71133 0.000675 -0.01181
1103.80496 0.001136 -0.01168
1103.89860 0.001586 -0.01153
1103.99224 0.002026 -0.01136
1104.08588 0.002455 -0.01117
1104.17952 0.002873 -0.01097
1104.27315 0.003278 -0.01076
1104.36679 0.003671 -0.01052
1104.46043 0.004051 -0.01028
1104.55407 0.004417 -0.01002
1104.64771 0.004769 -0.00975
1104.74134 0.005107 -0.00946
1104.83498 0.005430 -0.00917
1104.92862 0.005738 -0.00886
1105.02226 0.006031 -0.00854
1105.11590 0.006309 -0.00822
1105.20953 0.006571 -0.00788
1105.30317 0.006817 -0.00754
1105.39681 0.007047 -0.00719
1105.49045 0.007261 -0.00684
1105.58409 0.007458 -0.00648
1105.67772 0.007640 -0.00611
1105.77136 0.007805 -0.00574
1105.86500 0.007953 -0.00537
1105.95864 0.008085 -0.00499
1106.05228 0.008201 -0.00461
1106.14591 0.008301 -0.00423
1106.23955 0.008385 -0.00385
1106.33319 0.008452 -0.00347
1106.42683 0.008504 -0.00309
1106.52047 0.008540 -0.00271
1106.61410 0.008561 -0.00233
1106.70774 0.008567 -0.00196
1106.80138 0.008557 -0.00159
1106.89502 0.008533 -0.00122
1106.98866 0.008495 -0.00086
1107.08229 0.008443 -0.00050
1107.17593 0.008377 -0.00015
1107.26957 0.008297 0.00020
1107.36321 0.008205 0.00054
1107.45685 0.008099 0.00088
1107.55048 0.007982 0.00120
1107.64412 0.007853 0.00152
1107.73776 0.007712 0.00183
1107.83140 0.007561 0.00213
1107.92504 0.007399 0.00242
1108.01867 0.007227 0.00271
1108.11231 0.007046 0.00298
1108.20595 0.006855 0.00324
1108.29959 0.006656 0.00350
1108.39323 0.006449 0.00374
1108.48686 0.006234 0.00397
1108.58050 0.006012 0.00419
1108.67414 0.005783 0.00440
1108.76778 0.005549 0.00460
1108.86142 0.005309 0.00479
1108.95505 0.005063 0.00496
1109.04869 0.004814 0.00513
1109.14233 0.004560 0.00528
1109.23597 0.004303 0.00542
1109.32961 0.004043 0.00555
1109.42324 0.003780 0.00567
1109.51688 0.003515 0.00577
1109.61052 0.003249 0.00586
1109.70416 0.002982 0.00594
1109.79780 0.002714 0.00601
1109.89143 0.002446 0.00607
1109.98507 0.002178 0.00612
1110.07871 0.001912 0.00615
1110.17235 0.001646 0.00617
1110.26599 0.001383 0.00619
1110.35962 0.001121 0.00619
1110.45326 0.000862 0.00618
1110.54690 0.000606 0.00616
1110.64054 0.000354 0.00613
1110.73418 0.000105 0.00609
1110.82781 -0.000140 0.00603
1110.92145 -0.000380 0.00597
1111.01509 -0.000615 0.00591
1111.10873 -0.000846 0.00583
1111.20237 -0.001071 0.00574
1111.29601 -0.001290 0.00564
1111.38964 -0.001503 0.00554
1111.48328 -0.001710 0.00543
1111.57692 -0.001911 0.00531
1111.67056 -0.002104 0.00518
1111.76420 -0.002291 0.00505
1111.85783 -0.002471 0.00491
1111.95147 -0.002643 0.00476
1112.04511 -0.002808 0.00461
1112.13875 -0.002965 0.00446
1112.23239 -0.003114 0.00429
1112.32602 -0.003255 0.00413
1112.41966 -0.003389 0.00396
1112.51330 -0.003514 0.00378
1112.60694 -0.003631 0.00361
1112.70058 -0.003740 0.00342
1112.79421 -0.003840 0.00324
1112.88785 -0.003932 0.00305
1112.98149 -0.004016 0.00286
1113.07513 -0.004092 0.00267
1113.16877 -0.004159 0.00248
1113.26240 -0.004217 0.00229
1113.35604 -0.004268 0.00210
1113.44968 -0.004310 0.00190
1113.54332 -0.004345 0.00171
1113.63696 -0.004371 0.00152
1113.73059 -0.004389 0.00132
1113.82423 -0.004399 0.00113
1113.91787 -0.004402 0.00094
1114.01151 -0.004397 0.00075
1114.10515 -0.004385 0.00057
1114.19878 -0.004365 0.00038
1114.29242 -0.004338 0.00020
1114.38606 -0.004304 0.00002
1114.47970 -0.004263 -0.00015
1114.57334 -0.004216 -0.00033
1114.66697 -0.004162 -0.00050
1114.76061 -0.004102 -0.00066
1114.85425 -0.004036 -0.00082
1114.94789 -0.003964 -0.00098
1115.04153 -0.003887 -0.00113
1115.13516 -0.003804 -0.00128
1115.22880 -0.003717 -0.00143
1115.32244 -0.003624 -0.00157
1115.41608 -0.003527 -0.00170
1115.50972 -0.003425 -0.00183
1115.60335 -0.003319 -0.00195
1115.69699 -0.003209 -0.00207
1115.79063 -0.003096 -0.00218
1115.88427 -0.002979 -0.00229
1115.97791 -0.002859 -0.00239
1116.07154 -0.002736 -0.00248
1116.16518 -0.002611 -0.00257
1116.25882 -0.002483 -0.00266
1116.35246 -0.002353 -0.00273
1116.44610 -0.002222 -0.00281
1116.53973 -0.002088 -0.00287
1116.63337 -0.001954 -0.00293
1116.72701 -0.001818 -0.00298
1116.82065 -0.001682 -0.00303
1116.91429 -0.001545 -0.00307
1117.00792 -0.001407 -0.00311
1117.10156 -0.001270 -0.00314
1117.19520 -0.001132 -0.00316
1117.28884 -0.000996 -0.00318
1117.38248 -0.000859 -0.00319
1117.47611 -0.000724 -0.00320
1117.56975 -0.000589 -0.00320
1117.66339 -0.000456 -0.00319
1117.75703 -0.000324 -0.00318
1117.85067 -0.000194 -0.00317
1117.94430 -0.000066 -0.00315
1118.03794 0.000060 -0.00312
1118.13158 0.000184 -0.00309
1118.22522 0.000306 -0.00305
1118.31886 0.000425 -0.00301
1118.41249 0.000541 -0.00297
1118.50613 0.000655 -0.00292
1118.59977 0.000765 -0.00287
1118.69341 0.000872 -0.00281
1118.78705 0.000976 -0.00275
1118.88068 0.001077 -0.00268
1118.97432 0.001174 -0.00262
1119.06796 0.001267 -0.00255
1119.16160 0.001356 -0.00247
1119.25524 0.001442 -0.00239
1119.34887 0.001524 -0.00231
1119.44251 0.001602 -0.00223
1119.53615 0.001676 -0.00214
1119.62979 0.001746 -0.00206
1119.72343 0.001811 -0.00197
1119.81706 0.001873 -0.00187
1119.91070 0.001930 -0.00178
1120.00434 0.001983 -0.00169
1120.09798 0.002031 -0.00159
1120.19162 0.002075 -0.00149
1120.28525 0.002115 -0.00139
1120.37889 0.002151 -0.00130
1120.47253 0.002182 -0.00120
1120.56617 0.002210 -0.00110
1120.65981 0.002232 -0.00100
1120.75344 0.002251 -0.00090
1120.84708 0.002266 -0.00080
1120.94072 0.002276 -0.00070
1121.03436 0.002282 -0.00060
1121.12800 0.002284 -0.00050
1121.22164 0.002283 -0.00040
1121.31527 0.002277 -0.00030
1121.40891 0.002267 -0.00021
1121.50255 0.002254 -0.00011
1121.59619 0.002237 -0.00002
1121.68983 0.002217 0.00007
1121.78346 0.002193 0.00016
1121.87710 0.002165 0.00025
1121.97074 0.002135 0.00034
1122.06438 0.002101 0.00042
1122.15802 0.002064 0.00050
1122.25165 0.002024 0.00058
1122.34529 0.001981 0.00066
1122.43893 0.001936 0.00074
1122.53257 0.001888 0.00081
1122.62621 0.001837 0.00088
1122.71984 0.001785 0.00095
1122.81348 0.001730 0.00101
1122.90712 0.001672 0.00107
1123.00076 0.001613 0.00113
1123.09440 0.001552 0.00119
1123.18803 0.001490 0.00124
1123.28167 0.001426 0.00129
1123.37531 0.001360 0.00134
1123.46895 0.001293 0.00138
1123.56259 0.001225 0.00142
1123.65622 0.001156 0.00146
1123.74986 0.001086 0.00149
1123.84350 0.001015 0.00153
1123.93714 0.000944 0.00155
1124.03078 0.000872 0.00158
1124.12441 0.000800 0.00160
1124.21805 0.000728 0.00162
1124.31169 0.000655 0.00163
1124.40533 0.000583 0.00165
1124.49897 0.000511 0.00166
1124.59260 0.000439 0.00166
1124.68624 0.000367 0.00167
1124.77988 0.000296 0.00167
1124.87352 0.000226 0.00166
1124.96716 0.000156 0.00166
1125.06079 0.000088 0.00165
1125.15443 0.000020 0.00164
1125.24807 -0.000047 0.00162
1125.34171 -0.000113 0.00161
1125.43535 -0.000177 0.00159
1125.52898 -0.000240 0.00157
1125.62262 -0.000302 0.00154
1125.71626 -0.000362 0.00152
1125.80990 -0.000420 0.00149
1125.90354 -0.000477 0.00146
1125.99717 -0.000532 0.00143
1126.09081 -0.000586 0.00139
1126.18445 -0.000637 0.00136
1126.27809 -0.000686 0.00132
1126.37173 -0.000734 0.00128
1126.46536 -0.000779 0.00124
1126.55900 -0.000823 0.00119
1126.65264 -0.000864 0.00115
1126.74628 -0.000903 0.00111
1126.83992 -0.000940 0.00106
1126.93355 -0.000975 0.00101
1127.02719 -0.001007 0.00096
1127.12083 -0.001037 0.00091
1127.21447 -0.001065 0.00086
1127.30811 -0.001091 0.00081
1127.40174 -0.001114 0.00076
1127.49538 -0.001135 0.00071
1127.58902 -0.001154 0.00065
1127.68266 -0.001170 0.00060
1127.77630 -0.001184 0.00055
1127.86993 -0.001196 0.00049
1127.96357 -0.001206 0.00044
1128.05721 -0.001213 0.00039
1128.15085 -0.001218 0.00033
1128.24449 -0.001221 0.00028
1128.33812 -0.001222 0.00023
1128.43176 -0.001220 0.00018
1128.52540 -0.001217 0.00013
1128.61904 -0.001211 0.00007
1128.71268 -0.001204 0.00002
1128.80631 -0.001194 -0.00003
1128.89995 -0.001183 -0.00007
1128.99359 -0.001169 -0.00012
1129.08723 -0.001154 -0.00017
1129.18087 -0.001137 -0.00021
1129.27450 -0.001119 -0.00026
1129.36814 -0.001098 -0.00030
1129.46178 -0.001077 -0.00034
1129.55542 -0.001053 -0.00039
1129.64906 -0.001029 -0.00043
1129.74269 -0.001002 -0.00046
1129.83633 -0.000975 -0.00050
1129.92997 -0.000946 -0.00054
1130.02361 -0.000916 -0.00057
1130.11725 -0.000885 -0.00060
1130.21088 -0.000853 -0.00063
1130.30452 -0.000820 -0.00066
1130.39816 -0.000786 -0.00069
1130.49180 -0.000751 -0.00072
1130.58544 -0.000716 -0.00074
1130.67907 -0.000680 -0.00076
1130.77271 -0.000643 -0.00078
1130.86635 -0.000606 -0.00080
1130.95999 -0.000568 -0.00082
1131.05363 -0.000530 -0.00084
1131.14727 -0.000492 -0.00085
1131.24090 -0.000453 -0.00086
1131.33454 -0.000414 -0.00087
1131.42818 -0.000375 -0.00088
1131.52182 -0.000336 -0.00089
1131.61546 -0.000298 -0.00090
1131.70909 -0.000259 -0.00090
1131.80273 -0.000220 -0.00090
1131.89637 -0.000182 -0.00090
1131.99001 -0.000144 -0.00090
1132.08365 -0.000106 -0.00090
1132.17728 -0.000069 -0.00090
1132.27092 -0.000033 -0.00089
1132.36456 0.000004 -0.00088
1132.45820 0.000039 -0.00088
1132.55184 0.000074 -0.00087
1132.64547 0.000108 -0.00085
1132.73911 0.000142 -0.00084
1132.83275 0.000174 -0.00083
1132.92639 0.000206 -0.00081
1133.02003 0.000237 -0.00080
1133.11366 0.000267 -0.00078
1133.20730 0.000296 -0.00076
1133.30094 0.000324 -0.00074
1133.39458 0.000351 -0.00072
1133.48822 0.000377 -0.00070
1133.58185 0.000402 -0.00068
1133.67549 0.000426 -0.00066
1133.76913 0.000449 -0.00063
1133.86277 0.000470 -0.00061
1133.95641 0.000491 -0.00059
1134.05004 0.000510 -0.00056
1134.14368 0.000528 -0.00053
1134.23732 0.000544 -0.00051
1134.33096 0.000560 -0.00048
1134.42460 0.000574 -0.00045
1134.51823 0.000587 -0.00043
1134.61187 0.000599 -0.00040
1134.70551 0.000610 -0.00037
1134.79915 0.000619 -0.00034
1134.89279 0.000627 -0.00031
1134.98642 0.000634 -0.00028
1135.08006 0.000639 -0.00026
1135.17370 0.000644 -0.00023
1135.26734 0.000647 -0.00020
1135.36098 0.000649 -0.00017
1135.45461 0.000650 -0.00014
1135.54825 0.000650 -0.00011
1135.64189 0.000648 -0.00009
1135.73553 0.000646 -0.00006
1135.82917 0.000642 -0.00003
1135.92280 0.000638 -0.00001
1136.01644 0.000632 0.00002
1136.11008 0.000625 0.00005
1136.20372 0.000617 0.00007
1136.29736 0.000609 0.00010
1136.39099 0.000599 0.00012
1136.48463 0.000589 0.00014
1136.57827 0.000577 0.00017
1136.67191 0.000565 0.00019
1136.76555 0.000552 0.00021
1136.85918 0.000539 0.00023
1136.95282 0.000524 0.00025
1137.04646 0.000509 0.00027
1137.14010 0.000493 0.00029
1137.23374 0.000477 0.00031
1137.32737 0.000460 0.00032
1137.42101 0.000443 0.00034
1137.51465 0.000425 0.00035
1137.60829 0.000406 0.00037
1137.70193 0.000388 0.00038
1137.79556 0.000368 0.00039
1137.88920 0.000349 0.00041
1137.98284 0.000329 0.00042
1138.07648 0.000309 0.00043
1138.17012 0.000289 0.00044
1138.26375 0.000268 0.00044
1138.35739 0.000248 0.00045
1138.45103 0.000227 0.00046
1138.54467 0.000207 0.00046
1138.63831 0.000186 0.00047
1138.73194 0.000165 0.00047
1138.82558 0.000144 0.00047
1138.91922 0.000124 0.00047
1139.01286 0.000103 0.00047
1139.10650 0.000083 0.00047
1139.20013 0.000063 0.00047
1139.29377 0.000043 0.00047
1139.38741 0.000023 0.00047
1139.48105 0.000004 0.00047
1139.57469 -0.000016 0.00046
1139.66832 -0.000034 0.00046
1139.76196 -0.000053 0.00045
1139.85560 -0.000071 0.00045
1139.94924 -0.000088 0.00044
1140.04288 -0.000106 0.00043
1140.13651 -0.000122 0.00042
1140.23015 -0.000139 0.00041
1140.32379 -0.000155 0.00041
1140.41743 -0.000170 0.00040
1140.51107 -0.000185 0.00038
1140.60470 -0.000199 0.00037
1140.69834 -0.000212 0.00036
1140.79198 -0.000225 0.00035
1140.88562 -0.000238 0.00034
1140.97926 -0.000250 0.00033
1141.07290 -0.000261 0.00031
1141.16653 -0.000271 0.00030
1141.26017 -0.000281 0.00029
1141.35381 -0.000291 0.00027
1141.44745 -0.000299 0.00026
1141.54109 -0.000307 0.00024
1141.63472 -0.000315 0.00023
1141.72836 -0.000321 0.00021
1141.82200 -0.000327 0.00020
1141.91564 -0.000333 0.00018
1142.00928 -0.000338 0.00017
1142.10291 -0.000342 0.00015
1142.19655 -0.000345 0.00014
1142.29019 -0.000348 0.00012
1142.38383 -0.000350 0.00011
1142.47747 -0.000352 0.00009
1142.57110 -0.000352 0.00008
1142.66474 -0.000353 0.00006
1142.75838 -0.000352 0.00005
1142.85202 -0.000351 0.00003
1142.94566 -0.000350 0.00002
1143.03929 -0.000348 0.00000
1143.13293 -0.000345 -0.00001
1143.22657 -0.000342 -0.00002
1143.32021 -0.000338 -0.00004
1143.41385 -0.000334 -0.00005
1143.50748 -0.000329 -0.00006
1143.60112 -0.000324 -0.00008
1143.69476 -0.000318 -0.00009
1143.78840 -0.000312 -0.00010
1143.88204 -0.000306 -0.00011
1143.97567 -0.000298 -0.00012
1144.06931 -0.000291 -0.00013
1144.16295 -0.000283 -0.00015
1144.25659 -0.000275 -0.00016
1144.35023 -0.000267 -0.00017
1144.44386 -0.000258 -0.00017
1144.53750 -0.000249 -0.00018
1144.63114 -0.000239 -0.00019
1144.72478 -0.000230 -0.00020
1144.81842 -0.000220 -0.00021
1144.91205 -0.000210 -0.00021
1145.00569 -0.000199 -0.00022
1145.09933 -0.000189 -0.00023
1145.19297 -0.000178 -0.00023
1145.28661 -0.000167 -0.00024
1145.38024 -0.000156 -0.00024
1145.47388 -0.000145 -0.00025
1145.56752 -0.000134 -0.00025
1145.66116 -0.000123 -0.00025
1145.75480 -0.000112 -0.00026
1145.84843 -0.000101 -0.00026
1145.94207 -0.000090 -0.00026
1146.03571 -0.000079 -0.00026
1146.12935 -0.000068 -0.00026
1146.22299 -0.000056 -0.00026
1146.31662 -0.000046 -0.00026
1146.41026 -0.000035 -0.00026
1146.50390 -0.000024 -0.00026
1146.59754 -0.000013 -0.00026
1146.69118 -0.000003 -0.00026
1146.78481 0.000008 -0.00026
1146.87845 0.000018 -0.00025
1146.97209 0.000028 -0.00025
1147.06573 0.000037 -0.00025
1147.15937 0.000047 -0.00024
1147.25300 0.000056 -0.00024
1147.34664 0.000065 -0.00024
1147.44028 0.000074 -0.00023
1147.53392 0.000083 -0.00023
1147.62756 0.000091 -0.00022
1147.72119 0.000099 -0.00021
1147.81483 0.000107 -0.00021
1147.90847 0.000114 -0.00020
1148.00211 0.000121 -0.00020
1148.09575 0.000128 -0.00019
1148.18938 0.000134 -0.00018
1148.28302 0.000141 -0.00018
1148.37666 0.000146 -0.00017
1148.47030 0.000152 -0.00016
1148.56394 0.000157 -0.00015
1148.65757 0.000162 -0.00015
1148.75121 0.000166 -0.00014
1148.84485 0.000170 -0.00013
1148.93849 0.000174 -0.00012
1149.03213 0.000177 -0.00011
1149.12576 0.000180 -0.00011
1149.21940 0.000183 -0.00010
1149.31304 0.000185 -0.00009
1149.40668 0.000187 -0.00008
1149.50032 0.000188 -0.00007
1149.59395 0.000190 -0.00006
1149.68759 0.000190 -0.00006
1149.78123 0.000191 -0.00005
1149.87487 0.000191 -0.00004
1149.96851 0.000191 -0.00003
1150.06214 0.000190 -0.00002
1150.15578 0.000190 -0.00002
1150.24942 0.000189 -0.00001
1150.34306 0.000187 0.00000
1150.43670 0.000185 0.00001
1150.53033 0.000183 0.00002
1150.62397 0.000181 0.00002
1150.71761 0.000179 0.00003
1150.81125 0.000176 0.00004
1150.90489 0.000173 0.00004
1150.99853 0.000169 0.00005
1151.09216 0.000166 0.00006
1151.18580 0.000162 0.00006
1151.27944 0.000158 0.00007
1151.37308 0.000153 0.00007
1151.46672 0.000149 0.00008
1151.56035 0.000144 0.00009
1151.65399 0.000140 0.00009
1151.74763 0.000135 0.00010
1151.84127 0.000129 0.00010
1151.93491 0.000124 0.00010
1152.02854 0.000119 0.00011
1152.12218 0.000113 0.00011
1152.21582 0.000107 0.00012
1152.30946 0.000102 0.00012
1152.40310 0.000096 0.00012
1152.49673 0.000090 0.00013
1152.59037 0.000084 0.00013
1152.68401 0.000078 0.00013
1152.77765 0.000072 0.00013
1152.87129 0.000065 0.00013
1152.96492 0.000059 0.00014
1153.05856 0.000053 0.00014
1153.15220 0.000047 0.00014
1153.24584 0.000041 0.00014
1153.33948 0.000035 0.00014
1153.43311 0.000028 0.00014
1153.52675 0.000022 0.00014
1153.62039 0.000016 0.00014
1153.71403 0.000010 0.00014
1153.80767 0.000004 0.00014
1153.90130 -0.000001 0.00014
1153.99494 -0.000007 0.00014
1154.08858 -0.000013 0.00013
1154.18222 -0.000018 0.00013
1154.27586 -0.000024 0.00013
1154.36949 -0.000029 0.00013
1154.46313 -0.000034 0.00013
1154.55677 -0.000039 0.00012
1154.65041 -0.000044 0.00012
1154.74405 -0.000049 0.00012
1154.83768 -0.000054 0.00012
1154.93132 -0.000058 0.00011
1155.02496 -0.000062 0.00011
1155.11860 -0.000066 0.00011
1155.21224 -0.000070 0.00010
1155.30587 -0.000074 0.00010
1155.39951 -0.000078 0.00010
1155.49315 -0.000081 0.00009
1155.58679 -0.000084 0.00009
1155.68043 -0.000087 0.00008
1155.77406 -0.000090 0.00008
1155.86770 -0.000093 0.00008
1155.96134 -0.000095 0.00007
1156.05498 -0.000097 0.00007
1156.14862 -0.000100 0.00006
1156.24225 -0.000101 0.00006
1156.33589 -0.000103 0.00005
1156.42953 -0.000104 0.00005
1156.52317 -0.000106 0.00004
1156.61681 -0.000107 0.00004
1156.71044 -0.000108 0.00003
1156.80408 -0.000108 0.00003
1156.89772 -0.000109 0.00003
1156.99136 -0.000109 0.00002
1157.08500 -0.000109 0.00002
1157.17863 -0.000109 0.00001
1157.27227 -0.000109 0.00001
1157.36591 -0.000108 0.00000
1157.45955 -0.000108 -0.00000
1157.55319 -0.000107 -0.00001
1157.64682 -0.000106 -0.00001
1157.74046 -0.000105 -0.00001
1157.83410 -0.000103 -0.00002
1157.92774 -0.000102 -0.00002
1158.02138 -0.000100 -0.00003
1158.11501 -0.000098 -0.00003
1158.20865 -0.000097 -0.00003
1158.30229 -0.000095 -0.00004
1158.39593 -0.000092 -0.00004
1158.48957 -0.000090 -0.00004
1158.58320 -0.000088 -0.00005
1158.67684 -0.000085 -0.00005
1158.77048 -0.000083 -0.00005
1158.86412 -0.000080 -0.00006
1158.95776 -0.000077 -0.00006
1159.05139 -0.000074 -0.00006
1159.14503 -0.000071 -0.00006
1159.23867 -0.000068 -0.00007
1159.33231 -0.000065 -0.00007
1159.42595 -0.000062 -0.00007
1159.51958 -0.000058 -0.00007
1159.61322 -0.000055 -0.00007
1159.70686 -0.000052 -0.00007
1159.80050 -0.000048 -0.00008
1159.89414 -0.000045 -0.00008
1159.98777 -0.000042 -0.00008
1160.08141 -0.000038 -0.00008
1160.17505 -0.000035 -0.00008
1160.26869 -0.000031 -0.00008
1160.36233 -0.000028 -0.00008
1160.45596 -0.000024 -0.00008
1160.54960 -0.000021 -0.00008
1160.64324 -0.000017 -0.00008
1160.73688 -0.000014 -0.00008
1160.83052 -0.000011 -0.00008
1160.92416 -0.000007 -0.00008
1161.01779 -0.000004 -0.00008
1161.11143 -0.000001 -0.00008
1161.20507 0.000003 -0.00008
1161.29871 0.000006 -0.00008
1161.39235 0.000009 -0.00008
1161.48598 0.000012 -0.00008
1161.57962 0.000015 -0.00008
1161.67326 0.000018 -0.00007
1161.76690 0.000020 -0.00007
1161.86054 0.000023 -0.00007
1161.95417 0.000026 -0.00007
1162.04781 0.000028 -0.00007
1162.14145 0.000031 -0.00007
1162.23509 0.000033 -0.00006
1162.32873 0.000036 -0.00006
1162.42236 0.000038 -0.00006
1162.51600 0.000040 -0.00006
1162.60964 0.000042 -0.00006
1162.70328 0.000044 -0.00005
1162.79692 0.000046 -0.00005
1162.89055 0.000047 -0.00005
1162.98419 0.000049 -0.00005
1163.07783 0.000050 -0.00005
1163.17147 0.000052 -0.00004
1163.26511 0.000053 -0.00004
1163.35874 0.000054 -0.00004
1163.45238 0.000055 -0.00004
1163.54602 0.000056 -0.00003
1163.63966 0.000057 -0.00003
1163.73330 0.000057 -0.00003
1163.82693 0.000058 -0.00003
1163.92057 0.000058 -0.00002
1164.01421 0.000059 -0.00002
1164.10785 0.000059 -0.00002
1164.20149 0.000059 -0.00002
1164.29512 0.000059 -0.00001
1164.38876 0.000059 -0.00001
1164.48240 0.000059 -0.00001
1164.57604 0.000059 -0.00001
1164.66968 0.000058 -0.00000
1164.76331 0.000058 -0.00000
1164.85695 0.000057 0.00000
1164.95059 0.000057 0.00000
1165.04423 0.000056 0.00001
1165.13787 0.000055 0.00001
1165.23150 0.000054 0.00001
1165.32514 0.000053 0.00001
1165.41878 0.000052 0.00001
1165.51242 0.000051 0.00002
1165.60606 0.000050 0.00002
1165.69969 0.000049 0.00002
1165.79333 0.000047 0.00002
1165.88697 0.000046 0.00002
1165.98061 0.000045 0.00003
1166.07425 0.000043 0.00003
1166.16788 0.000042 0.00003
1166.26152 0.000040 0.00003
1166.35516 0.000038 0.00003
1166.44880 0.000037 0.00003
1166.54244 0.000035 0.00003
1166.63607 0.000033 0.00003
1166.72971 0.000031 0.00004
1166.82335 0.000029 0.00004
1166.91699 0.000028 0.00004
1167.01063 0.000026 0.00004
1167.10426 0.000024 0.00004
1167.19790 0.000022 0.00004
1167.29154 0.000020 0.00004
1167.38518 0.000018 0.00004
1167.47882 0.000016 0.00004
1167.57245 0.000014 0.00004
1167.66609 0.000012 0.00004
1167.75973 0.000010 0.00004
1167.85337 0.000009 0.00004
1167.94701 0.000007 0.00004
1168.04064 0.000005 0.00004
1168.13428 0.000003 0.00004
1168.22792 0.000001 0.00004
1168.32156 -0.000001 0.00004
1168.41520 -0.000002 0.00004
1168.50883 -0.000004 0.00004
1168.60247 -0.000006 0.00004
1168.69611 -0.000008 0.00004
1168.78975 -0.000009 0.00004
1168.88339 -0.000011 0.00004
1168.97702 -0.000012 0.00004
1169.07066 -0.000014 0.00004
1169.16430 -0.000015 0.00004
1169.25794 -0.000017 0.00003
1169.35158 -0.000018 0.00003
1169.44521 -0.000020 0.00003
1169.53885 -0.000021 0.00003
1169.63249 -0.000022 0.00003
1169.72613 -0.000023 0.00003
1169.81977 -0.000024 0.00003
1169.91340 -0.000025 0.00003
1170.00704 -0.000026 0.00003
1170.10068 -0.000027 0.00002
1170.19432 -0.000028 0.00002
1170.28796 -0.000029 0.00002
1170.38159 -0.000030 0.00002
1170.47523 -0.000031 0.00002
1170.56887 -0.000031 0.00002
1170.66251 -0.000032 0.00002
1170.75615 -0.000032 0.00002
1170.84979 -0.000033 0.00001
1170.94342 -0.000033 0.00001
1171.03706 -0.000034 0.00001
1171.13070 -0.000034 0.00001
1171.22434 -0.000034 0.00001
1171.31798 -0.000034 0.00001
1171.41161 -0.000034 0.00001
1171.50525 -0.000034 0.00000
1171.59889 -0.000034 0.00000
1171.69253 -0.000034 0.00000
1171.78617 -0.000034 0.00000
1171.87980 -0.000034 -0.00000
1171.97344 -0.000034 -0.00000
1172.06708 -0.000034 -0.00000
1172.16072 -0.000033 -0.00000
1172.25436 -0.000033 -0.00001
1172.34799 -0.000033 -0.00001
1172.44163 -0.000032 -0.00001
1172.53527 -0.000032 -0.00001
1172.62891 -0.000031 -0.00001
1172.72255 -0.000030 -0.00001
1172.81618 -0.000030 -0.00001
1172.90982 -0.000029 -0.00001
1173.00346 -0.000028 -0.00001
1173.09710 -0.000028 -0.00002
1173.19074 -0.000027 -0.00002
1173.28437 -0.000026 -0.00002
1173.37801 -0.000025 -0.00002
1173.47165 -0.000024 -0.00002
1173.56529 -0.000023 -0.00002
1173.65893 -0.000022 -0.00002
1173.75256 -0.000022 -0.00002
1173.84620 -0.000021 -0.00002
1173.93984 -0.000020 -0.00002
1174.03348 -0.000019 -0.00002
1174.12712 -0.000018 -0.00002
1174.22075 -0.000017 -0.00002
1174.31439 -0.000015 -0.00002
1174.40803 -0.000014 -0.00002
1174.50167 -0.000013 -0.00003
1174.59531 -0.000012 -0.00003
1174.68894 -0.000011 -0.00003
1174.78258 -0.000010 -0.00003
1174.87622 -0.000009 -0.00003
1174.96986 -0.000008 -0.00003
1175.06350 -0.000007 -0.00003
1175.15713 -0.000006 -0.00003
1175.25077 -0.000005 -0.00003
1175.34441 -0.000004 -0.00003
1175.43805 -0.000003 -0.00003
1175.53169 -0.000002 -0.00003
1175.62532 -0.000001 -0.00003
1175.71896 0.000000 -0.00003
1175.81260 0.000001 -0.00003
1175.90624 0.000002 -0.00002
1175.99988 0.000003 -0.00002
1176.09351 0.000004 -0.00002
1176.18715 0.000005 -0.00002
1176.28079 0.000006 -0.00002
1176.37443 0.000007 -0.00002
1176.46807 0.000007 -0.00002
1176.56170 0.000008 -0.00002
1176.65534 0.000009 -0.00002
1176.74898 0.000010 -0.00002
1176.84262 0.000010 -0.00002
1176.93626 0.000011 -0.00002
1177.02989 0.000012 -0.00002
1177.12353 0.000012 -0.00002
1177.21717 0.000013 -0.00002
1177.31081 0.000014 -0.00002
1177.40445 0.000014 -0.00002
1177.49808 0.000015 -0.00002
1177.59172 0.000015 -0.00001
1177.68536 0.000016 -0.00001
1177.77900 0.000016 -0.00001
1177.87264 0.000016 -0.00001
1177.96627 0.000017 -0.00001
1178.05991 0.000017 -0.00001
1178.15355 0.000017 -0.00001
1178.24719 0.000017 -0.00001
1178.34083 0.000018 -0.00001
1178.43446 0.000018 -0.00001
1178.52810 0.000018 -0.00001
1178.62174 0.000018 -0.00001
1178.71538 0.000018 -0.00001
1178.80902 0.000018 -0.00000
1178.90265 0.000018 -0.00000
1178.99629 0.000018 -0.00000
1179.08993 0.000018 -0.00000
1179.18357 0.000018 -0.00000
1179.27721 0.000018 -0.00000
1179.37084 0.000018 -0.00000
1179.46448 0.000018 0.00000
1179.55812 0.000017 0.00000
1179.65176 0.000017 0.00000
1179.74540 0.000017 0.00000
1179.83903 0.000017 0.00000
1179.93267 0.000016 0.00000
1180.02631 0.000016 0.00000
1180.11995 0.000016 0.00000
1180.21359 0.000015 0.00001
1180.30722 0.000015 0.00001
1180.40086 0.000014 0.00001
1180.49450 0.000014 0.00001
1180.58814 0.000014 0.00001
1180.68178 0.000013 0.00001
1180.77542 0.000013 0.00001
1180.86905 0.000012 0.00001
1180.96269 0.000012 0.00001
1181.05633 0.000011 0.00001
1181.14997 0.000011 0.00001
1181.24361 0.000010 0.00001
1181.33724 0.000009 0.00001
1181.43088 0.000009 0.00001
1181.52452 0.000008 0.00001
1181.61816 0.000008 0.00001
1181.71180 0.000007 0.00001
1181.80543 0.000007 0.00001
1181.89907 0.000006 0.00001
1181.99271 0.000005 0.00001
1182.08635 0.000005 0.00001
1182.17999 0.000004 0.00001
1182.27362 0.000004 0.00001
1182.36726 0.000003 0.00001
1182.46090 0.000002 0.00001
1182.55454 0.000002 0.00001
1182.64818 0.000001 0.00001
1182.74181 0.000001 0.00001
1182.83545 0.000000 0.00001
1182.92909 -0.000001 0.00001
1183.02273 -0.000001 0.00001
1183.11637 -0.000002 0.00001
1183.21000 -0.000002 0.00001
1183.30364 -0.000003 0.00001
1183.39728 -0.000003 0.00001
1183.49092 -0.000004 0.00001
1183.58456 -0.000004 0.00001
1183.67819 -0.000005 0.00001
1183.77183 -0.000005 0.00001
1183.86547 -0.000006 0.00001
1183.95911 -0.000006 0.00001
1184.05275 -0.000006 0.00001
1184.14638 -0.000007 0.00001
1184.24002 -0.000007 0.00001
1184.33366 -0.000008 0.00001
1184.42730 -0.000008 0.00001
1184.52094 -0.000008 0.00001
1184.61457 -0.000009 0.00001
1184.70821 -0.000009 0.00001
1184.80185 -0.000009 0.00001
1184.89549 -0.000009 0.00001
1184.98913 -0.000010 0.00001
1185.08276 -0.000010 0.00000
1185.17640 -0.000010 0.00000
1185.27004 -0.000010 0.00000
1185.36368 -0.000010 0.00000
1185.45732 -0.000011 0.00000
1185.55095 -0.000011 0.00000
1185.64459 -0.000011 0.00000
1185.73823 -0.000011 0.00000
1185.83187 -0.000011 0.00000
1185.92551 -0.000011 0.00000
1186.01914 -0.000011 0.00000
1186.11278 -0.000011 0.00000
1186.20642 -0.000011 -0.00000
1186.30006 -0.000011 -0.00000
1186.39370 -0.000011 -0.00000
1186.48733 -0.000011 -0.00000
1186.58097 -0.000011 -0.00000
1186.67461 -0.000011 -0.00000
1186.76825 -0.000011 -0.00000
1186.86189 -0.000011 -0.00000
1186.95552 -0.000011 -0.00000
1187.04916 -0.000010 -0.00000
1187.14280 -0.000010 -0.00000
1187.23644 -0.000010 -0.00000
1187.33008 -0.000010 -0.00000
1187.42371 -0.000010 -0.00001
1187.51735 -0.000009 -0.00001
1187.61099 -0.000009 -0.00001
1187.70463 -0.000009 -0.00001
1187.79827 -0.000009 -0.00001
1187.89190 -0.000009 -0.00001
1187.98554 -0.000008 -0.00001
1188.07918 -0.000008 -0.00001
1188.17282 -0.000008 -0.00001
1188.26646 -0.000007 -0.00001
1188.36009 -0.000007 -0.00001
1188.45373 -0.000007 -0.00001
1188.54737 -0.000007 -0.00001
1188.64101 -0.000006 -0.00001
1188.73465 -0.000006 -0.00001
1188.82828 -0.000006 -0.00001
1188.92192 -0.000005 -0.00001
1189.01556 -0.000005 -0.00001
1189.10920 -0.000005 -0.00001
1189.20284 -0.000004 -0.00001
1189.29647 -0.000004 -0.00001
1189.39011 -0.000004 -0.00001
1189.48375 -0.000003 -0.00001
1189.57739 -0.000003 -0.00001
1189.67103 -0.000003 -0.00001
1189.76466 -0.000002 -0.00001
1189.85830 -0.000002 -0.00001
1189.95194 -0.000002 -0.00001
1190.04558 -0.000001 -0.00001
1190.13922 -0.000001 -0.00001
1190.23285 -0.000001 -0.00001
1190.32649 -0.000000 -0.00001
1190.42013 -0.000000 -0.00001
1190.51377 0.000000 -0.00001
1190.60741 0.000001 -0.00001
1190.70105 0.000001 -0.00001
1190.79468 0.000001 -0.00001
1190.88832 0.000001 -0.00001
1190.98196 0.000002 -0.00001
1191.07560 0.000002 -0.00001
1191.16924 0.000002 -0.00001
1191.26287 0.000002 -0.00001
1191.35651 0.000003 -0.00001
1191.45015 0.000003 -0.00001
1191.54379 0.000003 -0.00001
1191.63743 0.000003 -0.00001
1191.73106 0.000004 -0.00001
1191.82470 0.000004 -0.00001
1191.91834 0.000004 -0.00001
1192.01198 0.000004 -0.00001
1192.10562 0.000004 -0.00001
1192.19925 0.000004 -0.00001
1192.29289 0.000005 -0.00000
1192.38653 0.000005 -0.00000
1192.48017 0.000005 -0.00000
1192.57381 0.000005 -0.00000
1192.66744 0.000005 -0.00000
1192.76108 0.000005 -0.00000
1192.85472 0.000005 -0.00000
1192.94836 0.000005 -0.00000
1193.04200 0.000005 -0.00000
1193.13563 0.000005 -0.00000
1193.22927 0.000005 -0.00000
1193.32291 0.000005 -0.00000
1193.41655 0.000005 -0.00000
1193.51019 0.000005 -0.00000
1193.60382 0.000005 -0.00000
1193.69746 0.000005 -0.00000
1193.79110 0.000005 -0.00000
1193.88474 0.000005 -0.00000
1193.97838 0.000005 -0.00000
1194.07201 0.000005 -0.00000
1194.16565 0.000005 -0.00000
1194.25929 0.000005 -0.00000
1194.35293 0.000005 0.00000
1194.44657 0.000005 0.00000
1194.54020 0.000005 0.00000
1194.63384 0.000005 0.00000
1194.72748 0.000005 0.00000
1194.82112 0.000005 0.00000
1194.91476 0.000004 0.00000
1195.00839 0.000004 0.00000
1195.10203 0.000004 0.00000
1195.19567 0.000004 0.00000
1195.28931 0.000004 0.00000
1195.38295 0.000004 0.00000
1195.47658 0.000004 0.00000
1195.57022 0.000003 0.00000
1195.66386 0.000003 0.00000
1195.75750 0.000003 0.00000
1195.85114 0.000003 0.00000
1195.94477 0.000003 0.00000
1196.03841 0.000003 0.00000
1196.13205 0.000002 0.00000
1196.22569 0.000002 0.00000
1196.31933 0.000002 0.00000
1196.41296 0.000002 0.00000
1196.50660 0.000002 0.00000
1196.60024 0.000002 0.00000
1196.69388 0.000001 0.00000
1196.78752 0.000001 0.00000
1196.88115 0.000001 0.00000
1196.97479 0.000001 0.00000
1197.06843 0.000001 0.00000
1197.16207 0.000000 0.00000
1197.25571 0.000000 0.00000
1197.34934 0.000000 0.00000
1197.44298 -0.000000 0.00000
1197.53662 -0.000000 0.00000
1197.63026 -0.000000 0.00000
1197.72390 -0.000001 0.00000
1197.81753 -0.000001 0.00000
1197.91117 -0.000001 0.00000
1198.00481 -0.000001 0.00000
1198.09845 -0.000001 0.00000
1198.19209 -0.000001 0.00000
1198.28572 -0.000002 0.00000
1198.37936 -0.000002 0.00000
1198.47300 -0.000002 0.00000
1198.56664 -0.000002 0.00000
1198.66028 -0.000002 0.00000
1198.75391 -0.000002 0.00000
1198.84755 -0.000002 0.00000
1198.94119 -0.000002 0.00000
1199.03483 -0.000003 0.00000
1199.12847 -0.000003 0.00000
1199.22210 -0.000003 0.00000
1199.31574 -0.000003 0.00000
1199.40938 -0.000003 0.00000
1199.50302 -0.000003 0.00000
1199.59666 -0.000003 0.00000
1199.69029 -0.000003 0.00000
1199.78393 -0.000003 0.00000
1199.87757 -0.000003 0.00000
1199.97121 -0.000003 0.00000
1200.06485 -0.000003 0.00000
1200.15848 -0.000003 0.00000
1200.25212 -0.000004 0.00000
1200.34576 -0.000004 0.00000
1200.43940 -0.000004 -0.00000
1200.53304 -0.000004 -0.00000
1200.62668 -0.000004 -0.00000
1200.72031 -0.000004 -0.00000
1200.81395 -0.000004 -0.00000
1200.90759 -0.000004 -0.00000
1201.00123 -0.000004 -0.00000
1201.09487 -0.000004 -0.00000
1201.18850 -0.000004 -0.00000
1201.28214 -0.000004 -0.00000
1201.37578 -0.000004 -0.00000
1201.46942 -0.000004 -0.00000
1201.56306 -0.000003 -0.00000
1201.65669 -0.000003 -0.00000
1201.75033 -0.000003 -0.00000
1201.84397 -0.000003 -0.00000
1201.93761 -0.000003 -0.00000
1202.03125 -0.000003 -0.00000
1202.12488 -0.000003 -0.00000
1202.21852 -0.000003 -0.00000
1202.31216 -0.000003 -0.00000
1202.40580 -0.000003 -0.00000
1202.49944 -0.000003 -0.00000
1202.59307 -0.000003 -0.00000
1202.68671 -0.000003 -0.00000
1202.78035 -0.000003 -0.00000
1202.87399 -0.000003 -0.00000
1202.96763 -0.000003 -0.00000
1203.06126 -0.000002 -0.00000
1203.15490 -0.000002 -0.00000
1203.24854 -0.000002 -0.00000
1203.34218 -0.000002 -0.00000
1203.43582 -0.000002 -0.00000
1203.52945 -0.000002 -0.00000
1203.62309 -0.000002 -0.00000
1203.71673 -0.000002 -0.00000
1203.81037 -0.000002 -0.00000
1203.90401 -0.000002 -0.00000
1203.99764 -0.000001 -0.00000
1204.09128 -0.000001 -0.00000
1204.18492 -0.000001 -0.00000
1204.27856 -0.000001 -0.00000
1204.37220 -0.000001 -0.00000
1204.46583 -0.000001 -0.00000
1204.55947 -0.000001 -0.00000
1204.65311 -0.000001 -0.00000
1204.74675 -0.000001 -0.00000
1204.84039 -0.000001 -0.00000
1204.93402 -0.000001 -0.00000
1205.02766 -0.000000 -0.00000
1205.12130 -0.000000 -0.00000
1205.21494 -0.000000 -0.00000
1205.30858 -0.000000 -0.00000
1205.40221 -0.000000 -0.00000
1205.49585 0.000000 -0.00000
1205.58949 0.000000 -0.00000
1205.68313 0.000000 -0.00000
1205.77677 0.000000 -0.00000
1205.87040 0.000000 -0.00000
1205.96404 0.000000 -0.00000
1206.05768 0.000000 -0.00000
1206.15132 0.000001 -0.00000
1206.24496 0.000001 -0.00000
1206.33859 0.000001 -0.00000
1206.43223 0.000001 -0.00000
1206.52587 0.000001 -0.00000
1206.61951 0.000001 -0.00000
1206.71315 0.000001 -0.00000
1206.80678 0.000001 -0.00000
1206.90042 0.000001 -0.00000
1206.99406 0.000001 -0.00000
1207.08770 0.000001 -0.00000
1207.18134 0.000001 -0.00000
1207.27497 0.000001 -0.00000
1207.36861 0.000001 -0.00000
1207.46225 0.000001 -0.00000
1207.55589 0.000001 -0.00000
1207.64953 0.000001 -0.00000
1207.74316 0.000001 -0.00000
1207.83680 0.000001 -0.00000
1207.93044 0.000001 -0.00000
1208.02408 0.000001 -0.00000
1208.11772 0.000001 -0.00000
1208.21135 0.000001 -0.00000
1208.30499 0.000001 -0.00000
1208.39863 0.000001 -0.00000
1208.49227 0.000001 -0.00000
1208.58591 0.000001 -0.00000
1208.67954 0.000001 -0.00000
1208.77318 0.000001 -0.00000
1208.86682 0.000001 -0.00000
1208.96046 0.000001 -0.00000
1209.05410 0.000001 -0.00000
1209.14773 0.000001 -0.00000
1209.24137 0.000001 -0.00000
1209.33501 0.000001 -0.00000
1209.42865 0.000001 -0.00000
1209.52229 0.000001 -0.00000
1209.61592 0.000001 -0.00000
1209.70956 0.000001 -0.00000
1209.80320 0.000001 0.00000
1209.89684 0.000001 0.00000
1209.99048 0.000001 0.00000
1210.08411 0.000001 0.00000
1210.17775 0.000001 0.00000
1210.27139 0.000001 0.00000
1210.36503 0.000001 0.00000
1210.45867 0.000001 0.00000
1210.55231 0.000001 0.00000
1210.64594 0.000001 0.00000
1210.73958 0.000001 0.00000
1210.83322 0.000001 0.00000
1210.92686 0.000000 0.00000
1211.02050 0.000000 0.00000
1211.11413 0.000000 0.00000
1211.20777 0.000000 0.00000
1211.30141 0.000000 0.00000
1211.39505 0.000000 0.00000
1211.48869 0.000000 0.00000
1211.58232 0.000000 0.00000
1211.67596 0.000000 0.00000
1211.76960 -0.000000 0.00000
1211.86324 -0.000000 0.00000
1211.95688 -0.000000 0.00000
1212.05051 -0.000000 0.00000
1212.14415 -0.000000 0.00000
1212.23779 -0.000000 0.00000
1212.33143 -0.000000 0.00000
1212.42507 -0.000000 0.00000
1212.51870 -0.000000 0.00000
1212.61234 -0.000000 0.00000
1212.70598 -0.000001 0.00000
1212.79962 -0.000001 0.00000
1212.89326 -0.000001 0.00000
1212.98689 -0.000001 0.00000
1213.08053 -0.000001 0.00000
1213.17417 -0.000001 0.00000
1213.26781 -0.000001 0.00000
1213.36145 -0.000001 0.00000
1213.45508 -0.000001 0.00000
1213.54872 -0.000001 0.00000
1213.64236 -0.000001 0.00000
1213.73600 -0.000001 0.00000
1213.82964 -0.000001 0.00000
1213.92327 -0.000001 0.00000
1214.01691 -0.000001 -0.00000
1214.11055 -0.000001 -0.00000
1214.20419 -0.000001 -0.00000
1214.29783 -0.000001 -0.00000
1214.39146 -0.000001 -0.00000
1214.48510 -0.000001 -0.00000
1214.57874 -0.000001 -0.00000
1214.67238 -0.000001 -0.00000
1214.76602 -0.000001 -0.00000
1214.85965 -0.000001 -0.00000
1214.95329 -0.000001 -0.00000
1215.04693 -0.000001 -0.00000
1215.14057 -0.000001 -0.00000
1215.23421 -0.000001 -0.00000
1215.32784 -0.000001 -0.00000
1215.42148 -0.000001 -0.00000
1215.51512 -0.000001 -0.00000
1215.60876 -0.000001 -0.00000
1215.70240 -0.000001 -0.00000
1215.79603 -0.000001 -0.00000
1215.88967 -0.000001 -0.00000
1215.98331 -0.000001 -0.00000
1216.07695 -0.000001 -0.00000
1216.17059 -0.000001 -0.00000
1216.26422 -0.000001 -0.00000
1216.35786 -0.000001 -0.00000
1216.45150 -0.000001 -0.00000
1216.54514 -0.000001 -0.00000
1216.63878 -0.000001 -0.00000
1216.73241 -0.000001 -0.00000
1216.82605 -0.000001 -0.00000
1216.91969 -0.000001 -0.00000
1217.01333 -0.000001 -0.00000
1217.10697 -0.000001 -0.00000
1217.20060 -0.000001 -0.00000
1217.29424 -0.000001 -0.00000
1217.38788 -0.000001 -0.00000
1217.48152 -0.000001 -0.00000
1217.57516 -0.000001 -0.00000
1217.66879 -0.000001 -0.00000
1217.76243 -0.000001 -0.00000
1217.85607 -0.000001 -0.00000
1217.94971 -0.000001 -0.00000
1218.04335 -0.000001 -0.00000
1218.13698 -0.000001 -0.00000
1218.23062 -0.000001 -0.00000
1218.32426 -0.000001 -0.00000
1218.41790 -0.000001 -0.00000
1218.51154 -0.000001 -0.00000
1218.60517 -0.000001 -0.00000
1218.69881 -0.000001 -0.00000
1218.79245 -0.000001 -0.00000
1218.88609 -0.000001 -0.00000
1218.97973 -0.000001 -0.00000
1219.07336 -0.000001 -0.00000
1219.16700 -0.000001 -0.00000
1219.26064 -0.000000 -0.00000
1219.35428 -0.000000 -0.00000
1219.44792 -0.000000 -0.00000
1219.54155 -0.000000 -0.00000
1219.63519 -0.000000 -0.00000
1219.72883 -0.000000 -0.00000
1219.82247 -0.000000 -0.00000
1219.91611 -0.000000 -0.00000
1220.00975 -0.000000 -0.00000
1220.10338 -0.000000 -0.00000
1220.19702 -0.000000 -0.00000
1220.29066 -0.000000 -0.00000
1220.38430 -0.000000 -0.00000
1220.47794 -0.000000 -0.00000
1220.57157 -0.000000 -0.00000
1220.66521 -0.000000 -0.00000
1220.75885 -0.000000 -0.00000
1220.85249 -0.000000 -0.00000
1220.94613 -0.000000 -0.00000
1221.03976 0.000000 -0.00000
1221.13340 0.000000 -0.00000
1221.22704 0.000000 -0.00000
1221.32068 0.000000 -0.00000
1221.41432 0.000000 -0.00000
1221.50795 0.000000 -0.00000
1221.60159 0.000000 -0.00000
1221.69523 0.000000 -0.00000
1221.78887 0.000000 -0.00000
1221.88251 0.000000 -0.00000
1221.97614 0.000000 -0.00000
1222.06978 0.000000 -0.00000
1222.16342 0.000000 -0.00000
1222.25706 0.000000 -0.00000
1222.35070 0.000000 -0.00000
1222.44433 0.000000 -0.00000
1222.53797 0.000000 -0.00000
1222.63161 0.000000 -0.00000
1222.72525 0.000000 -0.00000
1222.81889 0.000000 -0.00000
1222.91252 0.000000 -0.00000
1223.00616 0.000000 -0.00000
1223.09980 0.000000 -0.00000
1223.19344 0.000000 -0.00000
1223.28708 0.000000 -0.00000
1223.38071 0.000000 -0.00000
1223.47435 0.000000 -0.00000
1223.56799 0.000000 -0.00000
1223.66163 0.000000 -0.00000
1223.75527 0.000000 -0.00000
1223.84890 0.000000 -0.00000
1223.94254 0.000000 -0.00000
1224.03618 0.000000 -0.00000
1224.12982 0.000000 -0.00000
1224.22346 0.000000 -0.00000
1224.31709 0.000000 -0.00000
1224.41073 0.000000 -0.00000
1224.50437 0.000000 -0.00000
1224.59801 0.000000 -0.00000
1224.69165 0.000000 -0.00000
1224.78528 0.000000 -0.00000
1224.87892 0.000000 -0.00000
1224.97256 0.000000 -0.00000
1225.06620 0.000000 -0.00000
1225.15984 0.000000 -0.00000
1225.25347 0.000000 -0.00000
1225.34711 0.000000 -0.00000
1225.44075 0.000000 -0.00000
1225.53439 -0.000000 -0.00000
1225.62803 -0.000000 -0.00000
1225.72166 -0.000000 -0.00000
1225.81530 -0.000000 -0.00000
1225.90894 -0.000000 -0.00000
1226.00258 -0.000000 -0.00000
1226.09622 -0.000000 -0.00000
1226.18985 -0.000000 -0.00000
1226.28349 -0.000000 -0.00000
1226.37713 -0.000000 -0.00000
1226.47077 -0.000000 -0.00000
1226.56441 -0.000000 -0.00000
1226.65804 -0.000000 -0.00000
1226.75168 -0.000000 -0.00000
1226.84532 -0.000000 -0.00000
1226.93896 -0.000000 -0.00000
1227.03260 -0.000000 -0.00000
1227.12623 -0.000000 -0.00000
1227.21987 -0.000000 -0.00000
1227.31351 -0.000000 -0.00000
1227.40715 -0.000000 -0.00000
1227.50079 -0.000000 -0.00000
1227.59442 -0.000000 -0.00000
1227.68806 -0.000000 -0.00000
1227.78170 -0.000000 -0.00000
1227.87534 -0.000000 -0.00000
1227.96898 -0.000000 -0.00000
1228.06261 -0.000000 -0.00000
1228.15625 -0.000000 -0.00000
1228.24989 -0.000000 -0.00000
1228.34353 -0.000000 -0.00000
1228.43717 -0.000000 -0.00000
1228.53080 -0.000000 -0.00000
1228.62444 -0.000000 -0.00000
1228.71808 -0.000000 -0.00000
1228.81172 -0.000000 -0.00000
1228.90536 -0.000000 -0.00000
1228.99899 -0.000000 -0.00000
1229.09263 -0.000000 -0.00000
1229.18627 -0.000000 -0.00000
1229.27991 -0.000000 -0.00000
1229.37355 -0.000000 -0.00000
1229.46718 -0.000000 -0.00000
1229.56082 -0.000000 -0.00000
1229.65446 -0.000000 -0.00000
1229.74810 -0.000001 -0.00000
1229.84174 -0.000001 -0.00000
1229.93538 -0.000001 -0.00000
1230.02901 -0.000001 -0.00000
1230.12265 -0.000001 -0.00000
1230.21629 -0.000001 -0.00000
1230.30993 -0.000001 -0.00000
1230.40357 -0.000001 -0.00000
1230.49720 -0.000001 -0.00000
1230.59084 -0.000001 -0.00000
1230.68448 -0.000001 -0.00000
1230.77812 -0.000001 -0.00000
1230.87176 -0.000001 -0.00000
1230.96539 -0.000000 -0.00000
1231.05903 -0.000000 -0.00000
1231.15267 -0.000000 -0.00000
1231.24631 -0.000000 -0.00000
1231.33995 -0.000000 -0.00000
1231.43358 -0.000000 -0.00000
1231.52722 -0.000000 -0.00000
1231.62086 -0.000000 -0.00000
1231.71450 -0.000000 -0.00000
1231.80814 -0.000000 -0.00000
1231.90177 -0.000000 -0.00000
1231.99541 -0.000000 -0.00000
1232.08905 -0.000000 -0.00000
1232.18269 -0.000000 -0.00000
1232.27633 -0.000000 -0.00000
1232.36996 -0.000000 -0.00000
1232.46360 -0.000000 -0.00000
1232.55724 -0.000000 -0.00000
1232.65088 -0.000000 -0.00000
1232.74452 -0.000000 -0.00000
1232.83815 -0.000000 -0.00000
1232.93179 -0.000000 -0.00000
1233.02543 -0.000000 -0.00000
1233.11907 -0.000000 -0.00000
1233.21271 -0.000000 -0.00000
1233.30634 -0.000000 -0.00000
1233.39998 -0.000000 -0.00000
1233.49362 -0.000000 -0.00000
1233.58726 -0.000000 -0.00000
1233.68090 -0.000000 -0.00000
1233.77453 -0.000000 -0.00000
1233.86817 -0.000000 -0.00000
1233.96181 -0.000000 -0.00000
1234.05545 -0.000000 -0.00000
1234.14909 -0.000000 -0.00000
1234.24272 -0.000000 -0.00000
1234.33636 -0.000000 -0.00000
1234.43000 -0.000000 -0.00000
1234.52364 -0.000000 -0.00000
1234.61728 -0.000000 -0.00000
1234.71091 -0.000000 -0.00000
1234.80455 -0.000000 -0.00000
1234.89819 -0.000000 -0.00000
1234.99183 -0.000000 -0.00000
1235.08547 -0.000000 -0.00000
1235.17910 -0.000000 -0.00000
1235.27274 -0.000000 -0.00000
1235.36638 -0.000000 -0.00000
1235.46002 -0.000000 -0.00000
1235.55366 -0.000000 -0.00000
1235.64729 -0.000000 -0.00000
1235.74093 -0.000000 -0.00000
1235.83457 -0.000000 -0.00000
1235.92821 -0.000000 -0.00000
1236.02185 -0.000000 -0.00000
1236.11548 -0.000000 -0.00000
1236.20912 -0.000000 -0.00000
1236.30276 -0.000000 -0.00000
1236.39640 -0.000000 -0.00000
1236.49004 -0.000000 -0.00000
1236.58367 -0.000000 -0.00000
1236.67731 -0.000000 -0.00000
1236.77095 -0.000000 -0.00000
1236.86459 -0.000000 -0.00000
1236.95823 -0.000000 -0.00000
1237.05186 -0.000000 -0.00000
1237.14550 -0.000000 -0.00000
1237.23914 -0.000000 -0.00000
1237.33278 -0.000000 -0.00000
1237.42642 -0.000000 -0.00000
1237.52005 -0.000000 -0.00000
1237.61369 -0.000000 -0.00000
1237.70733 -0.000000 -0.00000
1237.80097 -0.000000 -0.00000
1237.89461 -0.000000 -0.00000
1237.98824 -0.000000 -0.00000
1238.08188 -0.000000 -0.00000
1238.17552 -0.000000 -0.00000
1238.26916 -0.000000 -0.00000
1238.36280 -0.000000 -0.00000
1238.45643 -0.000000 -0.00000
1238.55007 -0.000000 -0.00000
1238.64371 -0.000000 -0.00000
1238.73735 -0.000000 -0.00000
1238.83099 -0.000000 -0.00000
1238.92462 -0.000000 -0.00000
1239.01826 -0.000000 -0.00000
1239.11190 -0.000000 -0.00000
1239.20554 -0.000000 -0.00000
1239.29918 -0.000000 -0.00000
1239.39281 -0.000000 -0.00000
1239.48645 -0.000000 -0.00000
1239.58009 -0.000000 -0.00000
1239.67373 -0.000000 -0.00000
1239.76737 -0.000000 -0.00000
1239.86101 -0.000000 -0.00000
1239.95464 -0.000000 -0.00000
1240.04828 -0.000000 -0.00000
1240.14192 -0.000000 -0.00000
1240.23556 -0.000000 -0.00000
1240.32920 -0.000000 -0.00000
1240.42283 -0.000000 -0.00000
1240.51647 -0.000000 -0.00000
1240.61011 -0.000000 -0.00000
1240.70375 -0.000000 -0.00000
1240.79739 -0.000000 -0.00000
1240.89102 -0.000000 -0.00000
1240.98466 -0.000000 -0.00000
1241.07830 -0.000000 -0.00000
1241.17194 -0.000000 -0.00000
1241.26558 -0.000000 -0.00000
1241.35921 -0.000000 -0.00000
1241.45285 -0.000000 -0.00000
1241.54649 -0.000000 -0.00000
1241.64013 -0.000000 -0.00000
1241.73377 -0.000000 -0.00000
1241.82740 -0.000000 -0.00000
1241.92104 -0.000000 -0.00000
1242.01468 -0.000000 -0.00000
1242.10832 -0.000000 -0.00000
1242.20196 -0.000000 -0.00000
1242.29559 -0.000000 -0.00000
1242.38923 -0.000000 -0.00000
1242.48287 -0.000000 -0.00000
1242.57651 -0.000000 -0.00000
1242.67015 -0.000000 -0.00000
1242.76378 -0.000000 -0.00000
1242.85742 -0.000000 -0.00000
1242.95106 -0.000000 -0.00000
1243.04470 -0.000000 -0.00000
1243.13834 -0.000000 -0.00000
1243.23197 -0.000000 -0.00000
1243.32561 -0.000000 -0.00000
1243.41925 -0.000000 -0.00000
1243.51289 -0.000000 -0.00000
1243.60653 -0.000000 -0.00000
1243.70016 -0.000000 -0.00000
1243.79380 -0.000000 -0.00000
1243.88744 -0.000000 -0.00000
1243.98108 -0.000000 -0.00000
1244.07472 -0.000000 -0.00000
1244.16835 -0.000000 -0.00000
1244.26199 -0.000000 -0.00000
1244.35563 -0.000000 -0.00000
1244.44927 -0.000000 -0.00000
1244.54291 -0.000000 -0.00000
1244.63654 -0.000000 -0.00000
1244.73018 -0.000000 -0.00000
1244.82382 -0.000000 -0.00000
1244.91746 -0.000000 -0.00000
1245.01110 -0.000000 -0.00000
1245.10473 -0.000000 -0.00000
1245.19837 -0.000000 -0.00000
1245.29201 -0.000000 -0.00000
1245.38565 -0.000000 -0.00000
1245.47929 -0.000000 -0.00000
1245.57292 -0.000000 -0.00000
1245.66656 -0.000000 -0.00000
1245.76020 -0.000000 -0.00000
1245.85384 -0.000000 -0.00000
1245.94748 -0.000000 -0.00000
1246.04111 -0.000000 -0.00000
1246.13475 -0.000000 -0.00000
1246.22839 -0.000000 -0.00000
1246.32203 -0.000000 -0.00000
1246.41567 -0.000000 -0.00000
1246.50930 -0.000000 -0.00000
1246.60294 -0.000000 -0.00000
1246.69658 -0.000000 -0.00000
1246.79022 -0.000000 -0.00000
1246.88386 -0.000000 -0.00000
1246.97749 -0.000000 -0.00000
1247.07113 -0.000000 -0.00000
1247.16477 -0.000000 -0.00000
1247.25841 -0.000000 -0.00000
1247.35205 -0.000000 -0.00000
1247.44568 -0.000000 -0.00000
1247.53932 -0.000000 -0.00000
1247.63296 -0.000000 -0.00000
1247.72660 -0.000000 -0.00000
1247.82024 -0.000000 -0.00000
1247.91387 -0.000000 -0.00000
1248.00751 -0.000000 -0.00000
1248.10115 -0.000000 -0.00000
1248.19479 -0.000000 -0.00000
1248.28843 -0.000000 -0.00000
1248.38206 -0.000000 -0.00000
1248.47570 -0.000000 -0.00000
1248.56934 -0.000000 -0.00000
1248.66298 -0.000000 -0.00000
1248.75662 -0.000000 -0.00000
1248.85025 -0.000000 -0.00000
1248.94389 -0.000000 -0.00000
1249.03753 -0.000000 -0.00000
1249.13117 -0.000000 -0.00000
1249.22481 -0.000000 -0.00000
1249.31844 -0.000000 -0.00000
1249.41208 -0.000000 -0.00000
1249.50572 -0.000000 -0.00000
1249.59936 -0.000000 -0.00000
1249.69300 -0.000000 -0.00000
1249.78664 -0.000000 -0.00000
1249.88027 -0.000000 -0.00000
1249.97391 -0.000000 -0.00000
1250.06755 -0.000000 -0.00000
1250.16119 -0.000000 -0.00000
1250.25483 -0.000000 -0.00000
1250.34846 -0.000000 -0.00000
1250.44210 -0.000000 -0.00000
1250.53574 -0.000000 -0.00000
1250.62938 -0.000000 -0.00000
1250.72302 -0.000000 -0.00000
1250.81665 -0.000000 -0.00000
1250.91029 -0.000000 -0.00000
1251.00393 -0.000000 -0.00000
1251.09757 -0.000000 -0.00000
1251.19121 -0.000000 -0.00000
1251.28484 -0.000000 -0.00000
1251.37848 -0.000000 -0.00000
1251.47212 -0.000000 -0.00000
1251.56576 -0.000000 -0.00000
1251.65940 -0.000000 -0.00000
1251.75303 -0.000000 -0.00000
1251.84667 -0.000000 -0.00000
1251.94031 -0.000000 -0.00000
1252.03395 -0.000000 -0.00000
1252.12759 -0.000000 -0.00000
1252.22122 -0.000000 -0.00000
1252.31486 -0.000000 -0.00000
1252.40850 -0.000000 -0.00000
1252.50214 -0.000000 -0.00000
1252.59578 -0.000000 -0.00000
1252.68941 -0.000000 -0.00000
1252.78305 -0.000000 -0.00000
1252.87669 -0.000000 -0.00000
1252.97033 -0.000000 -0.00000
1253.06397 -0.000000 -0.00000
1253.15760 -0.000000 -0.00000
1253.25124 -0.000000 -0.00000
1253.34488 -0.000000 -0.00000
1253.43852 -0.000000 -0.00000
1253.53216 -0.000000 -0.00000
1253.62579 -0.000000 -0.00000
1253.71943 -0.000000 -0.00000
1253.81307 -0.000000 -0.00000
1253.90671 -0.000000 -0.00000
1254.00035 -0.000000 -0.00000
1254.09398 -0.000000 -0.00000
1254.18762 -0.000000 -0.00000
1254.28126 -0.000000 -0.00000
1254.37490 -0.000000 -0.00000
1254.46854 -0.000000 -0.00000
1254.56217 -0.000000 -0.00000
1254.65581 -0.000000 -0.00000
1254.74945 -0.000000 -0.00000
1254.84309 -0.000000 -0.00000
1254.93673 -0.000000 -0.00000
1255.03036 -0.000000 -0.00000
1255.12400 -0.000000 -0.00000
1255.21764 -0.000000 -0.00000
1255.31128 -0.000000 -0.00000
1255.40492 -0.000000 -0.00000
1255.49855 -0.000000 -0.00000
1255.59219 -0.000000 -0.00000
1255.68583 -0.000000 -0.00000
1255.77947 -0.000000 -0.00000
1255.87311 -0.000000 -0.00000
1255.96674 -0.000000 -0.00000
1256.06038 -0.000000 -0.00000
1256.15402 -0.000000 -0.00000
1256.24766 -0.000000 -0.00000
1256.34130 -0.000000 -0.00000
1256.43493 -0.000000 -0.00000
1256.52857 -0.000000 -0.00000
1256.62221 -0.000000 -0.00000
1256.71585 -0.000000 -0.00000
1256.80949 -0.000000 -0.00000
1256.90312 -0.000000 -0.00000
1256.99676 -0.000000 -0.00000
1257.09040 -0.000000 -0.00000
1257.18404 -0.000000 -0.00000
1257.27768 -0.000000 -0.00000
1257.37131 -0.000000 -0.00000
1257.46495 -0.000000 -0.00000
1257.55859 -0.000000 -0.00000
1257.65223 -0.000000 -0.00000
1257.74587 -0.000000 -0.00000
1257.83950 -0.000000 -0.00000
1257.93314 -0.000000 -0.00000
1258.02678 -0.000000 -0.00000
1258.12042 -0.000000 -0.00000
1258.21406 -0.000000 -0.00000
1258.30769 -0.000000 -0.00000
1258.40133 -0.000000 -0.00000
1258.49497 -0.000000 -0.00000
1258.58861 -0.000000 -0.00000
1258.68225 -0.000000 -0.00000
1258.77588 -0.000000 -0.00000
1258.86952 -0.000000 -0.00000
1258.96316 -0.000000 -0.00000
1259.05680 -0.000000 -0.00000
1259.15044 -0.000000 -0.00000
1259.24407 -0.000000 -0.00000
1259.33771 -0.000000 -0.00000
1259.43135 -0.000000 -0.00000
1259.52499 -0.000000 -0.00000
1259.61863 -0.000000 -0.00000
1259.71227 -0.000000 -0.00000
1259.80590 -0.000000 -0.00000
1259.89954 -0.000000 -0.00000
1259.99318 -0.000000 -0.00000
1260.08682 -0.000000 -0.00000
1260.18046 -0.000000 -0.00000
1260.27409 -0.000000 -0.00000
1260.36773 -0.000000 -0.00000
1260.46137 -0.000000 -0.00000
1260.55501 -0.000000 -0.00000
1260.64865 -0.000000 -0.00000
1260.74228 -0.000000 -0.00000
1260.83592 -0.000000 -0.00000
1260.92956 -0.000000 -0.00000
1261.02320 -0.000000 -0.00000
1261.11684 -0.000000 -0.00000
1261.21047 -0.000000 -0.00000
1261.30411 -0.000000 -0.00000
1261.39775 -0.000000 -0.00000
1261.49139 -0.000000 -0.00000
1261.58503 -0.000000 -0.00000
1261.67866 -0.000000 -0.00000
1261.77230 -0.000000 -0.00000
1261.86594 -0.000000 -0.00000
1261.95958 -0.000000 -0.00000
1262.05322 -0.000000 -0.00000
1262.14685 -0.000000 -0.00000
1262.24049 -0.000000 -0.00000
1262.33413 -0.000000 -0.00000
1262.42777 -0.000000 -0.00000
1262.52141 -0.000000 -0.00000
1262.61504 -0.000000 -0.00000
1262.70868 -0.000000 -0.00000
1262.80232 -0.000000 -0.00000
1262.89596 -0.000000 -0.00000
1262.98960 -0.000000 -0.00000
1263.08323 -0.000000 -0.00000
1263.17687 -0.000000 -0.00000
1263.27051 -0.000000 -0.00000
1263.36415 -0.000000 -0.00000
1263.45779 -0.000000 -0.00000
1263.55142 -0.000000 -0.00000
1263.64506 -0.000000 -0.00000
1263.73870 -0.000000 -0.00000
1263.83234 -0.000000 -0.00000
1263.92598 -0.000000 -0.00000
1264.01961 -0.000000 -0.00000
1264.11325 -0.000000 -0.00000
1264.20689 -0.000000 -0.00000
1264.30053 -0.000000 -0.00000
1264.39417 -0.000000 -0.00000
1264.48780 -0.000000 -0.00000
1264.58144 -0.000000 -0.00000
1264.67508 -0.000000 -0.00000
1264.76872 -0.000000 -0.00000
1264.86236 -0.000000 -0.00000
1264.95599 -0.000000 -0.00000
1265.04963 -0.000000 -0.00000
1265.14327 -0.000000 -0.00000
1265.23691 -0.000000 -0.00000
1265.33055 -0.000000 -0.00000
1265.42418 -0.000000 -0.00000
1265.51782 -0.000000 -0.00000
1265.61146 -0.000000 -0.00000
1265.70510 -0.000000 -0.00000
1265.79874 -0.000000 -0.00000
1265.89237 -0.000000 -0.00000
1265.98601 -0.000000 -0.00000
1266.07965 -0.000000 -0.00000
1266.17329 -0.000000 -0.00000
1266.26693 -0.000000 -0.00000
1266.36056 -0.000000 -0.00000
1266.45420 -0.000000 -0.00000
1266.54784 -0.000000 -0.00000
1266.64148 -0.000000 -0.00000
1266.73512 -0.000000 -0.00000
1266.82875 -0.000000 -0.00000
1266.92239 -0.000000 -0.00000
1267.01603 -0.000000 -0.00000
1267.10967 -0.000000 -0.00000
1267.20331 -0.000000 -0.00000
1267.29694 -0.000000 -0.00000
1267.39058 -0.000000 -0.00000
1267.48422 -0.000000 -0.00000
1267.57786 -0.000000 -0.00000
1267.67150 -0.000000 -0.00000
1267.76513 -0.000000 -0.00000
1267.85877 -0.000000 -0.00000
1267.95241 -0.000000 -0.00000
1268.04605 -0.000000 -0.00000
1268.13969 -0.000000 -0.00000
1268.23332 -0.000000 -0.00000
1268.32696 -0.000000 -0.00000
1268.42060 -0.000000 -0.00000
1268.51424 -0.000000 -0.00000
1268.60788 -0.000000 -0.00000
1268.70151 -0.000000 -0.00000
1268.79515 -0.000000 -0.00000
1268.88879 -0.000000 -0.00000
1268.98243 -0.000000 -0.00000
1269.07607 -0.000000 -0.00000
1269.16970 -0.000000 -0.00000
1269.26334 -0.000000 -0.00000
1269.35698 -0.000000 -0.00000
1269.45062 -0.000000 -0.00000
1269.54426 -0.000000 -0.00000
1269.63790 -0.000000 -0.00000
1269.73153 -0.000000 -0.00000
1269.82517 -0.000000 -0.00000
1269.91881 -0.000000 -0.00000
1270.01245 -0.000000 -0.00000
1270.10609 -0.000000 -0.00000
1270.19972 -0.000000 -0.00000
1270.29336 -0.000000 -0.00000
1270.38700 -0.000000 -0.00000
1270.48064 -0.000000 -0.00000
1270.57428 -0.000000 -0.00000
1270.66791 -0.000000 -0.00000
1270.76155 -0.000000 -0.00000
1270.85519 -0.000000 -0.00000
1270.94883 -0.000000 -0.00000
1271.04247 -0.000000 -0.00000
1271.13610 -0.000000 -0.00000
1271.22974 -0.000000 -0.00000
1271.32338 -0.000000 -0.00000
1271.41702 -0.000000 -0.00000
1271.51066 -0.000000 -0.00000
1271.60429 -0.000000 -0.00000
1271.69793 -0.000000 -0.00000
1271.79157 -0.000000 -0.00000
1271.88521 -0.000000 -0.00000
1271.97885 -0.000000 -0.00000
1272.07248 -0.000000 -0.00000
1272.16612 -0.000000 -0.00000
1272.25976 -0.000000 -0.00000
1272.35340 -0.000000 -0.00000
1272.44704 -0.000000 -0.00000
1272.54067 -0.000000 -0.00000
1272.63431 -0.000000 -0.00000
1272.72795 -0.000000 -0.00000
1272.82159 -0.000000 -0.00000
1272.91523 -0.000000 -0.00000
1273.00886 -0.000000 -0.00000
1273.10250 -0.000000 -0.00000
1273.19614 -0.000000 -0.00000
1273.28978 -0.000000 -0.00000
1273.38342 -0.000000 -0.00000
1273.47705 -0.000000 -0.00000
1273.57069 -0.000000 -0.00000
1273.66433 -0.000000 -0.00000
1273.75797 -0.000000 -0.00000
1273.85161 -0.000000 -0.00000
1273.94524 -0.000000 -0.00000
1274.03888 -0.000000 -0.00000
1274.13252 -0.000000 -0.00000
1274.22616 -0.000000 -0.00000
1274.31980 -0.000000 -0.00000
1274.41343 -0.000000 -0.00000
1274.50707 -0.000000 -0.00000
1274.60071 -0.000000 -0.00000
1274.69435 -0.000000 -0.00000
1274.78799 -0.000000 -0.00000
1274.88162 -0.000000 -0.00000
1274.97526 -0.000000 -0.00000
1275.06890 -0.000000 -0.00000
1275.16254 -0.000000 -0.00000
1275.25618 -0.000000 -0.00000
1275.34981 -0.000000 -0.00000
1275.44345 -0.000000 -0.00000
1275.53709 -0.000000 -0.00000
1275.63073 -0.000000 -0.00000
1275.72437 -0.000000 -0.00000
1275.81800 -0.000000 -0.00000
1275.91164 -0.000000 -0.00000
1276.00528 -0.000000 -0.00000
1276.09892 -0.000000 -0.00000
1276.19256 -0.000000 -0.00000
1276.28619 -0.000000 -0.00000
1276.37983 -0.000000 -0.00000
1276.47347 -0.000000 -0.00000
1276.56711 -0.000000 -0.00000
1276.66075 -0.000000 -0.00000
1276.75438 -0.000000 -0.00000
1276.84802 -0.000000 -0.00000
1276.94166 -0.000000 -0.00000
1277.03530 -0.000000 -0.00000
1277.12894 -0.000000 -0.00000
1277.22257 -0.000000 -0.00000
1277.31621 -0.000000 -0.00000
1277.40985 -0.000000 -0.00000
1277.50349 -0.000000 -0.00000
1277.59713 -0.000000 -0.00000
1277.69076 -0.000000 -0.00000
1277.78440 -0.000000 -0.00000
1277.87804 -0.000000 -0.00000
1277.97168 -0.000000 -0.00000
1278.06532 -0.000000 -0.00000
1278.15895 -0.000000 -0.00000
1278.25259 -0.000000 -0.00000
1278.34623 -0.000000 -0.00000
1278.43987 -0.000000 -0.00000
1278.53351 -0.000000 -0.00000
1278.62714 -0.000000 -0.00000
1278.72078 -0.000000 -0.00000
1278.81442 -0.000000 -0.00000
1278.90806 -0.000000 -0.00000
1279.00170 -0.000000 -0.00000
1279.09533 -0.000000 -0.00000
1279.18897 -0.000000 -0.00000
1279.28261 -0.000000 -0.00000
1279.37625 -0.000000 -0.00000
1279.46989 -0.000000 -0.00000
1279.56353 -0.000000 -0.00000
1279.65716 -0.000000 -0.00000
1279.75080 -0.000000 -0.00000
1279.84444 -0.000000 -0.00000
1279.93808 -0.000000 -0.00000
1280.03172 -0.000000 -0.00000
1280.12535 -0.000000 -0.00000
1280.21899 -0.000000 -0.00000
1280.31263 -0.000000 -0.00000
1280.40627 -0.000000 -0.00000
1280.49991 -0.000000 -0.00000
1280.59354 -0.000000 -0.00000
1280.68718 -0.000000 -0.00000
1280.78082 -0.000000 -0.00000
1280.87446 -0.000000 -0.00000
1280.96810 -0.000000 -0.00000
1281.06173 -0.000000 -0.00000
1281.15537 -0.000000 -0.00000
1281.24901 -0.000000 -0.00000
1281.34265 -0.000000 -0.00000
1281.43629 -0.000000 -0.00000
1281.52992 -0.000000 -0.00000
1281.62356 -0.000000 -0.00000
1281.71720 -0.000000 -0.00000
1281.81084 -0.000000 -0.00000
1281.90448 -0.000000 -0.00000
1281.99811 -0.000000 -0.00000
1282.09175 -0.000000 -0.00000
1282.18539 -0.000000 -0.00000
1282.27903 -0.000000 -0.00000
1282.37267 -0.000000 -0.00000
1282.46630 -0.000000 -0.00000
1282.55994 -0.000000 -0.00000
1282.65358 -0.000000 -0.00000
1282.74722 -0.000000 -0.00000
1282.84086 -0.000000 -0.00000
1282.93449 -0.000000 -0.00000
1283.02813 -0.000000 -0.00000
1283.12177 -0.000000 -0.00000
1283.21541 -0.000000 -0.00000
1283.30905 -0.000000 -0.00000
1283.40268 -0.000000 -0.00000
1283.49632 -0.000000 -0.00000
1283.58996 -0.000000 -0.00000
1283.68360 -0.000000 -0.00000
1283.77724 -0.000000 -0.00000
1283.87087 -0.000000 -0.00000
1283.96451 -0.000000 -0.00000
1284.05815 -0.000000 -0.00000
1284.15179 -0.000000 -0.00000
1284.24543 -0.000000 -0.00000
1284.33906 -0.000000 -0.00000
1284.43270 -0.000000 -0.00000
1284.52634 -0.000000 -0.00000
1284.61998 -0.000000 -0.00000
1284.71362 -0.000000 -0.00000
1284.80725 -0.000000 -0.00000
1284.90089 -0.000000 -0.00000
1284.99453 -0.000000 -0.00000
1285.08817 -0.000000 -0.00000
1285.18181 -0.000000 -0.00000
1285.27544 -0.000000 -0.00000
1285.36908 -0.000000 -0.00000
1285.46272 -0.000000 -0.00000
1285.55636 -0.000000 -0.00000
1285.65000 -0.000000 -0.00000
1285.74363 -0.000000 -0.00000
1285.83727 -0.000000 -0.00000
1285.93091 -0.000000 -0.00000
1286.02455 -0.000000 -0.00000
1286.11819 -0.000000 -0.00000
1286.21182 -0.000000 -0.00000
1286.30546 -0.000000 -0.00000
1286.39910 -0.000000 -0.00000
1286.49274 -0.000000 -0.00000
1286.58638 -0.000000 -0.00000
1286.68001 -0.000000 -0.00000
1286.77365 -0.000000 -0.00000
1286.86729 -0.000000 -0.00000
1286.96093 -0.000000 -0.00000
1287.05457 -0.000000 -0.00000
1287.14820 -0.000000 -0.00000
1287.24184 -0.000000 -0.00000
1287.33548 -0.000000 -0.00000
1287.42912 -0.000000 -0.00000
1287.52276 -0.000000 -0.00000
1287.61639 -0.000000 -0.00000
1287.71003 -0.000000 -0.00000
1287.80367 -0.000000 -0.00000
1287.89731 -0.000000 -0.00000
1287.99095 -0.000000 -0.00000
1288.08458 -0.000000 -0.00000
1288.17822 -0.000000 -0.00000
1288.27186 -0.000000 -0.00000
1288.36550 -0.000000 -0.00000
1288.45914 -0.000000 -0.00000
1288.55277 -0.000000 -0.00000
1288.64641 -0.000000 -0.00000
1288.74005 -0.000000 -0.00000
1288.83369 -0.000000 -0.00000
1288.92733 -0.000000 -0.00000
1289.02096 -0.000000 -0.00000
1289.11460 -0.000000 -0.00000
1289.20824 -0.000000 -0.00000
1289.30188 -0.000000 -0.00000
1289.39552 -0.000000 -0.00000
1289.48916 -0.000000 -0.00000
1289.58279 -0.000000 -0.00000
1289.67643 -0.000000 -0.00000
1289.77007 -0.000000 -0.00000
1289.86371 -0.000000 -0.00000
1289.95735 -0.000000 -0.00000
1290.05098 -0.000000 -0.00000
1290.14462 -0.000000 -0.00000
1290.23826 -0.000000 -0.00000
1290.33190 -0.000000 -0.00000
1290.42554 -0.000000 -0.00000
1290.51917 -0.000000 -0.00000
1290.61281 -0.000000 -0.00000
1290.70645 -0.000000 -0.00000
1290.80009 -0.000000 -0.00000
1290.89373 -0.000000 -0.00000
1290.98736 -0.000000 -0.00000
1291.08100 -0.000000 -0.00000
1291.17464 -0.000000 -0.00000
1291.26828 -0.000000 -0.00000
1291.36192 -0.000000 -0.00000
1291.45555 -0.000000 -0.00000
1291.54919 -0.000000 -0.00000
1291.64283 -0.000000 -0.00000
1291.73647 -0.000000 -0.00000
1291.83011 -0.000000 -0.00000
1291.92374 -0.000000 -0.00000
1292.01738 -0.000000 -0.00000
1292.11102 -0.000000 -0.00000
1292.20466 -0.000000 -0.00000
1292.29830 -0.000000 -0.00000
1292.39193 -0.000000 -0.00000
1292.48557 -0.000000 -0.00000
1292.57921 -0.000000 -0.00000
1292.67285 -0.000000 -0.00000
1292.76649 -0.000000 -0.00000
1292.86012 -0.000000 -0.00000
1292.95376 -0.000000 -0.00000
1293.04740 -0.000000 -0.00000
1293.14104 -0.000000 -0.00000
1293.23468 -0.000000 -0.00000
1293.32831 -0.000000 -0.00000
1293.42195 -0.000000 -0.00000
1293.51559 -0.000000 -0.00000
1293.60923 -0.000000 -0.00000
1293.70287 -0.000000 -0.00000
1293.79650 -0.000000 -0.00000
1293.89014 -0.000000 -0.00000
1293.98378 -0.000000 -0.00000
1294.07742 -0.000000 -0.00000
1294.17106 -0.000000 -0.00000
1294.26469 -0.000000 -0.00000
1294.35833 -0.000000 -0.00000
1294.45197 -0.000000 -0.00000
1294.54561 -0.000000 -0.00000
1294.63925 -0.000000 -0.00000
1294.73288 -0.000000 -0.00000
1294.82652 -0.000000 -0.00000
1294.92016 -0.000000 -0.00000
1295.01380 -0.000000 -0.00000
1295.10744 -0.000000 -0.00000
1295.20107 -0.000000 -0.00000
1295.29471 -0.000000 -0.00000
1295.38835 -0.000000 -0.00000
1295.48199 -0.000000 -0.00000
1295.57563 -0.000000 -0.00000
1295.66926 -0.000000 -0.00000
1295.76290 -0.000000 -0.00000
1295.85654 -0.000000 -0.00000
1295.95018 -0.000000 -0.00000
1296.04382 -0.000000 -0.00000
1296.13745 -0.000000 -0.00000
1296.23109 -0.000000 -0.00000
1296.32473 -0.000000 -0.00000
1296.41837 -0.000000 -0.00000
1296.51201 -0.000000 -0.00000
1296.60564 -0.000000 -0.00000
1296.69928 -0.000000 -0.00000
1296.79292 -0.000000 -0.00000
1296.88656 -0.000000 -0.00000
1296.98020 -0.000000 -0.00000
1297.07383 -0.000000 -0.00000
1297.16747 -0.000000 -0.00000
1297.26111 -0.000000 -0.00000
1297.35475 -0.000000 -0.00000
1297.44839 -0.000000 -0.00000
1297.54202 -0.000000 -0.00000
1297.63566 -0.000000 -0.00000
1297.72930 -0.000000 -0.00000
1297.82294 -0.000000 -0.00000
1297.91658 -0.000000 -0.00000
1298.01021 -0.000000 -0.00000
1298.10385 -0.000000 -0.00000
1298.19749 -0.000000 -0.00000
1298.29113 -0.000000 -0.00000
1298.38477 -0.000000 -0.00000
1298.47840 -0.000000 -0.00000
1298.57204 -0.000000 -0.00000
1298.66568 -0.000000 -0.00000
1298.75932 -0.000000 -0.00000
1298.85296 -0.000000 -0.00000
1298.94659 -0.000000 -0.00000
1299.04023 -0.000000 -0.00000
1299.13387 -0.000000 -0.00000
1299.22751 -0.000000 -0.00000
1299.32115 -0.000000 -0.00000
1299.41479 -0.000000 -0.00000
1299.50842 -0.000000 -0.00000
1299.60206 -0.000000 -0.00000
1299.69570 -0.000000 -0.00000
1299.78934 -0.000000 -0.00000
1299.88298 -0.000000 -0.00000
1299.97661 -0.000000 -0.00000
1300.07025 -0.000000 -0.00000
1300.16389 -0.000000 -0.00000
1300.25753 -0.000000 -0.00000
1300.35117 -0.000000 -0.00000
1300.44480 -0.000000 -0.00000
1300.53844 -0.000000 -0.00000
1300.63208 -0.000000 -0.00000
1300.72572 -0.000000 -0.00000
1300.81936 -0.000000 -0.00000
1300.91299 -0.000000 -0.00000
1301.00663 -0.000000 -0.00000
1301.10027 -0.000000 -0.00000
1301.19391 -0.000000 -0.00000
1301.28755 -0.000000 -0.00000
1301.38118 -0.000000 -0.00000
1301.47482 -0.000000 -0.00000
1301.56846 -0.000000 -0.00000
1301.66210 -0.000000 -0.00000
1301.75574 -0.000000 -0.00000
1301.84937 -0.000000 -0.00000
1301.94301 -0.000000 -0.00000
1302.03665 -0.000000 -0.00000
1302.13029 -0.000000 -0.00000
1302.22393 -0.000000 -0.00000
1302.31756 -0.000000 -0.00000
1302.41120 -0.000000 -0.00000
1302.50484 -0.000000 -0.00000
1302.59848 -0.000000 -0.00000
1302.69212 -0.000000 -0.00000
1302.78575 -0.000000 -0.00000
1302.87939 -0.000000 -0.00000
1302.97303 -0.000000 -0.00000
1303.06667 -0.000000 -0.00000
1303.16031 -0.000000 -0.00000
1303.25394 -0.000000 -0.00000
1303.34758 -0.000000 -0.00000
1303.44122 -0.000000 -0.00000
1303.53486 -0.000000 -0.00000
1303.62850 -0.000000 -0.00000
1303.72213 -0.000000 -0.00000
1303.81577 -0.000000 -0.00000
1303.90941 -0.000000 -0.00000
1304.00305 -0.000000 -0.00000
1304.09669 -0.000000 -0.00000
1304.19032 -0.000000 -0.00000
1304.28396 -0.000000 -0.00000
1304.37760 -0.000000 -0.00000
1304.47124 -0.000000 -0.00000
1304.56488 -0.000000 -0.00000
1304.65851 -0.000000 -0.00000
1304.75215 -0.000000 -0.00000
1304.84579 -0.000000 -0.00000
1304.93943 -0.000000 -0.00000
1305.03307 -0.000000 -0.00000
1305.12670 -0.000000 -0.00000
1305.22034 -0.000000 -0.00000
1305.31398 -0.000000 -0.00000
1305.40762 -0.000000 -0.00000
1305.50126 -0.000000 -0.00000
1305.59489 -0.000000 -0.00000
1305.68853 -0.000000 -0.00000
1305.78217 -0.000000 -0.00000
1305.87581 -0.000000 -0.00000
1305.96945 -0.000000 -0.00000
1306.06308 -0.000000 -0.00000
1306.15672 -0.000000 -0.00000
1306.25036 -0.000000 -0.00000
1306.34400 -0.000000 -0.00000
1306.43764 -0.000000 -0.00000
1306.53127 -0.000000 -0.00000
1306.62491 -0.000000 -0.00000
1306.71855 -0.000000 -0.00000
1306.81219 -0.000000 -0.00000
1306.90583 -0.000000 -0.00000
1306.99946 -0.000000 -0.00000
1307.09310 -0.000000 -0.00000
1307.18674 -0.000000 -0.00000
1307.28038 -0.000000 -0.00000
1307.37402 -0.000000 -0.00000
1307.46765 -0.000000 -0.00000
1307.56129 -0.000000 -0.00000
1307.65493 -0.000000 -0.00000
1307.74857 -0.000000 -0.00000
1307.84221 -0.000000 -0.00000
1307.93584 -0.000000 -0.00000
1308.02948 -0.000000 -0.00000
1308.12312 -0.000000 -0.00000
1308.21676 -0.000000 -0.00000
1308.31040 -0.000000 -0.00000
1308.40403 -0.000000 -0.00000
1308.49767 -0.000000 -0.00000
1308.59131 -0.000000 -0.00000
1308.68495 -0.000000 -0.00000
1308.77859 -0.000000 -0.00000
1308.87222 -0.000000 -0.00000
1308.96586 -0.000000 -0.00000
1309.05950 -0.000000 -0.00000
1309.15314 -0.000000 -0.00000
1309.24678 -0.000000 -0.00000
1309.34042 -0.000000 -0.00000
1309.43405 -0.000000 -0.00000
1309.52769 -0.000000 -0.00000
1309.62133 -0.000000 -0.00000
1309.71497 -0.000000 -0.00000
1309.80861 -0.000000 -0.00000
1309.90224 -0.000000 -0.00000
1309.99588 -0.000000 -0.00000
1310.08952 -0.000000 -0.00000
1310.18316 -0.000000 -0.00000
1310.27680 -0.000000 -0.00000
1310.37043 -0.000000 -0.00000
1310.46407 -0.000000 -0.00000
1310.55771 -0.000000 -0.00000
1310.65135 -0.000000 -0.00000
1310.74499 -0.000000 -0.00000
1310.83862 -0.000000 -0.00000
1310.93226 -0.000000 -0.00000
1311.02590 -0.000000 -0.00000
1311.11954 -0.000000 -0.00000
1311.21318 -0.000000 -0.00000
1311.30681 -0.000000 -0.00000
1311.40045 -0.000000 -0.00000
1311.49409 -0.000000 -0.00000
1311.58773 -0.000000 -0.00000
1311.68137 -0.000000 -0.00000
1311.77500 -0.000000 -0.00000
1311.86864 -0.000000 -0.00000
1311.96228 -0.000000 -0.00000
1312.05592 -0.000000 -0.00000
1312.14956 -0.000000 -0.00000
1312.24319 -0.000000 -0.00000
1312.33683 -0.000000 -0.00000
1312.43047 -0.000000 -0.00000
1312.52411 -0.000000 -0.00000
1312.61775 -0.000000 -0.00000
1312.71138 -0.000000 -0.00000
1312.80502 -0.000000 -0.00000
1312.89866 -0.000000 -0.00000
1312.99230 -0.000000 -0.00000
1313.08594 -0.000000 -0.00000
1313.17957 -0.000000 -0.00000
1313.27321 -0.000000 -0.00000
1313.36685 -0.000000 -0.00000
1313.46049 -0.000000 -0.00000
1313.55413 -0.000000 -0.00000
1313.64776 -0.000000 -0.00000
1313.74140 -0.000000 -0.00000
1313.83504 -0.000000 -0.00000
1313.92868 -0.000000 -0.00000
1314.02232 -0.000000 -0.00000
1314.11595 -0.000000 -0.00000
1314.20959 -0.000000 -0.00000
1314.30323 -0.000000 -0.00000
1314.39687 -0.000000 -0.00000
1314.49051 -0.000000 -0.00000
1314.58414 -0.000000 -0.00000
1314.67778 -0.000000 -0.00000
1314.77142 -0.000000 -0.00000
1314.86506 -0.000000 -0.00000
1314.95870 -0.000000 -0.00000
1315.05233 -0.000000 -0.00000
1315.14597 -0.000000 -0.00000
1315.23961 -0.000000 -0.00000
1315.33325 -0.000000 -0.00000
1315.42689 -0.000000 -0.00000
1315.52052 -0.000000 -0.00000
1315.61416 -0.000000 -0.00000
1315.70780 -0.000000 -0.00000
1315.80144 -0.000000 -0.00000
1315.89508 -0.000000 -0.00000
1315.98871 -0.000000 -0.00000
1316.08235 -0.000000 -0.00000
1316.17599 -0.000000 -0.00000
1316.26963 -0.000000 -0.00000
1316.36327 -0.000000 -0.00000
1316.45690 -0.000000 -0.00000
1316.55054 -0.000000 -0.00000
1316.64418 -0.000000 -0.00000
1316.73782 -0.000000 -0.00000
1316.83146 -0.000000 -0.00000
1316.92509 -0.000000 -0.00000
1317.01873 -0.000000 -0.00000
1317.11237 -0.000000 -0.00000
1317.20601 -0.000000 -0.00000
1317.29965 -0.000000 -0.00000
1317.39328 -0.000000 -0.00000
1317.48692 -0.000000 -0.00000
1317.58056 -0.000000 -0.00000
1317.67420 -0.000000 -0.00000
1317.76784 -0.000000 -0.00000
1317.86147 -0.000000 -0.00000
1317.95511 -0.000000 -0.00000
1318.04875 -0.000000 -0.00000
1318.14239 -0.000000 -0.00000
1318.23603 -0.000000 -0.00000
1318.32966 -0.000000 -0.00000
1318.42330 -0.000000 -0.00000
1318.51694 -0.000000 -0.00000
1318.61058 -0.000000 -0.00000
1318.70422 -0.000000 -0.00000
1318.79785 -0.000000 -0.00000
1318.89149 -0.000000 -0.00000
1318.98513 -0.000000 -0.00000
1319.07877 -0.000000 -0.00000
1319.17241 -0.000000 -0.00000
1319.26605 -0.000000 -0.00000
1319.35968 -0.000000 -0.00000
1319.45332 -0.000000 -0.00000
1319.54696 -0.000000 -0.00000
1319.64060 -0.000000 -0.00000
1319.73424 -0.000000 -0.00000
1319.82787 -0.000000 -0.00000
1319.92151 -0.000000 -0.00000
1320.01515 -0.000000 -0.00000
1320.10879 -0.000000 -0.00000
1320.20243 -0.000000 -0.00000
1320.29606 -0.000000 -0.00000
1320.38970 -0.000000 -0.00000
1320.48334 -0.000000 -0.00000
1320.57698 -0.000000 -0.00000
1320.67062 -0.000000 -0.00000
1320.76425 -0.000000 -0.00000
1320.85789 -0.000000 -0.00000
1320.95153 -0.000000 -0.00000
1321.04517 -0.000000 -0.00000
1321.13881 -0.000000 -0.00000
1321.23244 -0.000000 -0.00000
1321.32608 -0.000000 -0.00000
1321.41972 -0.000000 -0.00000
1321.51336 -0.000000 -0.00000
1321.60700 -0.000000 -0.00000
1321.70063 -0.000000 -0.00000
1321.79427 -0.000000 -0.00000
1321.88791 -0.000000 -0.00000
1321.98155 -0.000000 -0.00000
1322.07519 -0.000000 -0.00000
1322.16882 -0.000000 -0.00000
1322.26246 -0.000000 -0.00000
1322.35610 -0.000000 -0.00000
1322.44974 -0.000000 -0.00000
1322.54338 -0.000000 -0.00000
1322.63701 -0.000000 -0.00000
1322.73065 -0.000000 -0.00000
1322.82429 -0.000000 -0.00000
1322.91793 -0.000000 -0.00000
1323.01157 -0.000000 -0.00000
1323.10520 -0.000000 -0.00000
1323.19884 -0.000000 -0.00000
1323.29248 -0.000000 -0.00000
1323.38612 -0.000000 -0.00000
1323.47976 -0.000000 -0.00000
1323.57339 -0.000000 -0.00000
1323.66703 -0.000000 -0.00000
1323.76067 -0.000000 -0.00000
1323.85431 -0.000000 -0.00000
1323.94795 -0.000000 -0.00000
1324.04158 -0.000000 -0.00000
1324.13522 -0.000000 -0.00000
1324.22886 -0.000000 -0.00000
1324.32250 -0.000000 -0.00000
1324.41614 -0.000000 -0.00000
1324.50977 -0.000000 -0.00000
1324.60341 -0.000000 -0.00000
1324.69705 -0.000000 -0.00000
1324.79069 -0.000000 -0.00000
1324.88433 -0.000000 -0.00000
1324.97796 -0.000000 -0.00000
1325.07160 -0.000000 -0.00000
1325.16524 -0.000000 -0.00000
1325.25888 -0.000000 -0.00000
1325.35252 -0.000000 -0.00000
1325.44615 -0.000000 -0.00000
1325.53979 -0.000000 -0.00000
1325.63343 -0.000000 -0.00000
1325.72707 -0.000000 -0.00000
1325.82071 -0.000000 -0.00000
1325.91434 -0.000000 -0.00000
1326.00798 -0.000000 -0.00000
1326.10162 -0.000000 -0.00000
1326.19526 -0.000000 -0.00000
1326.28890 -0.000000 -0.00000
1326.38253 -0.000000 -0.00000
1326.47617 -0.000000 -0.00000
1326.56981 -0.000000 -0.00000
1326.66345 -0.000000 -0.00000
1326.75709 -0.000000 -0.00000
1326.85072 -0.000000 -0.00000
1326.94436 -0.000000 -0.00000
1327.03800 -0.000000 -0.00000
1327.13164 -0.000000 -0.00000
1327.22528 -0.000000 -0.00000
1327.31891 -0.000000 -0.00000
1327.41255 -0.000000 -0.00000
1327.50619 -0.000000 -0.00000
1327.59983 -0.000000 -0.00000
1327.69347 -0.000000 -0.00000
1327.78710 -0.000000 -0.00000
1327.88074 -0.000000 -0.00000
1327.97438 -0.000000 -0.00000
1328.06802 -0.000000 -0.00000
1328.16166 -0.000000 -0.00000
1328.25529 -0.000000 -0.00000
1328.34893 -0.000000 -0.00000
1328.44257 -0.000000 -0.00000
1328.53621 -0.000000 -0.00000
1328.62985 -0.000000 -0.00000
1328.72348 -0.000000 -0.00000
1328.81712 -0.000000 -0.00000
1328.91076 -0.000000 -0.00000
1329.00440 -0.000000 -0.00000
1329.09804 -0.000000 -0.00000
1329.19168 -0.000000 -0.00000
1329.28531 -0.000000 -0.00000
1329.37895 -0.000000 -0.00000
1329.47259 -0.000000 -0.00000
1329.56623 -0.000000 -0.00000
1329.65987 -0.000000 -0.00000
1329.75350 -0.000000 -0.00000
1329.84714 -0.000000 -0.00000
1329.94078 -0.000000 -0.00000
1330.03442 -0.000000 -0.00000
1330.12806 -0.000000 -0.00000
1330.22169 -0.000000 -0.00000
1330.31533 -0.000000 -0.00000
1330.40897 -0.000000 -0.00000
1330.50261 -0.000000 -0.00000
1330.59625 -0.000000 -0.00000
1330.68988 -0.000000 -0.00000
1330.78352 -0.000000 -0.00000
1330.87716 -0.000000 -0.00000
1330.97080 -0.000000 -0.00000
1331.06444 -0.000000 -0.00000
1331.15807 -0.000000 -0.00000
1331.25171 -0.000000 -0.00000
1331.34535 -0.000000 -0.00000
1331.43899 -0.000000 -0.00000
1331.53263 -0.000000 -0.00000
1331.62626 -0.000000 -0.00000
1331.71990 -0.000000 -0.00000
1331.81354 -0.000000 -0.00000
1331.90718 -0.000000 -0.00000
1332.00082 -0.000000 -0.00000
1332.09445 -0.000000 -0.00000
1332.18809 -0.000000 -0.00000
1332.28173 -0.000000 -0.00000
1332.37537 -0.000000 -0.00000
1332.46901 -0.000000 -0.00000
1332.56264 -0.000000 -0.00000
1332.65628 -0.000000 -0.00000
1332.74992 -0.000000 -0.00000
1332.84356 -0.000000 -0.00000
1332.93720 -0.000000 -0.00000
1333.03083 -0.000000 -0.00000
1333.12447 -0.000000 -0.00000
1333.21811 -0.000000 -0.00000
1333.31175 -0.000000 -0.00000
1333.40539 -0.000000 -0.00000
1333.49902 -0.000000 -0.00000
1333.59266 -0.000000 -0.00000
1333.68630 -0.000000 -0.00000
1333.77994 -0.000000 -0.00000
1333.87358 -0.000000 -0.00000
1333.96721 -0.000000 -0.00000
1334.06085 -0.000000 -0.00000
1334.15449 -0.000000 -0.00000
1334.24813 -0.000000 -0.00000
1334.34177 -0.000000 -0.00000
1334.43540 -0.000000 -0.00000
1334.52904 -0.000000 -0.00000
1334.62268 -0.000000 -0.00000
1334.71632 -0.000000 -0.00000
1334.80996 -0.000000 -0.00000
1334.90359 -0.000000 -0.00000
1334.99723 -0.000000 -0.00000
1335.09087 -0.000000 -0.00000
1335.18451 -0.000000 -0.00000
1335.27815 -0.000000 -0.00000
1335.37178 -0.000000 -0.00000
1335.46542 -0.000000 -0.00000
1335.55906 -0.000000 -0.00000
1335.65270 -0.000000 -0.00000
1335.74634 -0.000000 -0.00000
1335.83997 -0.000000 -0.00000
1335.93361 -0.000000 -0.00000
1336.02725 -0.000000 -0.00000
1336.12089 -0.000000 -0.00000
1336.21453 -0.000000 -0.00000
1336.30816 -0.000000 -0.00000
1336.40180 -0.000000 -0.00000
1336.49544 -0.000000 -0.00000
1336.58908 -0.000000 -0.00000
1336.68272 -0.000000 -0.00000
1336.77635 -0.000000 -0.00000
1336.86999 -0.000000 -0.00000
1336.96363 -0.000000 -0.00000
1337.05727 -0.000000 -0.00000
1337.15091 -0.000000 -0.00000
1337.24454 -0.000000 -0.00000
1337.33818 -0.000000 -0.00000
1337.43182 -0.000000 -0.00000
1337.52546 -0.000000 -0.00000
1337.61910 -0.000000 -0.00000
1337.71273 -0.000000 -0.00000
1337.80637 -0.000000 -0.00000
1337.90001 -0.000000 -0.00000
1337.99365 -0.000000 -0.00000
1338.08729 -0.000000 -0.00000
1338.18092 -0.000000 -0.00000
1338.27456 -0.000000 -0.00000
1338.36820 -0.000000 -0.00000
1338.46184 -0.000000 -0.00000
1338.55548 -0.000000 -0.00000
1338.64911 -0.000000 -0.00000
1338.74275 -0.000000 -0.00000
1338.83639 -0.000000 -0.00000
1338.93003 -0.000000 -0.00000
1339.02367 -0.000000 -0.00000
1339.11731 -0.000000 -0.00000
1339.21094 -0.000000 -0.00000
1339.30458 -0.000000 -0.00000
1339.39822 -0.000000 -0.00000
1339.49186 -0.000000 -0.00000
1339.58550 -0.000000 -0.00000
1339.67913 -0.000000 -0.00000
1339.77277 -0.000000 -0.00000
1339.86641 -0.000000 -0.00000
1339.96005 -0.000000 -0.00000
1340.05369 -0.000000 -0.00000
1340.14732 -0.000000 -0.00000
1340.24096 -0.000000 -0.00000
1340.33460 -0.000000 -0.00000
1340.42824 -0.000000 -0.00000
1340.52188 -0.000000 -0.00000
1340.61551 -0.000000 -0.00000
1340.70915 -0.000000 -0.00000
1340.80279 -0.000000 -0.00000
1340.89643 -0.000000 -0.00000
1340.99007 -0.000000 -0.00000
1341.08370 -0.000000 -0.00000
1341.17734 -0.000000 -0.00000
1341.27098 -0.000000 -0.00000
1341.36462 -0.000000 -0.00000
1341.45826 -0.000000 -0.00000
1341.55189 -0.000000 -0.00000
1341.64553 -0.000000 -0.00000
1341.73917 -0.000000 -0.00000
1341.83281 -0.000000 -0.00000
1341.92645 -0.000000 -0.00000
1342.02008 -0.000000 -0.00000
1342.11372 -0.000000 -0.00000
1342.20736 -0.000000 -0.00000
1342.30100 -0.000000 -0.00000
1342.39464 -0.000000 -0.00000
1342.48827 -0.000000 -0.00000
1342.58191 -0.000000 -0.00000
1342.67555 -0.000000 -0.00000
1342.76919 -0.000000 -0.00000
1342.86283 -0.000000 -0.00000
1342.95646 -0.000000 -0.00000
1343.05010 -0.000000 -0.00000
1343.14374 -0.000000 -0.00000
1343.23738 -0.000000 -0.00000
1343.33102 -0.000000 -0.00000
1343.42465 -0.000000 -0.00000
1343.51829 -0.000000 -0.00000
1343.61193 -0.000000 -0.00000
1343.70557 -0.000000 -0.00000
1343.79921 -0.000000 -0.00000
1343.89284 -0.000000 -0.00000
1343.98648 -0.000000 -0.00000
1344.08012 -0.000000 -0.00000
1344.17376 -0.000000 -0.00000
1344.26740 -0.000000 -0.00000
1344.36103 -0.000000 -0.00000
1344.45467 -0.000000 -0.00000
1344.54831 -0.000000 -0.00000
1344.64195 -0.000000 -0.00000
1344.73559 -0.000000 -0.00000
1344.82922 -0.000000 -0.00000
1344.92286 -0.000000 -0.00000
1345.01650 -0.000000 -0.00000
1345.11014 -0.000000 -0.00000
1345.20378 -0.000000 -0.00000
1345.29741 -0.000000 -0.00000
1345.39105 -0.000000 -0.00000
1345.48469 -0.000000 -0.00000
1345.57833 -0.000000 -0.00000
1345.67197 -0.000000 -0.00000
1345.76560 -0.000000 -0.00000
1345.85924 -0.000000 -0.00000
1345.95288 -0.000000 -0.00000
1346.04652 -0.000000 -0.00000
1346.14016 -0.000000 -0.00000
1346.23379 -0.000000 -0.00000
1346.32743 -0.000000 -0.00000
1346.42107 -0.000000 -0.00000
1346.51471 -0.000000 -0.00000
1346.60835 -0.000000 -0.00000
1346.70198 -0.000000 -0.00000
1346.79562 -0.000000 -0.00000
1346.88926 -0.000000 -0.00000
1346.98290 -0.000000 -0.00000
1347.07654 -0.000000 -0.00000
1347.17017 -0.000000 -0.00000
1347.26381 -0.000000 -0.00000
1347.35745 -0.000000 -0.00000
1347.45109 -0.000000 -0.00000
1347.54473 -0.000000 -0.00000
1347.63836 -0.000000 -0.00000
1347.73200 -0.000000 -0.00000
1347.82564 -0.000000 -0.00000
1347.91928 -0.000000 -0.00000
1348.01292 -0.000000 -0.00000
1348.10655 -0.000000 -0.00000
1348.20019 -0.000000 -0.00000
1348.29383 -0.000000 -0.00000
1348.38747 -0.000000 -0.00000
1348.48111 -0.000000 -0.00000
1348.57474 -0.000000 -0.00000
1348.66838 -0.000000 -0.00000
1348.76202 -0.000000 -0.00000
1348.85566 -0.000000 -0.00000
1348.94930 -0.000000 -0.00000
1349.04294 -0.000000 -0.00000
1349.13657 -0.000000 -0.00000
1349.23021 -0.000000 -0.00000
1349.32385 -0.000000 -0.00000
1349.41749 -0.000000 -0.00000
1349.51113 -0.000000 -0.00000
1349.60476 -0.000000 -0.00000
1349.69840 -0.000000 -0.00000
1349.79204 -0.000000 -0.00000
1349.88568 -0.000000 -0.00000
1349.97932 -0.000000 -0.00000
1350.07295 -0.000000 -0.00000
1350.16659 -0.000000 -0.00000
1350.26023 -0.000000 -0.00000
1350.35387 -0.000000 -0.00000
1350.44751 -0.000000 -0.00000
1350.54114 -0.000000 -0.00000
1350.63478 -0.000000 -0.00000
1350.72842 -0.000000 -0.00000
1350.82206 -0.000000 -0.00000
1350.91570 -0.000000 -0.00000
1351.00933 -0.000000 -0.00000
1351.10297 -0.000000 -0.00000
1351.19661 -0.000000 -0.00000
1351.29025 -0.000000 -0.00000
1351.38389 -0.000000 -0.00000
1351.47752 -0.000000 -0.00000
1351.57116 -0.000000 -0.00000
1351.66480 -0.000000 -0.00000
1351.75844 -0.000000 -0.00000
1351.85208 -0.000000 -0.00000
1351.94571 -0.000000 -0.00000
1352.03935 -0.000000 -0.00000
1352.13299 -0.000000 -0.00000
1352.22663 -0.000000 -0.00000
1352.32027 -0.000000 -0.00000
1352.41390 -0.000000 -0.00000
1352.50754 -0.000000 -0.00000
1352.60118 -0.000000 -0.00000
1352.69482 -0.000000 -0.00000
1352.78846 -0.000000 -0.00000
1352.88209 -0.000000 -0.00000
1352.97573 -0.000000 -0.00000
1353.06937 -0.000000 -0.00000
1353.16301 -0.000000 -0.00000
1353.25665 -0.000000 -0.00000
1353.35028 -0.000000 -0.00000
1353.44392 -0.000000 -0.00000
1353.53756 -0.000000 -0.00000
1353.63120 -0.000000 -0.00000
1353.72484 -0.000000 -0.00000
1353.81847 -0.000000 -0.00000
1353.91211 -0.000000 -0.00000
1354.00575 -0.000000 -0.00000
1354.09939 -0.000000 -0.00000
1354.19303 -0.000000 -0.00000
1354.28666 -0.000000 -0.00000
1354.38030 -0.000000 -0.00000
1354.47394 -0.000000 -0.00000
1354.56758 -0.000000 -0.00000
1354.66122 -0.000000 -0.00000
1354.75485 -0.000000 -0.00000
1354.84849 -0.000000 -0.00000
1354.94213 -0.000000 -0.00000
1355.03577 -0.000000 -0.00000
1355.12941 -0.000000 -0.00000
1355.22304 -0.000000 -0.00000
1355.31668 -0.000000 -0.00000
1355.41032 -0.000000 -0.00000
1355.50396 -0.000000 -0.00000
1355.59760 -0.000000 -0.00000
1355.69123 -0.000000 -0.00000
1355.78487 -0.000000 -0.00000
1355.87851 -0.000000 -0.00000
1355.97215 -0.000000 -0.00000
1356.06579 -0.000000 -0.00000
1356.15942 -0.000000 -0.00000
1356.25306 -0.000000 -0.00000
1356.34670 -0.000000 -0.00000
1356.44034 -0.000000 -0.00000
1356.53398 -0.000000 -0.00000
1356.62761 -0.000000 -0.00000
1356.72125 -0.000000 -0.00000
1356.81489 -0.000000 -0.00000
1356.90853 -0.000000 -0.00000
1357.00217 -0.000000 -0.00000
1357.09580 -0.000000 -0.00000
1357.18944 -0.000000 -0.00000
1357.28308 -0.000000 -0.00000
1357.37672 -0.000000 -0.00000
1357.47036 -0.000000 -0.00000
1357.56399 -0.000000 -0.00000
1357.65763 -0.000000 -0.00000
1357.75127 -0.000000 -0.00000
1357.84491 -0.000000 -0.00000
1357.93855 -0.000000 -0.00000
1358.03218 -0.000000 -0.00000
1358.12582 -0.000000 -0.00000
1358.21946 -0.000000 -0.00000
1358.31310 -0.000000 -0.00000
1358.40674 -0.000000 -0.00000
1358.50037 -0.000000 -0.00000
1358.59401 -0.000000 -0.00000
1358.68765 -0.000000 -0.00000
1358.78129 -0.000000 -0.00000
1358.87493 -0.000000 -0.00000
1358.96857 -0.000000 -0.00000
1359.06220 -0.000000 -0.00000
1359.15584 -0.000000 -0.00000
1359.24948 -0.000000 -0.00000
1359.34312 -0.000000 -0.00000
1359.43676 -0.000000 -0.00000
1359.53039 -0.000000 -0.00000
1359.62403 -0.000000 -0.00000
1359.71767 -0.000000 -0.00000
1359.81131 -0.000000 -0.00000
1359.90495 -0.000000 -0.00000
1359.99858 -0.000000 -0.00000
1360.09222 -0.000000 -0.00000
1360.18586 -0.000000 -0.00000
1360.27950 -0.000000 -0.00000
1360.37314 -0.000000 -0.00000
1360.46677 -0.000000 -0.00000
1360.56041 -0.000000 -0.00000
1360.65405 -0.000000 -0.00000
1360.74769 -0.000000 -0.00000
1360.84133 -0.000000 -0.00000
1360.93496 -0.000000 -0.00000
1361.02860 -0.000000 -0.00000
1361.12224 -0.000000 -0.00000
1361.21588 -0.000000 -0.00000
1361.30952 -0.000000 -0.00000
1361.40315 -0.000000 -0.00000
1361.49679 -0.000000 -0.00000
1361.59043 -0.000000 -0.00000
1361.68407 -0.000000 -0.00000
1361.77771 -0.000000 -0.00000
1361.87134 -0.000000 -0.00000
1361.96498 -0.000000 -0.00000
1362.05862 -0.000000 -0.00000
1362.15226 -0.000000 -0.00000
1362.24590 -0.000000 -0.00000
1362.33953 -0.000000 -0.00000
1362.43317 -0.000000 -0.00000
1362.52681 -0.000000 -0.00000
1362.62045 -0.000000 -0.00000
1362.71409 -0.000000 -0.00000
1362.80772 -0.000000 -0.00000
1362.90136 -0.000000 -0.00000
1362.99500 -0.000000 -0.00000
1363.08864 -0.000000 -0.00000
1363.18228 -0.000000 -0.00000
1363.27591 -0.000000 -0.00000
1363.36955 -0.000000 -0.00000
1363.46319 -0.000000 -0.00000
1363.55683 -0.000000 -0.00000
1363.65047 -0.000000 -0.00000
1363.74410 -0.000000 -0.00000
1363.83774 -0.000000 -0.00000
1363.93138 -0.000000 -0.00000
1364.02502 -0.000000 -0.00000
1364.11866 -0.000000 -0.00000
1364.21229 -0.000000 -0.00000
1364.30593 -0.000000 -0.00000
1364.39957 -0.000000 -0.00000
1364.49321 -0.000000 -0.00000
1364.58685 -0.000000 -0.00000
1364.68048 -0.000000 -0.00000
1364.77412 -0.000000 -0.00000
1364.86776 -0.000000 -0.00000
1364.96140 -0.000000 -0.00000
1365.05504 -0.000000 -0.00000
1365.14867 -0.000000 -0.00000
1365.24231 -0.000000 -0.00000
1365.33595 -0.000000 -0.00000
1365.42959 -0.000000 -0.00000
1365.52323 -0.000000 -0.00000
1365.61686 -0.000000 -0.00000
1365.71050 -0.000000 -0.00000
1365.80414 -0.000000 -0.00000
1365.89778 -0.000000 -0.00000
1365.99142 -0.000000 -0.00000
