6.55741 -0.161958 0.05160
6.65105 -0.162529 0.04918
6.74469 -0.163061 0.04675
6.83833 -0.163554 0.04432
6.93197 -0.164008 0.04187
7.02560 -0.164423 0.03942
7.11924 -0.164799 0.03697
7.21288 -0.165136 0.03451
7.30652 -0.165433 0.03204
7.40016 -0.165691 0.02957
7.49379 -0.165910 0.02710
7.58743 -0.166089 0.02463
7.68107 -0.166229 0.02215
7.77471 -0.166330 0.01967
7.86835 -0.166391 0.01719
7.96198 -0.166413 0.01471
8.05562 -0.166396 0.01224
8.14926 -0.166339 0.00976
8.24290 -0.166243 0.00728
8.33654 -0.166108 0.00481
8.43017 -0.165933 0.00234
8.52381 -0.165720 -0.00013
8.61745 -0.165468 -0.00259
8.71109 -0.165176 -0.00505
8.80473 -0.164846 -0.00751
8.89836 -0.164477 -0.00996
8.99200 -0.164070 -0.01240
9.08564 -0.163624 -0.01483
9.17928 -0.163140 -0.01726
9.27292 -0.162617 -0.01968
9.36655 -0.162057 -0.02209
9.46019 -0.161459 -0.02450
9.55383 -0.160823 -0.02689
9.64747 -0.160149 -0.02927
9.74111 -0.159438 -0.03164
9.83474 -0.158690 -0.03400
9.92838 -0.157905 -0.03635
10.02202 -0.157084 -0.03868
10.11566 -0.156226 -0.04101
10.20930 -0.155331 -0.04331
10.30293 -0.154401 -0.04561
10.39657 -0.153435 -0.04789
10.49021 -0.152433 -0.05015
10.58385 -0.151396 -0.05240
10.67749 -0.150324 -0.05463
10.77113 -0.149217 -0.05685
10.86476 -0.148076 -0.05904
10.95840 -0.146900 -0.06122
11.05204 -0.145691 -0.06338
11.14568 -0.144449 -0.06553
11.23932 -0.143173 -0.06765
11.33295 -0.141864 -0.06975
11.42659 -0.140522 -0.07183
11.52023 -0.139149 -0.07389
11.61387 -0.137744 -0.07593
11.70751 -0.136307 -0.07795
11.80114 -0.134839 -0.07994
11.89478 -0.133340 -0.08192
11.98842 -0.131811 -0.08386
12.08206 -0.130251 -0.08579
12.17570 -0.128663 -0.08769
12.26933 -0.127045 -0.08956
12.36297 -0.125398 -0.09141
12.45661 -0.123723 -0.09324
12.55025 -0.122020 -0.09504
12.64389 -0.120289 -0.09681
12.73752 -0.118531 -0.09855
12.83116 -0.116747 -0.10027
12.92480 -0.114936 -0.10196
13.01844 -0.113100 -0.10362
13.11208 -0.111238 -0.10525
13.20571 -0.109351 -0.10686
13.29935 -0.107440 -0.10843
13.39299 -0.105505 -0.10997
13.48663 -0.103547 -0.11149
13.58027 -0.101566 -0.11297
13.67390 -0.099562 -0.11443
13.76754 -0.097537 -0.11585
13.86118 -0.095490 -0.11724
13.95482 -0.093422 -0.11860
14.04846 -0.091333 -0.11992
14.14209 -0.089225 -0.12122
14.23573 -0.087098 -0.12248
14.32937 -0.084951 -0.12370
14.42301 -0.082786 -0.12490
14.51665 -0.080604 -0.12606
14.61028 -0.078404 -0.12719
14.70392 -0.076188 -0.12828
14.79756 -0.073956 -0.12934
14.89120 -0.071708 -0.13036
14.98484 -0.069445 -0.13135
15.07847 -0.067167 -0.13230
15.17211 -0.064876 -0.13322
15.26575 -0.062572 -0.13410
15.35939 -0.060254 -0.13495
15.45303 -0.057925 -0.13576
15.54666 -0.055584 -0.13653
15.64030 -0.053233 -0.13727
15.73394 -0.050870 -0.13797
15.82758 -0.048498 -0.13863
15.92122 -0.046117 -0.13926
16.01485 -0.043728 -0.13985
16.10849 -0.041330 -0.14040
16.20213 -0.038925 -0.14091
16.29577 -0.036513 -0.14139
16.38941 -0.034095 -0.14183
16.48304 -0.031672 -0.14223
16.57668 -0.029243 -0.14259
16.67032 -0.026811 -0.14292
16.76396 -0.024374 -0.14321
16.85760 -0.021935 -0.14346
16.95123 -0.019493 -0.14367
17.04487 -0.017049 -0.14384
17.13851 -0.014604 -0.14398
17.23215 -0.012158 -0.14407
17.32579 -0.009712 -0.14413
17.41942 -0.007267 -0.14415
17.51306 -0.004823 -0.14413
17.60670 -0.002381 -0.14408
17.70034 0.000058 -0.14398
17.79398 0.002495 -0.14385
17.88761 0.004927 -0.14368
17.98125 0.007356 -0.14347
18.07489 0.009779 -0.14322
18.16853 0.012197 -0.14294
18.26217 0.014608 -0.14262
18.35580 0.017013 -0.14225
18.44944 0.019410 -0.14186
18.54308 0.021799 -0.14142
18.63672 0.024180 -0.14094
18.73036 0.026551 -0.14043
18.82399 0.028912 -0.13989
18.91763 0.031263 -0.13930
19.01127 0.033603 -0.13868
19.10491 0.035931 -0.13802
19.19855 0.038247 -0.13732
19.29218 0.040549 -0.13659
19.38582 0.042839 -0.13582
19.47946 0.045114 -0.13502
19.57310 0.047374 -0.13417
19.66674 0.049620 -0.13330
19.76037 0.051849 -0.13239
19.85401 0.054062 -0.13144
19.94765 0.056258 -0.13046
20.04129 0.058436 -0.12944
20.13493 0.060597 -0.12839
20.22856 0.062738 -0.12731
20.32220 0.064860 -0.12619
20.41584 0.066963 -0.12504
20.50948 0.069045 -0.12385
20.60312 0.071106 -0.12263
20.69676 0.073146 -0.12138
20.79039 0.075164 -0.12010
20.88403 0.077159 -0.11879
20.97767 0.079132 -0.11744
21.07131 0.081080 -0.11606
21.16495 0.083005 -0.11466
21.25858 0.084905 -0.11322
21.35222 0.086780 -0.11175
21.44586 0.088630 -0.11025
21.53950 0.090454 -0.10873
21.63314 0.092251 -0.10717
21.72677 0.094021 -0.10558
21.82041 0.095764 -0.10397
21.91405 0.097479 -0.10233
22.00769 0.099165 -0.10067
22.10133 0.100823 -0.09897
22.19496 0.102451 -0.09725
22.28860 0.104050 -0.09551
22.38224 0.105619 -0.09374
22.47588 0.107157 -0.09194
22.56952 0.108665 -0.09012
22.66315 0.110141 -0.08828
22.75679 0.111585 -0.08641
22.85043 0.112998 -0.08452
22.94407 0.114378 -0.08261
23.03771 0.115725 -0.08067
23.13134 0.117039 -0.07872
23.22498 0.118320 -0.07674
23.31862 0.119567 -0.07474
23.41226 0.120779 -0.07273
23.50590 0.121957 -0.07069
23.59953 0.123101 -0.06864
23.69317 0.124209 -0.06656
23.78681 0.125282 -0.06447
23.88045 0.126319 -0.06237
23.97409 0.127321 -0.06024
24.06772 0.128286 -0.05810
24.16136 0.129215 -0.05595
24.25500 0.130107 -0.05378
24.34864 0.130962 -0.05160
24.44228 0.131780 -0.04940
24.53591 0.132561 -0.04719
24.62955 0.133304 -0.04497
24.72319 0.134009 -0.04273
24.81683 0.134676 -0.04049
24.91047 0.135306 -0.03823
25.00410 0.135897 -0.03597
25.09774 0.136449 -0.03369
25.19138 0.136963 -0.03141
25.28502 0.137438 -0.02912
25.37866 0.137875 -0.02682
25.47229 0.138272 -0.02451
25.56593 0.138630 -0.02220
25.65957 0.138949 -0.01988
25.75321 0.139229 -0.01756
25.84685 0.139470 -0.01523
25.94048 0.139671 -0.01290
26.03412 0.139833 -0.01057
26.12776 0.139955 -0.00823
26.22140 0.140038 -0.00589
26.31504 0.140081 -0.00355
26.40867 0.140085 -0.00121
26.50231 0.140049 0.00113
26.59595 0.139974 0.00347
26.68959 0.139859 0.00581
26.78323 0.139704 0.00814
26.87686 0.139511 0.01048
26.97050 0.139277 0.01281
27.06414 0.139005 0.01514
27.15778 0.138693 0.01746
27.25142 0.138342 0.01978
27.34505 0.137952 0.02209
27.43869 0.137524 0.02440
27.53233 0.137056 0.02670
27.62597 0.136549 0.02899
27.71961 0.136004 0.03127
27.81324 0.135421 0.03355
27.90688 0.134799 0.03581
28.00052 0.134139 0.03807
28.09416 0.133441 0.04031
28.18780 0.132705 0.04255
28.28143 0.131932 0.04477
28.37507 0.131122 0.04698
28.46871 0.130274 0.04918
28.56235 0.129389 0.05136
28.65599 0.128468 0.05353
28.74962 0.127510 0.05569
28.84326 0.126516 0.05783
28.93690 0.125486 0.05995
29.03054 0.124420 0.06206
29.12418 0.123319 0.06415
29.21781 0.122183 0.06622
29.31145 0.121012 0.06828
29.40509 0.119806 0.07031
29.49873 0.118567 0.07233
29.59237 0.117293 0.07433
29.68600 0.115986 0.07630
29.77964 0.114646 0.07826
29.87328 0.113273 0.08020
29.96692 0.111867 0.08211
30.06056 0.110430 0.08400
30.15419 0.108961 0.08587
30.24783 0.107460 0.08771
30.34147 0.105928 0.08954
30.43511 0.104366 0.09133
30.52875 0.102774 0.09311
30.62239 0.101152 0.09485
30.71602 0.099501 0.09657
30.80966 0.097821 0.09827
30.90330 0.096112 0.09994
30.99694 0.094376 0.10158
31.09058 0.092612 0.10319
31.18421 0.090821 0.10478
31.27785 0.089003 0.10633
31.37149 0.087159 0.10786
31.46513 0.085290 0.10936
31.55877 0.083395 0.11083
31.65240 0.081476 0.11227
31.74604 0.079533 0.11368
31.83968 0.077566 0.11506
31.93332 0.075576 0.11641
32.02696 0.073563 0.11772
32.12059 0.071529 0.11901
32.21423 0.069472 0.12026
32.30787 0.067395 0.12148
32.40151 0.065297 0.12266
32.49515 0.063180 0.12382
32.58878 0.061043 0.12494
32.68242 0.058887 0.12602
32.77606 0.056713 0.12707
32.86970 0.054521 0.12809
32.96334 0.052312 0.12907
33.05697 0.050087 0.13002
33.15061 0.047846 0.13093
33.24425 0.045589 0.13181
33.33789 0.043318 0.13265
33.43153 0.041032 0.13345
33.52516 0.038733 0.13422
33.61880 0.036421 0.13495
33.71244 0.034096 0.13565
33.80608 0.031760 0.13631
33.89972 0.029413 0.13693
33.99335 0.027055 0.13751
34.08699 0.024687 0.13806
34.18063 0.022310 0.13857
34.27427 0.019924 0.13904
34.36791 0.017530 0.13947
34.46154 0.015129 0.13987
34.55518 0.012721 0.14023
34.64882 0.010306 0.14055
34.74246 0.007886 0.14083
34.83610 0.005462 0.14107
34.92973 0.003033 0.14128
35.02337 0.000600 0.14144
35.11701 -0.001836 0.14157
35.21065 -0.004274 0.14166
35.30429 -0.006713 0.14171
35.39792 -0.009154 0.14172
35.49156 -0.011596 0.14170
35.58520 -0.014037 0.14163
35.67884 -0.016477 0.14153
35.77248 -0.018916 0.14139
35.86611 -0.021352 0.14120
35.95975 -0.023786 0.14098
36.05339 -0.026217 0.14073
36.14703 -0.028643 0.14043
36.24067 -0.031065 0.14009
36.33430 -0.033482 0.13972
36.42794 -0.035892 0.13931
36.52158 -0.038296 0.13886
36.61522 -0.040693 0.13837
36.70886 -0.043082 0.13784
36.80249 -0.045462 0.13728
36.89613 -0.047834 0.13667
36.98977 -0.050195 0.13603
37.08341 -0.052547 0.13536
37.17705 -0.054887 0.13464
37.27068 -0.057216 0.13389
37.36432 -0.059533 0.13310
37.45796 -0.061836 0.13228
37.55160 -0.064127 0.13141
37.64524 -0.066403 0.13052
37.73887 -0.068665 0.12958
37.83251 -0.070911 0.12861
37.92615 -0.073142 0.12760
38.01979 -0.075356 0.12656
38.11343 -0.077554 0.12549
38.20706 -0.079733 0.12437
38.30070 -0.081895 0.12323
38.39434 -0.084038 0.12205
38.48798 -0.086161 0.12083
38.58162 -0.088265 0.11958
38.67525 -0.090348 0.11830
38.76889 -0.092410 0.11699
38.86253 -0.094451 0.11564
38.95617 -0.096470 0.11426
39.04981 -0.098466 0.11285
39.14344 -0.100439 0.11140
39.23708 -0.102388 0.10993
39.33072 -0.104314 0.10842
39.42436 -0.106214 0.10688
39.51800 -0.108089 0.10532
39.61163 -0.109939 0.10372
39.70527 -0.111762 0.10209
39.79891 -0.113559 0.10044
39.89255 -0.115329 0.09875
39.98619 -0.117071 0.09704
40.07982 -0.118785 0.09530
40.17346 -0.120470 0.09353
40.26710 -0.122126 0.09174
40.36074 -0.123753 0.08992
40.45438 -0.125350 0.08807
40.54802 -0.126917 0.08620
40.64165 -0.128453 0.08430
40.73529 -0.129958 0.08238
40.82893 -0.131431 0.08043
40.92257 -0.132872 0.07846
41.01621 -0.134281 0.07647
41.10984 -0.135658 0.07446
41.20348 -0.137001 0.07242
41.29712 -0.138311 0.07036
41.39076 -0.139587 0.06828
41.48440 -0.140829 0.06618
41.57803 -0.142037 0.06407
41.67167 -0.143210 0.06193
41.76531 -0.144348 0.05977
41.85895 -0.145450 0.05759
41.95259 -0.146517 0.05540
42.04622 -0.147548 0.05319
42.13986 -0.148542 0.05096
42.23350 -0.149500 0.04872
42.32714 -0.150422 0.04646
42.42078 -0.151306 0.04419
42.51441 -0.152153 0.04190
42.60805 -0.152963 0.03960
42.70169 -0.153735 0.03729
42.79533 -0.154469 0.03496
42.88897 -0.155165 0.03262
42.98260 -0.155823 0.03027
43.07624 -0.156442 0.02791
43.16988 -0.157023 0.02554
43.26352 -0.157565 0.02316
43.35716 -0.158068 0.02077
43.45079 -0.158532 0.01838
43.54443 -0.158957 0.01597
43.63807 -0.159343 0.01356
43.73171 -0.159689 0.01114
43.82535 -0.159996 0.00872
43.91898 -0.160263 0.00629
44.01262 -0.160491 0.00385
44.10626 -0.160679 0.00142
44.19990 -0.160827 -0.00103
44.29354 -0.160936 -0.00347
44.38717 -0.161005 -0.00592
44.48081 -0.161033 -0.00836
44.57445 -0.161022 -0.01081
44.66809 -0.160972 -0.01326
44.76173 -0.160881 -0.01571
44.85536 -0.160750 -0.01816
44.94900 -0.160580 -0.02061
45.04264 -0.160370 -0.02305
45.13628 -0.160120 -0.02549
45.22992 -0.159831 -0.02793
45.32355 -0.159501 -0.03037
45.41719 -0.159133 -0.03280
45.51083 -0.158725 -0.03522
45.60447 -0.158277 -0.03764
45.69811 -0.157791 -0.04006
45.79174 -0.157265 -0.04246
45.88538 -0.156700 -0.04486
45.97902 -0.156097 -0.04725
46.07266 -0.155454 -0.04963
46.16630 -0.154773 -0.05201
46.25993 -0.154054 -0.05437
46.35357 -0.153296 -0.05672
46.44721 -0.152500 -0.05907
46.54085 -0.151667 -0.06140
46.63449 -0.150795 -0.06372
46.72812 -0.149886 -0.06602
46.82176 -0.148940 -0.06832
46.91540 -0.147957 -0.07060
47.00904 -0.146936 -0.07286
47.10268 -0.145880 -0.07511
47.19631 -0.144786 -0.07735
47.28995 -0.143657 -0.07956
47.38359 -0.142492 -0.08177
47.47723 -0.141291 -0.08395
47.57087 -0.140055 -0.08612
47.66450 -0.138783 -0.08827
47.75814 -0.137477 -0.09040
47.85178 -0.136137 -0.09252
47.94542 -0.134762 -0.09461
48.03906 -0.133353 -0.09668
48.13269 -0.131911 -0.09874
48.22633 -0.130436 -0.10077
48.31997 -0.128928 -0.10278
48.41361 -0.127387 -0.10477
48.50725 -0.125814 -0.10673
48.60088 -0.124209 -0.10868
48.69452 -0.122573 -0.11060
48.78816 -0.120906 -0.11249
48.88180 -0.119207 -0.11436
48.97544 -0.117479 -0.11621
49.06907 -0.115720 -0.11803
49.16271 -0.113932 -0.11983
49.25635 -0.112115 -0.12160
49.34999 -0.110269 -0.12334
49.44363 -0.108395 -0.12506
49.53726 -0.106492 -0.12675
49.63090 -0.104563 -0.12841
49.72454 -0.102606 -0.13005
49.81818 -0.100622 -0.13165
49.91182 -0.098612 -0.13323
50.00545 -0.096576 -0.13478
50.09909 -0.094516 -0.13630
50.19273 -0.092430 -0.13778
50.28637 -0.090319 -0.13924
50.38001 -0.088185 -0.14067
50.47365 -0.086028 -0.14207
50.56728 -0.083847 -0.14343
50.66092 -0.081644 -0.14476
50.75456 -0.079419 -0.14607
50.84820 -0.077172 -0.14733
50.94184 -0.074904 -0.14857
51.03547 -0.072616 -0.14978
51.12911 -0.070307 -0.15095
51.22275 -0.067979 -0.15208
51.31639 -0.065633 -0.15319
51.41003 -0.063267 -0.15426
51.50366 -0.060884 -0.15529
51.59730 -0.058483 -0.15629
51.69094 -0.056065 -0.15726
51.78458 -0.053631 -0.15819
51.87822 -0.051181 -0.15908
51.97185 -0.048716 -0.15994
52.06549 -0.046236 -0.16077
52.15913 -0.043741 -0.16155
52.25277 -0.041233 -0.16231
52.34641 -0.038712 -0.16302
52.44004 -0.036179 -0.16370
52.53368 -0.033633 -0.16434
52.62732 -0.031076 -0.16495
52.72096 -0.028508 -0.16552
52.81460 -0.025929 -0.16605
52.90823 -0.023341 -0.16654
53.00187 -0.020744 -0.16700
53.09551 -0.018138 -0.16741
53.18915 -0.015524 -0.16780
53.28279 -0.012903 -0.16814
53.37642 -0.010275 -0.16844
53.47006 -0.007640 -0.16871
53.56370 -0.005000 -0.16894
53.65734 -0.002355 -0.16913
53.75098 0.000295 -0.16928
53.84461 0.002949 -0.16939
53.93825 0.005606 -0.16947
54.03189 0.008266 -0.16950
54.12553 0.010928 -0.16950
54.21917 0.013592 -0.16946
54.31280 0.016256 -0.16938
54.40644 0.018922 -0.16926
54.50008 0.021586 -0.16911
54.59372 0.024250 -0.16891
54.68736 0.026913 -0.16868
54.78099 0.029574 -0.16840
54.87463 0.032232 -0.16809
54.96827 0.034886 -0.16774
55.06191 0.037537 -0.16735
55.15555 0.040184 -0.16693
55.24918 0.042826 -0.16646
55.34282 0.045462 -0.16596
55.43646 0.048092 -0.16541
55.53010 0.050715 -0.16483
55.62374 0.053331 -0.16421
55.71737 0.055939 -0.16356
55.81101 0.058538 -0.16286
55.90465 0.061128 -0.16213
55.99829 0.063708 -0.16136
56.09193 0.066278 -0.16055
56.18556 0.068838 -0.15971
56.27920 0.071385 -0.15882
56.37284 0.073921 -0.15790
56.46648 0.076444 -0.15695
56.56012 0.078953 -0.15595
56.65375 0.081449 -0.15492
56.74739 0.083931 -0.15386
56.84103 0.086397 -0.15276
56.93467 0.088848 -0.15162
57.02831 0.091283 -0.15044
57.12194 0.093701 -0.14923
57.21558 0.096102 -0.14799
57.30922 0.098485 -0.14671
57.40286 0.100850 -0.14539
57.49650 0.103195 -0.14404
57.59013 0.105522 -0.14266
57.68377 0.107828 -0.14124
57.77741 0.110114 -0.13979
57.87105 0.112379 -0.13831
57.96469 0.114622 -0.13679
58.05832 0.116843 -0.13524
58.15196 0.119041 -0.13366
58.24560 0.121216 -0.13204
58.33924 0.123367 -0.13039
58.43288 0.125494 -0.12871
58.52651 0.127596 -0.12701
58.62015 0.129673 -0.12526
58.71379 0.131725 -0.12349
58.80743 0.133750 -0.12169
58.90107 0.135748 -0.11986
58.99470 0.137719 -0.11800
59.08834 0.139663 -0.11612
59.18198 0.141578 -0.11420
59.27562 0.143464 -0.11225
59.36926 0.145322 -0.11028
59.46289 0.147150 -0.10828
59.55653 0.148948 -0.10625
59.65017 0.150715 -0.10420
59.74381 0.152452 -0.10212
59.83745 0.154157 -0.10002
59.93108 0.155831 -0.09789
60.02472 0.157472 -0.09574
60.11836 0.159081 -0.09356
60.21200 0.160657 -0.09136
60.30564 0.162199 -0.08913
60.39928 0.163708 -0.08689
60.49291 0.165183 -0.08462
60.58655 0.166623 -0.08233
60.68019 0.168028 -0.08002
60.77383 0.169399 -0.07769
60.86747 0.170733 -0.07533
60.96110 0.172032 -0.07296
61.05474 0.173294 -0.07057
61.14838 0.174520 -0.06816
61.24202 0.175709 -0.06574
61.33566 0.176861 -0.06329
61.42929 0.177976 -0.06083
61.52293 0.179052 -0.05836
61.61657 0.180091 -0.05586
61.71021 0.181091 -0.05336
61.80385 0.182053 -0.05083
61.89748 0.182975 -0.04830
61.99112 0.183859 -0.04575
62.08476 0.184703 -0.04319
62.17840 0.185508 -0.04061
62.27204 0.186273 -0.03803
62.36567 0.186998 -0.03543
62.45931 0.187683 -0.03282
62.55295 0.188328 -0.03021
62.64659 0.188932 -0.02758
62.74023 0.189495 -0.02495
62.83386 0.190017 -0.02230
62.92750 0.190499 -0.01965
63.02114 0.190939 -0.01700
63.11478 0.191337 -0.01434
63.20842 0.191695 -0.01167
63.30205 0.192011 -0.00899
63.39569 0.192285 -0.00632
63.48933 0.192517 -0.00364
63.58297 0.192708 -0.00095
63.67661 0.192857 0.00173
63.77024 0.192964 0.00442
63.86388 0.193029 0.00711
63.95752 0.193051 0.00980
64.05116 0.193032 0.01249
64.14480 0.192971 0.01518
64.23843 0.192867 0.01786
64.33207 0.192722 0.02055
64.42571 0.192534 0.02323
64.51935 0.192305 0.02591
64.61299 0.192033 0.02858
64.70662 0.191720 0.03125
64.80026 0.191364 0.03392
64.89390 0.190967 0.03657
64.98754 0.190528 0.03923
65.08118 0.190047 0.04187
65.17481 0.189524 0.04451
65.26845 0.188961 0.04714
65.36209 0.188355 0.04976
65.45573 0.187709 0.05237
65.54937 0.187021 0.05497
65.64300 0.186293 0.05756
65.73664 0.185523 0.06013
65.83028 0.184713 0.06270
65.92392 0.183863 0.06525
66.01756 0.182972 0.06779
66.11119 0.182041 0.07031
66.20483 0.181070 0.07282
66.29847 0.180060 0.07532
66.39211 0.179010 0.07780
66.48575 0.177921 0.08026
66.57938 0.176794 0.08271
66.67302 0.175627 0.08514
66.76666 0.174422 0.08755
66.86030 0.173179 0.08994
66.95394 0.171898 0.09232
67.04757 0.170580 0.09467
67.14121 0.169224 0.09700
67.23485 0.167831 0.09931
67.32849 0.166402 0.10160
67.42213 0.164937 0.10387
67.51576 0.163435 0.10612
67.60940 0.161898 0.10834
67.70304 0.160326 0.11054
67.79668 0.158719 0.11272
67.89032 0.157077 0.11487
67.98395 0.155401 0.11699
68.07759 0.153692 0.11909
68.17123 0.151949 0.12117
68.26487 0.150173 0.12322
68.35851 0.148365 0.12524
68.45214 0.146524 0.12723
68.54578 0.144653 0.12919
68.63942 0.142749 0.13113
68.73306 0.140815 0.13304
68.82670 0.138851 0.13492
68.92033 0.136857 0.13676
69.01397 0.134834 0.13858
69.10761 0.132781 0.14037
69.20125 0.130701 0.14213
69.29489 0.128592 0.14385
69.38852 0.126456 0.14554
69.48216 0.124293 0.14721
69.57580 0.122103 0.14883
69.66944 0.119888 0.15043
69.76308 0.117647 0.15199
69.85671 0.115381 0.15352
69.95035 0.113091 0.15501
70.04399 0.110778 0.15647
70.13763 0.108441 0.15790
70.23127 0.106081 0.15929
70.32491 0.103699 0.16064
70.41854 0.101295 0.16196
70.51218 0.098871 0.16324
70.60582 0.096426 0.16449
70.69946 0.093961 0.16570
70.79310 0.091476 0.16687
70.88673 0.088973 0.16800
70.98037 0.086452 0.16910
71.07401 0.083913 0.17016
71.16765 0.081357 0.17118
71.26129 0.078785 0.17217
71.35492 0.076197 0.17312
71.44856 0.073594 0.17402
71.54220 0.070976 0.17489
71.63584 0.068344 0.17572
71.72948 0.065699 0.17651
71.82311 0.063042 0.17726
71.91675 0.060371 0.17798
72.01039 0.057690 0.17865
72.10403 0.054998 0.17928
72.19767 0.052295 0.17988
72.29130 0.049582 0.18043
72.38494 0.046861 0.18094
72.47858 0.044131 0.18141
72.57222 0.041394 0.18185
72.66586 0.038649 0.18224
72.75949 0.035898 0.18259
72.85313 0.033141 0.18290
72.94677 0.030379 0.18317
73.04041 0.027612 0.18340
73.13405 0.024841 0.18359
73.22768 0.022067 0.18374
73.32132 0.019290 0.18385
73.41496 0.016511 0.18392
73.50860 0.013730 0.18395
73.60224 0.010949 0.18393
73.69587 0.008168 0.18388
73.78951 0.005387 0.18378
73.88315 0.002608 0.18365
73.97679 -0.000170 0.18347
74.07043 -0.002946 0.18325
74.16406 -0.005718 0.18300
74.25770 -0.008487 0.18270
74.35134 -0.011252 0.18236
74.44498 -0.014012 0.18199
74.53862 -0.016766 0.18157
74.63225 -0.019514 0.18111
74.72589 -0.022255 0.18061
74.81953 -0.024989 0.18008
74.91317 -0.027714 0.17950
75.00681 -0.030432 0.17888
75.10044 -0.033139 0.17823
75.19408 -0.035837 0.17753
75.28772 -0.038525 0.17680
75.38136 -0.041201 0.17603
75.47500 -0.043866 0.17522
75.56863 -0.046519 0.17437
75.66227 -0.049158 0.17348
75.75591 -0.051784 0.17256
75.84955 -0.054396 0.17160
75.94319 -0.056994 0.17060
76.03682 -0.059576 0.16956
76.13046 -0.062142 0.16849
76.22410 -0.064692 0.16738
76.31774 -0.067225 0.16623
76.41138 -0.069741 0.16505
76.50501 -0.072238 0.16383
76.59865 -0.074717 0.16258
76.69229 -0.077177 0.16129
76.78593 -0.079616 0.15997
76.87957 -0.082036 0.15861
76.97320 -0.084435 0.15722
77.06684 -0.086812 0.15579
77.16048 -0.089168 0.15433
77.25412 -0.091501 0.15284
77.34776 -0.093811 0.15131
77.44139 -0.096097 0.14975
77.53503 -0.098360 0.14816
77.62867 -0.100598 0.14654
77.72231 -0.102812 0.14489
77.81595 -0.105000 0.14321
77.90958 -0.107162 0.14149
78.00322 -0.109297 0.13975
78.09686 -0.111406 0.13797
78.19050 -0.113488 0.13617
78.28414 -0.115541 0.13434
78.37777 -0.117567 0.13248
78.47141 -0.119564 0.13059
78.56505 -0.121531 0.12867
78.65869 -0.123469 0.12673
78.75233 -0.125378 0.12476
78.84596 -0.127255 0.12276
78.93960 -0.129102 0.12074
79.03324 -0.130918 0.11870
79.12688 -0.132703 0.11663
79.22052 -0.134455 0.11453
79.31415 -0.136175 0.11241
79.40779 -0.137862 0.11027
79.50143 -0.139516 0.10810
79.59507 -0.141137 0.10592
79.68871 -0.142724 0.10371
79.78234 -0.144277 0.10148
79.87598 -0.145795 0.09923
79.96962 -0.147279 0.09696
80.06326 -0.148727 0.09467
80.15690 -0.150141 0.09236
80.25054 -0.151518 0.09003
80.34417 -0.152859 0.08769
80.43781 -0.154165 0.08532
80.53145 -0.155433 0.08294
80.62509 -0.156665 0.08055
80.71873 -0.157860 0.07814
80.81236 -0.159017 0.07571
80.90600 -0.160137 0.07327
80.99964 -0.161219 0.07081
81.09328 -0.162264 0.06834
81.18692 -0.163270 0.06586
81.28055 -0.164237 0.06337
81.37419 -0.165166 0.06086
81.46783 -0.166056 0.05835
81.56147 -0.166907 0.05582
81.65511 -0.167719 0.05328
81.74874 -0.168492 0.05074
81.84238 -0.169225 0.04818
81.93602 -0.169919 0.04562
82.02966 -0.170573 0.04305
82.12330 -0.171187 0.04047
82.21693 -0.171762 0.03789
82.31057 -0.172296 0.03530
82.40421 -0.172790 0.03271
82.49785 -0.173244 0.03011
82.59149 -0.173657 0.02751
82.68512 -0.174031 0.02490
82.77876 -0.174364 0.02229
82.87240 -0.174656 0.01968
82.96604 -0.174908 0.01707
83.05968 -0.175119 0.01446
83.15331 -0.175290 0.01184
83.24695 -0.175421 0.00923
83.34059 -0.175510 0.00662
83.43423 -0.175560 0.00401
83.52787 -0.175568 0.00140
83.62150 -0.175537 -0.00120
83.71514 -0.175465 -0.00381
83.80878 -0.175352 -0.00640
83.90242 -0.175200 -0.00900
83.99606 -0.175007 -0.01158
84.08969 -0.174774 -0.01416
84.18333 -0.174500 -0.01674
84.27697 -0.174187 -0.01931
84.37061 -0.173834 -0.02187
84.46425 -0.173441 -0.02442
84.55788 -0.173009 -0.02696
84.65152 -0.172537 -0.02950
84.74516 -0.172026 -0.03202
84.83880 -0.171475 -0.03454
84.93244 -0.170886 -0.03704
85.02607 -0.170258 -0.03953
85.11971 -0.169591 -0.04201
85.21335 -0.168885 -0.04447
85.30699 -0.168141 -0.04692
85.40063 -0.167359 -0.04936
85.49426 -0.166540 -0.05178
85.58790 -0.165682 -0.05419
85.68154 -0.164788 -0.05658
85.77518 -0.163856 -0.05896
85.86882 -0.162887 -0.06132
85.96245 -0.161881 -0.06366
86.05609 -0.160840 -0.06598
86.14973 -0.159762 -0.06829
86.24337 -0.158648 -0.07057
86.33701 -0.157499 -0.07284
86.43064 -0.156314 -0.07509
86.52428 -0.155095 -0.07731
86.61792 -0.153841 -0.07952
86.71156 -0.152553 -0.08170
86.80520 -0.151230 -0.08386
86.89883 -0.149875 -0.08600
86.99247 -0.148486 -0.08811
87.08611 -0.147064 -0.09020
87.17975 -0.145610 -0.09227
87.27339 -0.144123 -0.09431
87.36702 -0.142605 -0.09633
87.46066 -0.141055 -0.09833
87.55430 -0.139475 -0.10029
87.64794 -0.137864 -0.10223
87.74158 -0.136222 -0.10415
87.83521 -0.134551 -0.10603
87.92885 -0.132851 -0.10789
88.02249 -0.131122 -0.10972
88.11613 -0.129364 -0.11152
88.20977 -0.127578 -0.11329
88.30340 -0.125765 -0.11504
88.39704 -0.123925 -0.11675
88.49068 -0.122058 -0.11843
88.58432 -0.120165 -0.12009
88.67796 -0.118246 -0.12171
88.77159 -0.116302 -0.12330
88.86523 -0.114333 -0.12486
88.95887 -0.112340 -0.12639
89.05251 -0.110324 -0.12788
89.14615 -0.108284 -0.12934
89.23978 -0.106221 -0.13077
89.33342 -0.104136 -0.13217
89.42706 -0.102030 -0.13353
89.52070 -0.099902 -0.13486
89.61434 -0.097754 -0.13615
89.70797 -0.095585 -0.13741
89.80161 -0.093398 -0.13863
89.89525 -0.091191 -0.13982
89.98889 -0.088965 -0.14098
90.08253 -0.086722 -0.14209
90.17617 -0.084461 -0.14318
90.26980 -0.082184 -0.14422
90.36344 -0.079890 -0.14523
90.45708 -0.077581 -0.14621
90.55072 -0.075256 -0.14714
90.64436 -0.072917 -0.14804
90.73799 -0.070564 -0.14890
90.83163 -0.068198 -0.14973
90.92527 -0.065819 -0.15051
91.01891 -0.063427 -0.15126
91.11255 -0.061025 -0.15197
91.20618 -0.058611 -0.15265
91.29982 -0.056187 -0.15328
91.39346 -0.053752 -0.15388
91.48710 -0.051309 -0.15444
91.58074 -0.048857 -0.15496
91.67437 -0.046397 -0.15544
91.76801 -0.043930 -0.15588
91.86165 -0.041456 -0.15628
91.95529 -0.038976 -0.15665
92.04893 -0.036490 -0.15697
92.14256 -0.033999 -0.15726
92.23620 -0.031504 -0.15750
92.32984 -0.029006 -0.15771
92.42348 -0.026504 -0.15788
92.51712 -0.023999 -0.15801
92.61075 -0.021493 -0.15810
92.70439 -0.018986 -0.15815
92.79803 -0.016478 -0.15816
92.89167 -0.013970 -0.15813
92.98531 -0.011462 -0.15807
93.07894 -0.008956 -0.15796
93.17258 -0.006451 -0.15781
93.26622 -0.003949 -0.15763
93.35986 -0.001451 -0.15740
93.45350 0.001045 -0.15714
93.54713 0.003535 -0.15684
93.64077 0.006021 -0.15650
93.73441 0.008502 -0.15612
93.82805 0.010976 -0.15570
93.92169 0.013443 -0.15524
94.01532 0.015903 -0.15475
94.10896 0.018355 -0.15422
94.20260 0.020799 -0.15364
94.29624 0.023233 -0.15303
94.38988 0.025657 -0.15239
94.48351 0.028071 -0.15170
94.57715 0.030474 -0.15098
94.67079 0.032865 -0.15022
94.76443 0.035244 -0.14942
94.85807 0.037611 -0.14859
94.95170 0.039964 -0.14772
95.04534 0.042303 -0.14681
95.13898 0.044627 -0.14587
95.23262 0.046936 -0.14489
95.32626 0.049230 -0.14388
95.41989 0.051507 -0.14283
95.51353 0.053767 -0.14175
95.60717 0.056010 -0.14063
95.70081 0.058235 -0.13947
95.79445 0.060442 -0.13828
95.88808 0.062629 -0.13706
95.98172 0.064797 -0.13581
96.07536 0.066944 -0.13452
96.16900 0.069071 -0.13319
96.26264 0.071177 -0.13184
96.35627 0.073261 -0.13045
96.44991 0.075322 -0.12903
96.54355 0.077361 -0.12758
96.63719 0.079377 -0.12610
96.73083 0.081368 -0.12459
96.82446 0.083335 -0.12305
96.91810 0.085278 -0.12147
97.01174 0.087195 -0.11987
97.10538 0.089086 -0.11824
97.19902 0.090951 -0.11658
97.29265 0.092789 -0.11489
97.38629 0.094600 -0.11317
97.47993 0.096384 -0.11143
97.57357 0.098139 -0.10966
97.66721 0.099866 -0.10786
97.76084 0.101563 -0.10604
97.85448 0.103232 -0.10419
97.94812 0.104870 -0.10231
98.04176 0.106478 -0.10041
98.13540 0.108055 -0.09849
98.22903 0.109602 -0.09654
98.32267 0.111117 -0.09457
98.41631 0.112600 -0.09258
98.50995 0.114050 -0.09056
98.60359 0.115469 -0.08853
98.69722 0.116854 -0.08647
98.79086 0.118206 -0.08439
98.88450 0.119524 -0.08229
98.97814 0.120808 -0.08017
99.07178 0.122058 -0.07804
99.16541 0.123273 -0.07588
99.25905 0.124454 -0.07371
99.35269 0.125599 -0.07152
99.44633 0.126708 -0.06931
99.53997 0.127782 -0.06709
99.63360 0.128820 -0.06485
99.72724 0.129821 -0.06260
99.82088 0.130785 -0.06033
99.91452 0.131713 -0.05805
100.00816 0.132604 -0.05576
100.10180 0.133457 -0.05345
100.19543 0.134273 -0.05113
100.28907 0.135051 -0.04880
100.38271 0.135791 -0.04646
100.47635 0.136493 -0.04411
100.56999 0.137156 -0.04175
100.66362 0.137781 -0.03938
100.75726 0.138368 -0.03701
100.85090 0.138916 -0.03462
100.94454 0.139424 -0.03223
101.03818 0.139894 -0.02983
101.13181 0.140324 -0.02743
101.22545 0.140716 -0.02502
101.31909 0.141068 -0.02261
101.41273 0.141380 -0.02019
101.50637 0.141653 -0.01777
101.60000 0.141886 -0.01535
101.69364 0.142080 -0.01293
101.78728 0.142234 -0.01050
101.88092 0.142348 -0.00807
101.97456 0.142422 -0.00565
102.06819 0.142457 -0.00322
102.16183 0.142452 -0.00080
102.25547 0.142407 0.00162
102.34911 0.142322 0.00404
102.44275 0.142198 0.00645
102.53638 0.142034 0.00887
102.63002 0.141830 0.01127
102.72366 0.141587 0.01367
102.81730 0.141304 0.01607
102.91094 0.140982 0.01846
103.00457 0.140620 0.02084
103.09821 0.140219 0.02321
103.19185 0.139780 0.02558
103.28549 0.139301 0.02794
103.37913 0.138783 0.03028
103.47276 0.138227 0.03262
103.56640 0.137632 0.03495
103.66004 0.136999 0.03726
103.75368 0.136328 0.03956
103.84732 0.135618 0.04185
103.94095 0.134871 0.04412
104.03459 0.134086 0.04639
104.12823 0.133264 0.04863
104.22187 0.132405 0.05086
104.31551 0.131508 0.05308
104.40914 0.130575 0.05528
104.50278 0.129606 0.05746
104.59642 0.128600 0.05962
104.69006 0.127559 0.06177
104.78370 0.126482 0.06390
104.87733 0.125370 0.06600
104.97097 0.124223 0.06809
105.06461 0.123041 0.07016
105.15825 0.121825 0.07220
105.25189 0.120575 0.07423
105.34552 0.119291 0.07623
105.43916 0.117974 0.07821
105.53280 0.116623 0.08017
105.62644 0.115241 0.08210
105.72008 0.113826 0.08401
105.81371 0.112379 0.08589
105.90735 0.110901 0.08775
106.00099 0.109392 0.08958
106.09463 0.107852 0.09139
106.18827 0.106283 0.09317
106.28190 0.104683 0.09492
106.37554 0.103054 0.09664
106.46918 0.101396 0.09834
106.56282 0.099710 0.10000
106.65646 0.097996 0.10164
106.75009 0.096255 0.10325
106.84373 0.094486 0.10483
106.93737 0.092691 0.10638
107.03101 0.090870 0.10789
107.12465 0.089023 0.10938
107.21828 0.087152 0.11083
107.31192 0.085255 0.11225
107.40556 0.083335 0.11364
107.49920 0.081392 0.11500
107.59284 0.079425 0.11632
107.68647 0.077436 0.11761
107.78011 0.075425 0.11887
107.87375 0.073393 0.12009
107.96739 0.071340 0.12128
108.06103 0.069267 0.12243
108.15466 0.067175 0.12355
108.24830 0.065063 0.12463
108.34194 0.062932 0.12567
108.43558 0.060784 0.12668
108.52922 0.058619 0.12766
108.62285 0.056436 0.12859
108.71649 0.054238 0.12949
108.81013 0.052024 0.13035
108.90377 0.049795 0.13118
108.99741 0.047552 0.13197
109.09104 0.045295 0.13272
109.18468 0.043024 0.13343
109.27832 0.040742 0.13410
109.37196 0.038447 0.13474
109.46560 0.036141 0.13533
109.55923 0.033825 0.13589
109.65287 0.031498 0.13641
109.74651 0.029162 0.13689
109.84015 0.026818 0.13733
109.93379 0.024465 0.13773
110.02743 0.022105 0.13809
110.12106 0.019738 0.13841
110.21470 0.017365 0.13869
110.30834 0.014986 0.13894
110.40198 0.012602 0.13914
110.49562 0.010214 0.13930
110.58925 0.007822 0.13943
110.68289 0.005428 0.13951
110.77653 0.003031 0.13955
110.87017 0.000632 0.13956
110.96381 -0.001767 0.13952
111.05744 -0.004167 0.13944
111.15108 -0.006567 0.13933
111.24472 -0.008966 0.13917
111.33836 -0.011363 0.13898
111.43200 -0.013758 0.13874
111.52563 -0.016150 0.13846
111.61927 -0.018539 0.13815
111.71291 -0.020924 0.13779
111.80655 -0.023303 0.13740
111.90019 -0.025677 0.13696
111.99382 -0.028046 0.13649
112.08746 -0.030407 0.13598
112.18110 -0.032761 0.13543
112.27474 -0.035107 0.13484
112.36838 -0.037445 0.13421
112.46201 -0.039773 0.13354
112.55565 -0.042091 0.13283
112.64929 -0.044399 0.13209
112.74293 -0.046696 0.13130
112.83657 -0.048980 0.13048
112.93020 -0.051253 0.12962
113.02384 -0.053512 0.12873
113.11748 -0.055758 0.12779
113.21112 -0.057990 0.12682
113.30476 -0.060207 0.12582
113.39839 -0.062408 0.12477
113.49203 -0.064593 0.12369
113.58567 -0.066762 0.12258
113.67931 -0.068914 0.12142
113.77295 -0.071048 0.12024
113.86658 -0.073163 0.11901
113.96022 -0.075260 0.11776
114.05386 -0.077336 0.11647
114.14750 -0.079393 0.11514
114.24114 -0.081430 0.11378
114.33477 -0.083445 0.11239
114.42841 -0.085438 0.11096
114.52205 -0.087409 0.10951
114.61569 -0.089358 0.10802
114.70933 -0.091283 0.10649
114.80296 -0.093184 0.10494
114.89660 -0.095061 0.10336
114.99024 -0.096913 0.10174
115.08388 -0.098739 0.10009
115.17752 -0.100540 0.09842
115.27115 -0.102314 0.09671
115.36479 -0.104061 0.09498
115.45843 -0.105781 0.09322
115.55207 -0.107474 0.09143
115.64571 -0.109138 0.08961
115.73934 -0.110773 0.08777
115.83298 -0.112379 0.08589
115.92662 -0.113955 0.08400
116.02026 -0.115502 0.08207
116.11390 -0.117018 0.08012
116.20753 -0.118503 0.07815
116.30117 -0.119956 0.07615
116.39481 -0.121378 0.07413
116.48845 -0.122768 0.07209
116.58209 -0.124126 0.07002
116.67572 -0.125451 0.06794
116.76936 -0.126742 0.06583
116.86300 -0.128000 0.06370
116.95664 -0.129224 0.06155
117.05028 -0.130413 0.05938
117.14391 -0.131568 0.05719
117.23755 -0.132688 0.05498
117.33119 -0.133773 0.05275
117.42483 -0.134823 0.05051
117.51847 -0.135836 0.04825
117.61210 -0.136814 0.04597
117.70574 -0.137755 0.04368
117.79938 -0.138659 0.04137
117.89302 -0.139526 0.03905
117.98666 -0.140357 0.03672
118.08029 -0.141150 0.03437
118.17393 -0.141905 0.03201
118.26757 -0.142622 0.02963
118.36121 -0.143301 0.02725
118.45485 -0.143943 0.02485
118.54848 -0.144545 0.02245
118.64212 -0.145109 0.02003
118.73576 -0.145634 0.01761
118.82940 -0.146121 0.01518
118.92304 -0.146568 0.01274
119.01667 -0.146976 0.01029
119.11031 -0.147344 0.00784
119.20395 -0.147673 0.00539
119.29759 -0.147963 0.00292
119.39123 -0.148213 0.00046
119.48486 -0.148423 -0.00201
119.57850 -0.148593 -0.00449
119.67214 -0.148724 -0.00696
119.76578 -0.148814 -0.00944
119.85942 -0.148865 -0.01192
119.95306 -0.148875 -0.01440
120.04669 -0.148846 -0.01688
120.14033 -0.148776 -0.01935
120.23397 -0.148666 -0.02183
120.32761 -0.148517 -0.02430
120.42125 -0.148327 -0.02677
120.51488 -0.148097 -0.02924
120.60852 -0.147828 -0.03170
120.70216 -0.147518 -0.03416
120.79580 -0.147169 -0.03661
120.88944 -0.146780 -0.03906
120.98307 -0.146351 -0.04149
121.07671 -0.145883 -0.04393
121.17035 -0.145375 -0.04635
121.26399 -0.144828 -0.04876
121.35763 -0.144242 -0.05117
121.45126 -0.143617 -0.05356
121.54490 -0.142952 -0.05595
121.63854 -0.142250 -0.05832
121.73218 -0.141508 -0.06068
121.82582 -0.140728 -0.06303
121.91945 -0.139910 -0.06536
122.01309 -0.139054 -0.06768
122.10673 -0.138160 -0.06999
122.20037 -0.137229 -0.07228
122.29401 -0.136260 -0.07455
122.38764 -0.135254 -0.07681
122.48128 -0.134212 -0.07905
122.57492 -0.133133 -0.08128
122.66856 -0.132017 -0.08348
122.76220 -0.130866 -0.08567
122.85583 -0.129678 -0.08784
122.94947 -0.128456 -0.08998
123.04311 -0.127198 -0.09211
123.13675 -0.125906 -0.09422
123.23039 -0.124579 -0.09630
123.32402 -0.123218 -0.09837
123.41766 -0.121823 -0.10041
123.51130 -0.120395 -0.10242
123.60494 -0.118933 -0.10442
123.69858 -0.117439 -0.10639
123.79221 -0.115913 -0.10833
123.88585 -0.114355 -0.11025
123.97949 -0.112765 -0.11214
124.07313 -0.111145 -0.11401
124.16677 -0.109493 -0.11585
124.26040 -0.107812 -0.11766
124.35404 -0.106100 -0.11945
124.44768 -0.104359 -0.12120
124.54132 -0.102589 -0.12293
124.63496 -0.100791 -0.12463
124.72859 -0.098965 -0.12630
124.82223 -0.097111 -0.12794
124.91587 -0.095230 -0.12955
125.00951 -0.093322 -0.13113
125.10315 -0.091388 -0.13267
125.19678 -0.089429 -0.13419
125.29042 -0.087445 -0.13567
125.38406 -0.085435 -0.13712
125.47770 -0.083402 -0.13854
125.57134 -0.081345 -0.13992
125.66497 -0.079265 -0.14128
125.75861 -0.077162 -0.14259
125.85225 -0.075038 -0.14388
125.94589 -0.072892 -0.14512
126.03953 -0.070724 -0.14634
126.13316 -0.068537 -0.14752
126.22680 -0.066329 -0.14866
126.32044 -0.064102 -0.14977
126.41408 -0.061857 -0.15084
126.50772 -0.059593 -0.15187
126.60135 -0.057312 -0.15287
126.69499 -0.055013 -0.15383
126.78863 -0.052698 -0.15476
126.88227 -0.050367 -0.15564
126.97591 -0.048020 -0.15649
127.06954 -0.045659 -0.15730
127.16318 -0.043284 -0.15808
127.25682 -0.040895 -0.15881
127.35046 -0.038493 -0.15951
127.44410 -0.036078 -0.16017
127.53773 -0.033652 -0.16079
127.63137 -0.031214 -0.16137
127.72501 -0.028766 -0.16191
127.81865 -0.026307 -0.16241
127.91229 -0.023839 -0.16288
128.00592 -0.021363 -0.16330
128.09956 -0.018878 -0.16369
128.19320 -0.016385 -0.16403
128.28684 -0.013885 -0.16434
128.38048 -0.011379 -0.16460
128.47411 -0.008867 -0.16483
128.56775 -0.006349 -0.16501
128.66139 -0.003827 -0.16516
128.75503 -0.001301 -0.16526
128.84867 0.001228 -0.16533
128.94230 0.003761 -0.16535
129.03594 0.006295 -0.16534
129.12958 0.008832 -0.16528
129.22322 0.011369 -0.16519
129.31686 0.013906 -0.16505
129.41049 0.016444 -0.16488
129.50413 0.018981 -0.16466
129.59777 0.021516 -0.16440
129.69141 0.024049 -0.16411
129.78505 0.026580 -0.16377
129.87869 0.029107 -0.16340
129.97232 0.031631 -0.16298
130.06596 0.034150 -0.16253
130.15960 0.036664 -0.16203
130.25324 0.039173 -0.16150
130.34688 0.041675 -0.16092
130.44051 0.044171 -0.16031
130.53415 0.046660 -0.15966
130.62779 0.049140 -0.15897
130.72143 0.051612 -0.15823
130.81507 0.054075 -0.15747
130.90870 0.056528 -0.15666
131.00234 0.058971 -0.15581
131.09598 0.061402 -0.15493
131.18962 0.063823 -0.15400
131.28326 0.066232 -0.15304
131.37689 0.068628 -0.15204
131.47053 0.071010 -0.15101
131.56417 0.073380 -0.14994
131.65781 0.075735 -0.14882
131.75145 0.078075 -0.14768
131.84508 0.080400 -0.14649
131.93872 0.082709 -0.14527
132.03236 0.085001 -0.14402
132.12600 0.087277 -0.14273
132.21964 0.089535 -0.14140
132.31327 0.091775 -0.14004
132.40691 0.093997 -0.13864
132.50055 0.096199 -0.13721
132.59419 0.098382 -0.13574
132.68783 0.100544 -0.13424
132.78146 0.102687 -0.13270
132.87510 0.104807 -0.13114
132.96874 0.106907 -0.12953
133.06238 0.108984 -0.12790
133.15602 0.111039 -0.12623
133.24965 0.113070 -0.12454
133.34329 0.115078 -0.12281
133.43693 0.117062 -0.12105
133.53057 0.119021 -0.11925
133.62421 0.120955 -0.11743
133.71784 0.122864 -0.11558
133.81148 0.124747 -0.11370
133.90512 0.126603 -0.11178
133.99876 0.128433 -0.10984
134.09240 0.130235 -0.10787
134.18603 0.132010 -0.10588
134.27967 0.133756 -0.10385
134.37331 0.135474 -0.10180
134.46695 0.137164 -0.09972
134.56059 0.138823 -0.09762
134.65422 0.140453 -0.09548
134.74786 0.142053 -0.09333
134.84150 0.143622 -0.09115
134.93514 0.145160 -0.08894
135.02878 0.146667 -0.08671
135.12241 0.148143 -0.08446
135.21605 0.149586 -0.08218
135.30969 0.150997 -0.07988
135.40333 0.152375 -0.07756
135.49697 0.153720 -0.07522
135.59060 0.155031 -0.07285
135.68424 0.156309 -0.07047
135.77788 0.157553 -0.06807
135.87152 0.158762 -0.06564
135.96516 0.159936 -0.06320
136.05879 0.161076 -0.06074
136.15243 0.162180 -0.05826
136.24607 0.163248 -0.05577
136.33971 0.164281 -0.05325
136.43335 0.165278 -0.05072
136.52698 0.166238 -0.04818
136.62062 0.167161 -0.04562
136.71426 0.168048 -0.04305
136.80790 0.168897 -0.04046
136.90154 0.169709 -0.03786
136.99517 0.170484 -0.03524
137.08881 0.171221 -0.03262
137.18245 0.171919 -0.02998
137.27609 0.172580 -0.02733
137.36973 0.173202 -0.02467
137.46336 0.173785 -0.02200
137.55700 0.174330 -0.01932
137.65064 0.174835 -0.01664
137.74428 0.175302 -0.01394
137.83792 0.175729 -0.01124
137.93155 0.176117 -0.00853
138.02519 0.176466 -0.00581
138.11883 0.176775 -0.00309
138.21247 0.177044 -0.00037
138.30611 0.177273 0.00236
138.39974 0.177463 0.00510
138.49338 0.177612 0.00783
138.58702 0.177721 0.01057
138.68066 0.177791 0.01331
138.77430 0.177820 0.01606
138.86793 0.177808 0.01880
138.96157 0.177757 0.02154
139.05521 0.177665 0.02429
139.14885 0.177532 0.02703
139.24249 0.177360 0.02977
139.33612 0.177147 0.03250
139.42976 0.176893 0.03524
139.52340 0.176600 0.03797
139.61704 0.176266 0.04069
139.71068 0.175891 0.04341
139.80432 0.175477 0.04613
139.89795 0.175022 0.04883
139.99159 0.174528 0.05154
140.08523 0.173993 0.05423
140.17887 0.173418 0.05691
140.27251 0.172803 0.05959
140.36614 0.172149 0.06226
140.45978 0.171455 0.06491
140.55342 0.170721 0.06756
140.64706 0.169948 0.07019
140.74070 0.169136 0.07281
140.83433 0.168285 0.07542
140.92797 0.167395 0.07802
141.02161 0.166466 0.08060
141.11525 0.165498 0.08317
141.20889 0.164492 0.08572
141.30252 0.163448 0.08826
141.39616 0.162366 0.09078
141.48980 0.161246 0.09328
141.58344 0.160089 0.09577
141.67708 0.158894 0.09824
141.77071 0.157662 0.10069
141.86435 0.156393 0.10312
141.95799 0.155088 0.10553
142.05163 0.153747 0.10792
142.14527 0.152369 0.11028
142.23890 0.150956 0.11263
142.33254 0.149508 0.11496
142.42618 0.148024 0.11726
142.51982 0.146506 0.11954
142.61346 0.144953 0.12179
142.70709 0.143366 0.12402
142.80073 0.141746 0.12622
142.89437 0.140092 0.12840
142.98801 0.138405 0.13056
143.08165 0.136685 0.13268
143.17528 0.134933 0.13478
143.26892 0.133149 0.13685
143.36256 0.131334 0.13890
143.45620 0.129488 0.14091
143.54984 0.127611 0.14289
143.64347 0.125704 0.14485
143.73711 0.123767 0.14678
143.83075 0.121800 0.14867
143.92439 0.119805 0.15053
144.01803 0.117781 0.15237
144.11166 0.115729 0.15417
144.20530 0.113650 0.15593
144.29894 0.111544 0.15767
144.39258 0.109411 0.15937
144.48622 0.107252 0.16103
144.57985 0.105067 0.16267
144.67349 0.102857 0.16427
144.76713 0.100623 0.16583
144.86077 0.098365 0.16736
144.95441 0.096083 0.16885
145.04804 0.093778 0.17030
145.14168 0.091451 0.17172
145.23532 0.089102 0.17310
145.32896 0.086731 0.17445
145.42260 0.084340 0.17576
145.51623 0.081929 0.17702
145.60987 0.079497 0.17826
145.70351 0.077047 0.17945
145.79715 0.074578 0.18060
145.89079 0.072092 0.18171
145.98442 0.069587 0.18279
146.07806 0.067067 0.18382
146.17170 0.064530 0.18482
146.26534 0.061977 0.18577
146.35898 0.059409 0.18669
146.45261 0.056827 0.18756
146.54625 0.054232 0.18839
146.63989 0.051623 0.18918
146.73353 0.049002 0.18993
146.82717 0.046369 0.19064
146.92080 0.043724 0.19130
147.01444 0.041069 0.19193
147.10808 0.038404 0.19251
147.20172 0.035730 0.19305
147.29536 0.033047 0.19355
147.38899 0.030355 0.19400
147.48263 0.027657 0.19441
147.57627 0.024952 0.19478
147.66991 0.022240 0.19511
147.76355 0.019523 0.19539
147.85718 0.016801 0.19563
147.95082 0.014075 0.19582
148.04446 0.011346 0.19598
148.13810 0.008613 0.19609
148.23174 0.005878 0.19616
148.32537 0.003142 0.19618
148.41901 0.000405 0.19616
148.51265 -0.002333 0.19610
148.60629 -0.005070 0.19599
148.69993 -0.007806 0.19584
148.79356 -0.010540 0.19565
148.88720 -0.013272 0.19541
148.98084 -0.016001 0.19513
149.07448 -0.018727 0.19481
149.16812 -0.021448 0.19444
149.26175 -0.024164 0.19403
149.35539 -0.026875 0.19358
149.44903 -0.029579 0.19309
149.54267 -0.032277 0.19255
149.63631 -0.034967 0.19197
149.72995 -0.037649 0.19135
149.82358 -0.040322 0.19069
149.91722 -0.042985 0.18998
150.01086 -0.045639 0.18923
150.10450 -0.048281 0.18844
150.19814 -0.050913 0.18761
150.29177 -0.053532 0.18674
150.38541 -0.056139 0.18583
150.47905 -0.058733 0.18487
150.57269 -0.061313 0.18388
150.66633 -0.063879 0.18284
150.75996 -0.066429 0.18177
150.85360 -0.068964 0.18065
150.94724 -0.071483 0.17950
151.04088 -0.073985 0.17830
151.13452 -0.076470 0.17707
151.22815 -0.078936 0.17580
151.32179 -0.081384 0.17448
151.41543 -0.083813 0.17314
151.50907 -0.086222 0.17175
151.60271 -0.088611 0.17032
151.69634 -0.090979 0.16886
151.78998 -0.093326 0.16736
151.88362 -0.095651 0.16583
151.97726 -0.097953 0.16426
152.07090 -0.100233 0.16265
152.16453 -0.102488 0.16101
152.25817 -0.104720 0.15933
152.35181 -0.106927 0.15762
152.44545 -0.109109 0.15588
152.53909 -0.111266 0.15410
152.63272 -0.113396 0.15228
152.72636 -0.115500 0.15044
152.82000 -0.117577 0.14856
152.91364 -0.119626 0.14665
153.00728 -0.121647 0.14471
153.10091 -0.123640 0.14274
153.19455 -0.125604 0.14074
153.28819 -0.127539 0.13870
153.38183 -0.129443 0.13664
153.47547 -0.131318 0.13455
153.56910 -0.133161 0.13243
153.66274 -0.134974 0.13028
153.75638 -0.136755 0.12811
153.85002 -0.138504 0.12590
153.94366 -0.140221 0.12367
154.03729 -0.141905 0.12142
154.13093 -0.143556 0.11914
154.22457 -0.145174 0.11683
154.31821 -0.146758 0.11450
154.41185 -0.148308 0.11215
154.50548 -0.149823 0.10977
154.59912 -0.151303 0.10737
154.69276 -0.152748 0.10495
154.78640 -0.154158 0.10251
154.88004 -0.155532 0.10004
154.97367 -0.156870 0.09756
155.06731 -0.158171 0.09505
155.16095 -0.159436 0.09253
155.25459 -0.160664 0.08999
155.34823 -0.161854 0.08743
155.44186 -0.163007 0.08485
155.53550 -0.164123 0.08225
155.62914 -0.165200 0.07964
155.72278 -0.166239 0.07702
155.81642 -0.167240 0.07437
155.91005 -0.168202 0.07172
156.00369 -0.169125 0.06905
156.09733 -0.170010 0.06637
156.19097 -0.170855 0.06367
156.28461 -0.171660 0.06096
156.37824 -0.172426 0.05825
156.47188 -0.173153 0.05552
156.56552 -0.173839 0.05278
156.65916 -0.174486 0.05003
156.75280 -0.175092 0.04727
156.84643 -0.175658 0.04451
156.94007 -0.176184 0.04173
157.03371 -0.176670 0.03896
157.12735 -0.177115 0.03617
157.22099 -0.177519 0.03338
157.31462 -0.177882 0.03058
157.40826 -0.178205 0.02778
157.50190 -0.178487 0.02498
157.59554 -0.178728 0.02217
157.68918 -0.178929 0.01937
157.78281 -0.179088 0.01656
157.87645 -0.179207 0.01375
157.97009 -0.179284 0.01093
158.06373 -0.179321 0.00812
158.15737 -0.179317 0.00531
158.25100 -0.179272 0.00251
158.34464 -0.179186 -0.00030
158.43828 -0.179059 -0.00310
158.53192 -0.178892 -0.00590
158.62556 -0.178684 -0.00870
158.71919 -0.178435 -0.01149
158.81283 -0.178146 -0.01427
158.90647 -0.177817 -0.01705
159.00011 -0.177447 -0.01982
159.09375 -0.177037 -0.02259
159.18738 -0.176587 -0.02534
159.28102 -0.176097 -0.02809
159.37466 -0.175567 -0.03083
159.46830 -0.174997 -0.03355
159.56194 -0.174388 -0.03627
159.65558 -0.173740 -0.03898
159.74921 -0.173052 -0.04167
159.84285 -0.172326 -0.04435
159.93649 -0.171561 -0.04702
160.03013 -0.170757 -0.04968
160.12377 -0.169915 -0.05232
160.21740 -0.169034 -0.05494
160.31104 -0.168116 -0.05755
160.40468 -0.167160 -0.06015
160.49832 -0.166167 -0.06273
160.59196 -0.165137 -0.06529
160.68559 -0.164069 -0.06783
160.77923 -0.162965 -0.07035
160.87287 -0.161825 -0.07286
160.96651 -0.160649 -0.07534
161.06015 -0.159436 -0.07781
161.15378 -0.158189 -0.08025
161.24742 -0.156906 -0.08268
161.34106 -0.155589 -0.08508
161.43470 -0.154237 -0.08746
161.52834 -0.152851 -0.08981
161.62197 -0.151431 -0.09215
161.71561 -0.149978 -0.09445
161.80925 -0.148491 -0.09674
161.90289 -0.146972 -0.09900
161.99653 -0.145421 -0.10123
162.09016 -0.143838 -0.10344
162.18380 -0.142223 -0.10562
162.27744 -0.140577 -0.10778
162.37108 -0.138901 -0.10990
162.46472 -0.137194 -0.11200
162.55835 -0.135457 -0.11407
162.65199 -0.133691 -0.11612
162.74563 -0.131896 -0.11813
162.83927 -0.130072 -0.12011
162.93291 -0.128220 -0.12207
163.02654 -0.126341 -0.12399
163.12018 -0.124434 -0.12588
163.21382 -0.122500 -0.12774
163.30746 -0.120541 -0.12957
163.40110 -0.118555 -0.13136
163.49473 -0.116545 -0.13312
163.58837 -0.114509 -0.13485
163.68201 -0.112450 -0.13655
163.77565 -0.110366 -0.13821
163.86929 -0.108259 -0.13984
163.96292 -0.106130 -0.14143
164.05656 -0.103978 -0.14299
164.15020 -0.101805 -0.14451
164.24384 -0.099610 -0.14600
164.33748 -0.097395 -0.14745
164.43111 -0.095160 -0.14887
164.52475 -0.092905 -0.15025
164.61839 -0.090632 -0.15159
164.71203 -0.088339 -0.15290
164.80567 -0.086029 -0.15416
164.89930 -0.083702 -0.15539
164.99294 -0.081358 -0.15659
165.08658 -0.078998 -0.15774
165.18022 -0.076622 -0.15885
165.27386 -0.074232 -0.15993
165.36749 -0.071826 -0.16097
165.46113 -0.069407 -0.16197
165.55477 -0.066975 -0.16293
165.64841 -0.064530 -0.16385
165.74205 -0.062073 -0.16473
165.83568 -0.059605 -0.16557
165.92932 -0.057126 -0.16637
166.02296 -0.054636 -0.16713
166.11660 -0.052137 -0.16785
166.21024 -0.049629 -0.16853
166.30387 -0.047112 -0.16917
166.39751 -0.044588 -0.16977
166.49115 -0.042056 -0.17032
166.58479 -0.039518 -0.17084
166.67843 -0.036974 -0.17132
166.77206 -0.034424 -0.17175
166.86570 -0.031870 -0.17214
166.95934 -0.029312 -0.17250
167.05298 -0.026750 -0.17281
167.14662 -0.024185 -0.17308
167.24025 -0.021618 -0.17330
167.33389 -0.019049 -0.17349
167.42753 -0.016480 -0.17364
167.52117 -0.013910 -0.17374
167.61481 -0.011340 -0.17380
167.70844 -0.008771 -0.17382
167.80208 -0.006204 -0.17380
167.89572 -0.003638 -0.17374
167.98936 -0.001076 -0.17364
168.08300 0.001484 -0.17349
168.17663 0.004039 -0.17331
168.27027 0.006590 -0.17308
168.36391 0.009135 -0.17282
168.45755 0.011675 -0.17251
168.55119 0.014208 -0.17216
168.64482 0.016735 -0.17177
168.73846 0.019253 -0.17134
168.83210 0.021764 -0.17087
168.92574 0.024265 -0.17036
169.01938 0.026757 -0.16981
169.11301 0.029239 -0.16922
169.20665 0.031710 -0.16859
169.30029 0.034170 -0.16792
169.39393 0.036619 -0.16721
169.48757 0.039054 -0.16646
169.58121 0.041477 -0.16567
169.67484 0.043886 -0.16485
169.76848 0.046281 -0.16398
169.86212 0.048661 -0.16308
169.95576 0.051026 -0.16214
170.04940 0.053375 -0.16116
170.14303 0.055707 -0.16015
170.23667 0.058022 -0.15909
170.33031 0.060320 -0.15800
170.42395 0.062599 -0.15688
170.51759 0.064860 -0.15571
170.61122 0.067102 -0.15451
170.70486 0.069323 -0.15328
170.79850 0.071525 -0.15201
170.89214 0.073705 -0.15070
170.98578 0.075865 -0.14936
171.07941 0.078002 -0.14799
171.17305 0.080117 -0.14658
171.26669 0.082208 -0.14514
171.36033 0.084277 -0.14366
171.45397 0.086321 -0.14216
171.54760 0.088342 -0.14062
171.64124 0.090337 -0.13904
171.73488 0.092306 -0.13744
171.82852 0.094250 -0.13580
171.92216 0.096168 -0.13414
172.01579 0.098059 -0.13244
172.10943 0.099922 -0.13071
172.20307 0.101758 -0.12896
172.29671 0.103566 -0.12717
172.39035 0.105345 -0.12536
172.48398 0.107095 -0.12352
172.57762 0.108816 -0.12165
172.67126 0.110506 -0.11975
172.76490 0.112167 -0.11783
172.85854 0.113797 -0.11588
172.95217 0.115396 -0.11390
173.04581 0.116963 -0.11190
173.13945 0.118499 -0.10988
173.23309 0.120002 -0.10783
173.32673 0.121473 -0.10575
173.42036 0.122911 -0.10366
173.51400 0.124316 -0.10154
173.60764 0.125687 -0.09940
173.70128 0.127025 -0.09724
173.79492 0.128328 -0.09505
173.88855 0.129596 -0.09285
173.98219 0.130830 -0.09063
174.07583 0.132029 -0.08838
174.16947 0.133192 -0.08612
174.26311 0.134319 -0.08384
174.35674 0.135411 -0.08154
174.45038 0.136466 -0.07923
174.54402 0.137485 -0.07690
174.63766 0.138467 -0.07455
174.73130 0.139412 -0.07219
174.82493 0.140319 -0.06982
174.91857 0.141190 -0.06743
175.01221 0.142023 -0.06502
175.10585 0.142818 -0.06261
175.19949 0.143574 -0.06018
175.29312 0.144293 -0.05774
175.38676 0.144974 -0.05529
175.48040 0.145615 -0.05283
175.57404 0.146219 -0.05036
175.66768 0.146783 -0.04788
175.76131 0.147308 -0.04539
175.85495 0.147795 -0.04289
175.94859 0.148242 -0.04039
176.04223 0.148650 -0.03788
176.13587 0.149018 -0.03536
176.22950 0.149347 -0.03284
176.32314 0.149637 -0.03032
176.41678 0.149887 -0.02779
176.51042 0.150097 -0.02526
176.60406 0.150267 -0.02272
176.69769 0.150398 -0.02019
176.79133 0.150489 -0.01765
176.88497 0.150540 -0.01511
176.97861 0.150552 -0.01257
177.07225 0.150524 -0.01003
177.16588 0.150455 -0.00750
177.25952 0.150348 -0.00496
177.35316 0.150200 -0.00243
177.44680 0.150013 0.00010
177.54044 0.149786 0.00262
177.63407 0.149520 0.00514
177.72771 0.149214 0.00766
177.82135 0.148869 0.01017
177.91499 0.148485 0.01267
178.00863 0.148061 0.01517
178.10226 0.147599 0.01766
178.19590 0.147097 0.02014
178.28954 0.146557 0.02261
178.38318 0.145978 0.02507
178.47682 0.145360 0.02752
178.57045 0.144705 0.02996
178.66409 0.144011 0.03238
178.75773 0.143279 0.03480
178.85137 0.142510 0.03720
178.94501 0.141703 0.03959
179.03864 0.140858 0.04197
179.13228 0.139977 0.04433
179.22592 0.139059 0.04667
179.31956 0.138104 0.04900
179.41320 0.137112 0.05131
179.50684 0.136085 0.05361
179.60047 0.135022 0.05589
179.69411 0.133923 0.05815
179.78775 0.132789 0.06039
179.88139 0.131621 0.06261
179.97503 0.130417 0.06481
180.06866 0.129179 0.06699
180.16230 0.127908 0.06915
180.25594 0.126602 0.07128
180.34958 0.125264 0.07340
180.44322 0.123892 0.07549
180.53685 0.122488 0.07756
180.63049 0.121052 0.07960
180.72413 0.119584 0.08162
180.81777 0.118085 0.08362
180.91141 0.116555 0.08558
181.00504 0.114994 0.08753
181.09868 0.113403 0.08944
181.19232 0.111782 0.09133
181.28596 0.110132 0.09319
181.37960 0.108454 0.09502
181.47323 0.106746 0.09683
181.56687 0.105011 0.09860
181.66051 0.103249 0.10035
181.75415 0.101459 0.10206
181.84779 0.099643 0.10375
181.94142 0.097802 0.10540
182.03506 0.095934 0.10702
182.12870 0.094042 0.10861
182.22234 0.092125 0.11017
182.31598 0.090184 0.11170
182.40961 0.088220 0.11319
182.50325 0.086233 0.11465
182.59689 0.084223 0.11608
182.69053 0.082192 0.11747
182.78417 0.080139 0.11882
182.87780 0.078066 0.12014
182.97144 0.075973 0.12143
183.06508 0.073860 0.12268
183.15872 0.071728 0.12389
183.25236 0.069577 0.12507
183.34599 0.067409 0.12621
183.43963 0.065224 0.12732
183.53327 0.063022 0.12839
183.62691 0.060804 0.12942
183.72055 0.058570 0.13041
183.81418 0.056322 0.13136
183.90782 0.054060 0.13228
184.00146 0.051784 0.13315
184.09510 0.049495 0.13399
184.18874 0.047193 0.13479
184.28237 0.044880 0.13555
184.37601 0.042556 0.13627
184.46965 0.040222 0.13695
184.56329 0.037877 0.13759
184.65693 0.035524 0.13820
184.75056 0.033162 0.13876
184.84420 0.030792 0.13928
184.93784 0.028415 0.13976
185.03148 0.026032 0.14020
185.12512 0.023643 0.14060
185.21875 0.021248 0.14096
185.31239 0.018849 0.14127
185.40603 0.016446 0.14155
185.49967 0.014040 0.14179
185.59331 0.011631 0.14198
185.68694 0.009220 0.14213
185.78058 0.006808 0.14225
185.87422 0.004395 0.14232
185.96786 0.001983 0.14235
186.06150 -0.000429 0.14234
186.15513 -0.002840 0.14229
186.24877 -0.005248 0.14219
186.34241 -0.007654 0.14206
186.43605 -0.010056 0.14188
186.52969 -0.012454 0.14167
186.62332 -0.014848 0.14141
186.71696 -0.017236 0.14111
186.81060 -0.019618 0.14077
186.90424 -0.021993 0.14039
186.99788 -0.024362 0.13997
187.09151 -0.026722 0.13951
187.18515 -0.029073 0.13901
187.27879 -0.031415 0.13847
187.37243 -0.033747 0.13789
187.46607 -0.036069 0.13727
187.55970 -0.038379 0.13660
187.65334 -0.040677 0.13590
187.74698 -0.042963 0.13516
187.84062 -0.045236 0.13438
187.93426 -0.047495 0.13357
188.02789 -0.049740 0.13271
188.12153 -0.051969 0.13182
188.21517 -0.054183 0.13088
188.30881 -0.056381 0.12991
188.40245 -0.058562 0.12890
188.49608 -0.060725 0.12786
188.58972 -0.062871 0.12677
188.68336 -0.064997 0.12565
188.77700 -0.067105 0.12450
188.87064 -0.069192 0.12330
188.96427 -0.071260 0.12208
189.05791 -0.073306 0.12081
189.15155 -0.075331 0.11951
189.24519 -0.077333 0.11818
189.33883 -0.079313 0.11681
189.43247 -0.081270 0.11541
189.52610 -0.083203 0.11397
189.61974 -0.085112 0.11250
189.71338 -0.086996 0.11100
189.80702 -0.088855 0.10947
189.90066 -0.090687 0.10790
189.99429 -0.092494 0.10630
190.08793 -0.094274 0.10467
190.18157 -0.096026 0.10301
190.27521 -0.097750 0.10132
190.36885 -0.099447 0.09960
190.46248 -0.101114 0.09785
190.55612 -0.102752 0.09608
190.64976 -0.104361 0.09427
190.74340 -0.105939 0.09244
190.83704 -0.107487 0.09057
190.93067 -0.109003 0.08869
191.02431 -0.110489 0.08677
191.11795 -0.111942 0.08483
191.21159 -0.113363 0.08287
191.30523 -0.114752 0.08088
191.39886 -0.116107 0.07886
191.49250 -0.117429 0.07682
191.58614 -0.118718 0.07476
191.67978 -0.119972 0.07268
191.77342 -0.121192 0.07057
191.86705 -0.122376 0.06845
191.96069 -0.123526 0.06630
192.05433 -0.124640 0.06413
192.14797 -0.125719 0.06194
192.24161 -0.126761 0.05974
192.33524 -0.127767 0.05751
192.42888 -0.128736 0.05527
192.52252 -0.129668 0.05301
192.61616 -0.130563 0.05074
192.70980 -0.131421 0.04844
192.80343 -0.132241 0.04614
192.89707 -0.133023 0.04381
192.99071 -0.133767 0.04148
193.08435 -0.134472 0.03913
193.17799 -0.135139 0.03677
193.27162 -0.135767 0.03439
193.36526 -0.136356 0.03201
193.45890 -0.136906 0.02961
193.55254 -0.137416 0.02720
193.64618 -0.137887 0.02479
193.73981 -0.138319 0.02236
193.83345 -0.138711 0.01993
193.92709 -0.139063 0.01749
194.02073 -0.139375 0.01504
194.11437 -0.139647 0.01259
194.20800 -0.139879 0.01013
194.30164 -0.140071 0.00766
194.39528 -0.140222 0.00519
194.48892 -0.140333 0.00272
194.58256 -0.140404 0.00025
194.67619 -0.140435 -0.00223
194.76983 -0.140425 -0.00471
194.86347 -0.140374 -0.00719
194.95711 -0.140284 -0.00967
195.05075 -0.140152 -0.01214
195.14438 -0.139981 -0.01462
195.23802 -0.139769 -0.01710
195.33166 -0.139517 -0.01957
195.42530 -0.139224 -0.02204
195.51894 -0.138891 -0.02451
195.61257 -0.138518 -0.02697
195.70621 -0.138106 -0.02942
195.79985 -0.137653 -0.03187
195.89349 -0.137160 -0.03432
195.98713 -0.136628 -0.03675
196.08076 -0.136056 -0.03918
196.17440 -0.135445 -0.04160
196.26804 -0.134794 -0.04401
196.36168 -0.134105 -0.04641
196.45532 -0.133376 -0.04880
196.54895 -0.132609 -0.05118
196.64259 -0.131803 -0.05355
196.73623 -0.130959 -0.05590
196.82987 -0.130076 -0.05824
196.92351 -0.129156 -0.06057
197.01714 -0.128198 -0.06288
197.11078 -0.127202 -0.06518
197.20442 -0.126169 -0.06746
197.29806 -0.125100 -0.06973
197.39170 -0.123994 -0.07198
197.48533 -0.122851 -0.07421
197.57897 -0.121672 -0.07642
197.67261 -0.120458 -0.07862
197.76625 -0.119208 -0.08079
197.85989 -0.117923 -0.08295
197.95352 -0.116603 -0.08508
198.04716 -0.115249 -0.08719
198.14080 -0.113860 -0.08929
198.23444 -0.112438 -0.09135
198.32808 -0.110983 -0.09340
198.42171 -0.109494 -0.09542
198.51535 -0.107973 -0.09742
198.60899 -0.106420 -0.09940
198.70263 -0.104835 -0.10134
198.79627 -0.103218 -0.10327
198.88990 -0.101571 -0.10517
198.98354 -0.099893 -0.10704
199.07718 -0.098185 -0.10888
199.17082 -0.096447 -0.11069
199.26446 -0.094680 -0.11248
199.35810 -0.092884 -0.11424
199.45173 -0.091060 -0.11597
199.54537 -0.089209 -0.11767
199.63901 -0.087330 -0.11934
199.73265 -0.085424 -0.12098
199.82629 -0.083492 -0.12258
199.91992 -0.081535 -0.12416
200.01356 -0.079552 -0.12570
200.10720 -0.077544 -0.12722
200.20084 -0.075512 -0.12870
200.29448 -0.073456 -0.13014
200.38811 -0.071378 -0.13155
200.48175 -0.069276 -0.13293
200.57539 -0.067153 -0.13427
200.66903 -0.065009 -0.13558
200.76267 -0.062843 -0.13686
200.85630 -0.060657 -0.13809
200.94994 -0.058452 -0.13929
201.04358 -0.056227 -0.14046
201.13722 -0.053984 -0.14159
201.23086 -0.051723 -0.14268
201.32449 -0.049444 -0.14374
201.41813 -0.047149 -0.14475
201.51177 -0.044837 -0.14573
201.60541 -0.042511 -0.14668
201.69905 -0.040169 -0.14758
201.79268 -0.037813 -0.14844
201.88632 -0.035443 -0.14927
201.97996 -0.033061 -0.15006
202.07360 -0.030666 -0.15080
202.16724 -0.028259 -0.15151
202.26087 -0.025842 -0.15218
202.35451 -0.023413 -0.15281
202.44815 -0.020976 -0.15339
202.54179 -0.018529 -0.15394
202.63543 -0.016073 -0.15445
202.72906 -0.013610 -0.15492
202.82270 -0.011139 -0.15534
202.91634 -0.008662 -0.15573
203.00998 -0.006180 -0.15607
203.10362 -0.003692 -0.15637
203.19725 -0.001199 -0.15664
203.29089 0.001297 -0.15686
203.38453 0.003796 -0.15703
203.47817 0.006298 -0.15717
203.57181 0.008802 -0.15727
203.66544 0.011307 -0.15732
203.75908 0.013813 -0.15734
203.85272 0.016318 -0.15731
203.94636 0.018822 -0.15724
204.04000 0.021325 -0.15713
204.13363 0.023826 -0.15697
204.22727 0.026324 -0.15678
204.32091 0.028818 -0.15654
204.41455 0.031308 -0.15627
204.50819 0.033794 -0.15595
204.60182 0.036274 -0.15559
204.69546 0.038748 -0.15519
204.78910 0.041215 -0.15475
204.88274 0.043674 -0.15426
204.97638 0.046126 -0.15374
205.07001 0.048568 -0.15317
205.16365 0.051002 -0.15257
205.25729 0.053425 -0.15192
205.35093 0.055837 -0.15124
205.44457 0.058239 -0.15051
205.53820 0.060628 -0.14975
205.63184 0.063005 -0.14894
205.72548 0.065369 -0.14810
205.81912 0.067719 -0.14721
205.91276 0.070054 -0.14629
206.00639 0.072375 -0.14533
206.10003 0.074679 -0.14433
206.19367 0.076968 -0.14329
206.28731 0.079240 -0.14221
206.38095 0.081494 -0.14109
206.47458 0.083731 -0.13994
206.56822 0.085949 -0.13875
206.66186 0.088147 -0.13753
206.75550 0.090326 -0.13626
206.84914 0.092485 -0.13496
206.94277 0.094623 -0.13363
207.03641 0.096740 -0.13226
207.13005 0.098834 -0.13085
207.22369 0.100907 -0.12941
207.31733 0.102956 -0.12793
207.41096 0.104982 -0.12642
207.50460 0.106983 -0.12488
207.59824 0.108961 -0.12330
207.69188 0.110913 -0.12169
207.78552 0.112840 -0.12005
207.87915 0.114740 -0.11837
207.97279 0.116615 -0.11666
208.06643 0.118462 -0.11493
208.16007 0.120282 -0.11316
208.25371 0.122073 -0.11136
208.34734 0.123837 -0.10952
208.44098 0.125572 -0.10766
208.53462 0.127277 -0.10578
208.62826 0.128953 -0.10386
208.72190 0.130599 -0.10191
208.81554 0.132214 -0.09994
208.90917 0.133799 -0.09794
209.00281 0.135352 -0.09591
209.09645 0.136873 -0.09385
209.19009 0.138362 -0.09177
209.28373 0.139819 -0.08967
209.37736 0.141243 -0.08754
209.47100 0.142634 -0.08538
209.56464 0.143991 -0.08320
209.65828 0.145315 -0.08100
209.75192 0.146604 -0.07877
209.84555 0.147859 -0.07653
209.93919 0.149079 -0.07426
210.03283 0.150264 -0.07197
210.12647 0.151413 -0.06966
210.22011 0.152526 -0.06733
210.31374 0.153604 -0.06498
210.40738 0.154645 -0.06261
210.50102 0.155650 -0.06022
210.59466 0.156618 -0.05782
210.68830 0.157549 -0.05539
210.78193 0.158442 -0.05295
210.87557 0.159298 -0.05050
210.96921 0.160116 -0.04803
211.06285 0.160896 -0.04554
211.15649 0.161638 -0.04304
211.25012 0.162342 -0.04053
211.34376 0.163007 -0.03800
211.43740 0.163633 -0.03546
211.53104 0.164221 -0.03291
211.62468 0.164769 -0.03035
211.71831 0.165278 -0.02778
211.81195 0.165748 -0.02519
211.90559 0.166178 -0.02260
211.99923 0.166569 -0.02000
212.09287 0.166920 -0.01739
212.18650 0.167231 -0.01477
212.28014 0.167502 -0.01214
212.37378 0.167733 -0.00951
212.46742 0.167924 -0.00687
212.56106 0.168075 -0.00423
212.65469 0.168185 -0.00158
212.74833 0.168256 0.00107
212.84197 0.168286 0.00373
212.93561 0.168275 0.00638
213.02925 0.168224 0.00904
213.12288 0.168133 0.01171
213.21652 0.168001 0.01437
213.31016 0.167829 0.01703
213.40380 0.167617 0.01970
213.49744 0.167364 0.02236
213.59107 0.167071 0.02502
213.68471 0.166737 0.02768
213.77835 0.166363 0.03033
213.87199 0.165949 0.03298
213.96563 0.165495 0.03563
214.05926 0.165001 0.03828
214.15290 0.164466 0.04091
214.24654 0.163892 0.04355
214.34018 0.163278 0.04617
214.43382 0.162624 0.04879
214.52745 0.161931 0.05140
214.62109 0.161198 0.05401
214.71473 0.160426 0.05660
214.80837 0.159615 0.05919
214.90201 0.158765 0.06176
214.99564 0.157876 0.06432
215.08928 0.156948 0.06688
215.18292 0.155982 0.06942
215.27656 0.154977 0.07194
215.37020 0.153935 0.07446
215.46383 0.152854 0.07696
215.55747 0.151736 0.07945
215.65111 0.150580 0.08192
215.74475 0.149387 0.08438
215.83839 0.148157 0.08682
215.93202 0.146890 0.08924
216.02566 0.145587 0.09165
216.11930 0.144248 0.09404
216.21294 0.142872 0.09641
216.30658 0.141461 0.09876
216.40021 0.140015 0.10109
216.49385 0.138533 0.10340
216.58749 0.137017 0.10569
216.68113 0.135466 0.10796
216.77477 0.133882 0.11021
216.86840 0.132263 0.11244
216.96204 0.130611 0.11464
217.05568 0.128926 0.11682
217.14932 0.127208 0.11898
217.24296 0.125457 0.12111
217.33659 0.123675 0.12322
217.43023 0.121861 0.12530
217.52387 0.120016 0.12736
217.61751 0.118140 0.12939
217.71115 0.116233 0.13139
217.80478 0.114297 0.13337
217.89842 0.112330 0.13531
217.99206 0.110335 0.13723
218.08570 0.108311 0.13913
218.17934 0.106258 0.14099
218.27297 0.104178 0.14282
218.36661 0.102070 0.14462
218.46025 0.099936 0.14639
218.55389 0.097774 0.14813
218.64753 0.095587 0.14984
218.74117 0.093374 0.15152
218.83480 0.091136 0.15316
218.92844 0.088874 0.15477
219.02208 0.086587 0.15635
219.11572 0.084277 0.15790
219.20936 0.081944 0.15941
219.30299 0.079588 0.16088
219.39663 0.077211 0.16232
219.49027 0.074812 0.16373
219.58391 0.072392 0.16510
219.67755 0.069951 0.16644
219.77118 0.067491 0.16774
219.86482 0.065012 0.16900
219.95846 0.062513 0.17022
220.05210 0.059997 0.17141
220.14574 0.057463 0.17256
220.23937 0.054912 0.17368
220.33301 0.052345 0.17475
220.42665 0.049761 0.17579
220.52029 0.047163 0.17679
220.61393 0.044550 0.17775
220.70756 0.041923 0.17867
220.80120 0.039282 0.17955
220.89484 0.036629 0.18039
220.98848 0.033963 0.18119
221.08212 0.031286 0.18195
221.17575 0.028597 0.18267
221.26939 0.025899 0.18335
221.36303 0.023190 0.18399
221.45667 0.020473 0.18459
221.55031 0.017747 0.18514
221.64394 0.015013 0.18566
221.73758 0.012272 0.18613
221.83122 0.009524 0.18656
221.92486 0.006771 0.18695
222.01850 0.004012 0.18730
222.11213 0.001249 0.18761
222.20577 -0.001518 0.18787
222.29941 -0.004289 0.18809
222.39305 -0.007062 0.18827
222.48669 -0.009837 0.18841
222.58032 -0.012614 0.18850
222.67396 -0.015391 0.18855
222.76760 -0.018168 0.18856
222.86124 -0.020944 0.18853
222.95488 -0.023720 0.18845
223.04851 -0.026493 0.18833
223.14215 -0.029263 0.18817
223.23579 -0.032030 0.18797
223.32943 -0.034793 0.18772
223.42307 -0.037552 0.18743
223.51670 -0.040305 0.18710
223.61034 -0.043052 0.18672
223.70398 -0.045792 0.18630
223.79762 -0.048525 0.18584
223.89126 -0.051251 0.18534
223.98489 -0.053967 0.18480
224.07853 -0.056674 0.18421
224.17217 -0.059371 0.18358
224.26581 -0.062058 0.18291
224.35945 -0.064733 0.18219
224.45308 -0.067396 0.18144
224.54672 -0.070047 0.18064
224.64036 -0.072684 0.17980
224.73400 -0.075308 0.17892
224.82764 -0.077917 0.17800
224.92127 -0.080511 0.17704
225.01491 -0.083089 0.17604
225.10855 -0.085650 0.17500
225.20219 -0.088194 0.17392
225.29583 -0.090721 0.17279
225.38946 -0.093229 0.17163
225.48310 -0.095719 0.17043
225.57674 -0.098189 0.16919
225.67038 -0.100638 0.16791
225.76402 -0.103067 0.16659
225.85765 -0.105474 0.16523
225.95129 -0.107860 0.16384
226.04493 -0.110223 0.16240
226.13857 -0.112562 0.16093
226.23221 -0.114878 0.15943
226.32584 -0.117170 0.15788
226.41948 -0.119436 0.15630
226.51312 -0.121678 0.15468
226.60676 -0.123893 0.15303
226.70040 -0.126081 0.15134
226.79403 -0.128243 0.14962
226.88767 -0.130376 0.14787
226.98131 -0.132482 0.14608
227.07495 -0.134559 0.14425
227.16859 -0.136607 0.14239
227.26222 -0.138625 0.14050
227.35586 -0.140612 0.13858
227.44950 -0.142569 0.13663
227.54314 -0.144495 0.13464
227.63678 -0.146389 0.13262
227.73041 -0.148251 0.13058
227.82405 -0.150080 0.12850
227.91769 -0.151876 0.12639
228.01133 -0.153638 0.12426
228.10497 -0.155367 0.12210
228.19860 -0.157061 0.11990
228.29224 -0.158720 0.11769
228.38588 -0.160344 0.11544
228.47952 -0.161932 0.11317
228.57316 -0.163485 0.11087
228.66680 -0.165001 0.10855
228.76043 -0.166480 0.10620
228.85407 -0.167921 0.10383
228.94771 -0.169326 0.10143
229.04135 -0.170692 0.09901
229.13499 -0.172020 0.09657
229.22862 -0.173310 0.09411
229.32226 -0.174561 0.09163
229.41590 -0.175773 0.08912
229.50954 -0.176945 0.08660
229.60318 -0.178077 0.08406
229.69681 -0.179169 0.08149
229.79045 -0.180221 0.07891
229.88409 -0.181233 0.07632
229.97773 -0.182204 0.07370
230.07137 -0.183133 0.07107
230.16500 -0.184022 0.06842
230.25864 -0.184868 0.06576
230.35228 -0.185673 0.06309
230.44592 -0.186437 0.06040
230.53956 -0.187158 0.05769
230.63319 -0.187837 0.05498
230.72683 -0.188473 0.05225
230.82047 -0.189067 0.04952
230.91411 -0.189619 0.04677
231.00775 -0.190127 0.04401
231.10138 -0.190592 0.04124
231.19502 -0.191015 0.03847
231.28866 -0.191394 0.03569
231.38230 -0.191730 0.03290
231.47594 -0.192023 0.03010
231.56957 -0.192272 0.02730
231.66321 -0.192478 0.02449
231.75685 -0.192640 0.02168
231.85049 -0.192759 0.01886
231.94413 -0.192834 0.01605
232.03776 -0.192866 0.01322
232.13140 -0.192854 0.01040
232.22504 -0.192799 0.00758
232.31868 -0.192700 0.00476
232.41232 -0.192558 0.00193
232.50595 -0.192372 -0.00089
232.59959 -0.192143 -0.00371
232.69323 -0.191871 -0.00653
232.78687 -0.191555 -0.00934
232.88051 -0.191196 -0.01215
232.97414 -0.190795 -0.01496
233.06778 -0.190350 -0.01776
233.16142 -0.189862 -0.02056
233.25506 -0.189332 -0.02335
233.34870 -0.188759 -0.02613
233.44233 -0.188144 -0.02891
233.53597 -0.187486 -0.03167
233.62961 -0.186787 -0.03443
233.72325 -0.186045 -0.03718
233.81689 -0.185262 -0.03992
233.91052 -0.184437 -0.04264
234.00416 -0.183571 -0.04536
234.09780 -0.182664 -0.04806
234.19144 -0.181716 -0.05075
234.28508 -0.180728 -0.05343
234.37871 -0.179699 -0.05609
234.47235 -0.178630 -0.05873
234.56599 -0.177521 -0.06137
234.65963 -0.176373 -0.06398
234.75327 -0.175185 -0.06658
234.84690 -0.173959 -0.06916
234.94054 -0.172694 -0.07173
235.03418 -0.171390 -0.07427
235.12782 -0.170049 -0.07680
235.22146 -0.168670 -0.07931
235.31509 -0.167253 -0.08179
235.40873 -0.165800 -0.08426
235.50237 -0.164310 -0.08670
235.59601 -0.162783 -0.08913
235.68965 -0.161221 -0.09153
235.78328 -0.159623 -0.09391
235.87692 -0.157990 -0.09626
235.97056 -0.156323 -0.09859
236.06420 -0.154621 -0.10089
236.15784 -0.152885 -0.10317
236.25147 -0.151116 -0.10543
236.34511 -0.149314 -0.10766
236.43875 -0.147479 -0.10986
236.53239 -0.145613 -0.11203
236.62603 -0.143714 -0.11418
236.71966 -0.141785 -0.11629
236.81330 -0.139824 -0.11838
236.90694 -0.137834 -0.12044
237.00058 -0.135813 -0.12247
237.09422 -0.133763 -0.12447
237.18785 -0.131685 -0.12644
237.28149 -0.129578 -0.12838
237.37513 -0.127444 -0.13029
237.46877 -0.125282 -0.13217
237.56241 -0.123094 -0.13401
237.65604 -0.120879 -0.13582
237.74968 -0.118639 -0.13760
237.84332 -0.116373 -0.13934
237.93696 -0.114083 -0.14105
238.03060 -0.111769 -0.14273
238.12423 -0.109432 -0.14437
238.21787 -0.107071 -0.14597
238.31151 -0.104689 -0.14754
238.40515 -0.102284 -0.14908
238.49879 -0.099859 -0.15058
238.59243 -0.097412 -0.15204
238.68606 -0.094946 -0.15346
238.77970 -0.092460 -0.15485
238.87334 -0.089956 -0.15620
238.96698 -0.087433 -0.15752
239.06062 -0.084893 -0.15879
239.15425 -0.082336 -0.16003
239.24789 -0.079762 -0.16123
239.34153 -0.077172 -0.16239
239.43517 -0.074568 -0.16351
239.52881 -0.071948 -0.16459
239.62244 -0.069315 -0.16564
239.71608 -0.066669 -0.16664
239.80972 -0.064010 -0.16760
239.90336 -0.061338 -0.16853
239.99700 -0.058656 -0.16941
240.09063 -0.055963 -0.17025
240.18427 -0.053259 -0.17105
240.27791 -0.050546 -0.17181
240.37155 -0.047825 -0.17254
240.46519 -0.045095 -0.17321
240.55882 -0.042357 -0.17385
240.65246 -0.039613 -0.17445
240.74610 -0.036862 -0.17501
240.83974 -0.034106 -0.17552
240.93338 -0.031345 -0.17599
241.02701 -0.028580 -0.17642
241.12065 -0.025811 -0.17681
241.21429 -0.023039 -0.17716
241.30793 -0.020265 -0.17746
241.40157 -0.017489 -0.17773
241.49520 -0.014713 -0.17795
241.58884 -0.011935 -0.17813
241.68248 -0.009159 -0.17827
241.77612 -0.006383 -0.17836
241.86976 -0.003609 -0.17842
241.96339 -0.000837 -0.17843
242.05703 0.001932 -0.17840
242.15067 0.004698 -0.17833
242.24431 0.007459 -0.17821
242.33795 0.010215 -0.17806
242.43158 0.012965 -0.17786
242.52522 0.015710 -0.17762
242.61886 0.018447 -0.17734
242.71250 0.021177 -0.17702
242.80614 0.023899 -0.17665
242.89977 0.026612 -0.17625
242.99341 0.029316 -0.17580
243.08705 0.032010 -0.17532
243.18069 0.034693 -0.17479
243.27433 0.037364 -0.17422
243.36796 0.040024 -0.17362
243.46160 0.042671 -0.17297
243.55524 0.045305 -0.17228
243.64888 0.047925 -0.17155
243.74252 0.050531 -0.17078
243.83615 0.053121 -0.16997
243.92979 0.055696 -0.16913
244.02343 0.058255 -0.16824
244.11707 0.060797 -0.16732
244.21071 0.063321 -0.16635
244.30434 0.065827 -0.16535
244.39798 0.068315 -0.16431
244.49162 0.070784 -0.16324
244.58526 0.073232 -0.16212
244.67890 0.075661 -0.16097
244.77253 0.078068 -0.15978
244.86617 0.080454 -0.15856
244.95981 0.082818 -0.15730
245.05345 0.085159 -0.15600
245.14709 0.087477 -0.15467
245.24072 0.089772 -0.15330
245.33436 0.092042 -0.15190
245.42800 0.094288 -0.15046
245.52164 0.096508 -0.14899
245.61528 0.098702 -0.14749
245.70891 0.100870 -0.14595
245.80255 0.103012 -0.14438
245.89619 0.105126 -0.14277
245.98983 0.107212 -0.14114
246.08347 0.109270 -0.13947
246.17710 0.111299 -0.13778
246.27074 0.113299 -0.13605
246.36438 0.115270 -0.13429
246.45802 0.117210 -0.13250
246.55166 0.119120 -0.13068
246.64529 0.120998 -0.12884
246.73893 0.122846 -0.12696
246.83257 0.124661 -0.12506
246.92621 0.126444 -0.12313
247.01985 0.128194 -0.12117
247.11348 0.129912 -0.11919
247.20712 0.131595 -0.11718
247.30076 0.133245 -0.11514
247.39440 0.134861 -0.11308
247.48804 0.136442 -0.11100
247.58167 0.137988 -0.10889
247.67531 0.139499 -0.10676
247.76895 0.140974 -0.10460
247.86259 0.142413 -0.10243
247.95623 0.143816 -0.10023
248.04986 0.145182 -0.09801
248.14350 0.146511 -0.09577
248.23714 0.147803 -0.09351
248.33078 0.149057 -0.09123
248.42442 0.150274 -0.08893
248.51806 0.151452 -0.08662
248.61169 0.152592 -0.08428
248.70533 0.153694 -0.08193
248.79897 0.154756 -0.07956
248.89261 0.155780 -0.07718
248.98625 0.156764 -0.07478
249.07988 0.157709 -0.07237
249.17352 0.158614 -0.06994
249.26716 0.159479 -0.06750
249.36080 0.160304 -0.06505
249.45444 0.161089 -0.06258
249.54807 0.161833 -0.06010
249.64171 0.162537 -0.05761
249.73535 0.163200 -0.05512
249.82899 0.163822 -0.05261
249.92263 0.164403 -0.05009
250.01626 0.164943 -0.04756
250.10990 0.165442 -0.04503
250.20354 0.165900 -0.04249
250.29718 0.166316 -0.03994
250.39082 0.166690 -0.03739
250.48445 0.167023 -0.03483
250.57809 0.167315 -0.03226
250.67173 0.167565 -0.02970
250.76537 0.167773 -0.02713
250.85901 0.167939 -0.02455
250.95264 0.168064 -0.02198
251.04628 0.168147 -0.01940
251.13992 0.168189 -0.01682
251.23356 0.168188 -0.01424
251.32720 0.168146 -0.01167
251.42083 0.168063 -0.00909
251.51447 0.167937 -0.00652
251.60811 0.167770 -0.00395
251.70175 0.167562 -0.00138
251.79539 0.167313 0.00119
251.88902 0.167022 0.00375
251.98266 0.166689 0.00630
252.07630 0.166316 0.00885
252.16994 0.165902 0.01140
252.26358 0.165447 0.01393
252.35721 0.164951 0.01646
252.45085 0.164415 0.01898
252.54449 0.163838 0.02149
252.63813 0.163221 0.02399
252.73177 0.162564 0.02649
252.82540 0.161867 0.02897
252.91904 0.161130 0.03144
253.01268 0.160354 0.03389
253.10632 0.159538 0.03634
253.19996 0.158684 0.03877
253.29359 0.157790 0.04119
253.38723 0.156858 0.04359
253.48087 0.155888 0.04598
253.57451 0.154880 0.04835
253.66815 0.153834 0.05071
253.76178 0.152750 0.05305
253.85542 0.151630 0.05537
253.94906 0.150472 0.05768
254.04270 0.149278 0.05996
254.13634 0.148047 0.06223
254.22997 0.146781 0.06447
254.32361 0.145479 0.06670
254.41725 0.144142 0.06891
254.51089 0.142770 0.07109
254.60453 0.141363 0.07325
254.69816 0.139922 0.07539
254.79180 0.138447 0.07751
254.88544 0.136939 0.07960
254.97908 0.135398 0.08167
255.07272 0.133824 0.08371
255.16635 0.132219 0.08573
255.25999 0.130581 0.08773
255.35363 0.128912 0.08969
255.44727 0.127212 0.09163
255.54091 0.125482 0.09355
255.63454 0.123722 0.09543
255.72818 0.121932 0.09729
255.82182 0.120113 0.09912
255.91546 0.118266 0.10092
256.00910 0.116390 0.10269
256.10273 0.114487 0.10443
256.19637 0.112557 0.10614
256.29001 0.110600 0.10782
256.38365 0.108617 0.10947
256.47729 0.106609 0.11108
256.57092 0.104575 0.11267
256.66456 0.102517 0.11422
256.75820 0.100436 0.11574
256.85184 0.098330 0.11722
256.94548 0.096202 0.11867
257.03911 0.094052 0.12009
257.13275 0.091879 0.12148
257.22639 0.089686 0.12282
257.32003 0.087472 0.12414
257.41367 0.085238 0.12542
257.50730 0.082985 0.12666
257.60094 0.080712 0.12786
257.69458 0.078422 0.12903
257.78822 0.076114 0.13017
257.88186 0.073789 0.13126
257.97549 0.071447 0.13232
258.06913 0.069090 0.13334
258.16277 0.066718 0.13433
258.25641 0.064331 0.13527
258.35005 0.061930 0.13618
258.44369 0.059516 0.13705
258.53732 0.057089 0.13788
258.63096 0.054650 0.13867
258.72460 0.052200 0.13943
258.81824 0.049739 0.14014
258.91188 0.047268 0.14081
259.00551 0.044788 0.14145
259.09915 0.042299 0.14204
259.19279 0.039802 0.14259
259.28643 0.037297 0.14311
259.38007 0.034786 0.14358
259.47370 0.032269 0.14401
259.56734 0.029746 0.14441
259.66098 0.027219 0.14476
259.75462 0.024687 0.14507
259.84826 0.022153 0.14534
259.94189 0.019615 0.14557
260.03553 0.017075 0.14576
260.12917 0.014535 0.14591
260.22281 0.011993 0.14602
260.31645 0.009451 0.14608
260.41008 0.006911 0.14611
260.50372 0.004371 0.14609
260.59736 0.001834 0.14604
260.69100 -0.000701 0.14594
260.78464 -0.003232 0.14580
260.87827 -0.005759 0.14562
260.97191 -0.008282 0.14540
261.06555 -0.010799 0.14514
261.15919 -0.013309 0.14484
261.25283 -0.015813 0.14450
261.34646 -0.018310 0.14412
261.44010 -0.020798 0.14369
261.53374 -0.023277 0.14323
261.62738 -0.025747 0.14273
261.72102 -0.028207 0.14218
261.81465 -0.030656 0.14160
261.90829 -0.033093 0.14098
262.00193 -0.035518 0.14032
262.09557 -0.037931 0.13962
262.18921 -0.040330 0.13888
262.28284 -0.042714 0.13810
262.37648 -0.045084 0.13728
262.47012 -0.047439 0.13642
262.56376 -0.049777 0.13553
262.65740 -0.052099 0.13460
262.75103 -0.054403 0.13363
262.84467 -0.056690 0.13262
262.93831 -0.058957 0.13157
263.03195 -0.061206 0.13049
263.12559 -0.063435 0.12937
263.21922 -0.065643 0.12822
263.31286 -0.067830 0.12703
263.40650 -0.069996 0.12581
263.50014 -0.072139 0.12454
263.59378 -0.074259 0.12325
263.68741 -0.076356 0.12192
263.78105 -0.078429 0.12056
263.87469 -0.080478 0.11916
263.96833 -0.082501 0.11773
264.06197 -0.084499 0.11626
264.15560 -0.086471 0.11477
264.24924 -0.088415 0.11324
264.34288 -0.090333 0.11168
264.43652 -0.092222 0.11009
264.53016 -0.094084 0.10846
264.62379 -0.095916 0.10681
264.71743 -0.097719 0.10513
264.81107 -0.099492 0.10342
264.90471 -0.101235 0.10167
264.99835 -0.102947 0.09991
265.09198 -0.104627 0.09811
265.18562 -0.106276 0.09628
265.27926 -0.107893 0.09443
265.37290 -0.109477 0.09255
265.46654 -0.111028 0.09065
265.56017 -0.112545 0.08872
265.65381 -0.114028 0.08677
265.74745 -0.115477 0.08479
265.84109 -0.116892 0.08279
265.93473 -0.118271 0.08076
266.02836 -0.119614 0.07871
266.12200 -0.120922 0.07664
266.21564 -0.122193 0.07455
266.30928 -0.123427 0.07244
266.40292 -0.124625 0.07031
266.49655 -0.125785 0.06816
266.59019 -0.126908 0.06599
266.68383 -0.127993 0.06380
266.77747 -0.129039 0.06159
266.87111 -0.130047 0.05937
266.96474 -0.131017 0.05713
267.05838 -0.131947 0.05487
267.15202 -0.132837 0.05260
267.24566 -0.133689 0.05031
267.33930 -0.134500 0.04801
267.43293 -0.135271 0.04570
267.52657 -0.136002 0.04338
267.62021 -0.136693 0.04104
267.71385 -0.137343 0.03869
267.80749 -0.137952 0.03633
267.90112 -0.138520 0.03396
267.99476 -0.139047 0.03158
268.08840 -0.139532 0.02919
268.18204 -0.139976 0.02679
268.27568 -0.140379 0.02439
268.36932 -0.140740 0.02198
268.46295 -0.141059 0.01956
268.55659 -0.141336 0.01714
268.65023 -0.141571 0.01472
268.74387 -0.141765 0.01229
268.83751 -0.141916 0.00985
268.93114 -0.142025 0.00742
269.02478 -0.142092 0.00498
269.11842 -0.142117 0.00254
269.21206 -0.142099 0.00010
269.30570 -0.142040 -0.00234
269.39933 -0.141938 -0.00478
269.49297 -0.141794 -0.00721
269.58661 -0.141608 -0.00965
269.68025 -0.141380 -0.01208
269.77389 -0.141110 -0.01451
269.86752 -0.140798 -0.01693
269.96116 -0.140445 -0.01935
270.05480 -0.140049 -0.02176
270.14844 -0.139612 -0.02417
270.24208 -0.139134 -0.02657
270.33571 -0.138614 -0.02896
270.42935 -0.138053 -0.03135
270.52299 -0.137451 -0.03372
270.61663 -0.136808 -0.03609
270.71027 -0.136125 -0.03844
270.80390 -0.135400 -0.04078
270.89754 -0.134636 -0.04312
270.99118 -0.133831 -0.04544
271.08482 -0.132987 -0.04774
271.17846 -0.132103 -0.05004
271.27209 -0.131179 -0.05231
271.36573 -0.130216 -0.05458
271.45937 -0.129215 -0.05683
271.55301 -0.128174 -0.05906
271.64665 -0.127096 -0.06127
271.74028 -0.125979 -0.06347
271.83392 -0.124825 -0.06565
271.92756 -0.123633 -0.06781
272.02120 -0.122404 -0.06995
272.11484 -0.121138 -0.07208
272.20847 -0.119836 -0.07418
272.30211 -0.118498 -0.07626
272.39575 -0.117124 -0.07832
272.48939 -0.115715 -0.08035
272.58303 -0.114271 -0.08237
272.67666 -0.112792 -0.08436
272.77030 -0.111280 -0.08632
272.86394 -0.109733 -0.08826
272.95758 -0.108154 -0.09018
273.05122 -0.106541 -0.09207
273.14485 -0.104896 -0.09394
273.23849 -0.103220 -0.09577
273.33213 -0.101511 -0.09758
273.42577 -0.099772 -0.09937
273.51941 -0.098002 -0.10112
273.61304 -0.096202 -0.10285
273.70668 -0.094373 -0.10455
273.80032 -0.092514 -0.10621
273.89396 -0.090627 -0.10785
273.98760 -0.088712 -0.10946
274.08123 -0.086769 -0.11103
274.17487 -0.084800 -0.11258
274.26851 -0.082804 -0.11409
274.36215 -0.080782 -0.11557
274.45579 -0.078735 -0.11702
274.54942 -0.076663 -0.11843
274.64306 -0.074567 -0.11981
274.73670 -0.072447 -0.12116
274.83034 -0.070304 -0.12247
274.92398 -0.068139 -0.12375
275.01761 -0.065951 -0.12499
275.11125 -0.063743 -0.12619
275.20489 -0.061514 -0.12737
275.29853 -0.059265 -0.12850
275.39217 -0.056996 -0.12960
275.48580 -0.054709 -0.13066
275.57944 -0.052403 -0.13168
275.67308 -0.050080 -0.13267
275.76672 -0.047740 -0.13362
275.86036 -0.045384 -0.13453
275.95399 -0.043012 -0.13540
276.04763 -0.040625 -0.13624
276.14127 -0.038224 -0.13703
276.23491 -0.035809 -0.13779
276.32855 -0.033381 -0.13851
276.42218 -0.030941 -0.13918
276.51582 -0.028489 -0.13982
276.60946 -0.026027 -0.14042
276.70310 -0.023554 -0.14098
276.79674 -0.021071 -0.14150
276.89037 -0.018579 -0.14198
276.98401 -0.016079 -0.14241
277.07765 -0.013572 -0.14281
277.17129 -0.011057 -0.14317
277.26493 -0.008537 -0.14348
277.35856 -0.006011 -0.14376
277.45220 -0.003480 -0.14399
277.54584 -0.000945 -0.14418
277.63948 0.001593 -0.14433
277.73312 0.004134 -0.14444
277.82675 0.006678 -0.14451
277.92039 0.009222 -0.14454
278.01403 0.011767 -0.14452
278.10767 0.014312 -0.14447
278.20131 0.016856 -0.14437
278.29495 0.019399 -0.14423
278.38858 0.021939 -0.14405
278.48222 0.024477 -0.14383
278.57586 0.027011 -0.14357
278.66950 0.029540 -0.14327
278.76314 0.032065 -0.14292
278.85677 0.034584 -0.14254
278.95041 0.037096 -0.14211
279.04405 0.039602 -0.14164
279.13769 0.042100 -0.14113
279.23133 0.044589 -0.14058
279.32496 0.047069 -0.13999
279.41860 0.049539 -0.13936
279.51224 0.051999 -0.13869
279.60588 0.054448 -0.13798
279.69952 0.056884 -0.13723
279.79315 0.059308 -0.13644
279.88679 0.061719 -0.13561
279.98043 0.064116 -0.13475
280.07407 0.066499 -0.13384
280.16771 0.068866 -0.13289
280.26134 0.071217 -0.13191
280.35498 0.073552 -0.13088
280.44862 0.075869 -0.12982
280.54226 0.078169 -0.12872
280.63590 0.080450 -0.12759
280.72953 0.082712 -0.12641
280.82317 0.084955 -0.12520
280.91681 0.087177 -0.12395
281.01045 0.089378 -0.12267
281.10409 0.091557 -0.12135
281.19772 0.093714 -0.11999
281.29136 0.095849 -0.11860
281.38500 0.097960 -0.11718
281.47864 0.100047 -0.11572
281.57228 0.102109 -0.11422
281.66591 0.104147 -0.11270
281.75955 0.106158 -0.11113
281.85319 0.108143 -0.10954
281.94683 0.110102 -0.10791
282.04047 0.112033 -0.10626
282.13410 0.113936 -0.10457
282.22774 0.115811 -0.10284
282.32138 0.117656 -0.10109
282.41502 0.119473 -0.09931
282.50866 0.121259 -0.09750
282.60229 0.123014 -0.09566
282.69593 0.124739 -0.09379
282.78957 0.126432 -0.09189
282.88321 0.128093 -0.08996
282.97685 0.129722 -0.08801
283.07048 0.131318 -0.08603
283.16412 0.132881 -0.08402
283.25776 0.134409 -0.08199
283.35140 0.135904 -0.07994
283.44504 0.137364 -0.07785
283.53867 0.138789 -0.07575
283.63231 0.140179 -0.07362
283.72595 0.141532 -0.07147
283.81959 0.142850 -0.06929
283.91323 0.144131 -0.06710
284.00686 0.145375 -0.06488
284.10050 0.146582 -0.06265
284.19414 0.147751 -0.06039
284.28778 0.148883 -0.05811
284.38142 0.149976 -0.05582
284.47505 0.151030 -0.05350
284.56869 0.152046 -0.05117
284.66233 0.153023 -0.04883
284.75597 0.153960 -0.04646
284.84961 0.154858 -0.04408
284.94324 0.155715 -0.04169
285.03688 0.156533 -0.03928
285.13052 0.157310 -0.03686
285.22416 0.158047 -0.03442
285.31780 0.158743 -0.03198
285.41143 0.159398 -0.02952
285.50507 0.160012 -0.02705
285.59871 0.160584 -0.02457
285.69235 0.161115 -0.02208
285.78599 0.161604 -0.01958
285.87962 0.162052 -0.01707
285.97326 0.162458 -0.01455
286.06690 0.162821 -0.01203
286.16054 0.163143 -0.00950
286.25418 0.163422 -0.00697
286.34781 0.163659 -0.00443
286.44145 0.163854 -0.00188
286.53509 0.164006 0.00067
286.62873 0.164116 0.00322
286.72237 0.164183 0.00577
286.81600 0.164208 0.00833
286.90964 0.164190 0.01088
287.00328 0.164130 0.01344
287.09692 0.164027 0.01600
287.19056 0.163882 0.01855
287.28419 0.163694 0.02111
287.37783 0.163464 0.02366
287.47147 0.163192 0.02621
287.56511 0.162877 0.02876
287.65875 0.162520 0.03130
287.75238 0.162120 0.03384
287.84602 0.161679 0.03637
287.93966 0.161196 0.03889
288.03330 0.160671 0.04141
288.12694 0.160104 0.04392
288.22058 0.159495 0.04642
288.31421 0.158845 0.04892
288.40785 0.158154 0.05140
288.50149 0.157422 0.05388
288.59513 0.156648 0.05634
288.68877 0.155834 0.05880
288.78240 0.154980 0.06124
288.87604 0.154085 0.06367
288.96968 0.153150 0.06608
289.06332 0.152175 0.06849
289.15696 0.151160 0.07087
289.25059 0.150106 0.07325
289.34423 0.149013 0.07560
289.43787 0.147880 0.07795
289.53151 0.146709 0.08027
289.62515 0.145500 0.08258
289.71878 0.144253 0.08487
289.81242 0.142967 0.08714
289.90606 0.141645 0.08939
289.99970 0.140285 0.09163
290.09334 0.138888 0.09384
290.18697 0.137454 0.09603
290.28061 0.135985 0.09820
290.37425 0.134480 0.10035
290.46789 0.132939 0.10248
290.56153 0.131363 0.10458
290.65516 0.129752 0.10666
290.74880 0.128107 0.10872
290.84244 0.126428 0.11075
290.93608 0.124715 0.11276
291.02972 0.122969 0.11474
291.12335 0.121190 0.11670
291.21699 0.119379 0.11863
291.31063 0.117536 0.12053
291.40427 0.115661 0.12241
291.49791 0.113755 0.12426
291.59154 0.111819 0.12608
291.68518 0.109852 0.12787
291.77882 0.107856 0.12963
291.87246 0.105830 0.13137
291.96610 0.103776 0.13307
292.05973 0.101693 0.13474
292.15337 0.099582 0.13639
292.24701 0.097444 0.13800
292.34065 0.095279 0.13957
292.43429 0.093088 0.14112
292.52792 0.090871 0.14264
292.62156 0.088628 0.14412
292.71520 0.086361 0.14557
292.80884 0.084069 0.14698
292.90248 0.081754 0.14836
292.99611 0.079415 0.14971
293.08975 0.077054 0.15102
293.18339 0.074671 0.15230
293.27703 0.072266 0.15354
293.37067 0.069839 0.15475
293.46430 0.067393 0.15592
293.55794 0.064926 0.15705
293.65158 0.062440 0.15815
293.74522 0.059936 0.15921
293.83886 0.057413 0.16023
293.93249 0.054872 0.16122
294.02613 0.052314 0.16217
294.11977 0.049740 0.16308
294.21341 0.047151 0.16395
294.30705 0.044545 0.16478
294.40068 0.041926 0.16558
294.49432 0.039292 0.16634
294.58796 0.036644 0.16705
294.68160 0.033984 0.16773
294.77524 0.031312 0.16837
294.86887 0.028628 0.16897
294.96251 0.025933 0.16953
295.05615 0.023228 0.17005
295.14979 0.020512 0.17053
295.24343 0.017788 0.17097
295.33706 0.015056 0.17137
295.43070 0.012315 0.17173
295.52434 0.009568 0.17205
295.61798 0.006813 0.17233
295.71162 0.004053 0.17256
295.80525 0.001288 0.17276
295.89889 -0.001482 0.17291
295.99253 -0.004256 0.17303
296.08617 -0.007034 0.17310
296.17981 -0.009814 0.17313
296.27344 -0.012596 0.17312
296.36708 -0.015380 0.17307
296.46072 -0.018164 0.17298
296.55436 -0.020948 0.17284
296.64800 -0.023732 0.17267
296.74163 -0.026515 0.17245
296.83527 -0.029296 0.17219
296.92891 -0.032074 0.17189
297.02255 -0.034849 0.17155
297.11619 -0.037620 0.17117
297.20982 -0.040387 0.17075
297.30346 -0.043149 0.17028
297.39710 -0.045904 0.16978
297.49074 -0.048654 0.16923
297.58438 -0.051396 0.16865
297.67801 -0.054131 0.16802
297.77165 -0.056857 0.16735
297.86529 -0.059574 0.16664
297.95893 -0.062281 0.16589
298.05257 -0.064978 0.16510
298.14621 -0.067664 0.16427
298.23984 -0.070339 0.16340
298.33348 -0.073001 0.16249
298.42712 -0.075650 0.16154
298.52076 -0.078286 0.16055
298.61440 -0.080908 0.15952
298.70803 -0.083514 0.15845
298.80167 -0.086106 0.15735
298.89531 -0.088681 0.15620
298.98895 -0.091239 0.15502
299.08259 -0.093780 0.15380
299.17622 -0.096304 0.15254
299.26986 -0.098808 0.15124
299.36350 -0.101294 0.14990
299.45714 -0.103759 0.14853
299.55078 -0.106205 0.14712
299.64441 -0.108629 0.14568
299.73805 -0.111032 0.14419
299.83169 -0.113412 0.14268
299.92533 -0.115770 0.14112
300.01897 -0.118104 0.13953
300.11260 -0.120415 0.13791
300.20624 -0.122701 0.13625
300.29988 -0.124962 0.13456
300.39352 -0.127197 0.13283
300.48716 -0.129406 0.13107
300.58079 -0.131588 0.12928
300.67443 -0.133743 0.12745
300.76807 -0.135870 0.12559
300.86171 -0.137969 0.12370
300.95535 -0.140038 0.12178
301.04898 -0.142079 0.11983
301.14262 -0.144089 0.11785
301.23626 -0.146069 0.11583
301.32990 -0.148018 0.11379
301.42354 -0.149935 0.11172
301.51717 -0.151821 0.10962
301.61081 -0.153674 0.10749
301.70445 -0.155494 0.10533
301.79809 -0.157280 0.10314
301.89173 -0.159033 0.10093
301.98536 -0.160751 0.09869
302.07900 -0.162435 0.09643
302.17264 -0.164083 0.09414
302.26628 -0.165696 0.09183
302.35992 -0.167273 0.08949
302.45355 -0.168813 0.08713
302.54719 -0.170316 0.08474
302.64083 -0.171782 0.08234
302.73447 -0.173211 0.07991
302.82811 -0.174601 0.07746
302.92174 -0.175953 0.07498
303.01538 -0.177266 0.07249
303.10902 -0.178540 0.06998
303.20266 -0.179774 0.06745
303.29630 -0.180968 0.06490
303.38993 -0.182123 0.06233
303.48357 -0.183237 0.05975
303.57721 -0.184310 0.05715
303.67085 -0.185342 0.05453
303.76449 -0.186332 0.05190
303.85812 -0.187281 0.04925
303.95176 -0.188188 0.04659
304.04540 -0.189053 0.04391
304.13904 -0.189876 0.04123
304.23268 -0.190656 0.03853
304.32631 -0.191393 0.03581
304.41995 -0.192087 0.03309
304.51359 -0.192737 0.03036
304.60723 -0.193344 0.02762
304.70087 -0.193908 0.02487
304.79450 -0.194428 0.02211
304.88814 -0.194903 0.01934
304.98178 -0.195335 0.01657
305.07542 -0.195722 0.01379
305.16906 -0.196065 0.01100
305.26269 -0.196363 0.00821
305.35633 -0.196617 0.00541
305.44997 -0.196826 0.00262
305.54361 -0.196990 -0.00018
305.63725 -0.197110 -0.00299
305.73088 -0.197184 -0.00579
305.82452 -0.197214 -0.00860
305.91816 -0.197198 -0.01140
306.01180 -0.197138 -0.01421
306.10544 -0.197032 -0.01701
306.19907 -0.196882 -0.01981
306.29271 -0.196686 -0.02261
306.38635 -0.196446 -0.02540
306.47999 -0.196160 -0.02819
306.57363 -0.195830 -0.03098
306.66726 -0.195455 -0.03376
306.76090 -0.195035 -0.03653
306.85454 -0.194570 -0.03930
306.94818 -0.194061 -0.04206
307.04182 -0.193507 -0.04481
307.13545 -0.192909 -0.04756
307.22909 -0.192267 -0.05029
307.32273 -0.191580 -0.05301
307.41637 -0.190850 -0.05572
307.51001 -0.190076 -0.05842
307.60364 -0.189258 -0.06111
307.69728 -0.188397 -0.06378
307.79092 -0.187492 -0.06644
307.88456 -0.186545 -0.06909
307.97820 -0.185555 -0.07172
308.07184 -0.184522 -0.07434
308.16547 -0.183447 -0.07694
308.25911 -0.182329 -0.07952
308.35275 -0.181170 -0.08208
308.44639 -0.179970 -0.08463
308.54003 -0.178728 -0.08716
308.63366 -0.177445 -0.08967
308.72730 -0.176122 -0.09215
308.82094 -0.174758 -0.09462
308.91458 -0.173355 -0.09707
309.00822 -0.171911 -0.09949
309.10185 -0.170429 -0.10189
309.19549 -0.168907 -0.10427
309.28913 -0.167347 -0.10663
309.38277 -0.165748 -0.10896
309.47641 -0.164112 -0.11126
309.57004 -0.162439 -0.11354
309.66368 -0.160728 -0.11579
309.75732 -0.158981 -0.11802
309.85096 -0.157198 -0.12022
309.94460 -0.155378 -0.12239
310.03823 -0.153524 -0.12454
310.13187 -0.151635 -0.12665
310.22551 -0.149712 -0.12874
310.31915 -0.147754 -0.13079
310.41279 -0.145763 -0.13282
310.50642 -0.143740 -0.13482
310.60006 -0.141684 -0.13678
310.69370 -0.139596 -0.13871
310.78734 -0.137476 -0.14061
310.88098 -0.135326 -0.14248
310.97461 -0.133145 -0.14431
311.06825 -0.130935 -0.14611
311.16189 -0.128695 -0.14788
311.25553 -0.126427 -0.14961
311.34917 -0.124130 -0.15130
311.44280 -0.121806 -0.15297
311.53644 -0.119455 -0.15459
311.63008 -0.117077 -0.15618
311.72372 -0.114673 -0.15773
311.81736 -0.112245 -0.15925
311.91099 -0.109791 -0.16073
312.00463 -0.107314 -0.16217
312.09827 -0.104813 -0.16357
312.19191 -0.102289 -0.16494
312.28555 -0.099743 -0.16626
312.37918 -0.097175 -0.16755
312.47282 -0.094586 -0.16880
312.56646 -0.091977 -0.17001
312.66010 -0.089349 -0.17118
312.75374 -0.086701 -0.17231
312.84737 -0.084035 -0.17340
312.94101 -0.081351 -0.17444
313.03465 -0.078650 -0.17545
313.12829 -0.075932 -0.17642
313.22193 -0.073199 -0.17734
313.31556 -0.070451 -0.17823
313.40920 -0.067688 -0.17907
313.50284 -0.064911 -0.17987
313.59648 -0.062122 -0.18062
313.69012 -0.059320 -0.18134
313.78375 -0.056506 -0.18201
313.87739 -0.053681 -0.18264
313.97103 -0.050846 -0.18323
314.06467 -0.048001 -0.18378
314.15831 -0.045147 -0.18428
314.25194 -0.042285 -0.18474
314.34558 -0.039415 -0.18515
314.43922 -0.036539 -0.18553
314.53286 -0.033656 -0.18586
314.62650 -0.030768 -0.18614
314.72013 -0.027874 -0.18639
314.81377 -0.024977 -0.18659
314.90741 -0.022076 -0.18674
315.00105 -0.019173 -0.18686
315.09469 -0.016268 -0.18692
315.18832 -0.013361 -0.18695
315.28196 -0.010454 -0.18693
315.37560 -0.007546 -0.18687
315.46924 -0.004640 -0.18677
315.56288 -0.001735 -0.18662
315.65651 0.001168 -0.18643
315.75015 0.004068 -0.18619
315.84379 0.006965 -0.18592
315.93743 0.009857 -0.18560
316.03107 0.012744 -0.18523
316.12470 0.015626 -0.18483
316.21834 0.018501 -0.18438
316.31198 0.021369 -0.18389
316.40562 0.024230 -0.18335
316.49926 0.027082 -0.18278
316.59289 0.029925 -0.18216
316.68653 0.032759 -0.18150
316.78017 0.035582 -0.18079
316.87381 0.038394 -0.18005
316.96745 0.041194 -0.17927
317.06108 0.043982 -0.17844
317.15472 0.046757 -0.17757
317.24836 0.049519 -0.17666
317.34200 0.052265 -0.17572
317.43564 0.054997 -0.17473
317.52927 0.057713 -0.17370
317.62291 0.060413 -0.17263
317.71655 0.063096 -0.17152
317.81019 0.065762 -0.17037
317.90383 0.068409 -0.16919
317.99747 0.071038 -0.16796
318.09110 0.073647 -0.16670
318.18474 0.076236 -0.16540
318.27838 0.078804 -0.16406
318.37202 0.081352 -0.16269
318.46566 0.083877 -0.16128
318.55929 0.086380 -0.15983
318.65293 0.088860 -0.15834
318.74657 0.091316 -0.15682
318.84021 0.093749 -0.15527
318.93385 0.096156 -0.15368
319.02748 0.098539 -0.15205
319.12112 0.100895 -0.15039
319.21476 0.103225 -0.14870
319.30840 0.105528 -0.14697
319.40204 0.107804 -0.14521
319.49567 0.110052 -0.14342
319.58931 0.112271 -0.14160
319.68295 0.114462 -0.13974
319.77659 0.116623 -0.13785
319.87023 0.118754 -0.13594
319.96386 0.120854 -0.13399
320.05750 0.122924 -0.13201
320.15114 0.124962 -0.13001
320.24478 0.126968 -0.12797
320.33842 0.128941 -0.12591
320.43205 0.130882 -0.12382
320.52569 0.132790 -0.12170
320.61933 0.134664 -0.11956
320.71297 0.136504 -0.11739
320.80661 0.138310 -0.11519
320.90024 0.140080 -0.11297
320.99388 0.141815 -0.11073
321.08752 0.143515 -0.10846
321.18116 0.145178 -0.10617
321.27480 0.146805 -0.10385
321.36843 0.148395 -0.10152
321.46207 0.149948 -0.09916
321.55571 0.151463 -0.09678
321.64935 0.152941 -0.09438
321.74299 0.154380 -0.09196
321.83662 0.155781 -0.08952
321.93026 0.157143 -0.08706
322.02390 0.158465 -0.08459
322.11754 0.159749 -0.08210
322.21118 0.160993 -0.07959
322.30481 0.162196 -0.07706
322.39845 0.163360 -0.07452
322.49209 0.164483 -0.07197
322.58573 0.165565 -0.06940
322.67937 0.166607 -0.06681
322.77300 0.167607 -0.06422
322.86664 0.168566 -0.06161
322.96028 0.169483 -0.05899
323.05392 0.170359 -0.05636
323.14756 0.171193 -0.05371
323.24119 0.171984 -0.05106
323.33483 0.172734 -0.04840
323.42847 0.173441 -0.04573
323.52211 0.174105 -0.04305
323.61575 0.174727 -0.04037
323.70938 0.175306 -0.03768
323.80302 0.175842 -0.03498
323.89666 0.176335 -0.03228
323.99030 0.176785 -0.02958
324.08394 0.177192 -0.02687
324.17757 0.177556 -0.02415
324.27121 0.177876 -0.02144
324.36485 0.178153 -0.01872
324.45849 0.178387 -0.01600
324.55213 0.178578 -0.01328
324.64576 0.178725 -0.01056
324.73940 0.178829 -0.00784
324.83304 0.178889 -0.00513
324.92668 0.178906 -0.00241
325.02032 0.178880 0.00030
325.11395 0.178811 0.00301
325.20759 0.178698 0.00571
325.30123 0.178542 0.00841
325.39487 0.178343 0.01110
325.48851 0.178102 0.01379
325.58214 0.177817 0.01647
325.67578 0.177490 0.01915
325.76942 0.177119 0.02181
325.86306 0.176707 0.02447
325.95670 0.176252 0.02712
326.05033 0.175755 0.02975
326.14397 0.175215 0.03238
326.23761 0.174634 0.03499
326.33125 0.174011 0.03760
326.42489 0.173347 0.04019
326.51852 0.172641 0.04277
326.61216 0.171894 0.04533
326.70580 0.171106 0.04788
326.79944 0.170278 0.05041
326.89308 0.169409 0.05293
326.98671 0.168500 0.05543
327.08035 0.167551 0.05792
327.17399 0.166562 0.06038
327.26763 0.165534 0.06283
327.36127 0.164467 0.06526
327.45490 0.163361 0.06767
327.54854 0.162216 0.07006
327.64218 0.161033 0.07244
327.73582 0.159813 0.07478
327.82946 0.158555 0.07711
327.92310 0.157260 0.07942
328.01673 0.155928 0.08170
328.11037 0.154559 0.08396
328.20401 0.153155 0.08620
328.29765 0.151715 0.08841
328.39129 0.150239 0.09059
328.48492 0.148729 0.09275
328.57856 0.147184 0.09489
328.67220 0.145605 0.09700
328.76584 0.143993 0.09908
328.85948 0.142347 0.10113
328.95311 0.140668 0.10316
329.04675 0.138958 0.10515
329.14039 0.137215 0.10712
329.23403 0.135441 0.10906
329.32767 0.133635 0.11097
329.42130 0.131800 0.11285
329.51494 0.129934 0.11469
329.60858 0.128039 0.11651
329.70222 0.126115 0.11829
329.79586 0.124163 0.12004
329.88949 0.122182 0.12176
329.98313 0.120174 0.12345
330.07677 0.118140 0.12510
330.17041 0.116078 0.12672
330.26405 0.113991 0.12831
330.35768 0.111879 0.12986
330.45132 0.109742 0.13137
330.54496 0.107581 0.13285
330.63860 0.105396 0.13429
330.73224 0.103188 0.13570
330.82587 0.100958 0.13707
330.91951 0.098706 0.13841
331.01315 0.096433 0.13971
331.10679 0.094139 0.14097
331.20043 0.091824 0.14219
331.29406 0.089491 0.14337
331.38770 0.087138 0.14452
331.48134 0.084767 0.14563
331.57498 0.082379 0.14670
331.66862 0.079974 0.14773
331.76225 0.077552 0.14872
331.85589 0.075114 0.14967
331.94953 0.072661 0.15059
332.04317 0.070194 0.15146
332.13681 0.067713 0.15229
332.23044 0.065219 0.15308
332.32408 0.062712 0.15383
332.41772 0.060193 0.15454
332.51136 0.057663 0.15521
332.60500 0.055122 0.15584
332.69863 0.052572 0.15643
332.79227 0.050012 0.15698
332.88591 0.047443 0.15748
332.97955 0.044867 0.15795
333.07319 0.042283 0.15837
333.16682 0.039693 0.15875
333.26046 0.037097 0.15909
333.35410 0.034496 0.15939
333.44774 0.031890 0.15964
333.54138 0.029280 0.15986
333.63501 0.026666 0.16003
333.72865 0.024051 0.16016
333.82229 0.021433 0.16024
333.91593 0.018815 0.16029
334.00957 0.016195 0.16029
334.10320 0.013576 0.16025
334.19684 0.010958 0.16017
334.29048 0.008341 0.16005
334.38412 0.005727 0.15989
334.47776 0.003115 0.15968
334.57139 0.000507 0.15943
334.66503 -0.002096 0.15914
334.75867 -0.004695 0.15881
334.85231 -0.007288 0.15844
334.94595 -0.009875 0.15803
335.03958 -0.012455 0.15757
335.13322 -0.015027 0.15708
335.22686 -0.017591 0.15654
335.32050 -0.020146 0.15596
335.41414 -0.022692 0.15534
335.50777 -0.025227 0.15468
335.60141 -0.027751 0.15398
335.69505 -0.030263 0.15324
335.78869 -0.032763 0.15246
335.88233 -0.035250 0.15165
335.97596 -0.037724 0.15079
336.06960 -0.040183 0.14989
336.16324 -0.042628 0.14895
336.25688 -0.045057 0.14798
336.35052 -0.047470 0.14696
336.44415 -0.049866 0.14591
336.53779 -0.052244 0.14482
336.63143 -0.054605 0.14369
336.72507 -0.056947 0.14253
336.81871 -0.059269 0.14133
336.91234 -0.061572 0.14009
337.00598 -0.063854 0.13881
337.09962 -0.066115 0.13750
337.19326 -0.068354 0.13616
337.28690 -0.070571 0.13478
337.38053 -0.072765 0.13336
337.47417 -0.074936 0.13191
337.56781 -0.077083 0.13043
337.66145 -0.079205 0.12891
337.75509 -0.081302 0.12736
337.84873 -0.083373 0.12577
337.94236 -0.085418 0.12415
338.03600 -0.087436 0.12251
338.12964 -0.089427 0.12083
338.22328 -0.091390 0.11911
338.31692 -0.093324 0.11737
338.41055 -0.095230 0.11560
338.50419 -0.097106 0.11380
338.59783 -0.098952 0.11197
338.69147 -0.100768 0.11011
338.78511 -0.102553 0.10822
338.87874 -0.104307 0.10631
338.97238 -0.106028 0.10436
339.06602 -0.107718 0.10239
339.15966 -0.109374 0.10040
339.25330 -0.110998 0.09838
339.34693 -0.112588 0.09633
339.44057 -0.114144 0.09426
339.53421 -0.115665 0.09217
339.62785 -0.117152 0.09005
339.72149 -0.118603 0.08791
339.81512 -0.120018 0.08575
339.90876 -0.121398 0.08357
340.00240 -0.122741 0.08137
340.09604 -0.124047 0.07914
340.18968 -0.125317 0.07690
340.28331 -0.126549 0.07464
340.37695 -0.127743 0.07235
340.47059 -0.128898 0.07006
340.56423 -0.130016 0.06774
340.65787 -0.131095 0.06541
340.75150 -0.132134 0.06306
340.84514 -0.133135 0.06069
340.93878 -0.134096 0.05832
341.03242 -0.135017 0.05592
341.12606 -0.135898 0.05352
341.21969 -0.136738 0.05110
341.31333 -0.137538 0.04867
341.40697 -0.138298 0.04623
341.50061 -0.139016 0.04378
341.59425 -0.139694 0.04131
341.68788 -0.140330 0.03884
341.78152 -0.140924 0.03636
341.87516 -0.141477 0.03388
341.96880 -0.141988 0.03138
342.06244 -0.142457 0.02888
342.15607 -0.142884 0.02637
342.24971 -0.143269 0.02386
342.34335 -0.143612 0.02135
342.43699 -0.143912 0.01883
342.53063 -0.144170 0.01630
342.62426 -0.144385 0.01378
342.71790 -0.144558 0.01125
342.81154 -0.144688 0.00873
342.90518 -0.144776 0.00620
342.99882 -0.144821 0.00367
343.09245 -0.144823 0.00115
343.18609 -0.144782 -0.00138
343.27973 -0.144699 -0.00390
343.37337 -0.144574 -0.00642
343.46701 -0.144406 -0.00893
343.56064 -0.144195 -0.01144
343.65428 -0.143942 -0.01394
343.74792 -0.143647 -0.01644
343.84156 -0.143309 -0.01893
343.93520 -0.142929 -0.02141
344.02883 -0.142507 -0.02388
344.12247 -0.142043 -0.02635
344.21611 -0.141538 -0.02880
344.30975 -0.140990 -0.03124
344.40339 -0.140402 -0.03368
344.49702 -0.139772 -0.03610
344.59066 -0.139100 -0.03851
344.68430 -0.138388 -0.04090
344.77794 -0.137635 -0.04328
344.87158 -0.136842 -0.04565
344.96521 -0.136009 -0.04800
345.05885 -0.135135 -0.05034
345.15249 -0.134222 -0.05266
345.24613 -0.133269 -0.05496
345.33977 -0.132277 -0.05725
345.43340 -0.131245 -0.05951
345.52704 -0.130176 -0.06176
345.62068 -0.129068 -0.06398
345.71432 -0.127922 -0.06619
345.80796 -0.126738 -0.06838
345.90159 -0.125517 -0.07054
345.99523 -0.124259 -0.07268
346.08887 -0.122964 -0.07480
346.18251 -0.121633 -0.07689
346.27615 -0.120266 -0.07897
346.36978 -0.118864 -0.08101
346.46342 -0.117426 -0.08303
346.55706 -0.115954 -0.08503
346.65070 -0.114448 -0.08700
346.74434 -0.112908 -0.08894
346.83797 -0.111335 -0.09085
346.93161 -0.109728 -0.09274
347.02525 -0.108090 -0.09459
347.11889 -0.106419 -0.09642
347.21253 -0.104717 -0.09822
347.30616 -0.102983 -0.09999
347.39980 -0.101220 -0.10173
347.49344 -0.099426 -0.10343
347.58708 -0.097603 -0.10511
347.68072 -0.095751 -0.10675
347.77436 -0.093870 -0.10836
347.86799 -0.091962 -0.10993
347.96163 -0.090026 -0.11148
348.05527 -0.088064 -0.11299
348.14891 -0.086075 -0.11446
348.24255 -0.084060 -0.11590
348.33618 -0.082021 -0.11731
348.42982 -0.079957 -0.11867
348.52346 -0.077869 -0.12001
348.61710 -0.075758 -0.12130
348.71074 -0.073624 -0.12256
348.80437 -0.071469 -0.12378
348.89801 -0.069291 -0.12497
348.99165 -0.067093 -0.12612
349.08529 -0.064875 -0.12722
349.17893 -0.062637 -0.12829
349.27256 -0.060380 -0.12933
349.36620 -0.058105 -0.13032
349.45984 -0.055813 -0.13127
349.55348 -0.053503 -0.13218
349.64712 -0.051177 -0.13306
349.74075 -0.048836 -0.13389
349.83439 -0.046479 -0.13468
349.92803 -0.044109 -0.13543
350.02167 -0.041724 -0.13614
350.11531 -0.039327 -0.13681
350.20894 -0.036917 -0.13744
350.30258 -0.034496 -0.13803
350.39622 -0.032064 -0.13857
350.48986 -0.029622 -0.13908
350.58350 -0.027171 -0.13954
350.67713 -0.024710 -0.13996
350.77077 -0.022242 -0.14033
350.86441 -0.019766 -0.14067
350.95805 -0.017284 -0.14096
351.05169 -0.014795 -0.14121
351.14532 -0.012302 -0.14142
351.23896 -0.009804 -0.14158
351.33260 -0.007302 -0.14170
351.42624 -0.004797 -0.14178
351.51988 -0.002290 -0.14182
351.61351 0.000219 -0.14181
351.70715 0.002729 -0.14176
351.80079 0.005240 -0.14167
351.89443 0.007749 -0.14153
351.98807 0.010258 -0.14135
352.08170 0.012764 -0.14113
352.17534 0.015268 -0.14087
352.26898 0.017769 -0.14056
352.36262 0.020265 -0.14021
352.45626 0.022757 -0.13982
352.54989 0.025243 -0.13939
352.64353 0.027723 -0.13891
352.73717 0.030196 -0.13839
352.83081 0.032662 -0.13783
352.92445 0.035119 -0.13723
353.01808 0.037567 -0.13658
353.11172 0.040005 -0.13590
353.20536 0.042433 -0.13517
353.29900 0.044850 -0.13441
353.39264 0.047255 -0.13360
353.48627 0.049648 -0.13275
353.57991 0.052027 -0.13186
353.67355 0.054393 -0.13093
353.76719 0.056744 -0.12996
353.86083 0.059080 -0.12895
353.95446 0.061400 -0.12790
354.04810 0.063704 -0.12681
354.14174 0.065990 -0.12568
354.23538 0.068259 -0.12452
354.32902 0.070509 -0.12331
354.42265 0.072740 -0.12207
354.51629 0.074951 -0.12079
354.60993 0.077141 -0.11948
354.70357 0.079311 -0.11812
354.79721 0.081459 -0.11673
354.89084 0.083585 -0.11531
354.98448 0.085688 -0.11384
355.07812 0.087768 -0.11235
355.17176 0.089823 -0.11082
355.26540 0.091854 -0.10925
355.35903 0.093860 -0.10765
355.45267 0.095839 -0.10601
355.54631 0.097793 -0.10435
355.63995 0.099719 -0.10265
355.73359 0.101618 -0.10091
355.82722 0.103489 -0.09915
355.92086 0.105332 -0.09736
356.01450 0.107145 -0.09553
356.10814 0.108929 -0.09367
356.20178 0.110682 -0.09179
356.29541 0.112405 -0.08987
356.38905 0.114097 -0.08793
356.48269 0.115757 -0.08595
356.57633 0.117385 -0.08396
356.66997 0.118980 -0.08193
356.76360 0.120543 -0.07987
356.85724 0.122071 -0.07780
356.95088 0.123566 -0.07569
357.04452 0.125027 -0.07356
357.13816 0.126453 -0.07141
357.23179 0.127843 -0.06923
357.32543 0.129198 -0.06703
357.41907 0.130517 -0.06481
357.51271 0.131799 -0.06256
357.60635 0.133045 -0.06030
357.69999 0.134253 -0.05801
357.79362 0.135425 -0.05570
357.88726 0.136558 -0.05338
357.98090 0.137653 -0.05103
358.07454 0.138709 -0.04867
358.16818 0.139727 -0.04629
358.26181 0.140705 -0.04389
358.35545 0.141645 -0.04148
358.44909 0.142544 -0.03905
358.54273 0.143403 -0.03661
358.63637 0.144223 -0.03416
358.73000 0.145001 -0.03169
358.82364 0.145740 -0.02920
358.91728 0.146437 -0.02671
359.01092 0.147093 -0.02420
359.10456 0.147707 -0.02169
359.19819 0.148280 -0.01916
359.29183 0.148812 -0.01663
359.38547 0.149301 -0.01409
359.47911 0.149748 -0.01153
359.57275 0.150154 -0.00898
359.66638 0.150517 -0.00641
359.76002 0.150837 -0.00384
359.85366 0.151115 -0.00127
359.94730 0.151350 0.00131
360.04094 0.151542 0.00389
360.13457 0.151692 0.00648
360.22821 0.151799 0.00907
360.32185 0.151863 0.01165
360.41549 0.151884 0.01424
360.50913 0.151862 0.01683
360.60276 0.151796 0.01942
360.69640 0.151688 0.02200
360.79004 0.151537 0.02459
360.88368 0.151343 0.02717
360.97732 0.151106 0.02974
361.07095 0.150826 0.03232
361.16459 0.150504 0.03488
361.25823 0.150138 0.03744
361.35187 0.149730 0.04000
361.44551 0.149279 0.04254
361.53914 0.148786 0.04508
361.63278 0.148251 0.04761
361.72642 0.147673 0.05013
361.82006 0.147053 0.05264
361.91370 0.146391 0.05514
362.00733 0.145688 0.05763
362.10097 0.144943 0.06010
362.19461 0.144157 0.06256
362.28825 0.143329 0.06501
362.38189 0.142461 0.06745
362.47552 0.141551 0.06986
362.56916 0.140602 0.07227
362.66280 0.139612 0.07465
362.75644 0.138582 0.07702
362.85008 0.137512 0.07937
362.94371 0.136403 0.08171
363.03735 0.135255 0.08402
363.13099 0.134068 0.08631
363.22463 0.132843 0.08859
363.31827 0.131579 0.09084
363.41190 0.130278 0.09307
363.50554 0.128939 0.09528
363.59918 0.127563 0.09746
363.69282 0.126150 0.09963
363.78646 0.124700 0.10176
363.88009 0.123215 0.10388
363.97373 0.121695 0.10597
364.06737 0.120139 0.10803
364.16101 0.118548 0.11006
364.25465 0.116923 0.11207
364.34828 0.115264 0.11405
364.44192 0.113571 0.11601
364.53556 0.111846 0.11793
364.62920 0.110088 0.11983
364.72284 0.108298 0.12169
364.81647 0.106477 0.12353
364.91011 0.104624 0.12533
365.00375 0.102741 0.12710
365.09739 0.100827 0.12885
365.19103 0.098885 0.13055
365.28466 0.096913 0.13223
365.37830 0.094912 0.13388
365.47194 0.092884 0.13549
365.56558 0.090828 0.13706
365.65922 0.088745 0.13860
365.75285 0.086636 0.14011
365.84649 0.084501 0.14158
365.94013 0.082340 0.14302
366.03377 0.080156 0.14442
366.12741 0.077947 0.14578
366.22104 0.075714 0.14711
366.31468 0.073459 0.14840
366.40832 0.071181 0.14965
366.50196 0.068882 0.15086
366.59560 0.066561 0.15204
366.68923 0.064220 0.15318
366.78287 0.061859 0.15428
366.87651 0.059479 0.15534
366.97015 0.057080 0.15636
367.06379 0.054664 0.15734
367.15742 0.052229 0.15828
367.25106 0.049778 0.15918
367.34470 0.047311 0.16004
367.43834 0.044829 0.16086
367.53198 0.042331 0.16164
367.62562 0.039820 0.16237
367.71925 0.037294 0.16307
367.81289 0.034756 0.16373
367.90653 0.032206 0.16434
368.00017 0.029644 0.16491
368.09381 0.027071 0.16544
368.18744 0.024488 0.16593
368.28108 0.021895 0.16637
368.37472 0.019293 0.16678
368.46836 0.016683 0.16714
368.56200 0.014065 0.16745
368.65563 0.011441 0.16773
368.74927 0.008810 0.16796
368.84291 0.006173 0.16815
368.93655 0.003532 0.16830
369.03019 0.000886 0.16840
369.12382 -0.001764 0.16846
369.21746 -0.004416 0.16848
369.31110 -0.007071 0.16846
369.40474 -0.009728 0.16839
369.49838 -0.012385 0.16828
369.59201 -0.015043 0.16812
369.68565 -0.017700 0.16792
369.77929 -0.020357 0.16768
369.87293 -0.023011 0.16740
369.96657 -0.025664 0.16707
370.06020 -0.028313 0.16670
370.15384 -0.030959 0.16629
370.24748 -0.033600 0.16584
370.34112 -0.036236 0.16534
370.43476 -0.038867 0.16480
370.52839 -0.041491 0.16422
370.62203 -0.044109 0.16359
370.71567 -0.046718 0.16293
370.80931 -0.049320 0.16222
370.90295 -0.051913 0.16147
370.99658 -0.054496 0.16068
371.09022 -0.057069 0.15984
371.18386 -0.059631 0.15897
371.27750 -0.062181 0.15805
371.37114 -0.064720 0.15710
371.46477 -0.067246 0.15610
371.55841 -0.069758 0.15506
371.65205 -0.072257 0.15398
371.74569 -0.074741 0.15287
371.83933 -0.077210 0.15171
371.93296 -0.079663 0.15051
372.02660 -0.082099 0.14927
372.12024 -0.084519 0.14800
372.21388 -0.086921 0.14669
372.30752 -0.089305 0.14533
372.40115 -0.091670 0.14394
372.49479 -0.094015 0.14251
372.58843 -0.096341 0.14105
372.68207 -0.098646 0.13954
372.77571 -0.100930 0.13800
372.86934 -0.103192 0.13643
372.96298 -0.105432 0.13482
373.05662 -0.107650 0.13317
373.15026 -0.109844 0.13148
373.24390 -0.112014 0.12977
373.33753 -0.114159 0.12801
373.43117 -0.116280 0.12622
373.52481 -0.118375 0.12440
373.61845 -0.120444 0.12255
373.71209 -0.122487 0.12066
373.80572 -0.124502 0.11874
373.89936 -0.126490 0.11679
373.99300 -0.128450 0.11481
374.08664 -0.130381 0.11279
374.18028 -0.132283 0.11074
374.27391 -0.134156 0.10867
374.36755 -0.135999 0.10656
374.46119 -0.137811 0.10443
374.55483 -0.139593 0.10226
374.64847 -0.141343 0.10007
374.74210 -0.143061 0.09785
374.83574 -0.144747 0.09560
374.92938 -0.146400 0.09333
375.02302 -0.148020 0.09102
375.11666 -0.149607 0.08870
375.21029 -0.151159 0.08634
375.30393 -0.152678 0.08397
375.39757 -0.154161 0.08157
375.49121 -0.155610 0.07914
375.58485 -0.157023 0.07669
375.67848 -0.158400 0.07422
375.77212 -0.159740 0.07173
375.86576 -0.161045 0.06922
375.95940 -0.162312 0.06668
376.05304 -0.163542 0.06413
376.14667 -0.164734 0.06155
376.24031 -0.165889 0.05896
376.33395 -0.167005 0.05635
376.42759 -0.168082 0.05372
376.52123 -0.169121 0.05107
376.61486 -0.170121 0.04840
376.70850 -0.171081 0.04572
376.80214 -0.172001 0.04303
376.89578 -0.172882 0.04032
376.98942 -0.173722 0.03760
377.08305 -0.174522 0.03486
377.17669 -0.175282 0.03211
377.27033 -0.176000 0.02935
377.36397 -0.176677 0.02657
377.45761 -0.177313 0.02379
377.55125 -0.177908 0.02099
377.64488 -0.178460 0.01819
377.73852 -0.178971 0.01537
377.83216 -0.179440 0.01255
377.92580 -0.179867 0.00972
378.01944 -0.180251 0.00688
378.11307 -0.180593 0.00404
378.20671 -0.180892 0.00119
378.30035 -0.181149 -0.00166
378.39399 -0.181362 -0.00452
378.48763 -0.181533 -0.00738
378.58126 -0.181661 -0.01024
378.67490 -0.181746 -0.01311
378.76854 -0.181787 -0.01597
378.86218 -0.181785 -0.01884
378.95582 -0.181740 -0.02171
379.04945 -0.181652 -0.02458
379.14309 -0.181521 -0.02744
379.23673 -0.181346 -0.03031
379.33037 -0.181128 -0.03317
379.42401 -0.180866 -0.03602
379.51764 -0.180562 -0.03888
379.61128 -0.180214 -0.04173
379.70492 -0.179822 -0.04457
379.79856 -0.179388 -0.04741
379.89220 -0.178910 -0.05024
379.98583 -0.178390 -0.05306
380.07947 -0.177826 -0.05587
380.17311 -0.177220 -0.05868
380.26675 -0.176571 -0.06148
380.36039 -0.175879 -0.06426
380.45402 -0.175144 -0.06703
380.54766 -0.174368 -0.06980
380.64130 -0.173549 -0.07255
380.73494 -0.172688 -0.07528
380.82858 -0.171785 -0.07801
380.92221 -0.170840 -0.08072
381.01585 -0.169854 -0.08341
381.10949 -0.168826 -0.08609
381.20313 -0.167757 -0.08875
381.29677 -0.166648 -0.09139
381.39040 -0.165497 -0.09402
381.48404 -0.164307 -0.09663
381.57768 -0.163076 -0.09921
381.67132 -0.161805 -0.10178
381.76496 -0.160494 -0.10433
381.85859 -0.159144 -0.10686
381.95223 -0.157756 -0.10936
382.04587 -0.156328 -0.11185
382.13951 -0.154862 -0.11431
382.23315 -0.153358 -0.11674
382.32678 -0.151816 -0.11915
382.42042 -0.150237 -0.12154
382.51406 -0.148620 -0.12390
382.60770 -0.146967 -0.12624
382.70134 -0.145278 -0.12854
382.79497 -0.143552 -0.13083
382.88861 -0.141792 -0.13308
382.98225 -0.139996 -0.13530
383.07589 -0.138165 -0.13750
383.16953 -0.136300 -0.13966
383.26316 -0.134401 -0.14180
383.35680 -0.132469 -0.14391
383.45044 -0.130504 -0.14598
383.54408 -0.128506 -0.14802
383.63772 -0.126477 -0.15003
383.73135 -0.124416 -0.15201
383.82499 -0.122324 -0.15395
383.91863 -0.120201 -0.15586
384.01227 -0.118049 -0.15773
384.10591 -0.115866 -0.15957
384.19954 -0.113655 -0.16138
384.29318 -0.111416 -0.16314
384.38682 -0.109148 -0.16488
384.48046 -0.106853 -0.16657
384.57410 -0.104532 -0.16823
384.66773 -0.102184 -0.16985
384.76137 -0.099810 -0.17143
384.85501 -0.097412 -0.17297
384.94865 -0.094989 -0.17448
385.04229 -0.092542 -0.17594
385.13592 -0.090072 -0.17737
385.22956 -0.087579 -0.17875
385.32320 -0.085064 -0.18009
385.41684 -0.082527 -0.18140
385.51048 -0.079970 -0.18266
385.60411 -0.077392 -0.18388
385.69775 -0.074795 -0.18506
385.79139 -0.072179 -0.18619
385.88503 -0.069545 -0.18729
385.97867 -0.066893 -0.18834
386.07230 -0.064224 -0.18934
386.16594 -0.061539 -0.19031
386.25958 -0.058838 -0.19123
386.35322 -0.056122 -0.19210
386.44686 -0.053392 -0.19294
386.54049 -0.050648 -0.19372
386.63413 -0.047892 -0.19447
386.72777 -0.045123 -0.19516
386.82141 -0.042343 -0.19582
386.91505 -0.039551 -0.19643
387.00868 -0.036750 -0.19699
387.10232 -0.033939 -0.19751
387.19596 -0.031120 -0.19798
387.28960 -0.028292 -0.19840
387.38324 -0.025458 -0.19878
387.47688 -0.022616 -0.19911
387.57051 -0.019769 -0.19940
387.66415 -0.016916 -0.19964
387.75779 -0.014060 -0.19984
387.85143 -0.011199 -0.19999
387.94507 -0.008335 -0.20009
388.03870 -0.005469 -0.20014
388.13234 -0.002602 -0.20015
388.22598 0.000267 -0.20011
388.31962 0.003135 -0.20003
388.41326 0.006003 -0.19990
388.50689 0.008870 -0.19972
388.60053 0.011734 -0.19950
388.69417 0.014596 -0.19923
388.78781 0.017454 -0.19891
388.88145 0.020309 -0.19855
388.97508 0.023158 -0.19814
389.06872 0.026002 -0.19768
389.16236 0.028839 -0.19718
389.25600 0.031669 -0.19664
389.34964 0.034492 -0.19604
389.44327 0.037306 -0.19541
389.53691 0.040111 -0.19472
389.63055 0.042906 -0.19399
389.72419 0.045690 -0.19322
389.81783 0.048463 -0.19240
389.91146 0.051225 -0.19154
390.00510 0.053973 -0.19063
390.09874 0.056708 -0.18968
390.19238 0.059430 -0.18868
390.28602 0.062136 -0.18764
390.37965 0.064827 -0.18656
390.47329 0.067502 -0.18544
390.56693 0.070161 -0.18427
390.66057 0.072802 -0.18305
390.75421 0.075425 -0.18180
390.84784 0.078029 -0.18050
390.94148 0.080614 -0.17917
391.03512 0.083179 -0.17779
391.12876 0.085724 -0.17637
391.22240 0.088247 -0.17491
391.31603 0.090748 -0.17341
391.40967 0.093227 -0.17187
391.50331 0.095683 -0.17029
391.59695 0.098115 -0.16867
391.69059 0.100523 -0.16701
391.78422 0.102906 -0.16531
391.87786 0.105263 -0.16358
391.97150 0.107595 -0.16181
392.06514 0.109899 -0.16000
392.15878 0.112177 -0.15816
392.25241 0.114427 -0.15628
392.34605 0.116649 -0.15436
392.43969 0.118842 -0.15241
392.53333 0.121005 -0.15042
392.62697 0.123139 -0.14840
392.72060 0.125242 -0.14635
392.81424 0.127314 -0.14426
392.90788 0.129355 -0.14215
393.00152 0.131364 -0.13999
393.09516 0.133341 -0.13781
393.18879 0.135285 -0.13560
393.28243 0.137195 -0.13336
393.37607 0.139072 -0.13108
393.46971 0.140915 -0.12878
393.56335 0.142722 -0.12645
393.65698 0.144495 -0.12409
393.75062 0.146233 -0.12171
393.84426 0.147934 -0.11929
393.93790 0.149599 -0.11685
394.03154 0.151227 -0.11439
394.12517 0.152818 -0.11190
394.21881 0.154372 -0.10938
394.31245 0.155888 -0.10685
394.40609 0.157366 -0.10428
394.49973 0.158805 -0.10170
394.59336 0.160205 -0.09910
394.68700 0.161567 -0.09647
394.78064 0.162888 -0.09382
394.87428 0.164170 -0.09115
394.96792 0.165412 -0.08847
395.06155 0.166613 -0.08576
395.15519 0.167774 -0.08304
395.24883 0.168894 -0.08030
395.34247 0.169972 -0.07755
395.43611 0.171010 -0.07477
395.52974 0.172005 -0.07199
395.62338 0.172959 -0.06918
395.71702 0.173871 -0.06637
395.81066 0.174740 -0.06354
395.90430 0.175567 -0.06070
395.99793 0.176351 -0.05785
396.09157 0.177093 -0.05498
396.18521 0.177791 -0.05211
396.27885 0.178447 -0.04922
396.37249 0.179059 -0.04633
396.46612 0.179628 -0.04343
396.55976 0.180153 -0.04052
396.65340 0.180635 -0.03761
396.74704 0.181073 -0.03469
396.84068 0.181468 -0.03176
396.93431 0.181819 -0.02883
397.02795 0.182125 -0.02590
397.12159 0.182388 -0.02296
397.21523 0.182607 -0.02002
397.30887 0.182782 -0.01708
397.40251 0.182913 -0.01413
397.49614 0.183000 -0.01119
397.58978 0.183043 -0.00825
397.68342 0.183042 -0.00531
397.77706 0.182997 -0.00237
397.87070 0.182908 0.00057
397.96433 0.182776 0.00350
398.05797 0.182599 0.00643
398.15161 0.182379 0.00936
398.24525 0.182115 0.01228
398.33889 0.181808 0.01519
398.43252 0.181457 0.01810
398.52616 0.181063 0.02100
398.61980 0.180626 0.02389
398.71344 0.180146 0.02677
398.80708 0.179623 0.02964
398.90071 0.179057 0.03250
398.99435 0.178448 0.03536
399.08799 0.177798 0.03820
399.18163 0.177104 0.04102
399.27527 0.176369 0.04384
399.36890 0.175593 0.04664
399.46254 0.174774 0.04942
399.55618 0.173914 0.05219
399.64982 0.173013 0.05495
399.74346 0.172072 0.05769
399.83709 0.171089 0.06041
399.93073 0.170067 0.06311
400.02437 0.169004 0.06580
400.11801 0.167901 0.06846
400.21165 0.166760 0.07111
400.30528 0.165578 0.07374
400.39892 0.164359 0.07634
400.49256 0.163100 0.07892
400.58620 0.161804 0.08149
400.67984 0.160469 0.08403
400.77347 0.159098 0.08654
400.86711 0.157689 0.08903
400.96075 0.156243 0.09150
401.05439 0.154761 0.09394
401.14803 0.153243 0.09636
401.24166 0.151690 0.09875
401.33530 0.150101 0.10111
401.42894 0.148478 0.10345
401.52258 0.146820 0.10576
401.61622 0.145129 0.10803
401.70985 0.143404 0.11028
401.80349 0.141647 0.11251
401.89713 0.139856 0.11470
401.99077 0.138034 0.11686
402.08441 0.136180 0.11898
402.17804 0.134295 0.12108
402.27168 0.132380 0.12315
402.36532 0.130435 0.12518
402.45896 0.128459 0.12718
402.55260 0.126455 0.12914
402.64623 0.124423 0.13108
402.73987 0.122362 0.13297
402.83351 0.120274 0.13484
402.92715 0.118159 0.13666
403.02079 0.116018 0.13845
403.11442 0.113850 0.14021
403.20806 0.111658 0.14193
403.30170 0.109441 0.14361
403.39534 0.107199 0.14525
403.48898 0.104934 0.14686
403.58261 0.102646 0.14843
403.67625 0.100336 0.14996
403.76989 0.098004 0.15145
403.86353 0.095651 0.15290
403.95717 0.093277 0.15432
404.05080 0.090883 0.15569
404.14444 0.088470 0.15702
404.23808 0.086038 0.15831
404.33172 0.083589 0.15957
404.42536 0.081121 0.16078
404.51899 0.078637 0.16195
404.61263 0.076136 0.16307
404.70627 0.073620 0.16416
404.79991 0.071090 0.16520
404.89355 0.068544 0.16621
404.98718 0.065986 0.16717
405.08082 0.063414 0.16808
405.17446 0.060830 0.16896
405.26810 0.058234 0.16979
405.36174 0.055627 0.17058
405.45537 0.053010 0.17132
405.54901 0.050384 0.17202
405.64265 0.047748 0.17268
405.73629 0.045104 0.17329
405.82993 0.042453 0.17386
405.92356 0.039795 0.17439
406.01720 0.037130 0.17487
406.11084 0.034460 0.17531
406.20448 0.031785 0.17570
406.29812 0.029105 0.17605
406.39175 0.026422 0.17635
406.48539 0.023737 0.17661
406.57903 0.021049 0.17683
406.67267 0.018359 0.17700
406.76631 0.015669 0.17713
406.85994 0.012979 0.17721
406.95358 0.010290 0.17725
407.04722 0.007601 0.17724
407.14086 0.004915 0.17719
407.23450 0.002231 0.17709
407.32814 -0.000449 0.17696
407.42177 -0.003126 0.17677
407.51541 -0.005797 0.17654
407.60905 -0.008464 0.17627
407.70269 -0.011124 0.17596
407.79633 -0.013777 0.17560
407.88996 -0.016423 0.17519
407.98360 -0.019061 0.17475
408.07724 -0.021691 0.17426
408.17088 -0.024310 0.17372
408.26452 -0.026920 0.17315
408.35815 -0.029519 0.17253
408.45179 -0.032106 0.17186
408.54543 -0.034682 0.17116
408.63907 -0.037245 0.17041
408.73271 -0.039794 0.16962
408.82634 -0.042329 0.16879
408.91998 -0.044850 0.16792
409.01362 -0.047355 0.16701
409.10726 -0.049844 0.16605
409.20090 -0.052317 0.16506
409.29453 -0.054772 0.16402
409.38817 -0.057210 0.16294
409.48181 -0.059629 0.16183
409.57545 -0.062029 0.16067
409.66909 -0.064409 0.15948
409.76272 -0.066770 0.15824
409.85636 -0.069109 0.15697
409.95000 -0.071426 0.15566
410.04364 -0.073722 0.15431
410.13728 -0.075995 0.15293
410.23091 -0.078244 0.15150
410.32455 -0.080470 0.15004
410.41819 -0.082671 0.14855
410.51183 -0.084848 0.14701
410.60547 -0.086999 0.14545
410.69910 -0.089124 0.14384
410.79274 -0.091222 0.14221
410.88638 -0.093293 0.14054
410.98002 -0.095337 0.13883
411.07366 -0.097352 0.13709
411.16729 -0.099339 0.13532
411.26093 -0.101296 0.13352
411.35457 -0.103224 0.13168
411.44821 -0.105121 0.12982
411.54185 -0.106988 0.12792
411.63548 -0.108824 0.12599
411.72912 -0.110628 0.12403
411.82276 -0.112400 0.12205
411.91640 -0.114140 0.12003
412.01004 -0.115847 0.11799
412.10367 -0.117520 0.11592
412.19731 -0.119159 0.11382
412.29095 -0.120764 0.11170
412.38459 -0.122335 0.10954
412.47823 -0.123870 0.10737
412.57186 -0.125371 0.10517
412.66550 -0.126835 0.10294
412.75914 -0.128263 0.10070
412.85278 -0.129654 0.09842
412.94642 -0.131009 0.09613
413.04005 -0.132326 0.09382
413.13369 -0.133606 0.09148
413.22733 -0.134848 0.08912
413.32097 -0.136052 0.08675
413.41461 -0.137217 0.08435
413.50824 -0.138343 0.08194
413.60188 -0.139430 0.07950
413.69552 -0.140478 0.07705
413.78916 -0.141486 0.07459
413.88280 -0.142454 0.07211
413.97643 -0.143382 0.06961
414.07007 -0.144270 0.06710
414.16371 -0.145117 0.06457
414.25735 -0.145923 0.06203
414.35099 -0.146688 0.05948
414.44462 -0.147412 0.05692
414.53826 -0.148095 0.05434
414.63190 -0.148736 0.05176
414.72554 -0.149335 0.04916
414.81918 -0.149893 0.04656
414.91281 -0.150408 0.04395
415.00645 -0.150881 0.04133
415.10009 -0.151312 0.03870
415.19373 -0.151701 0.03607
415.28737 -0.152047 0.03343
415.38100 -0.152351 0.03078
415.47464 -0.152612 0.02814
415.56828 -0.152830 0.02549
415.66192 -0.153006 0.02283
415.75556 -0.153139 0.02018
415.84919 -0.153229 0.01752
415.94283 -0.153276 0.01486
416.03647 -0.153281 0.01220
416.13011 -0.153242 0.00955
416.22375 -0.153161 0.00689
416.31738 -0.153037 0.00424
416.41102 -0.152871 0.00159
416.50466 -0.152662 -0.00106
416.59830 -0.152410 -0.00370
416.69194 -0.152116 -0.00634
416.78557 -0.151779 -0.00897
416.87921 -0.151400 -0.01159
416.97285 -0.150979 -0.01421
417.06649 -0.150516 -0.01682
417.16013 -0.150011 -0.01941
417.25377 -0.149464 -0.02200
417.34740 -0.148875 -0.02458
417.44104 -0.148245 -0.02715
417.53468 -0.147574 -0.02971
417.62832 -0.146862 -0.03226
417.72196 -0.146108 -0.03479
417.81559 -0.145314 -0.03731
417.90923 -0.144480 -0.03981
418.00287 -0.143605 -0.04230
418.09651 -0.142691 -0.04477
418.19015 -0.141736 -0.04723
418.28378 -0.140743 -0.04967
418.37742 -0.139710 -0.05209
418.47106 -0.138638 -0.05450
418.56470 -0.137528 -0.05688
418.65834 -0.136379 -0.05925
418.75197 -0.135193 -0.06159
418.84561 -0.133969 -0.06391
418.93925 -0.132707 -0.06621
419.03289 -0.131409 -0.06849
419.12653 -0.130074 -0.07075
419.22016 -0.128704 -0.07298
419.31380 -0.127297 -0.07519
419.40744 -0.125855 -0.07737
419.50108 -0.124378 -0.07953
419.59472 -0.122867 -0.08166
419.68835 -0.121322 -0.08377
419.78199 -0.119743 -0.08585
419.87563 -0.118130 -0.08790
419.96927 -0.116485 -0.08992
420.06291 -0.114808 -0.09191
420.15654 -0.113099 -0.09388
420.25018 -0.111359 -0.09581
420.34382 -0.109587 -0.09771
420.43746 -0.107786 -0.09959
420.53110 -0.105955 -0.10143
420.62473 -0.104094 -0.10323
420.71837 -0.102205 -0.10501
420.81201 -0.100287 -0.10675
420.90565 -0.098342 -0.10846
420.99929 -0.096370 -0.11014
421.09292 -0.094371 -0.11178
421.18656 -0.092346 -0.11338
421.28020 -0.090296 -0.11495
421.37384 -0.088221 -0.11648
421.46748 -0.086122 -0.11798
421.56111 -0.083999 -0.11944
421.65475 -0.081853 -0.12087
421.74839 -0.079685 -0.12225
421.84203 -0.077495 -0.12360
421.93567 -0.075284 -0.12491
422.02930 -0.073053 -0.12618
422.12294 -0.070801 -0.12741
422.21658 -0.068531 -0.12860
422.31022 -0.066242 -0.12975
422.40386 -0.063935 -0.13087
422.49749 -0.061611 -0.13194
422.59113 -0.059270 -0.13297
422.68477 -0.056913 -0.13396
422.77841 -0.054541 -0.13491
422.87205 -0.052155 -0.13582
422.96568 -0.049755 -0.13668
423.05932 -0.047342 -0.13750
423.15296 -0.044916 -0.13828
423.24660 -0.042479 -0.13902
423.34024 -0.040030 -0.13972
423.43387 -0.037572 -0.14037
423.52751 -0.035104 -0.14098
423.62115 -0.032626 -0.14155
423.71479 -0.030141 -0.14207
423.80843 -0.027648 -0.14255
423.90206 -0.025149 -0.14299
423.99570 -0.022643 -0.14338
424.08934 -0.020133 -0.14373
424.18298 -0.017618 -0.14403
424.27662 -0.015099 -0.14429
424.37025 -0.012577 -0.14450
424.46389 -0.010052 -0.14468
424.55753 -0.007526 -0.14480
424.65117 -0.004999 -0.14489
424.74481 -0.002472 -0.14492
424.83844 0.000054 -0.14492
424.93208 0.002579 -0.14487
425.02572 0.005102 -0.14477
425.11936 0.007622 -0.14463
425.21300 0.010138 -0.14445
425.30663 0.012650 -0.14422
425.40027 0.015157 -0.14395
425.49391 0.017659 -0.14364
425.58755 0.020154 -0.14328
425.68119 0.022641 -0.14287
425.77482 0.025121 -0.14243
425.86846 0.027592 -0.14193
425.96210 0.030054 -0.14140
426.05574 0.032505 -0.14082
426.14938 0.034946 -0.14020
426.24301 0.037375 -0.13954
426.33665 0.039792 -0.13883
426.43029 0.042195 -0.13808
426.52393 0.044586 -0.13729
426.61757 0.046961 -0.13646
426.71120 0.049322 -0.13558
426.80484 0.051667 -0.13467
426.89848 0.053995 -0.13371
426.99212 0.056307 -0.13271
427.08576 0.058600 -0.13167
427.17940 0.060875 -0.13059
427.27303 0.063131 -0.12947
427.36667 0.065367 -0.12831
427.46031 0.067583 -0.12711
427.55395 0.069777 -0.12587
427.64759 0.071950 -0.12459
427.74122 0.074100 -0.12328
427.83486 0.076228 -0.12192
427.92850 0.078331 -0.12053
428.02214 0.080411 -0.11910
428.11578 0.082465 -0.11764
428.20941 0.084494 -0.11614
428.30305 0.086497 -0.11460
428.39669 0.088473 -0.11303
428.49033 0.090422 -0.11142
428.58397 0.092343 -0.10978
428.67760 0.094236 -0.10810
428.77124 0.096099 -0.10639
428.86488 0.097934 -0.10465
428.95852 0.099738 -0.10287
429.05216 0.101511 -0.10106
429.14579 0.103254 -0.09922
429.23943 0.104965 -0.09735
429.33307 0.106643 -0.09545
429.42671 0.108290 -0.09352
429.52035 0.109903 -0.09156
429.61398 0.111482 -0.08957
429.70762 0.113027 -0.08756
429.80126 0.114538 -0.08551
429.89490 0.116014 -0.08344
429.98854 0.117455 -0.08134
430.08217 0.118860 -0.07922
430.17581 0.120228 -0.07707
430.26945 0.121560 -0.07490
430.36309 0.122855 -0.07270
430.45673 0.124112 -0.07048
430.55036 0.125332 -0.06823
430.64400 0.126513 -0.06597
430.73764 0.127656 -0.06368
430.83128 0.128761 -0.06138
430.92492 0.129826 -0.05905
431.01855 0.130851 -0.05670
431.11219 0.131837 -0.05434
431.20583 0.132782 -0.05195
431.29947 0.133687 -0.04955
431.39311 0.134552 -0.04714
431.48674 0.135376 -0.04470
431.58038 0.136158 -0.04225
431.67402 0.136899 -0.03979
431.76766 0.137599 -0.03732
431.86130 0.138256 -0.03483
431.95493 0.138872 -0.03232
432.04857 0.139445 -0.02981
432.14221 0.139976 -0.02729
432.23585 0.140464 -0.02475
432.32949 0.140910 -0.02221
432.42312 0.141312 -0.01966
432.51676 0.141672 -0.01710
432.61040 0.141989 -0.01453
432.70404 0.142262 -0.01195
432.79768 0.142492 -0.00937
432.89131 0.142679 -0.00679
432.98495 0.142822 -0.00420
433.07859 0.142921 -0.00161
433.17223 0.142977 0.00099
433.26587 0.142990 0.00358
433.35950 0.142959 0.00618
433.45314 0.142884 0.00878
433.54678 0.142766 0.01138
433.64042 0.142604 0.01398
433.73406 0.142398 0.01657
433.82769 0.142149 0.01917
433.92133 0.141857 0.02176
434.01497 0.141521 0.02434
434.10861 0.141142 0.02692
434.20225 0.140719 0.02950
434.29588 0.140254 0.03207
434.38952 0.139745 0.03463
434.48316 0.139194 0.03719
434.57680 0.138600 0.03973
434.67044 0.137963 0.04227
434.76407 0.137284 0.04480
434.85771 0.136563 0.04731
434.95135 0.135800 0.04982
435.04499 0.134995 0.05231
435.13863 0.134148 0.05479
435.23226 0.133260 0.05726
435.32590 0.132331 0.05971
435.41954 0.131361 0.06215
435.51318 0.130350 0.06457
435.60682 0.129299 0.06697
435.70045 0.128208 0.06936
435.79409 0.127077 0.07173
435.88773 0.125907 0.07408
435.98137 0.124697 0.07642
436.07501 0.123449 0.07873
436.16864 0.122162 0.08102
436.26228 0.120837 0.08329
436.35592 0.119474 0.08554
436.44956 0.118074 0.08777
436.54320 0.116637 0.08997
436.63684 0.115164 0.09215
436.73047 0.113654 0.09431
436.82411 0.112108 0.09644
436.91775 0.110527 0.09854
437.01139 0.108911 0.10062
437.10503 0.107261 0.10267
437.19866 0.105577 0.10469
437.29230 0.103859 0.10669
437.38594 0.102108 0.10866
437.47958 0.100324 0.11060
437.57322 0.098509 0.11250
437.66685 0.096661 0.11438
437.76049 0.094783 0.11623
437.85413 0.092874 0.11804
437.94777 0.090935 0.11983
438.04141 0.088967 0.12158
438.13504 0.086970 0.12329
438.22868 0.084944 0.12498
438.32232 0.082891 0.12663
438.41596 0.080810 0.12824
438.50960 0.078703 0.12982
438.60323 0.076570 0.13137
438.69687 0.074411 0.13288
438.79051 0.072227 0.13435
438.88415 0.070020 0.13579
438.97779 0.067788 0.13719
439.07142 0.065534 0.13855
439.16506 0.063257 0.13987
439.25870 0.060958 0.14115
439.35234 0.058639 0.14240
439.44598 0.056299 0.14361
439.53961 0.053939 0.14477
439.63325 0.051560 0.14590
439.72689 0.049163 0.14699
439.82053 0.046748 0.14803
439.91417 0.044316 0.14904
440.00780 0.041868 0.15000
440.10144 0.039404 0.15092
440.19508 0.036925 0.15180
440.28872 0.034431 0.15264
440.38236 0.031924 0.15344
440.47599 0.029405 0.15419
440.56963 0.026873 0.15490
440.66327 0.024329 0.15557
440.75691 0.021775 0.15619
440.85055 0.019211 0.15677
440.94418 0.016638 0.15731
441.03782 0.014056 0.15780
441.13146 0.011466 0.15825
441.22510 0.008869 0.15866
441.31874 0.006266 0.15902
441.41237 0.003657 0.15934
441.50601 0.001043 0.15961
441.59965 -0.001574 0.15984
441.69329 -0.004196 0.16002
441.78693 -0.006820 0.16016
441.88056 -0.009445 0.16025
441.97420 -0.012072 0.16030
442.06784 -0.014700 0.16031
442.16148 -0.017327 0.16027
442.25512 -0.019953 0.16018
442.34875 -0.022577 0.16005
442.44239 -0.025199 0.15988
442.53603 -0.027817 0.15966
442.62967 -0.030432 0.15940
442.72331 -0.033042 0.15909
442.81694 -0.035646 0.15873
442.91058 -0.038244 0.15834
443.00422 -0.040835 0.15789
443.09786 -0.043419 0.15741
443.19150 -0.045994 0.15688
443.28513 -0.048560 0.15630
443.37877 -0.051116 0.15568
443.47241 -0.053662 0.15502
443.56605 -0.056196 0.15432
443.65969 -0.058719 0.15357
443.75332 -0.061229 0.15278
443.84696 -0.063725 0.15194
443.94060 -0.066208 0.15106
444.03424 -0.068676 0.15014
444.12788 -0.071128 0.14918
444.22151 -0.073565 0.14818
444.31515 -0.075984 0.14713
444.40879 -0.078387 0.14605
444.50243 -0.080771 0.14492
444.59607 -0.083136 0.14375
444.68970 -0.085482 0.14254
444.78334 -0.087808 0.14129
444.87698 -0.090114 0.14000
444.97062 -0.092398 0.13867
445.06426 -0.094660 0.13730
445.15789 -0.096900 0.13590
445.25153 -0.099117 0.13445
445.34517 -0.101310 0.13297
445.43881 -0.103478 0.13145
445.53245 -0.105622 0.12989
445.62608 -0.107740 0.12829
445.71972 -0.109833 0.12666
445.81336 -0.111898 0.12500
445.90700 -0.113937 0.12329
446.00064 -0.115947 0.12156
446.09427 -0.117930 0.11978
446.18791 -0.119883 0.11798
446.28155 -0.121808 0.11614
446.37519 -0.123702 0.11426
446.46883 -0.125566 0.11236
446.56247 -0.127399 0.11042
446.65610 -0.129201 0.10845
446.74974 -0.130971 0.10645
446.84338 -0.132709 0.10441
446.93702 -0.134414 0.10235
447.03066 -0.136086 0.10026
447.12429 -0.137724 0.09814
447.21793 -0.139328 0.09599
447.31157 -0.140898 0.09381
447.40521 -0.142433 0.09161
447.49885 -0.143932 0.08937
447.59248 -0.145395 0.08712
447.68612 -0.146823 0.08483
447.77976 -0.148214 0.08252
447.87340 -0.149568 0.08019
447.96704 -0.150884 0.07783
448.06067 -0.152164 0.07545
448.15431 -0.153405 0.07304
448.24795 -0.154608 0.07062
448.34159 -0.155772 0.06817
448.43523 -0.156897 0.06570
448.52886 -0.157984 0.06321
448.62250 -0.159030 0.06070
448.71614 -0.160037 0.05818
448.80978 -0.161004 0.05563
448.90342 -0.161930 0.05307
448.99705 -0.162816 0.05048
449.09069 -0.163661 0.04789
449.18433 -0.164465 0.04527
449.27797 -0.165228 0.04264
449.37161 -0.165949 0.04000
449.46524 -0.166628 0.03734
449.55888 -0.167266 0.03467
449.65252 -0.167861 0.03199
449.74616 -0.168415 0.02929
449.83980 -0.168925 0.02659
449.93343 -0.169394 0.02387
450.02707 -0.169819 0.02114
450.12071 -0.170202 0.01841
450.21435 -0.170541 0.01566
450.30799 -0.170838 0.01291
450.40162 -0.171091 0.01015
450.49526 -0.171302 0.00739
450.58890 -0.171468 0.00461
450.68254 -0.171592 0.00184
450.77618 -0.171672 -0.00095
450.86981 -0.171708 -0.00373
450.96345 -0.171701 -0.00652
451.05709 -0.171650 -0.00931
451.15073 -0.171556 -0.01210
451.24437 -0.171418 -0.01490
451.33800 -0.171236 -0.01769
451.43164 -0.171011 -0.02048
451.52528 -0.170742 -0.02328
451.61892 -0.170430 -0.02607
451.71256 -0.170074 -0.02886
451.80619 -0.169674 -0.03164
451.89983 -0.169232 -0.03442
451.99347 -0.168746 -0.03720
452.08711 -0.168216 -0.03997
452.18075 -0.167644 -0.04274
452.27438 -0.167029 -0.04550
452.36802 -0.166370 -0.04825
452.46166 -0.165669 -0.05099
452.55530 -0.164925 -0.05373
452.64894 -0.164139 -0.05646
452.74257 -0.163311 -0.05917
452.83621 -0.162440 -0.06188
452.92985 -0.161527 -0.06457
453.02349 -0.160572 -0.06726
453.11713 -0.159576 -0.06993
453.21076 -0.158539 -0.07258
453.30440 -0.157460 -0.07523
453.39804 -0.156340 -0.07785
453.49168 -0.155180 -0.08047
453.58532 -0.153979 -0.08306
453.67895 -0.152737 -0.08565
453.77259 -0.151456 -0.08821
453.86623 -0.150135 -0.09075
453.95987 -0.148775 -0.09328
454.05351 -0.147376 -0.09579
454.14714 -0.145937 -0.09828
454.24078 -0.144461 -0.10075
454.33442 -0.142946 -0.10319
454.42806 -0.141393 -0.10562
454.52170 -0.139803 -0.10802
454.61533 -0.138175 -0.11040
454.70897 -0.136511 -0.11276
454.80261 -0.134811 -0.11509
454.89625 -0.133074 -0.11740
454.98989 -0.131302 -0.11969
455.08352 -0.129494 -0.12194
455.17716 -0.127652 -0.12418
455.27080 -0.125775 -0.12638
455.36444 -0.123865 -0.12856
455.45808 -0.121920 -0.13071
455.55171 -0.119943 -0.13283
455.64535 -0.117932 -0.13492
455.73899 -0.115890 -0.13698
455.83263 -0.113816 -0.13901
455.92627 -0.111710 -0.14101
456.01990 -0.109574 -0.14298
456.11354 -0.107407 -0.14492
456.20718 -0.105211 -0.14682
456.30082 -0.102985 -0.14870
456.39446 -0.100730 -0.15054
456.48810 -0.098448 -0.15234
456.58173 -0.096137 -0.15411
456.67537 -0.093799 -0.15585
456.76901 -0.091435 -0.15755
456.86265 -0.089044 -0.15922
456.95629 -0.086628 -0.16085
457.04992 -0.084187 -0.16244
457.14356 -0.081721 -0.16400
457.23720 -0.079232 -0.16552
457.33084 -0.076719 -0.16700
457.42448 -0.074184 -0.16844
457.51811 -0.071626 -0.16985
457.61175 -0.069047 -0.17121
457.70539 -0.066447 -0.17254
457.79903 -0.063828 -0.17383
457.89267 -0.061188 -0.17507
457.98630 -0.058529 -0.17628
458.07994 -0.055853 -0.17744
458.17358 -0.053158 -0.17857
458.26722 -0.050447 -0.17965
458.36086 -0.047719 -0.18069
458.45449 -0.044975 -0.18169
458.54813 -0.042216 -0.18265
458.64177 -0.039443 -0.18357
458.73541 -0.036656 -0.18444
458.82905 -0.033856 -0.18527
458.92268 -0.031044 -0.18605
459.01632 -0.028220 -0.18679
459.10996 -0.025385 -0.18749
459.20360 -0.022540 -0.18815
459.29724 -0.019685 -0.18876
459.39087 -0.016821 -0.18932
459.48451 -0.013949 -0.18984
459.57815 -0.011070 -0.19032
459.67179 -0.008184 -0.19075
459.76543 -0.005292 -0.19113
459.85906 -0.002394 -0.19147
459.95270 0.000508 -0.19177
460.04634 0.003414 -0.19202
460.13998 0.006323 -0.19222
460.23362 0.009235 -0.19238
460.32725 0.012148 -0.19249
460.42089 0.015062 -0.19256
460.51453 0.017977 -0.19258
460.60817 0.020891 -0.19256
460.70181 0.023804 -0.19249
460.79544 0.026715 -0.19237
460.88908 0.029623 -0.19221
460.98272 0.032528 -0.19200
461.07636 0.035428 -0.19174
461.17000 0.038324 -0.19144
461.26363 0.041214 -0.19109
461.35727 0.044098 -0.19070
461.45091 0.046974 -0.19026
461.54455 0.049843 -0.18978
461.63819 0.052703 -0.18924
461.73182 0.055554 -0.18867
461.82546 0.058395 -0.18805
461.91910 0.061225 -0.18738
462.01274 0.064043 -0.18667
462.10638 0.066849 -0.18591
462.20001 0.069643 -0.18511
462.29365 0.072422 -0.18426
462.38729 0.075188 -0.18337
462.48093 0.077938 -0.18243
462.57457 0.080672 -0.18145
462.66820 0.083390 -0.18043
462.76184 0.086090 -0.17936
462.85548 0.088773 -0.17825
462.94912 0.091437 -0.17709
463.04276 0.094082 -0.17589
463.13639 0.096706 -0.17465
463.23003 0.099310 -0.17337
463.32367 0.101893 -0.17204
463.41731 0.104453 -0.17068
463.51095 0.106991 -0.16927
463.60458 0.109505 -0.16782
463.69822 0.111996 -0.16633
463.79186 0.114461 -0.16479
463.88550 0.116902 -0.16322
463.97914 0.119316 -0.16161
464.07277 0.121703 -0.15996
464.16641 0.124064 -0.15827
464.26005 0.126396 -0.15654
464.35369 0.128700 -0.15478
464.44733 0.130975 -0.15297
464.54096 0.133220 -0.15113
464.63460 0.135435 -0.14926
464.72824 0.137619 -0.14734
464.82188 0.139772 -0.14539
464.91552 0.141892 -0.14341
465.00915 0.143980 -0.14138
465.10279 0.146035 -0.13933
465.19643 0.148056 -0.13724
465.29007 0.150043 -0.13512
465.38371 0.151995 -0.13296
465.47734 0.153912 -0.13078
465.57098 0.155793 -0.12856
465.66462 0.157638 -0.12631
465.75826 0.159446 -0.12403
465.85190 0.161217 -0.12172
465.94553 0.162950 -0.11938
466.03917 0.164645 -0.11701
466.13281 0.166302 -0.11461
466.22645 0.167919 -0.11219
466.32009 0.169497 -0.10974
466.41373 0.171035 -0.10726
466.50736 0.172533 -0.10475
466.60100 0.173990 -0.10222
466.69464 0.175406 -0.09967
466.78828 0.176781 -0.09709
466.88192 0.178114 -0.09449
466.97555 0.179404 -0.09187
467.06919 0.180652 -0.08922
467.16283 0.181858 -0.08656
467.25647 0.183020 -0.08387
467.35011 0.184138 -0.08116
467.44374 0.185213 -0.07844
467.53738 0.186244 -0.07569
467.63102 0.187231 -0.07293
467.72466 0.188173 -0.07015
467.81830 0.189071 -0.06736
467.91193 0.189923 -0.06455
468.00557 0.190730 -0.06172
468.09921 0.191491 -0.05888
468.19285 0.192207 -0.05603
468.28649 0.192877 -0.05316
468.38012 0.193502 -0.05028
468.47376 0.194079 -0.04739
468.56740 0.194611 -0.04449
468.66104 0.195096 -0.04158
468.75468 0.195535 -0.03866
468.84831 0.195927 -0.03573
468.94195 0.196272 -0.03280
469.03559 0.196570 -0.02986
469.12923 0.196821 -0.02691
469.22287 0.197025 -0.02396
469.31650 0.197183 -0.02100
469.41014 0.197293 -0.01804
469.50378 0.197356 -0.01507
469.59742 0.197372 -0.01211
469.69106 0.197341 -0.00914
469.78469 0.197262 -0.00617
469.87833 0.197137 -0.00320
469.97197 0.196964 -0.00023
470.06561 0.196745 0.00273
470.15925 0.196479 0.00570
470.25288 0.196166 0.00866
470.34652 0.195806 0.01162
470.44016 0.195399 0.01457
470.53380 0.194946 0.01752
470.62744 0.194447 0.02046
470.72107 0.193901 0.02340
470.81471 0.193309 0.02633
470.90835 0.192671 0.02925
471.00199 0.191988 0.03216
471.09563 0.191259 0.03506
471.18926 0.190484 0.03795
471.28290 0.189664 0.04083
471.37654 0.188800 0.04370
471.47018 0.187890 0.04656
471.56382 0.186936 0.04940
471.65745 0.185938 0.05223
471.75109 0.184896 0.05504
471.84473 0.183810 0.05784
471.93837 0.182681 0.06062
472.03201 0.181509 0.06339
472.12564 0.180294 0.06614
472.21928 0.179036 0.06887
472.31292 0.177737 0.07158
472.40656 0.176395 0.07427
472.50020 0.175012 0.07694
472.59383 0.173588 0.07959
472.68747 0.172124 0.08222
472.78111 0.170619 0.08483
472.87475 0.169074 0.08741
472.96839 0.167490 0.08998
473.06202 0.165866 0.09251
473.15566 0.164204 0.09503
473.24930 0.162504 0.09751
473.34294 0.160766 0.09998
473.43658 0.158991 0.10241
473.53021 0.157178 0.10482
473.62385 0.155330 0.10720
473.71749 0.153445 0.10955
473.81113 0.151525 0.11188
473.90477 0.149570 0.11417
473.99840 0.147581 0.11644
474.09204 0.145558 0.11867
474.18568 0.143501 0.12087
474.27932 0.141412 0.12304
474.37296 0.139290 0.12518
474.46659 0.137136 0.12729
474.56023 0.134952 0.12936
474.65387 0.132736 0.13140
474.74751 0.130491 0.13341
474.84115 0.128216 0.13538
474.93478 0.125912 0.13732
475.02842 0.123580 0.13922
475.12206 0.121220 0.14109
475.21570 0.118833 0.14292
475.30934 0.116419 0.14471
475.40297 0.113980 0.14646
475.49661 0.111515 0.14818
475.59025 0.109026 0.14986
475.68389 0.106512 0.15150
475.77753 0.103976 0.15310
475.87116 0.101416 0.15467
475.96480 0.098835 0.15619
476.05844 0.096232 0.15767
476.15208 0.093608 0.15912
476.24572 0.090964 0.16052
476.33936 0.088301 0.16188
476.43299 0.085619 0.16321
476.52663 0.082919 0.16448
476.62027 0.080202 0.16572
476.71391 0.077467 0.16692
476.80755 0.074717 0.16807
476.90118 0.071952 0.16918
476.99482 0.069172 0.17025
477.08846 0.066378 0.17128
477.18210 0.063571 0.17226
477.27574 0.060751 0.17320
477.36937 0.057920 0.17409
477.46301 0.055077 0.17494
477.55665 0.052225 0.17575
477.65029 0.049362 0.17651
477.74393 0.046491 0.17723
477.83756 0.043611 0.17790
477.93120 0.040724 0.17853
478.02484 0.037830 0.17912
478.11848 0.034930 0.17966
478.21212 0.032025 0.18015
478.30575 0.029115 0.18060
478.39939 0.026202 0.18101
478.49303 0.023285 0.18137
478.58667 0.020366 0.18168
478.68031 0.017445 0.18195
478.77394 0.014524 0.18217
478.86758 0.011602 0.18235
478.96122 0.008681 0.18248
479.05486 0.005761 0.18257
479.14850 0.002843 0.18261
479.24213 -0.000073 0.18261
479.33577 -0.002984 0.18256
479.42941 -0.005892 0.18246
479.52305 -0.008795 0.18232
479.61669 -0.011692 0.18214
479.71032 -0.014583 0.18191
479.80396 -0.017467 0.18164
479.89760 -0.020342 0.18132
479.99124 -0.023210 0.18095
480.08488 -0.026068 0.18055
480.17851 -0.028916 0.18009
480.27215 -0.031754 0.17959
480.36579 -0.034580 0.17905
480.45943 -0.037395 0.17847
480.55307 -0.040196 0.17784
480.64670 -0.042985 0.17717
480.74034 -0.045759 0.17645
480.83398 -0.048518 0.17569
480.92762 -0.051262 0.17489
481.02126 -0.053989 0.17404
481.11489 -0.056700 0.17316
481.20853 -0.059393 0.17223
481.30217 -0.062068 0.17126
481.39581 -0.064724 0.17024
481.48945 -0.067361 0.16919
481.58308 -0.069977 0.16809
481.67672 -0.072573 0.16696
481.77036 -0.075147 0.16578
481.86400 -0.077700 0.16457
481.95764 -0.080229 0.16331
482.05127 -0.082735 0.16201
482.14491 -0.085218 0.16068
482.23855 -0.087675 0.15931
482.33219 -0.090108 0.15790
482.42583 -0.092515 0.15645
482.51946 -0.094895 0.15496
482.61310 -0.097248 0.15344
482.70674 -0.099574 0.15188
482.80038 -0.101872 0.15028
482.89402 -0.104142 0.14865
482.98765 -0.106382 0.14698
483.08129 -0.108592 0.14528
483.17493 -0.110772 0.14354
483.26857 -0.112921 0.14177
483.36221 -0.115039 0.13997
483.45584 -0.117125 0.13813
483.54948 -0.119179 0.13626
483.64312 -0.121199 0.13436
483.73676 -0.123187 0.13242
483.83040 -0.125140 0.13046
483.92403 -0.127059 0.12847
484.01767 -0.128944 0.12644
484.11131 -0.130793 0.12439
484.20495 -0.132606 0.12231
484.29859 -0.134384 0.12020
484.39222 -0.136125 0.11806
484.48586 -0.137828 0.11590
484.57950 -0.139495 0.11371
484.67314 -0.141123 0.11149
484.76678 -0.142714 0.10925
484.86041 -0.144266 0.10698
484.95405 -0.145779 0.10469
485.04769 -0.147252 0.10238
485.14133 -0.148686 0.10004
485.23497 -0.150080 0.09768
485.32860 -0.151434 0.09530
485.42224 -0.152747 0.09290
485.51588 -0.154019 0.09048
485.60952 -0.155250 0.08804
485.70316 -0.156439 0.08558
485.79679 -0.157587 0.08310
485.89043 -0.158692 0.08060
485.98407 -0.159755 0.07809
486.07771 -0.160776 0.07556
486.17135 -0.161754 0.07302
486.26499 -0.162688 0.07046
486.35862 -0.163580 0.06788
486.45226 -0.164427 0.06529
486.54590 -0.165232 0.06269
486.63954 -0.165992 0.06008
486.73318 -0.166709 0.05746
486.82681 -0.167381 0.05482
486.92045 -0.168009 0.05218
487.01409 -0.168593 0.04952
487.10773 -0.169132 0.04686
487.20137 -0.169626 0.04419
487.29500 -0.170076 0.04151
487.38864 -0.170480 0.03883
487.48228 -0.170840 0.03614
487.57592 -0.171155 0.03344
487.66956 -0.171425 0.03074
487.76319 -0.171650 0.02804
487.85683 -0.171829 0.02533
487.95047 -0.171964 0.02262
488.04411 -0.172053 0.01991
488.13775 -0.172097 0.01720
488.23138 -0.172096 0.01449
488.32502 -0.172050 0.01178
488.41866 -0.171959 0.00907
488.51230 -0.171823 0.00636
488.60594 -0.171642 0.00366
488.69957 -0.171417 0.00095
488.79321 -0.171146 -0.00174
488.88685 -0.170831 -0.00443
488.98049 -0.170471 -0.00712
489.07413 -0.170067 -0.00980
489.16776 -0.169618 -0.01247
489.26140 -0.169125 -0.01514
489.35504 -0.168588 -0.01779
489.44868 -0.168008 -0.02044
489.54232 -0.167384 -0.02308
489.63595 -0.166716 -0.02571
489.72959 -0.166005 -0.02832
489.82323 -0.165251 -0.03092
489.91687 -0.164454 -0.03351
490.01051 -0.163614 -0.03609
490.10414 -0.162732 -0.03866
490.19778 -0.161808 -0.04120
490.29142 -0.160842 -0.04374
490.38506 -0.159835 -0.04625
490.47870 -0.158786 -0.04875
490.57233 -0.157697 -0.05124
490.66597 -0.156566 -0.05370
490.75961 -0.155396 -0.05615
490.85325 -0.154185 -0.05857
490.94689 -0.152935 -0.06098
491.04052 -0.151645 -0.06337
491.13416 -0.150317 -0.06573
491.22780 -0.148950 -0.06807
491.32144 -0.147545 -0.07039
491.41508 -0.146102 -0.07269
491.50871 -0.144621 -0.07496
491.60235 -0.143104 -0.07721
491.69599 -0.141550 -0.07943
491.78963 -0.139960 -0.08163
491.88327 -0.138335 -0.08380
491.97690 -0.136674 -0.08595
492.07054 -0.134978 -0.08807
492.16418 -0.133248 -0.09015
492.25782 -0.131485 -0.09222
492.35146 -0.129688 -0.09425
492.44509 -0.127858 -0.09625
492.53873 -0.125996 -0.09822
492.63237 -0.124102 -0.10016
492.72601 -0.122177 -0.10207
492.81965 -0.120222 -0.10395
492.91328 -0.118236 -0.10580
493.00692 -0.116220 -0.10761
493.10056 -0.114176 -0.10939
493.19420 -0.112103 -0.11114
493.28784 -0.110002 -0.11285
493.38147 -0.107874 -0.11453
493.47511 -0.105719 -0.11618
493.56875 -0.103538 -0.11778
493.66239 -0.101331 -0.11936
493.75603 -0.099100 -0.12089
493.84966 -0.096844 -0.12239
493.94330 -0.094564 -0.12385
494.03694 -0.092262 -0.12528
494.13058 -0.089937 -0.12666
494.22422 -0.087590 -0.12801
494.31785 -0.085223 -0.12932
494.41149 -0.082835 -0.13059
494.50513 -0.080427 -0.13182
494.59877 -0.078000 -0.13301
494.69241 -0.075554 -0.13416
494.78604 -0.073091 -0.13527
494.87968 -0.070611 -0.13634
494.97332 -0.068115 -0.13737
495.06696 -0.065603 -0.13836
495.16060 -0.063076 -0.13931
495.25423 -0.060534 -0.14021
495.34787 -0.057979 -0.14108
495.44151 -0.055412 -0.14190
495.53515 -0.052832 -0.14268
495.62879 -0.050241 -0.14341
495.72242 -0.047639 -0.14411
495.81606 -0.045027 -0.14476
495.90970 -0.042406 -0.14536
496.00334 -0.039777 -0.14593
496.09698 -0.037140 -0.14645
496.19062 -0.034496 -0.14692
496.28425 -0.031846 -0.14736
496.37789 -0.029190 -0.14774
496.47153 -0.026530 -0.14809
496.56517 -0.023866 -0.14839
496.65881 -0.021198 -0.14865
496.75244 -0.018528 -0.14886
496.84608 -0.015857 -0.14903
496.93972 -0.013184 -0.14915
497.03336 -0.010511 -0.14923
497.12700 -0.007839 -0.14927
497.22063 -0.005168 -0.14926
497.31427 -0.002499 -0.14920
497.40791 0.000167 -0.14911
497.50155 0.002829 -0.14896
497.59519 0.005487 -0.14878
497.68882 0.008140 -0.14855
497.78246 0.010787 -0.14827
497.87610 0.013427 -0.14796
497.96974 0.016060 -0.14759
498.06338 0.018685 -0.14719
498.15701 0.021301 -0.14674
498.25065 0.023908 -0.14624
498.34429 0.026503 -0.14571
498.43793 0.029088 -0.14513
498.53157 0.031661 -0.14450
498.62520 0.034221 -0.14384
498.71884 0.036768 -0.14313
498.81248 0.039301 -0.14238
498.90612 0.041819 -0.14159
498.99976 0.044322 -0.14075
499.09339 0.046808 -0.13987
499.18703 0.049277 -0.13895
499.28067 0.051729 -0.13800
499.37431 0.054162 -0.13699
499.46795 0.056576 -0.13595
499.56158 0.058970 -0.13487
499.65522 0.061344 -0.13375
499.74886 0.063697 -0.13259
499.84250 0.066028 -0.13139
499.93614 0.068336 -0.13015
500.02977 0.070621 -0.12887
500.12341 0.072882 -0.12755
500.21705 0.075119 -0.12620
500.31069 0.077330 -0.12481
500.40433 0.079516 -0.12338
500.49796 0.081675 -0.12191
500.59160 0.083807 -0.12041
500.68524 0.085911 -0.11888
500.77888 0.087987 -0.11730
500.87252 0.090034 -0.11570
500.96615 0.092051 -0.11405
501.05979 0.094039 -0.11238
501.15343 0.095995 -0.11067
501.24707 0.097921 -0.10893
501.34071 0.099814 -0.10716
501.43434 0.101676 -0.10535
501.52798 0.103504 -0.10351
501.62162 0.105298 -0.10165
501.71526 0.107059 -0.09975
501.80890 0.108785 -0.09782
501.90253 0.110477 -0.09586
501.99617 0.112132 -0.09388
502.08981 0.113752 -0.09187
502.18345 0.115335 -0.08983
502.27709 0.116881 -0.08776
502.37072 0.118390 -0.08567
502.46436 0.119861 -0.08355
502.55800 0.121293 -0.08141
502.65164 0.122687 -0.07924
502.74528 0.124042 -0.07705
502.83891 0.125357 -0.07484
502.93255 0.126632 -0.07260
503.02619 0.127867 -0.07035
503.11983 0.129061 -0.06807
503.21347 0.130215 -0.06577
503.30710 0.131326 -0.06345
503.40074 0.132397 -0.06112
503.49438 0.133425 -0.05876
503.58802 0.134411 -0.05639
503.68166 0.135354 -0.05401
503.77529 0.136255 -0.05160
503.86893 0.137112 -0.04918
503.96257 0.137926 -0.04675
504.05621 0.138696 -0.04430
504.14985 0.139422 -0.04184
504.24348 0.140105 -0.03937
504.33712 0.140742 -0.03689
504.43076 0.141336 -0.03439
504.52440 0.141885 -0.03189
504.61804 0.142389 -0.02937
504.71167 0.142848 -0.02685
504.80531 0.143262 -0.02432
504.89895 0.143630 -0.02178
504.99259 0.143953 -0.01924
505.08623 0.144231 -0.01669
505.17986 0.144464 -0.01414
505.27350 0.144650 -0.01158
505.36714 0.144791 -0.00902
505.46078 0.144887 -0.00645
505.55442 0.144936 -0.00389
505.64805 0.144940 -0.00132
505.74169 0.144898 0.00125
505.83533 0.144810 0.00381
505.92897 0.144677 0.00638
506.02261 0.144498 0.00894
506.11625 0.144273 0.01150
506.20988 0.144003 0.01405
506.30352 0.143687 0.01660
506.39716 0.143326 0.01915
506.49080 0.142919 0.02169
506.58444 0.142468 0.02422
506.67807 0.141971 0.02675
506.77171 0.141429 0.02926
506.86535 0.140843 0.03177
506.95899 0.140212 0.03427
507.05263 0.139536 0.03676
507.14626 0.138817 0.03923
507.23990 0.138053 0.04170
507.33354 0.137246 0.04415
507.42718 0.136395 0.04659
507.52082 0.135501 0.04901
507.61445 0.134564 0.05142
507.70809 0.133584 0.05382
507.80173 0.132561 0.05619
507.89537 0.131497 0.05855
507.98901 0.130390 0.06089
508.08264 0.129242 0.06322
508.17628 0.128053 0.06552
508.26992 0.126823 0.06781
508.36356 0.125553 0.07007
508.45720 0.124242 0.07231
508.55083 0.122892 0.07453
508.64447 0.121502 0.07673
508.73811 0.120074 0.07890
508.83175 0.118607 0.08106
508.92539 0.117102 0.08318
509.01902 0.115559 0.08528
509.11266 0.113979 0.08736
509.20630 0.112362 0.08941
509.29994 0.110709 0.09143
509.39358 0.109020 0.09342
509.48721 0.107296 0.09539
509.58085 0.105538 0.09732
509.67449 0.103744 0.09923
509.76813 0.101918 0.10111
509.86177 0.100058 0.10295
509.95540 0.098165 0.10477
510.04904 0.096240 0.10655
510.14268 0.094284 0.10830
510.23632 0.092297 0.11002
510.32996 0.090279 0.11170
510.42359 0.088232 0.11336
510.51723 0.086155 0.11497
510.61087 0.084050 0.11655
510.70451 0.081917 0.11810
510.79815 0.079756 0.11961
510.89178 0.077569 0.12109
510.98542 0.075356 0.12252
511.07906 0.073117 0.12393
511.17270 0.070853 0.12529
511.26634 0.068566 0.12661
511.35997 0.066255 0.12790
511.45361 0.063921 0.12915
511.54725 0.061565 0.13036
511.64089 0.059187 0.13153
511.73453 0.056789 0.13266
511.82816 0.054371 0.13375
511.92180 0.051934 0.13480
512.01544 0.049478 0.13580
512.10908 0.047004 0.13677
512.20272 0.044513 0.13770
512.29635 0.042006 0.13858
512.38999 0.039483 0.13942
512.48363 0.036945 0.14022
512.57727 0.034392 0.14098
512.67091 0.031827 0.14169
512.76454 0.029248 0.14236
512.85818 0.026658 0.14299
512.95182 0.024057 0.14358
513.04546 0.021445 0.14412
513.13910 0.018823 0.14461
513.23273 0.016193 0.14507
513.32637 0.013554 0.14547
513.42001 0.010908 0.14584
513.51365 0.008255 0.14616
513.60729 0.005597 0.14643
513.70092 0.002934 0.14667
513.79456 0.000266 0.14685
513.88820 -0.002405 0.14699
513.98184 -0.005079 0.14709
514.07548 -0.007755 0.14714
514.16911 -0.010432 0.14715
514.26275 -0.013109 0.14711
514.35639 -0.015785 0.14703
514.45003 -0.018461 0.14690
514.54367 -0.021134 0.14673
514.63730 -0.023805 0.14651
514.73094 -0.026472 0.14625
514.82458 -0.029135 0.14594
514.91822 -0.031792 0.14559
515.01186 -0.034444 0.14519
515.10549 -0.037089 0.14475
515.19913 -0.039726 0.14427
515.29277 -0.042355 0.14374
515.38641 -0.044975 0.14316
515.48005 -0.047585 0.14254
515.57368 -0.050185 0.14188
515.66732 -0.052773 0.14118
515.76096 -0.055349 0.14043
515.85460 -0.057913 0.13964
515.94824 -0.060462 0.13880
516.04188 -0.062998 0.13792
516.13551 -0.065518 0.13700
516.22915 -0.068022 0.13604
516.32279 -0.070510 0.13503
516.41643 -0.072980 0.13399
516.51007 -0.075432 0.13290
516.60370 -0.077865 0.13177
516.69734 -0.080279 0.13060
516.79098 -0.082673 0.12939
516.88462 -0.085046 0.12813
516.97826 -0.087397 0.12684
517.07189 -0.089725 0.12551
517.16553 -0.092031 0.12414
517.25917 -0.094313 0.12273
517.35281 -0.096570 0.12128
517.44645 -0.098803 0.11980
517.54008 -0.101010 0.11828
517.63372 -0.103190 0.11672
517.72736 -0.105343 0.11512
517.82100 -0.107469 0.11348
517.91464 -0.109566 0.11181
518.00827 -0.111634 0.11011
518.10191 -0.113673 0.10837
518.19555 -0.115682 0.10660
518.28919 -0.117660 0.10479
518.38283 -0.119606 0.10295
518.47646 -0.121521 0.10107
518.57010 -0.123403 0.09917
518.66374 -0.125252 0.09723
518.75738 -0.127067 0.09526
518.85102 -0.128849 0.09326
518.94465 -0.130595 0.09123
519.03829 -0.132306 0.08917
519.13193 -0.133982 0.08708
519.22557 -0.135622 0.08496
519.31921 -0.137224 0.08282
519.41284 -0.138790 0.08065
519.50648 -0.140318 0.07845
519.60012 -0.141808 0.07623
519.69376 -0.143259 0.07398
519.78740 -0.144671 0.07170
519.88103 -0.146044 0.06940
519.97467 -0.147377 0.06708
520.06831 -0.148670 0.06474
520.16195 -0.149922 0.06237
520.25559 -0.151133 0.05999
520.34922 -0.152303 0.05758
520.44286 -0.153432 0.05515
520.53650 -0.154518 0.05271
520.63014 -0.155562 0.05024
520.72378 -0.156563 0.04776
520.81741 -0.157522 0.04526
520.91105 -0.158437 0.04274
521.00469 -0.159308 0.04021
521.09833 -0.160136 0.03766
521.19197 -0.160920 0.03510
521.28560 -0.161660 0.03252
521.37924 -0.162355 0.02994
521.47288 -0.163005 0.02734
521.56652 -0.163611 0.02473
521.66016 -0.164172 0.02210
521.75379 -0.164687 0.01947
521.84743 -0.165157 0.01683
521.94107 -0.165582 0.01418
522.03471 -0.165961 0.01153
522.12835 -0.166294 0.00886
522.22198 -0.166581 0.00619
522.31562 -0.166823 0.00352
522.40926 -0.167018 0.00084
522.50290 -0.167167 -0.00185
522.59654 -0.167270 -0.00453
522.69017 -0.167327 -0.00722
522.78381 -0.167338 -0.00991
522.87745 -0.167303 -0.01260
522.97109 -0.167221 -0.01530
523.06473 -0.167093 -0.01799
523.15836 -0.166919 -0.02068
523.25200 -0.166699 -0.02337
523.34564 -0.166433 -0.02605
523.43928 -0.166121 -0.02873
523.53292 -0.165763 -0.03141
523.62655 -0.165359 -0.03408
523.72019 -0.164910 -0.03675
523.81383 -0.164414 -0.03941
523.90747 -0.163873 -0.04206
524.00111 -0.163287 -0.04470
524.09474 -0.162656 -0.04734
524.18838 -0.161980 -0.04997
524.28202 -0.161258 -0.05258
524.37566 -0.160492 -0.05519
524.46930 -0.159682 -0.05778
524.56293 -0.158827 -0.06036
524.65657 -0.157928 -0.06293
524.75021 -0.156986 -0.06549
524.84385 -0.155999 -0.06803
524.93749 -0.154970 -0.07055
525.03112 -0.153897 -0.07307
525.12476 -0.152781 -0.07556
525.21840 -0.151623 -0.07804
525.31204 -0.150423 -0.08050
525.40568 -0.149181 -0.08294
525.49931 -0.147897 -0.08536
525.59295 -0.146572 -0.08776
525.68659 -0.145205 -0.09014
525.78023 -0.143799 -0.09250
525.87387 -0.142352 -0.09484
525.96751 -0.140865 -0.09716
526.06114 -0.139338 -0.09946
526.15478 -0.137773 -0.10173
526.24842 -0.136169 -0.10398
526.34206 -0.134526 -0.10620
526.43570 -0.132845 -0.10840
526.52933 -0.131127 -0.11057
526.62297 -0.129372 -0.11271
526.71661 -0.127580 -0.11483
526.81025 -0.125753 -0.11692
526.90389 -0.123889 -0.11899
526.99752 -0.121990 -0.12102
527.09116 -0.120056 -0.12303
527.18480 -0.118088 -0.12500
527.27844 -0.116086 -0.12695
527.37208 -0.114051 -0.12886
527.46571 -0.111983 -0.13075
527.55935 -0.109883 -0.13260
527.65299 -0.107751 -0.13442
527.74663 -0.105588 -0.13620
527.84027 -0.103394 -0.13796
527.93390 -0.101169 -0.13968
528.02754 -0.098916 -0.14136
528.12118 -0.096633 -0.14302
528.21482 -0.094321 -0.14463
528.30846 -0.091982 -0.14621
528.40209 -0.089615 -0.14776
528.49573 -0.087222 -0.14927
528.58937 -0.084802 -0.15074
528.68301 -0.082357 -0.15218
528.77665 -0.079887 -0.15357
528.87028 -0.077393 -0.15494
528.96392 -0.074874 -0.15626
529.05756 -0.072333 -0.15754
529.15120 -0.069769 -0.15879
529.24484 -0.067183 -0.15999
529.33847 -0.064576 -0.16116
529.43211 -0.061948 -0.16228
529.52575 -0.059301 -0.16337
529.61939 -0.056634 -0.16441
529.71303 -0.053948 -0.16542
529.80666 -0.051244 -0.16638
529.90030 -0.048523 -0.16730
529.99394 -0.045786 -0.16818
530.08758 -0.043032 -0.16902
530.18122 -0.040263 -0.16982
530.27485 -0.037480 -0.17057
530.36849 -0.034682 -0.17128
530.46213 -0.031872 -0.17195
530.55577 -0.029048 -0.17257
530.64941 -0.026213 -0.17316
530.74304 -0.023367 -0.17369
530.83668 -0.020510 -0.17419
530.93032 -0.017644 -0.17464
531.02396 -0.014768 -0.17505
531.11760 -0.011884 -0.17541
531.21123 -0.008992 -0.17573
531.30487 -0.006094 -0.17601
531.39851 -0.003189 -0.17624
531.49215 -0.000279 -0.17642
531.58579 0.002636 -0.17657
531.67942 0.005555 -0.17666
531.77306 0.008478 -0.17672
531.86670 0.011403 -0.17672
531.96034 0.014329 -0.17669
532.05398 0.017257 -0.17660
532.14761 0.020186 -0.17648
532.24125 0.023114 -0.17630
532.33489 0.026041 -0.17609
532.42853 0.028966 -0.17583
532.52217 0.031889 -0.17552
532.61580 0.034809 -0.17517
532.70944 0.037724 -0.17477
532.80308 0.040635 -0.17433
532.89672 0.043541 -0.17385
532.99036 0.046440 -0.17332
533.08399 0.049333 -0.17274
533.17763 0.052218 -0.17213
533.27127 0.055095 -0.17146
533.36491 0.057962 -0.17076
533.45855 0.060820 -0.17000
533.55218 0.063667 -0.16921
533.64582 0.066503 -0.16837
533.73946 0.069328 -0.16749
533.83310 0.072139 -0.16656
533.92674 0.074937 -0.16560
534.02037 0.077721 -0.16458
534.11401 0.080491 -0.16353
534.20765 0.083244 -0.16243
534.30129 0.085982 -0.16129
534.39493 0.088703 -0.16011
534.48856 0.091406 -0.15889
534.58220 0.094091 -0.15762
534.67584 0.096757 -0.15632
534.76948 0.099403 -0.15497
534.86312 0.102029 -0.15358
534.95675 0.104634 -0.15215
535.05039 0.107217 -0.15068
535.14403 0.109778 -0.14918
535.23767 0.112315 -0.14763
535.33131 0.114829 -0.14604
535.42494 0.117319 -0.14442
535.51858 0.119784 -0.14275
535.61222 0.122223 -0.14105
535.70586 0.124635 -0.13931
535.79950 0.127021 -0.13753
535.89314 0.129379 -0.13572
535.98677 0.131709 -0.13387
536.08041 0.134010 -0.13198
536.17405 0.136282 -0.13006
536.26769 0.138524 -0.12811
536.36133 0.140735 -0.12612
536.45496 0.142915 -0.12409
536.54860 0.145063 -0.12203
536.64224 0.147179 -0.11994
536.73588 0.149262 -0.11781
536.82952 0.151311 -0.11566
536.92315 0.153326 -0.11347
537.01679 0.155307 -0.11125
537.11043 0.157253 -0.10900
537.20407 0.159162 -0.10672
537.29771 0.161036 -0.10441
537.39134 0.162873 -0.10207
537.48498 0.164673 -0.09970
537.57862 0.166435 -0.09731
537.67226 0.168159 -0.09488
537.76590 0.169844 -0.09244
537.85953 0.171490 -0.08996
537.95317 0.173096 -0.08746
538.04681 0.174662 -0.08493
538.14045 0.176188 -0.08238
538.23409 0.177673 -0.07981
538.32772 0.179116 -0.07722
538.42136 0.180518 -0.07460
538.51500 0.181878 -0.07196
538.60864 0.183195 -0.06930
538.70228 0.184469 -0.06662
538.79591 0.185700 -0.06391
538.88955 0.186887 -0.06119
538.98319 0.188030 -0.05846
539.07683 0.189129 -0.05570
539.17047 0.190183 -0.05293
539.26410 0.191192 -0.05014
539.35774 0.192156 -0.04734
539.45138 0.193074 -0.04452
539.54502 0.193947 -0.04168
539.63866 0.194773 -0.03884
539.73229 0.195553 -0.03598
539.82593 0.196287 -0.03311
539.91957 0.196973 -0.03023
540.01321 0.197613 -0.02733
540.10685 0.198205 -0.02443
540.20048 0.198750 -0.02152
540.29412 0.199247 -0.01860
540.38776 0.199696 -0.01567
540.48140 0.200098 -0.01274
540.57504 0.200451 -0.00980
540.66867 0.200756 -0.00686
540.76231 0.201013 -0.00391
540.85595 0.201221 -0.00096
540.94959 0.201381 0.00200
541.04323 0.201492 0.00496
541.13686 0.201555 0.00791
541.23050 0.201569 0.01087
541.32414 0.201534 0.01383
541.41778 0.201450 0.01679
541.51142 0.201318 0.01975
541.60505 0.201136 0.02270
541.69869 0.200906 0.02565
541.79233 0.200627 0.02860
541.88597 0.200300 0.03154
541.97961 0.199923 0.03447
542.07324 0.199499 0.03740
542.16688 0.199025 0.04032
542.26052 0.198504 0.04324
542.35416 0.197933 0.04614
542.44780 0.197315 0.04904
542.54143 0.196649 0.05192
542.63507 0.195935 0.05480
542.72871 0.195173 0.05766
542.82235 0.194364 0.06051
542.91599 0.193507 0.06335
543.00962 0.192603 0.06617
543.10326 0.191652 0.06898
543.19690 0.190654 0.07177
543.29054 0.189610 0.07454
543.38418 0.188520 0.07730
543.47781 0.187383 0.08004
543.57145 0.186201 0.08277
543.66509 0.184974 0.08547
543.75873 0.183701 0.08815
543.85237 0.182384 0.09082
543.94600 0.181023 0.09346
544.03964 0.179617 0.09608
544.13328 0.178167 0.09867
544.22692 0.176674 0.10125
544.32056 0.175138 0.10380
544.41419 0.173560 0.10632
544.50783 0.171939 0.10882
544.60147 0.170276 0.11129
544.69511 0.168572 0.11374
544.78875 0.166828 0.11616
544.88238 0.165042 0.11855
544.97602 0.163217 0.12091
545.06966 0.161352 0.12324
545.16330 0.159448 0.12555
545.25694 0.157505 0.12782
545.35057 0.155525 0.13006
545.44421 0.153506 0.13227
545.53785 0.151451 0.13445
545.63149 0.149359 0.13659
545.72513 0.147231 0.13870
545.81877 0.145068 0.14078
545.91240 0.142870 0.14282
546.00604 0.140637 0.14483
546.09968 0.138371 0.14680
546.19332 0.136072 0.14874
546.28696 0.133740 0.15063
546.38059 0.131377 0.15250
546.47423 0.128982 0.15432
546.56787 0.126556 0.15611
546.66151 0.124100 0.15785
546.75515 0.121615 0.15956
546.84878 0.119101 0.16123
546.94242 0.116559 0.16286
547.03606 0.113990 0.16445
547.12970 0.111394 0.16600
547.22334 0.108772 0.16750
547.31697 0.106124 0.16897
547.41061 0.103451 0.17039
547.50425 0.100755 0.17177
547.59789 0.098035 0.17311
547.69153 0.095293 0.17441
547.78516 0.092529 0.17566
547.87880 0.089744 0.17687
547.97244 0.086938 0.17804
548.06608 0.084112 0.17916
548.15972 0.081268 0.18023
548.25335 0.078405 0.18127
548.34699 0.075525 0.18225
548.44063 0.072628 0.18319
548.53427 0.069715 0.18409
548.62791 0.066786 0.18494
548.72154 0.063844 0.18574
548.81518 0.060887 0.18650
548.90882 0.057918 0.18722
549.00246 0.054936 0.18788
549.09610 0.051943 0.18850
549.18973 0.048940 0.18907
549.28337 0.045926 0.18960
549.37701 0.042904 0.19008
549.47065 0.039873 0.19051
549.56429 0.036835 0.19089
549.65792 0.033790 0.19123
549.75156 0.030738 0.19152
549.84520 0.027682 0.19176
549.93884 0.024622 0.19196
550.03248 0.021558 0.19211
550.12611 0.018491 0.19221
550.21975 0.015422 0.19226
550.31339 0.012351 0.19227
550.40703 0.009281 0.19222
550.50067 0.006210 0.19213
550.59430 0.003141 0.19200
550.68794 0.000074 0.19181
550.78158 -0.002991 0.19158
550.87522 -0.006052 0.19130
550.96886 -0.009108 0.19098
551.06249 -0.012160 0.19060
551.15613 -0.015206 0.19018
551.24977 -0.018246 0.18972
551.34341 -0.021278 0.18921
551.43705 -0.024301 0.18865
551.53068 -0.027316 0.18804
551.62432 -0.030322 0.18739
551.71796 -0.033317 0.18669
551.81160 -0.036300 0.18595
551.90524 -0.039272 0.18516
551.99887 -0.042231 0.18433
552.09251 -0.045177 0.18345
552.18615 -0.048108 0.18253
552.27979 -0.051025 0.18156
552.37343 -0.053926 0.18055
552.46706 -0.056810 0.17949
552.56070 -0.059678 0.17839
552.65434 -0.062527 0.17725
552.74798 -0.065358 0.17606
552.84162 -0.068170 0.17483
552.93525 -0.070962 0.17356
553.02889 -0.073733 0.17225
553.12253 -0.076483 0.17090
553.21617 -0.079211 0.16950
553.30981 -0.081916 0.16807
553.40344 -0.084598 0.16659
553.49708 -0.087256 0.16507
553.59072 -0.089889 0.16352
553.68436 -0.092497 0.16192
553.77800 -0.095079 0.16029
553.87163 -0.097634 0.15861
553.96527 -0.100162 0.15690
554.05891 -0.102662 0.15515
554.15255 -0.105134 0.15337
554.24619 -0.107576 0.15155
554.33982 -0.109989 0.14969
554.43346 -0.112371 0.14780
554.52710 -0.114723 0.14587
554.62074 -0.117043 0.14391
554.71438 -0.119331 0.14191
554.80801 -0.121587 0.13988
554.90165 -0.123809 0.13782
554.99529 -0.125998 0.13572
555.08893 -0.128153 0.13360
555.18257 -0.130272 0.13144
555.27620 -0.132357 0.12925
555.36984 -0.134406 0.12703
555.46348 -0.136419 0.12478
555.55712 -0.138395 0.12251
555.65076 -0.140333 0.12020
555.74440 -0.142234 0.11787
555.83803 -0.144097 0.11551
555.93167 -0.145922 0.11312
556.02531 -0.147707 0.11071
556.11895 -0.149454 0.10827
556.21259 -0.151160 0.10581
556.30622 -0.152826 0.10333
556.39986 -0.154451 0.10082
556.49350 -0.156036 0.09829
556.58714 -0.157579 0.09573
556.68078 -0.159080 0.09316
556.77441 -0.160539 0.09056
556.86805 -0.161956 0.08795
556.96169 -0.163330 0.08531
557.05533 -0.164661 0.08266
557.14897 -0.165949 0.07999
557.24260 -0.167193 0.07730
557.33624 -0.168393 0.07460
557.42988 -0.169549 0.07188
557.52352 -0.170660 0.06915
557.61716 -0.171727 0.06640
557.71079 -0.172748 0.06364
557.80443 -0.173725 0.06086
557.89807 -0.174656 0.05807
557.99171 -0.175541 0.05528
558.08535 -0.176381 0.05247
558.17898 -0.177175 0.04965
558.27262 -0.177922 0.04682
558.36626 -0.178624 0.04398
558.45990 -0.179279 0.04114
558.55354 -0.179887 0.03829
558.64717 -0.180449 0.03543
558.74081 -0.180964 0.03257
558.83445 -0.181432 0.02970
558.92809 -0.181853 0.02683
559.02173 -0.182227 0.02395
559.11536 -0.182554 0.02108
559.20900 -0.182834 0.01820
559.30264 -0.183067 0.01532
559.39628 -0.183253 0.01244
559.48992 -0.183391 0.00956
559.58355 -0.183482 0.00668
559.67719 -0.183526 0.00380
559.77083 -0.183523 0.00093
559.86447 -0.183473 -0.00194
559.95811 -0.183376 -0.00481
560.05174 -0.183232 -0.00767
560.14538 -0.183042 -0.01053
560.23902 -0.182804 -0.01337
560.33266 -0.182519 -0.01622
560.42630 -0.182189 -0.01905
560.51993 -0.181811 -0.02188
560.61357 -0.181388 -0.02469
560.70721 -0.180918 -0.02750
560.80085 -0.180402 -0.03029
560.89449 -0.179840 -0.03308
560.98812 -0.179233 -0.03585
561.08176 -0.178580 -0.03861
561.17540 -0.177883 -0.04135
561.26904 -0.177140 -0.04408
561.36268 -0.176352 -0.04679
561.45631 -0.175520 -0.04949
561.54995 -0.174643 -0.05218
561.64359 -0.173723 -0.05484
561.73723 -0.172759 -0.05749
561.83087 -0.171751 -0.06012
561.92450 -0.170701 -0.06273
562.01814 -0.169607 -0.06532
562.11178 -0.168471 -0.06789
562.20542 -0.167293 -0.07043
562.29906 -0.166073 -0.07296
562.39269 -0.164812 -0.07546
562.48633 -0.163510 -0.07794
562.57997 -0.162167 -0.08040
562.67361 -0.160783 -0.08283
562.76725 -0.159360 -0.08524
562.86088 -0.157897 -0.08762
562.95452 -0.156396 -0.08997
563.04816 -0.154855 -0.09230
563.14180 -0.153277 -0.09460
563.23544 -0.151660 -0.09687
563.32907 -0.150007 -0.09911
563.42271 -0.148316 -0.10133
563.51635 -0.146589 -0.10351
563.60999 -0.144827 -0.10566
563.70363 -0.143029 -0.10779
563.79726 -0.141196 -0.10988
563.89090 -0.139329 -0.11194
563.98454 -0.137428 -0.11396
564.07818 -0.135494 -0.11595
564.17182 -0.133527 -0.11791
564.26545 -0.131528 -0.11984
564.35909 -0.129498 -0.12173
564.45273 -0.127436 -0.12359
564.54637 -0.125344 -0.12540
564.64001 -0.123222 -0.12719
564.73364 -0.121071 -0.12894
564.82728 -0.118891 -0.13065
564.92092 -0.116683 -0.13232
565.01456 -0.114448 -0.13395
565.10820 -0.112186 -0.13555
565.20183 -0.109897 -0.13711
565.29547 -0.107583 -0.13863
565.38911 -0.105244 -0.14011
565.48275 -0.102881 -0.14155
565.57639 -0.100494 -0.14295
565.67003 -0.098085 -0.14431
565.76366 -0.095653 -0.14562
565.85730 -0.093199 -0.14690
565.95094 -0.090725 -0.14814
566.04458 -0.088230 -0.14933
566.13822 -0.085716 -0.15048
566.23185 -0.083183 -0.15159
566.32549 -0.080631 -0.15266
566.41913 -0.078063 -0.15368
566.51277 -0.075477 -0.15466
566.60641 -0.072876 -0.15560
566.70004 -0.070259 -0.15649
566.79368 -0.067628 -0.15734
566.88732 -0.064983 -0.15815
566.98096 -0.062324 -0.15891
567.07460 -0.059654 -0.15962
567.16823 -0.056971 -0.16030
567.26187 -0.054278 -0.16092
567.35551 -0.051575 -0.16151
567.44915 -0.048862 -0.16204
567.54279 -0.046140 -0.16253
567.63642 -0.043411 -0.16298
567.73006 -0.040674 -0.16338
567.82370 -0.037931 -0.16374
567.91734 -0.035183 -0.16405
568.01098 -0.032429 -0.16431
568.10461 -0.029672 -0.16453
568.19825 -0.026911 -0.16470
568.29189 -0.024147 -0.16483
568.38553 -0.021382 -0.16491
568.47917 -0.018615 -0.16494
568.57280 -0.015848 -0.16493
568.66644 -0.013082 -0.16487
568.76008 -0.010317 -0.16477
568.85372 -0.007554 -0.16462
568.94736 -0.004793 -0.16443
569.04099 -0.002036 -0.16419
569.13463 0.000716 -0.16390
569.22827 0.003464 -0.16357
569.32191 0.006206 -0.16320
569.41555 0.008941 -0.16278
569.50918 0.011669 -0.16231
569.60282 0.014389 -0.16180
569.69646 0.017100 -0.16124
569.79010 0.019801 -0.16064
569.88374 0.022492 -0.16000
569.97737 0.025172 -0.15931
570.07101 0.027841 -0.15858
570.16465 0.030496 -0.15780
570.25829 0.033139 -0.15698
570.35193 0.035767 -0.15612
570.44556 0.038381 -0.15521
570.53920 0.040979 -0.15426
570.63284 0.043560 -0.15327
570.72648 0.046125 -0.15224
570.82012 0.048673 -0.15116
570.91375 0.051202 -0.15004
571.00739 0.053711 -0.14888
571.10103 0.056201 -0.14768
571.19467 0.058671 -0.14644
571.28831 0.061120 -0.14516
571.38194 0.063546 -0.14384
571.47558 0.065950 -0.14248
571.56922 0.068331 -0.14108
571.66286 0.070688 -0.13964
571.75650 0.073021 -0.13817
571.85013 0.075328 -0.13665
571.94377 0.077610 -0.13510
572.03741 0.079865 -0.13352
572.13105 0.082093 -0.13189
572.22469 0.084293 -0.13023
572.31832 0.086465 -0.12853
572.41196 0.088608 -0.12680
572.50560 0.090721 -0.12504
572.59924 0.092804 -0.12324
572.69288 0.094857 -0.12140
572.78651 0.096878 -0.11954
572.88015 0.098867 -0.11764
572.97379 0.100824 -0.11571
573.06743 0.102748 -0.11374
573.16107 0.104638 -0.11175
573.25470 0.106494 -0.10973
573.34834 0.108316 -0.10767
573.44198 0.110102 -0.10559
573.53562 0.111853 -0.10348
573.62926 0.113567 -0.10134
573.72289 0.115245 -0.09918
573.81653 0.116886 -0.09699
573.91017 0.118490 -0.09477
574.00381 0.120055 -0.09253
574.09745 0.121582 -0.09026
574.19108 0.123070 -0.08797
574.28472 0.124518 -0.08565
574.37836 0.125927 -0.08331
574.47200 0.127296 -0.08095
574.56564 0.128624 -0.07857
574.65927 0.129912 -0.07617
574.75291 0.131158 -0.07375
574.84655 0.132362 -0.07131
574.94019 0.133524 -0.06885
575.03383 0.134644 -0.06638
575.12746 0.135722 -0.06388
575.22110 0.136756 -0.06137
575.31474 0.137748 -0.05885
575.40838 0.138695 -0.05631
575.50202 0.139599 -0.05375
575.59566 0.140459 -0.05118
575.68929 0.141275 -0.04860
575.78293 0.142046 -0.04601
575.87657 0.142772 -0.04341
575.97021 0.143454 -0.04080
576.06385 0.144090 -0.03818
576.15748 0.144681 -0.03554
576.25112 0.145226 -0.03290
576.34476 0.145726 -0.03026
576.43840 0.146180 -0.02761
576.53204 0.146588 -0.02495
576.62567 0.146950 -0.02229
576.71931 0.147266 -0.01962
576.81295 0.147535 -0.01695
576.90659 0.147758 -0.01428
577.00023 0.147935 -0.01160
577.09386 0.148066 -0.00893
577.18750 0.148150 -0.00625
577.28114 0.148188 -0.00358
577.37478 0.148179 -0.00091
577.46842 0.148124 0.00176
577.56205 0.148022 0.00443
577.65569 0.147874 0.00709
577.74933 0.147679 0.00975
577.84297 0.147439 0.01240
577.93661 0.147152 0.01505
578.03024 0.146819 0.01769
578.12388 0.146439 0.02032
578.21752 0.146014 0.02294
578.31116 0.145544 0.02555
578.40480 0.145027 0.02816
578.49843 0.144466 0.03075
578.59207 0.143859 0.03333
578.68571 0.143207 0.03589
578.77935 0.142510 0.03845
578.87299 0.141768 0.04099
578.96662 0.140982 0.04351
579.06026 0.140152 0.04602
579.15390 0.139277 0.04851
579.24754 0.138359 0.05098
579.34118 0.137398 0.05344
579.43481 0.136394 0.05588
579.52845 0.135346 0.05830
579.62209 0.134257 0.06070
579.71573 0.133125 0.06307
579.80937 0.131951 0.06543
579.90300 0.130736 0.06776
579.99664 0.129480 0.07007
580.09028 0.128184 0.07236
580.18392 0.126847 0.07462
580.27756 0.125470 0.07686
580.37119 0.124054 0.07907
580.46483 0.122599 0.08125
580.55847 0.121105 0.08341
580.65211 0.119573 0.08554
580.74575 0.118003 0.08764
580.83938 0.116397 0.08971
580.93302 0.114753 0.09175
581.02666 0.113074 0.09376
581.12030 0.111359 0.09574
581.21394 0.109609 0.09769
581.30757 0.107824 0.09961
581.40121 0.106005 0.10149
581.49485 0.104153 0.10334
581.58849 0.102268 0.10515
581.68213 0.100350 0.10694
581.77576 0.098401 0.10868
581.86940 0.096421 0.11039
581.96304 0.094410 0.11207
582.05668 0.092369 0.11371
582.15032 0.090299 0.11531
582.24395 0.088201 0.11687
582.33759 0.086074 0.11840
582.43123 0.083920 0.11988
582.52487 0.081740 0.12133
582.61851 0.079533 0.12274
582.71214 0.077301 0.12411
582.80578 0.075044 0.12543
582.89942 0.072764 0.12672
582.99306 0.070460 0.12797
583.08670 0.068133 0.12917
583.18033 0.065785 0.13033
583.27397 0.063416 0.13145
583.36761 0.061026 0.13253
583.46125 0.058616 0.13357
583.55489 0.056188 0.13456
583.64852 0.053741 0.13550
583.74216 0.051277 0.13641
583.83580 0.048797 0.13727
583.92944 0.046300 0.13808
584.02308 0.043789 0.13885
584.11671 0.041262 0.13958
584.21035 0.038723 0.14026
584.30399 0.036170 0.14089
584.39763 0.033606 0.14148
584.49127 0.031030 0.14203
584.58490 0.028444 0.14252
584.67854 0.025848 0.14297
584.77218 0.023243 0.14338
584.86582 0.020630 0.14374
584.95946 0.018010 0.14405
585.05309 0.015383 0.14432
585.14673 0.012751 0.14454
585.24037 0.010114 0.14471
585.33401 0.007473 0.14483
585.42765 0.004828 0.14491
585.52129 0.002181 0.14494
585.61492 -0.000467 0.14493
585.70856 -0.003117 0.14486
585.80220 -0.005766 0.14476
585.89584 -0.008414 0.14460
585.98948 -0.011061 0.14440
586.08311 -0.013706 0.14415
586.17675 -0.016347 0.14385
586.27039 -0.018984 0.14351
586.36403 -0.021616 0.14312
586.45767 -0.024243 0.14268
586.55130 -0.026863 0.14220
586.64494 -0.029476 0.14167
586.73858 -0.032081 0.14109
586.83222 -0.034677 0.14047
586.92586 -0.037263 0.13980
587.01949 -0.039839 0.13909
587.11313 -0.042404 0.13833
587.20677 -0.044956 0.13753
587.30041 -0.047496 0.13668
587.39405 -0.050022 0.13579
587.48768 -0.052534 0.13486
587.58132 -0.055031 0.13387
587.67496 -0.057511 0.13285
587.76860 -0.059975 0.13178
587.86224 -0.062422 0.13067
587.95587 -0.064851 0.12952
588.04951 -0.067260 0.12832
588.14315 -0.069650 0.12708
588.23679 -0.072020 0.12580
588.33043 -0.074368 0.12448
588.42406 -0.076695 0.12311
588.51770 -0.078999 0.12171
588.61134 -0.081280 0.12027
588.70498 -0.083537 0.11878
588.79862 -0.085769 0.11726
588.89225 -0.087976 0.11570
588.98589 -0.090157 0.11410
589.07953 -0.092312 0.11246
589.17317 -0.094438 0.11078
589.26681 -0.096537 0.10907
589.36044 -0.098608 0.10732
589.45408 -0.100649 0.10553
589.54772 -0.102660 0.10371
589.64136 -0.104641 0.10185
589.73500 -0.106590 0.09996
589.82863 -0.108508 0.09804
589.92227 -0.110394 0.09608
590.01591 -0.112246 0.09409
590.10955 -0.114065 0.09207
590.20319 -0.115850 0.09001
590.29682 -0.117601 0.08793
590.39046 -0.119316 0.08581
590.48410 -0.120996 0.08367
590.57774 -0.122639 0.08149
590.67138 -0.124246 0.07929
590.76501 -0.125816 0.07706
590.85865 -0.127348 0.07480
590.95229 -0.128842 0.07252
591.04593 -0.130297 0.07021
591.13957 -0.131713 0.06787
591.23320 -0.133089 0.06551
591.32684 -0.134426 0.06313
591.42048 -0.135722 0.06073
591.51412 -0.136978 0.05830
591.60776 -0.138192 0.05585
591.70139 -0.139364 0.05338
591.79503 -0.140495 0.05089
591.88867 -0.141584 0.04838
591.98231 -0.142629 0.04585
592.07595 -0.143632 0.04331
592.16958 -0.144592 0.04074
592.26322 -0.145508 0.03816
592.35686 -0.146380 0.03557
592.45050 -0.147208 0.03296
592.54414 -0.147991 0.03034
592.63777 -0.148730 0.02770
592.73141 -0.149424 0.02505
592.82505 -0.150072 0.02239
592.91869 -0.150675 0.01972
593.01233 -0.151233 0.01704
593.10596 -0.151745 0.01435
593.19960 -0.152211 0.01165
593.29324 -0.152630 0.00894
593.38688 -0.153004 0.00623
593.48052 -0.153331 0.00351
593.57415 -0.153612 0.00078
593.66779 -0.153845 -0.00195
593.76143 -0.154033 -0.00468
593.85507 -0.154173 -0.00741
593.94871 -0.154267 -0.01015
594.04234 -0.154313 -0.01289
594.13598 -0.154313 -0.01563
594.22962 -0.154266 -0.01837
594.32326 -0.154171 -0.02110
594.41690 -0.154030 -0.02384
594.51053 -0.153842 -0.02657
594.60417 -0.153607 -0.02930
594.69781 -0.153325 -0.03202
594.79145 -0.152996 -0.03474
594.88509 -0.152620 -0.03745
594.97872 -0.152198 -0.04016
595.07236 -0.151729 -0.04285
595.16600 -0.151214 -0.04554
595.25964 -0.150653 -0.04822
595.35328 -0.150045 -0.05089
595.44692 -0.149392 -0.05354
595.54055 -0.148692 -0.05619
595.63419 -0.147947 -0.05882
595.72783 -0.147157 -0.06144
595.82147 -0.146321 -0.06404
595.91511 -0.145441 -0.06663
596.00874 -0.144515 -0.06921
596.10238 -0.143546 -0.07176
596.19602 -0.142532 -0.07430
596.28966 -0.141474 -0.07683
596.38330 -0.140373 -0.07933
596.47693 -0.139228 -0.08181
596.57057 -0.138040 -0.08427
596.66421 -0.136810 -0.08671
596.75785 -0.135537 -0.08913
596.85149 -0.134223 -0.09153
596.94512 -0.132867 -0.09390
597.03876 -0.131470 -0.09625
597.13240 -0.130032 -0.09858
597.22604 -0.128553 -0.10088
597.31968 -0.127035 -0.10315
597.41331 -0.125478 -0.10540
597.50695 -0.123881 -0.10762
597.60059 -0.122245 -0.10981
597.69423 -0.120572 -0.11197
597.78787 -0.118861 -0.11410
597.88150 -0.117113 -0.11620
597.97514 -0.115328 -0.11827
598.06878 -0.113507 -0.12031
598.16242 -0.111651 -0.12232
598.25606 -0.109759 -0.12430
598.34969 -0.107833 -0.12624
598.44333 -0.105873 -0.12815
598.53697 -0.103880 -0.13003
598.63061 -0.101853 -0.13187
598.72425 -0.099795 -0.13367
598.81788 -0.097705 -0.13544
598.91152 -0.095584 -0.13717
599.00516 -0.093432 -0.13887
599.09880 -0.091251 -0.14053
599.19244 -0.089040 -0.14215
599.28607 -0.086801 -0.14373
599.37971 -0.084534 -0.14527
599.47335 -0.082239 -0.14677
599.56699 -0.079918 -0.14824
599.66063 -0.077571 -0.14966
599.75426 -0.075199 -0.15105
599.84790 -0.072802 -0.15239
599.94154 -0.070381 -0.15369
600.03518 -0.067937 -0.15495
600.12882 -0.065470 -0.15617
600.22245 -0.062982 -0.15734
600.31609 -0.060472 -0.15847
600.40973 -0.057942 -0.15956
600.50337 -0.055392 -0.16061
600.59701 -0.052823 -0.16161
600.69064 -0.050235 -0.16257
600.78428 -0.047630 -0.16348
600.87792 -0.045008 -0.16435
600.97156 -0.042370 -0.16517
601.06520 -0.039717 -0.16595
601.15883 -0.037049 -0.16668
601.25247 -0.034367 -0.16737
601.34611 -0.031671 -0.16801
601.43975 -0.028964 -0.16861
601.53339 -0.026244 -0.16916
601.62702 -0.023514 -0.16966
601.72066 -0.020773 -0.17012
601.81430 -0.018023 -0.17053
601.90794 -0.015265 -0.17090
602.00158 -0.012498 -0.17122
602.09521 -0.009724 -0.17149
602.18885 -0.006944 -0.17171
602.28249 -0.004158 -0.17189
602.37613 -0.001367 -0.17202
602.46977 0.001428 -0.17210
602.56340 0.004226 -0.17213
602.65704 0.007027 -0.17212
602.75068 0.009830 -0.17206
602.84432 0.012634 -0.17196
602.93796 0.015439 -0.17180
603.03159 0.018243 -0.17160
603.12523 0.021045 -0.17135
603.21887 0.023846 -0.17106
603.31251 0.026645 -0.17072
603.40615 0.029439 -0.17033
603.49978 0.032230 -0.16989
603.59342 0.035016 -0.16941
603.68706 0.037796 -0.16888
603.78070 0.040569 -0.16830
603.87434 0.043336 -0.16768
603.96797 0.046094 -0.16701
604.06161 0.048844 -0.16629
604.15525 0.051585 -0.16553
604.24889 0.054316 -0.16473
604.34253 0.057035 -0.16387
604.43616 0.059743 -0.16297
604.52980 0.062439 -0.16203
604.62344 0.065122 -0.16104
604.71708 0.067792 -0.16001
604.81072 0.070446 -0.15893
604.90435 0.073086 -0.15781
604.99799 0.075710 -0.15665
605.09163 0.078317 -0.15544
605.18527 0.080907 -0.15418
605.27891 0.083480 -0.15289
605.37255 0.086033 -0.15155
605.46618 0.088568 -0.15017
605.55982 0.091082 -0.14874
605.65346 0.093576 -0.14728
605.74710 0.096049 -0.14577
605.84074 0.098500 -0.14422
605.93437 0.100928 -0.14264
606.02801 0.103333 -0.14101
606.12165 0.105714 -0.13934
606.21529 0.108070 -0.13763
606.30893 0.110402 -0.13588
606.40256 0.112708 -0.13410
606.49620 0.114987 -0.13227
606.58984 0.117240 -0.13041
606.68348 0.119464 -0.12851
606.77712 0.121661 -0.12657
606.87075 0.123829 -0.12460
606.96439 0.125968 -0.12259
607.05803 0.128076 -0.12055
607.15167 0.130155 -0.11847
607.24531 0.132202 -0.11635
607.33894 0.134218 -0.11421
607.43258 0.136201 -0.11202
607.52622 0.138152 -0.10981
607.61986 0.140070 -0.10756
607.71350 0.141954 -0.10529
607.80713 0.143804 -0.10298
607.90077 0.145619 -0.10064
607.99441 0.147399 -0.09827
608.08805 0.149143 -0.09587
608.18169 0.150851 -0.09344
608.27532 0.152522 -0.09098
608.36896 0.154156 -0.08849
608.46260 0.155753 -0.08598
608.55624 0.157312 -0.08344
608.64988 0.158832 -0.08088
608.74351 0.160313 -0.07829
608.83715 0.161756 -0.07568
608.93079 0.163158 -0.07304
609.02443 0.164520 -0.07038
609.11807 0.165842 -0.06769
609.21170 0.167123 -0.06498
609.30534 0.168363 -0.06226
609.39898 0.169562 -0.05951
609.49262 0.170718 -0.05674
609.58626 0.171832 -0.05395
609.67989 0.172904 -0.05114
609.77353 0.173933 -0.04832
609.86717 0.174918 -0.04548
609.96081 0.175861 -0.04262
610.05445 0.176759 -0.03975
610.14808 0.177613 -0.03686
610.24172 0.178423 -0.03395
610.33536 0.179189 -0.03104
610.42900 0.179910 -0.02811
610.52264 0.180585 -0.02516
610.61627 0.181216 -0.02221
610.70991 0.181801 -0.01925
610.80355 0.182340 -0.01627
610.89719 0.182834 -0.01329
610.99083 0.183282 -0.01030
611.08446 0.183683 -0.00730
611.17810 0.184038 -0.00429
611.27174 0.184347 -0.00128
611.36538 0.184609 0.00174
611.45902 0.184824 0.00476
611.55265 0.184993 0.00779
611.64629 0.185115 0.01082
611.73993 0.185190 0.01385
611.83357 0.185217 0.01688
611.92721 0.185198 0.01992
612.02084 0.185132 0.02295
612.11448 0.185018 0.02599
612.20812 0.184857 0.02902
612.30176 0.184649 0.03205
612.39540 0.184394 0.03507
612.48903 0.184091 0.03810
612.58267 0.183742 0.04111
612.67631 0.183345 0.04413
612.76995 0.182901 0.04713
612.86359 0.182411 0.05013
612.95722 0.181873 0.05312
613.05086 0.181288 0.05611
613.14450 0.180657 0.05908
613.23814 0.179979 0.06204
613.33178 0.179255 0.06500
613.42541 0.178484 0.06794
613.51905 0.177667 0.07086
613.61269 0.176804 0.07378
613.70633 0.175896 0.07668
613.79997 0.174941 0.07957
613.89360 0.173941 0.08244
613.98724 0.172896 0.08529
614.08088 0.171806 0.08813
614.17452 0.170671 0.09095
614.26816 0.169491 0.09375
614.36179 0.168267 0.09653
614.45543 0.166999 0.09929
614.54907 0.165688 0.10203
614.64271 0.164333 0.10475
614.73635 0.162935 0.10744
614.82998 0.161494 0.11012
614.92362 0.160010 0.11277
615.01726 0.158485 0.11539
615.11090 0.156917 0.11799
615.20454 0.155309 0.12057
615.29818 0.153659 0.12312
615.39181 0.151969 0.12564
615.48545 0.150238 0.12813
615.57909 0.148468 0.13059
615.67273 0.146658 0.13303
615.76637 0.144809 0.13543
615.86000 0.142922 0.13780
615.95364 0.140997 0.14015
616.04728 0.139034 0.14246
616.14092 0.137034 0.14473
616.23456 0.134998 0.14698
616.32819 0.132926 0.14919
616.42183 0.130818 0.15137
616.51547 0.128675 0.15351
616.60911 0.126497 0.15561
616.70275 0.124286 0.15768
616.79638 0.122041 0.15971
616.89002 0.119763 0.16171
616.98366 0.117454 0.16367
617.07730 0.115112 0.16559
617.17094 0.112739 0.16746
617.26457 0.110336 0.16930
617.35821 0.107903 0.17110
617.45185 0.105441 0.17286
617.54549 0.102951 0.17458
617.63913 0.100432 0.17626
617.73276 0.097886 0.17789
617.82640 0.095314 0.17948
617.92004 0.092715 0.18103
618.01368 0.090091 0.18254
618.10732 0.087443 0.18400
618.20095 0.084770 0.18541
618.29459 0.082075 0.18678
618.38823 0.079357 0.18811
618.48187 0.076617 0.18939
618.57551 0.073856 0.19063
618.66914 0.071074 0.19182
618.76278 0.068273 0.19296
618.85642 0.065453 0.19405
618.95006 0.062615 0.19510
619.04370 0.059760 0.19610
619.13733 0.056888 0.19705
619.23097 0.054000 0.19796
619.32461 0.051096 0.19881
619.41825 0.048179 0.19962
619.51189 0.045248 0.20038
619.60552 0.042304 0.20109
619.69916 0.039348 0.20175
619.79280 0.036381 0.20236
619.88644 0.033403 0.20292
619.98008 0.030416 0.20343
620.07371 0.027420 0.20389
620.16735 0.024416 0.20430
620.26099 0.021404 0.20466
620.35463 0.018386 0.20496
620.44827 0.015363 0.20522
620.54190 0.012335 0.20543
620.63554 0.009302 0.20558
620.72918 0.006267 0.20569
620.82282 0.003229 0.20574
620.91646 0.000190 0.20575
621.01009 -0.002851 0.20570
621.10373 -0.005891 0.20560
621.19737 -0.008930 0.20545
621.29101 -0.011968 0.20525
621.38465 -0.015003 0.20500
621.47828 -0.018034 0.20470
621.57192 -0.021062 0.20434
621.66556 -0.024085 0.20394
621.75920 -0.027101 0.20348
621.85284 -0.030112 0.20298
621.94647 -0.033114 0.20242
622.04011 -0.036109 0.20182
622.13375 -0.039095 0.20116
622.22739 -0.042071 0.20045
622.32103 -0.045036 0.19970
622.41466 -0.047990 0.19889
622.50830 -0.050931 0.19804
622.60194 -0.053860 0.19713
622.69558 -0.056774 0.19618
622.78922 -0.059675 0.19518
622.88285 -0.062560 0.19413
622.97649 -0.065428 0.19303
623.07013 -0.068280 0.19188
623.16377 -0.071115 0.19069
623.25741 -0.073930 0.18945
623.35104 -0.076727 0.18816
623.44468 -0.079504 0.18683
623.53832 -0.082260 0.18545
623.63196 -0.084995 0.18402
623.72560 -0.087707 0.18255
623.81923 -0.090397 0.18103
623.91287 -0.093063 0.17947
624.00651 -0.095705 0.17786
624.10015 -0.098322 0.17621
624.19379 -0.100914 0.17452
624.28742 -0.103479 0.17278
624.38106 -0.106017 0.17101
624.47470 -0.108527 0.16918
624.56834 -0.111009 0.16732
624.66198 -0.113461 0.16542
624.75561 -0.115885 0.16348
624.84925 -0.118277 0.16149
624.94289 -0.120639 0.15947
625.03653 -0.122970 0.15741
625.13017 -0.125268 0.15531
625.22381 -0.127533 0.15317
625.31744 -0.129765 0.15100
625.41108 -0.131963 0.14878
625.50472 -0.134127 0.14654
625.59836 -0.136255 0.14425
625.69200 -0.138348 0.14194
625.78563 -0.140404 0.13958
625.87927 -0.142424 0.13720
625.97291 -0.144407 0.13478
626.06655 -0.146351 0.13233
626.16019 -0.148258 0.12985
626.25382 -0.150126 0.12733
626.34746 -0.151954 0.12479
626.44110 -0.153743 0.12222
626.53474 -0.155492 0.11962
626.62838 -0.157200 0.11699
626.72201 -0.158867 0.11433
626.81565 -0.160493 0.11165
626.90929 -0.162076 0.10894
627.00293 -0.163618 0.10620
627.09657 -0.165116 0.10344
627.19020 -0.166572 0.10066
627.28384 -0.167985 0.09785
627.37748 -0.169353 0.09502
627.47112 -0.170678 0.09217
627.56476 -0.171958 0.08930
627.65839 -0.173193 0.08641
627.75203 -0.174383 0.08349
627.84567 -0.175528 0.08057
627.93931 -0.176628 0.07762
628.03295 -0.177681 0.07465
628.12658 -0.178689 0.07167
628.22022 -0.179650 0.06868
628.31386 -0.180564 0.06567
628.40750 -0.181432 0.06264
628.50114 -0.182253 0.05960
628.59477 -0.183026 0.05656
628.68841 -0.183752 0.05349
628.78205 -0.184431 0.05042
628.87569 -0.185062 0.04734
628.96933 -0.185645 0.04425
629.06296 -0.186181 0.04115
629.15660 -0.186668 0.03805
629.25024 -0.187107 0.03493
629.34388 -0.187498 0.03182
629.43752 -0.187840 0.02869
629.53115 -0.188134 0.02557
629.62479 -0.188380 0.02244
629.71843 -0.188578 0.01930
629.81207 -0.188727 0.01617
629.90571 -0.188827 0.01303
629.99934 -0.188879 0.00990
630.09298 -0.188883 0.00676
630.18662 -0.188838 0.00363
630.28026 -0.188745 0.00050
630.37390 -0.188603 -0.00262
630.46753 -0.188414 -0.00575
630.56117 -0.188176 -0.00887
630.65481 -0.187890 -0.01198
630.74845 -0.187556 -0.01508
630.84209 -0.187175 -0.01818
630.93572 -0.186745 -0.02127
631.02936 -0.186269 -0.02435
631.12300 -0.185744 -0.02742
631.21664 -0.185173 -0.03049
631.31028 -0.184555 -0.03353
631.40391 -0.183889 -0.03657
631.49755 -0.183178 -0.03960
631.59119 -0.182419 -0.04261
631.68483 -0.181615 -0.04560
631.77847 -0.180765 -0.04859
631.87210 -0.179869 -0.05155
631.96574 -0.178928 -0.05450
632.05938 -0.177941 -0.05743
632.15302 -0.176910 -0.06034
632.24666 -0.175834 -0.06324
632.34029 -0.174714 -0.06611
632.43393 -0.173551 -0.06897
632.52757 -0.172343 -0.07180
632.62121 -0.171093 -0.07461
632.71485 -0.169800 -0.07740
632.80848 -0.168464 -0.08016
632.90212 -0.167086 -0.08290
632.99576 -0.165667 -0.08562
633.08940 -0.164206 -0.08831
633.18304 -0.162704 -0.09097
633.27667 -0.161162 -0.09361
633.37031 -0.159581 -0.09622
633.46395 -0.157959 -0.09880
633.55759 -0.156299 -0.10135
633.65123 -0.154600 -0.10388
633.74486 -0.152862 -0.10637
633.83850 -0.151088 -0.10883
633.93214 -0.149276 -0.11127
634.02578 -0.147427 -0.11367
634.11942 -0.145542 -0.11603
634.21305 -0.143622 -0.11837
634.30669 -0.141667 -0.12067
634.40033 -0.139677 -0.12293
634.49397 -0.137653 -0.12516
634.58761 -0.135596 -0.12736
634.68124 -0.133506 -0.12952
634.77488 -0.131383 -0.13164
634.86852 -0.129229 -0.13373
634.96216 -0.127044 -0.13578
635.05580 -0.124829 -0.13779
635.14944 -0.122584 -0.13976
635.24307 -0.120309 -0.14169
635.33671 -0.118006 -0.14359
635.43035 -0.115675 -0.14544
635.52399 -0.113317 -0.14725
635.61763 -0.110932 -0.14903
635.71126 -0.108520 -0.15076
635.80490 -0.106084 -0.15245
635.89854 -0.103623 -0.15409
635.99218 -0.101138 -0.15570
636.08582 -0.098629 -0.15726
636.17945 -0.096098 -0.15878
636.27309 -0.093545 -0.16025
636.36673 -0.090971 -0.16169
636.46037 -0.088376 -0.16307
636.55401 -0.085761 -0.16441
636.64764 -0.083128 -0.16571
636.74128 -0.080475 -0.16696
636.83492 -0.077805 -0.16817
636.92856 -0.075119 -0.16933
637.02220 -0.072416 -0.17044
637.11583 -0.069697 -0.17151
637.20947 -0.066964 -0.17253
637.30311 -0.064217 -0.17350
637.39675 -0.061456 -0.17443
637.49039 -0.058683 -0.17531
637.58402 -0.055898 -0.17614
637.67766 -0.053103 -0.17692
637.77130 -0.050297 -0.17766
637.86494 -0.047481 -0.17835
637.95858 -0.044657 -0.17899
638.05221 -0.041825 -0.17958
638.14585 -0.038986 -0.18012
638.23949 -0.036141 -0.18062
638.33313 -0.033290 -0.18106
638.42677 -0.030434 -0.18146
638.52040 -0.027574 -0.18181
638.61404 -0.024711 -0.18211
638.70768 -0.021845 -0.18236
638.80132 -0.018978 -0.18256
638.89496 -0.016109 -0.18272
638.98859 -0.013241 -0.18282
639.08223 -0.010373 -0.18288
639.17587 -0.007507 -0.18288
639.26951 -0.004642 -0.18284
639.36315 -0.001781 -0.18275
639.45678 0.001077 -0.18261
639.55042 0.003930 -0.18242
639.64406 0.006777 -0.18218
639.73770 0.009619 -0.18190
639.83134 0.012454 -0.18156
639.92497 0.015281 -0.18118
640.01861 0.018100 -0.18075
640.11225 0.020910 -0.18027
640.20589 0.023710 -0.17975
640.29953 0.026499 -0.17918
640.39316 0.029277 -0.17855
640.48680 0.032042 -0.17789
640.58044 0.034795 -0.17717
640.67408 0.037534 -0.17641
640.76772 0.040258 -0.17560
640.86135 0.042968 -0.17475
640.95499 0.045661 -0.17385
641.04863 0.048338 -0.17290
641.14227 0.050998 -0.17191
641.23591 0.053639 -0.17088
641.32954 0.056262 -0.16980
641.42318 0.058865 -0.16867
641.51682 0.061448 -0.16750
641.61046 0.064010 -0.16629
641.70410 0.066550 -0.16503
641.79773 0.069068 -0.16374
641.89137 0.071564 -0.16239
641.98501 0.074035 -0.16101
642.07865 0.076482 -0.15958
642.17229 0.078904 -0.15812
642.26592 0.081301 -0.15661
642.35956 0.083671 -0.15506
642.45320 0.086014 -0.15347
642.54684 0.088330 -0.15185
642.64048 0.090618 -0.15018
642.73411 0.092876 -0.14847
642.82775 0.095105 -0.14673
642.92139 0.097305 -0.14495
643.01503 0.099473 -0.14313
643.10867 0.101610 -0.14128
643.20230 0.103716 -0.13939
643.29594 0.105789 -0.13746
643.38958 0.107829 -0.13550
643.48322 0.109836 -0.13351
643.57686 0.111808 -0.13148
643.67049 0.113746 -0.12942
643.76413 0.115649 -0.12732
643.85777 0.117516 -0.12519
643.95141 0.119347 -0.12304
644.04505 0.121141 -0.12085
644.13868 0.122899 -0.11863
644.23232 0.124618 -0.11638
644.32596 0.126300 -0.11411
644.41960 0.127943 -0.11180
644.51324 0.129547 -0.10947
644.60687 0.131112 -0.10711
644.70051 0.132637 -0.10473
644.79415 0.134121 -0.10232
644.88779 0.135565 -0.09988
644.98143 0.136968 -0.09742
645.07507 0.138329 -0.09494
645.16870 0.139649 -0.09243
645.26234 0.140927 -0.08991
645.35598 0.142162 -0.08736
645.44962 0.143354 -0.08479
645.54326 0.144503 -0.08220
645.63689 0.145608 -0.07959
645.73053 0.146670 -0.07697
645.82417 0.147688 -0.07433
645.91781 0.148661 -0.07167
646.01145 0.149590 -0.06899
646.10508 0.150474 -0.06630
646.19872 0.151313 -0.06360
646.29236 0.152107 -0.06088
646.38600 0.152855 -0.05815
646.47964 0.153557 -0.05540
646.57327 0.154214 -0.05265
646.66691 0.154824 -0.04988
646.76055 0.155388 -0.04711
646.85419 0.155906 -0.04433
646.94783 0.156377 -0.04153
647.04146 0.156802 -0.03874
647.13510 0.157180 -0.03593
647.22874 0.157511 -0.03312
647.32238 0.157795 -0.03030
647.41602 0.158032 -0.02748
647.50965 0.158222 -0.02466
647.60329 0.158365 -0.02184
647.69693 0.158461 -0.01901
647.79057 0.158510 -0.01618
647.88421 0.158511 -0.01335
647.97784 0.158466 -0.01053
648.07148 0.158373 -0.00770
648.16512 0.158233 -0.00488
648.25876 0.158046 -0.00206
648.35240 0.157813 0.00075
648.44603 0.157532 0.00356
648.53967 0.157205 0.00637
648.63331 0.156831 0.00916
648.72695 0.156410 0.01195
648.82059 0.155943 0.01474
648.91422 0.155430 0.01751
649.00786 0.154870 0.02027
649.10150 0.154265 0.02302
649.19514 0.153614 0.02576
649.28878 0.152917 0.02849
649.38241 0.152175 0.03121
649.47605 0.151388 0.03391
649.56969 0.150556 0.03660
649.66333 0.149679 0.03927
649.75697 0.148758 0.04192
649.85060 0.147793 0.04456
649.94424 0.146784 0.04718
650.03788 0.145732 0.04978
650.13152 0.144636 0.05237
650.22516 0.143498 0.05493
650.31879 0.142317 0.05747
650.41243 0.141094 0.05999
650.50607 0.139829 0.06249
650.59971 0.138523 0.06496
650.69335 0.137175 0.06741
650.78698 0.135788 0.06984
650.88062 0.134360 0.07224
650.97426 0.132892 0.07462
651.06790 0.131385 0.07697
651.16154 0.129839 0.07929
651.25517 0.128255 0.08158
651.34881 0.126633 0.08385
651.44245 0.124973 0.08608
651.53609 0.123277 0.08829
651.62973 0.121544 0.09046
651.72336 0.119776 0.09260
651.81700 0.117972 0.09472
651.91064 0.116133 0.09679
652.00428 0.114260 0.09884
652.09792 0.112354 0.10085
652.19155 0.110414 0.10283
652.28519 0.108442 0.10477
652.37883 0.106438 0.10668
652.47247 0.104403 0.10855
652.56611 0.102337 0.11038
652.65974 0.100241 0.11218
652.75338 0.098116 0.11394
652.84702 0.095962 0.11566
652.94066 0.093780 0.11734
653.03430 0.091570 0.11898
653.12793 0.089334 0.12058
653.22157 0.087072 0.12214
653.31521 0.084785 0.12366
653.40885 0.082472 0.12514
653.50249 0.080136 0.12658
653.59612 0.077777 0.12798
653.68976 0.075395 0.12933
653.78340 0.072991 0.13064
653.87704 0.070567 0.13190
653.97068 0.068122 0.13313
654.06431 0.065658 0.13431
654.15795 0.063174 0.13544
654.25159 0.060673 0.13653
654.34523 0.058155 0.13757
654.43887 0.055620 0.13857
654.53250 0.053070 0.13952
654.62614 0.050504 0.14043
654.71978 0.047925 0.14129
654.81342 0.045332 0.14210
654.90706 0.042727 0.14287
655.00070 0.040110 0.14359
655.09433 0.037483 0.14426
655.18797 0.034845 0.14489
655.28161 0.032198 0.14546
655.37525 0.029543 0.14599
655.46889 0.026880 0.14647
655.56252 0.024210 0.14690
655.65616 0.021535 0.14729
655.74980 0.018854 0.14762
655.84344 0.016169 0.14791
655.93708 0.013481 0.14815
656.03071 0.010790 0.14834
656.12435 0.008098 0.14848
656.21799 0.005404 0.14857
656.31163 0.002711 0.14862
656.40527 0.000018 0.14861
656.49890 -0.002672 0.14856
656.59254 -0.005361 0.14845
656.68618 -0.008046 0.14830
656.77982 -0.010727 0.14810
656.87346 -0.013403 0.14785
656.96709 -0.016073 0.14755
657.06073 -0.018736 0.14721
657.15437 -0.021392 0.14681
657.24801 -0.024039 0.14637
657.34165 -0.026677 0.14588
657.43528 -0.029305 0.14534
657.52892 -0.031922 0.14475
657.62256 -0.034528 0.14412
657.71620 -0.037121 0.14343
657.80984 -0.039701 0.14270
657.90347 -0.042266 0.14193
657.99711 -0.044817 0.14110
658.09075 -0.047351 0.14023
658.18439 -0.049870 0.13932
658.27803 -0.052370 0.13836
658.37166 -0.054853 0.13735
658.46530 -0.057317 0.13630
658.55894 -0.059761 0.13520
658.65258 -0.062185 0.13406
658.74622 -0.064587 0.13287
658.83985 -0.066967 0.13164
658.93349 -0.069325 0.13036
659.02713 -0.071659 0.12905
659.12077 -0.073968 0.12769
659.21441 -0.076253 0.12628
659.30804 -0.078512 0.12484
659.40168 -0.080745 0.12336
659.49532 -0.082950 0.12183
659.58896 -0.085128 0.12026
659.68260 -0.087277 0.11866
659.77623 -0.089397 0.11701
659.86987 -0.091487 0.11532
659.96351 -0.093546 0.11360
660.05715 -0.095574 0.11184
660.15079 -0.097570 0.11004
660.24442 -0.099534 0.10820
660.33806 -0.101465 0.10633
660.43170 -0.103362 0.10443
660.52534 -0.105224 0.10248
660.61898 -0.107052 0.10051
660.71261 -0.108844 0.09850
660.80625 -0.110600 0.09645
660.89989 -0.112319 0.09438
660.99353 -0.114001 0.09227
661.08717 -0.115646 0.09013
661.18080 -0.117252 0.08796
661.27444 -0.118819 0.08576
661.36808 -0.120347 0.08354
661.46172 -0.121835 0.08128
661.55536 -0.123283 0.07899
661.64899 -0.124690 0.07668
661.74263 -0.126057 0.07435
661.83627 -0.127381 0.07198
661.92991 -0.128663 0.06959
662.02355 -0.129903 0.06718
662.11718 -0.131100 0.06475
662.21082 -0.132254 0.06229
662.30446 -0.133364 0.05981
662.39810 -0.134430 0.05731
662.49174 -0.135452 0.05479
662.58537 -0.136429 0.05225
662.67901 -0.137361 0.04969
662.77265 -0.138248 0.04711
662.86629 -0.139090 0.04452
662.95993 -0.139885 0.04191
663.05356 -0.140634 0.03928
663.14720 -0.141337 0.03664
663.24084 -0.141994 0.03399
663.33448 -0.142603 0.03132
663.42812 -0.143165 0.02864
663.52175 -0.143681 0.02596
663.61539 -0.144149 0.02325
663.70903 -0.144569 0.02055
663.80267 -0.144941 0.01783
663.89631 -0.145266 0.01510
663.98994 -0.145543 0.01237
664.08358 -0.145772 0.00963
664.17722 -0.145952 0.00688
664.27086 -0.146084 0.00413
664.36450 -0.146169 0.00138
664.45814 -0.146204 -0.00137
664.55177 -0.146192 -0.00413
664.64541 -0.146131 -0.00689
664.73905 -0.146021 -0.00965
664.83269 -0.145864 -0.01241
664.92633 -0.145658 -0.01516
665.01996 -0.145404 -0.01791
665.11360 -0.145101 -0.02066
665.20724 -0.144751 -0.02341
665.30088 -0.144352 -0.02615
665.39452 -0.143906 -0.02889
665.48815 -0.143411 -0.03161
665.58179 -0.142870 -0.03434
665.67543 -0.142280 -0.03705
665.76907 -0.141643 -0.03975
665.86271 -0.140959 -0.04244
665.95634 -0.140229 -0.04512
666.04998 -0.139451 -0.04779
666.14362 -0.138627 -0.05045
666.23726 -0.137756 -0.05310
666.33090 -0.136840 -0.05572
666.42453 -0.135877 -0.05834
666.51817 -0.134870 -0.06094
666.61181 -0.133817 -0.06352
666.70545 -0.132719 -0.06608
666.79909 -0.131576 -0.06863
666.89272 -0.130389 -0.07115
666.98636 -0.129159 -0.07366
667.08000 -0.127885 -0.07614
667.17364 -0.126567 -0.07861
667.26728 -0.125207 -0.08105
667.36091 -0.123805 -0.08347
667.45455 -0.122361 -0.08586
667.54819 -0.120875 -0.08823
667.64183 -0.119348 -0.09058
667.73547 -0.117781 -0.09289
667.82910 -0.116173 -0.09519
667.92274 -0.114526 -0.09745
668.01638 -0.112839 -0.09968
668.11002 -0.111114 -0.10189
668.20366 -0.109351 -0.10407
668.29729 -0.107550 -0.10621
668.39093 -0.105712 -0.10833
668.48457 -0.103837 -0.11041
668.57821 -0.101927 -0.11247
668.67185 -0.099981 -0.11448
668.76548 -0.098000 -0.11647
668.85912 -0.095985 -0.11842
668.95276 -0.093937 -0.12033
669.04640 -0.091855 -0.12221
669.14004 -0.089742 -0.12406
669.23367 -0.087596 -0.12587
669.32731 -0.085419 -0.12764
669.42095 -0.083212 -0.12937
669.51459 -0.080976 -0.13106
669.60823 -0.078710 -0.13272
669.70186 -0.076415 -0.13433
669.79550 -0.074093 -0.13591
669.88914 -0.071744 -0.13744
669.98278 -0.069369 -0.13894
670.07642 -0.066968 -0.14039
670.17005 -0.064543 -0.14180
670.26369 -0.062093 -0.14317
670.35733 -0.059620 -0.14449
670.45097 -0.057124 -0.14577
670.54461 -0.054607 -0.14701
670.63824 -0.052068 -0.14821
670.73188 -0.049509 -0.14936
670.82552 -0.046931 -0.15046
670.91916 -0.044334 -0.15152
671.01280 -0.041719 -0.15253
671.10643 -0.039087 -0.15350
671.20007 -0.036438 -0.15442
671.29371 -0.033774 -0.15530
671.38735 -0.031095 -0.15613
671.48099 -0.028402 -0.15691
671.57462 -0.025697 -0.15764
671.66826 -0.022979 -0.15833
671.76190 -0.020249 -0.15897
671.85554 -0.017509 -0.15956
671.94918 -0.014759 -0.16010
672.04281 -0.012000 -0.16060
672.13645 -0.009234 -0.16104
672.23009 -0.006460 -0.16144
672.32373 -0.003679 -0.16179
672.41737 -0.000893 -0.16208
672.51100 0.001897 -0.16233
672.60464 0.004692 -0.16253
672.69828 0.007489 -0.16268
672.79192 0.010289 -0.16279
672.88556 0.013089 -0.16284
672.97919 0.015890 -0.16284
673.07283 0.018691 -0.16279
673.16647 0.021490 -0.16270
673.26011 0.024288 -0.16255
673.35375 0.027082 -0.16236
673.44738 0.029872 -0.16211
673.54102 0.032658 -0.16182
673.63466 0.035438 -0.16147
673.72830 0.038211 -0.16108
673.82194 0.040977 -0.16064
673.91557 0.043735 -0.16015
674.00921 0.046485 -0.15961
674.10285 0.049224 -0.15902
674.19649 0.051953 -0.15838
674.29013 0.054670 -0.15770
674.38377 0.057375 -0.15696
674.47740 0.060067 -0.15618
674.57104 0.062745 -0.15535
674.66468 0.065409 -0.15448
674.75832 0.068057 -0.15355
674.85196 0.070688 -0.15258
674.94559 0.073303 -0.15157
675.03923 0.075899 -0.15050
675.13287 0.078477 -0.14939
675.22651 0.081035 -0.14824
675.32015 0.083574 -0.14704
675.41378 0.086091 -0.14579
675.50742 0.088587 -0.14450
675.60106 0.091060 -0.14316
675.69470 0.093509 -0.14178
675.78834 0.095935 -0.14036
675.88197 0.098337 -0.13890
675.97561 0.100713 -0.13739
676.06925 0.103062 -0.13584
676.16289 0.105385 -0.13424
676.25653 0.107681 -0.13261
676.35016 0.109949 -0.13093
676.44380 0.112187 -0.12922
676.53744 0.114396 -0.12746
676.63108 0.116575 -0.12567
676.72472 0.118724 -0.12383
676.81835 0.120841 -0.12196
676.91199 0.122926 -0.12005
677.00563 0.124978 -0.11810
677.09927 0.126997 -0.11612
677.19291 0.128982 -0.11410
677.28654 0.130933 -0.11204
677.38018 0.132849 -0.10995
677.47382 0.134730 -0.10782
677.56746 0.136574 -0.10566
677.66110 0.138382 -0.10347
677.75473 0.140153 -0.10124
677.84837 0.141886 -0.09899
677.94201 0.143581 -0.09670
678.03565 0.145237 -0.09438
678.12929 0.146854 -0.09203
678.22292 0.148431 -0.08965
678.31656 0.149969 -0.08724
678.41020 0.151466 -0.08480
678.50384 0.152922 -0.08234
678.59748 0.154337 -0.07985
678.69111 0.155710 -0.07733
678.78475 0.157041 -0.07479
678.87839 0.158329 -0.07222
678.97203 0.159574 -0.06963
679.06567 0.160776 -0.06702
679.15930 0.161935 -0.06438
679.25294 0.163049 -0.06172
679.34658 0.164119 -0.05904
679.44022 0.165145 -0.05634
679.53386 0.166125 -0.05363
679.62749 0.167061 -0.05089
679.72113 0.167950 -0.04813
679.81477 0.168795 -0.04536
679.90841 0.169593 -0.04257
680.00205 0.170345 -0.03976
680.09568 0.171050 -0.03694
680.18932 0.171709 -0.03410
680.28296 0.172320 -0.03125
680.37660 0.172885 -0.02839
680.47024 0.173402 -0.02552
680.56387 0.173872 -0.02263
680.65751 0.174294 -0.01974
680.75115 0.174669 -0.01683
680.84479 0.174996 -0.01392
680.93843 0.175275 -0.01100
681.03206 0.175505 -0.00807
681.12570 0.175688 -0.00513
681.21934 0.175822 -0.00219
681.31298 0.175908 0.00076
681.40662 0.175945 0.00371
681.50025 0.175934 0.00666
681.59389 0.175875 0.00962
681.68753 0.175767 0.01258
681.78117 0.175611 0.01554
681.87481 0.175406 0.01850
681.96844 0.175153 0.02146
682.06208 0.174851 0.02442
682.15572 0.174501 0.02737
682.24936 0.174103 0.03033
682.34300 0.173656 0.03328
682.43663 0.173162 0.03622
682.53027 0.172619 0.03916
682.62391 0.172028 0.04209
682.71755 0.171390 0.04502
682.81119 0.170703 0.04794
682.90482 0.169970 0.05085
682.99846 0.169189 0.05375
683.09210 0.168360 0.05664
683.18574 0.167485 0.05952
683.27938 0.166563 0.06239
683.37301 0.165594 0.06525
683.46665 0.164578 0.06809
683.56029 0.163517 0.07092
683.65393 0.162410 0.07373
683.74757 0.161256 0.07653
683.84120 0.160058 0.07932
683.93484 0.158814 0.08208
684.02848 0.157526 0.08483
684.12212 0.156192 0.08756
684.21576 0.154815 0.09027
684.30940 0.153394 0.09297
684.40303 0.151929 0.09564
684.49667 0.150420 0.09829
684.59031 0.148869 0.10091
684.68395 0.147276 0.10352
684.77759 0.145640 0.10610
684.87122 0.143962 0.10866
684.96486 0.142243 0.11119
685.05850 0.140484 0.11370
685.15214 0.138683 0.11618
685.24578 0.136843 0.11863
685.33941 0.134963 0.12106
685.43305 0.133043 0.12346
685.52669 0.131085 0.12583
685.62033 0.129089 0.12817
685.71397 0.127055 0.13048
685.80760 0.124983 0.13276
685.90124 0.122875 0.13501
685.99488 0.120731 0.13722
686.08852 0.118551 0.13941
686.18216 0.116336 0.14156
686.27579 0.114086 0.14367
686.36943 0.111802 0.14576
686.46307 0.109484 0.14780
686.55671 0.107134 0.14981
686.65035 0.104751 0.15179
686.74398 0.102337 0.15373
686.83762 0.099891 0.15563
686.93126 0.097415 0.15749
687.02490 0.094908 0.15932
687.11854 0.092373 0.16110
687.21217 0.089809 0.16285
687.30581 0.087216 0.16456
687.39945 0.084597 0.16623
687.49309 0.081950 0.16785
687.58673 0.079278 0.16944
687.68036 0.076580 0.17098
687.77400 0.073858 0.17248
687.86764 0.071111 0.17394
687.96128 0.068342 0.17536
688.05492 0.065549 0.17673
688.14855 0.062735 0.17806
688.24219 0.059900 0.17934
688.33583 0.057044 0.18058
688.42947 0.054168 0.18177
688.52311 0.051274 0.18292
688.61674 0.048361 0.18402
688.71038 0.045431 0.18508
688.80402 0.042484 0.18609
688.89766 0.039521 0.18705
688.99130 0.036543 0.18797
689.08493 0.033550 0.18884
689.17857 0.030544 0.18966
689.27221 0.027525 0.19044
689.36585 0.024494 0.19116
689.45949 0.021452 0.19184
689.55312 0.018399 0.19247
689.64676 0.015337 0.19305
689.74040 0.012265 0.19358
689.83404 0.009186 0.19406
689.92768 0.006100 0.19449
690.02131 0.003007 0.19487
690.11495 -0.000092 0.19521
690.20859 -0.003195 0.19549
690.30223 -0.006303 0.19572
690.39587 -0.009413 0.19590
690.48950 -0.012526 0.19604
690.58314 -0.015640 0.19612
690.67678 -0.018755 0.19615
690.77042 -0.021869 0.19613
690.86406 -0.024983 0.19606
690.95769 -0.028095 0.19594
691.05133 -0.031204 0.19577
691.14497 -0.034309 0.19555
691.23861 -0.037410 0.19528
691.33225 -0.040506 0.19495
691.42588 -0.043595 0.19458
691.51952 -0.046678 0.19416
691.61316 -0.049753 0.19369
691.70680 -0.052820 0.19316
691.80044 -0.055877 0.19259
691.89407 -0.058923 0.19196
691.98771 -0.061959 0.19129
692.08135 -0.064982 0.19057
692.17499 -0.067993 0.18979
692.26863 -0.070991 0.18897
692.36226 -0.073973 0.18810
692.45590 -0.076941 0.18717
692.54954 -0.079892 0.18620
692.64318 -0.082827 0.18518
692.73682 -0.085744 0.18412
692.83045 -0.088642 0.18300
692.92409 -0.091521 0.18183
693.01773 -0.094380 0.18062
693.11137 -0.097218 0.17936
693.20501 -0.100034 0.17806
693.29864 -0.102828 0.17670
693.39228 -0.105599 0.17530
693.48592 -0.108345 0.17386
693.57956 -0.111066 0.17236
693.67320 -0.113762 0.17083
693.76683 -0.116432 0.16924
693.86047 -0.119074 0.16762
693.95411 -0.121689 0.16595
694.04775 -0.124275 0.16423
694.14139 -0.126831 0.16247
694.23503 -0.129358 0.16067
694.32866 -0.131853 0.15883
694.42230 -0.134318 0.15694
694.51594 -0.136749 0.15501
694.60958 -0.139149 0.15304
694.70322 -0.141514 0.15103
694.79685 -0.143845 0.14899
694.89049 -0.146142 0.14690
694.98413 -0.148402 0.14477
695.07777 -0.150627 0.14260
695.17141 -0.152815 0.14040
695.26504 -0.154965 0.13816
695.35868 -0.157077 0.13588
695.45232 -0.159150 0.13357
695.54596 -0.161184 0.13122
695.63960 -0.163178 0.12884
695.73323 -0.165132 0.12642
695.82687 -0.167045 0.12397
695.92051 -0.168916 0.12148
696.01415 -0.170745 0.11897
696.10779 -0.172531 0.11642
696.20142 -0.174274 0.11384
696.29506 -0.175973 0.11123
696.38870 -0.177629 0.10860
696.48234 -0.179239 0.10593
696.57598 -0.180805 0.10324
696.66961 -0.182325 0.10051
696.76325 -0.183798 0.09777
696.85689 -0.185226 0.09499
696.95053 -0.186606 0.09219
697.04417 -0.187940 0.08937
697.13780 -0.189225 0.08653
697.23144 -0.190463 0.08366
697.32508 -0.191652 0.08077
697.41872 -0.192793 0.07785
697.51236 -0.193884 0.07492
697.60599 -0.194926 0.07197
697.69963 -0.195919 0.06900
697.79327 -0.196861 0.06601
697.88691 -0.197753 0.06301
697.98055 -0.198595 0.05999
698.07418 -0.199386 0.05695
698.16782 -0.200125 0.05390
698.26146 -0.200814 0.05083
698.35510 -0.201451 0.04775
698.44874 -0.202037 0.04466
698.54237 -0.202571 0.04156
698.63601 -0.203053 0.03845
698.72965 -0.203483 0.03533
698.82329 -0.203860 0.03220
698.91693 -0.204186 0.02906
699.01056 -0.204459 0.02592
699.10420 -0.204679 0.02277
699.19784 -0.204847 0.01962
699.29148 -0.204962 0.01646
699.38512 -0.205025 0.01329
699.47875 -0.205035 0.01013
699.57239 -0.204992 0.00696
699.66603 -0.204897 0.00379
699.75967 -0.204749 0.00062
699.85331 -0.204548 -0.00254
699.94694 -0.204295 -0.00571
700.04058 -0.203989 -0.00887
700.13422 -0.203631 -0.01203
700.22786 -0.203221 -0.01518
700.32150 -0.202759 -0.01833
700.41513 -0.202244 -0.02148
700.50877 -0.201678 -0.02461
700.60241 -0.201060 -0.02774
700.69605 -0.200390 -0.03086
700.78969 -0.199669 -0.03397
700.88332 -0.198897 -0.03707
700.97696 -0.198074 -0.04016
701.07060 -0.197200 -0.04323
701.16424 -0.196275 -0.04629
701.25788 -0.195301 -0.04934
701.35151 -0.194276 -0.05238
701.44515 -0.193202 -0.05540
701.53879 -0.192079 -0.05840
701.63243 -0.190907 -0.06139
701.72607 -0.189685 -0.06435
701.81970 -0.188416 -0.06730
701.91334 -0.187099 -0.07023
702.00698 -0.185734 -0.07314
702.10062 -0.184321 -0.07603
702.19426 -0.182862 -0.07890
702.28789 -0.181357 -0.08174
702.38153 -0.179805 -0.08456
702.47517 -0.178208 -0.08736
702.56881 -0.176566 -0.09013
702.66245 -0.174880 -0.09288
702.75608 -0.173149 -0.09560
702.84972 -0.171374 -0.09829
702.94336 -0.169557 -0.10095
703.03700 -0.167696 -0.10359
703.13064 -0.165794 -0.10620
703.22427 -0.163850 -0.10877
703.31791 -0.161865 -0.11132
703.41155 -0.159839 -0.11384
703.50519 -0.157774 -0.11632
703.59883 -0.155669 -0.11877
703.69246 -0.153525 -0.12119
703.78610 -0.151343 -0.12357
703.87974 -0.149124 -0.12592
703.97338 -0.146868 -0.12823
704.06702 -0.144575 -0.13051
704.16066 -0.142247 -0.13275
704.25429 -0.139884 -0.13496
704.34793 -0.137486 -0.13712
704.44157 -0.135055 -0.13925
704.53521 -0.132590 -0.14134
704.62885 -0.130094 -0.14339
704.72248 -0.127566 -0.14541
704.81612 -0.125006 -0.14738
704.90976 -0.122417 -0.14931
705.00340 -0.119798 -0.15120
705.09704 -0.117150 -0.15305
705.19067 -0.114474 -0.15485
705.28431 -0.111771 -0.15661
705.37795 -0.109041 -0.15833
705.47159 -0.106286 -0.16001
705.56523 -0.103505 -0.16164
705.65886 -0.100700 -0.16323
705.75250 -0.097872 -0.16478
705.84614 -0.095021 -0.16627
705.93978 -0.092147 -0.16773
706.03342 -0.089253 -0.16913
706.12705 -0.086338 -0.17049
706.22069 -0.083404 -0.17181
706.31433 -0.080451 -0.17308
706.40797 -0.077480 -0.17430
706.50161 -0.074492 -0.17547
706.59524 -0.071487 -0.17659
706.68888 -0.068467 -0.17767
706.78252 -0.065432 -0.17870
706.87616 -0.062383 -0.17968
706.96980 -0.059322 -0.18061
707.06343 -0.056248 -0.18149
707.15707 -0.053162 -0.18233
707.25071 -0.050066 -0.18311
707.34435 -0.046961 -0.18385
707.43799 -0.043846 -0.18453
707.53162 -0.040724 -0.18517
707.62526 -0.037594 -0.18575
707.71890 -0.034458 -0.18629
707.81254 -0.031317 -0.18677
707.90618 -0.028171 -0.18721
707.99981 -0.025021 -0.18759
708.09345 -0.021868 -0.18793
708.18709 -0.018713 -0.18821
708.28073 -0.015557 -0.18844
708.37437 -0.012401 -0.18863
708.46800 -0.009245 -0.18876
708.56164 -0.006090 -0.18884
708.65528 -0.002938 -0.18887
708.74892 0.000212 -0.18885
708.84256 0.003357 -0.18878
708.93619 0.006498 -0.18866
709.02983 0.009633 -0.18849
709.12347 0.012762 -0.18827
709.21711 0.015884 -0.18800
709.31075 0.018997 -0.18768
709.40438 0.022102 -0.18731
709.49802 0.025197 -0.18689
709.59166 0.028281 -0.18642
709.68530 0.031354 -0.18591
709.77894 0.034415 -0.18534
709.87257 0.037462 -0.18472
709.96621 0.040496 -0.18406
710.05985 0.043515 -0.18334
710.15349 0.046519 -0.18258
710.24713 0.049507 -0.18177
710.34076 0.052477 -0.18091
710.43440 0.055430 -0.18001
710.52804 0.058364 -0.17905
710.62168 0.061278 -0.17805
710.71532 0.064172 -0.17701
710.80895 0.067046 -0.17592
710.90259 0.069898 -0.17478
710.99623 0.072727 -0.17359
711.08987 0.075533 -0.17236
711.18351 0.078315 -0.17109
711.27714 0.081072 -0.16977
711.37078 0.083804 -0.16841
711.46442 0.086510 -0.16700
711.55806 0.089189 -0.16555
711.65170 0.091840 -0.16406
711.74533 0.094463 -0.16252
711.83897 0.097057 -0.16095
711.93261 0.099621 -0.15933
712.02625 0.102155 -0.15767
712.11989 0.104659 -0.15597
712.21352 0.107130 -0.15423
712.30716 0.109569 -0.15245
712.40080 0.111975 -0.15063
712.49444 0.114348 -0.14878
712.58808 0.116686 -0.14688
712.68171 0.118990 -0.14495
712.77535 0.121258 -0.14298
712.86899 0.123490 -0.14098
712.96263 0.125686 -0.13894
713.05627 0.127844 -0.13687
713.14990 0.129965 -0.13476
713.24354 0.132047 -0.13261
713.33718 0.134091 -0.13044
713.43082 0.136095 -0.12823
713.52446 0.138060 -0.12599
713.61809 0.139984 -0.12372
713.71173 0.141867 -0.12142
713.80537 0.143709 -0.11908
713.89901 0.145509 -0.11672
713.99265 0.147266 -0.11433
714.08629 0.148981 -0.11192
714.17992 0.150653 -0.10947
714.27356 0.152281 -0.10700
714.36720 0.153865 -0.10450
714.46084 0.155404 -0.10198
714.55448 0.156899 -0.09944
714.64811 0.158349 -0.09687
714.74175 0.159753 -0.09427
714.83539 0.161110 -0.09166
714.92903 0.162422 -0.08902
715.02267 0.163687 -0.08637
715.11630 0.164905 -0.08369
715.20994 0.166076 -0.08100
715.30358 0.167200 -0.07828
715.39722 0.168275 -0.07555
715.49086 0.169303 -0.07280
715.58449 0.170282 -0.07004
715.67813 0.171213 -0.06726
715.77177 0.172095 -0.06447
715.86541 0.172927 -0.06166
715.95905 0.173711 -0.05884
716.05268 0.174445 -0.05601
716.14632 0.175130 -0.05317
716.23996 0.175765 -0.05032
716.33360 0.176351 -0.04746
716.42724 0.176886 -0.04459
716.52087 0.177371 -0.04171
716.61451 0.177806 -0.03882
716.70815 0.178191 -0.03593
716.80179 0.178525 -0.03303
716.89543 0.178809 -0.03013
716.98906 0.179043 -0.02723
717.08270 0.179226 -0.02432
717.17634 0.179358 -0.02141
717.26998 0.179440 -0.01850
717.36362 0.179472 -0.01558
717.45725 0.179453 -0.01267
717.55089 0.179383 -0.00976
717.64453 0.179264 -0.00686
717.73817 0.179094 -0.00395
717.83181 0.178873 -0.00105
717.92544 0.178603 0.00185
718.01908 0.178283 0.00474
718.11272 0.177912 0.00762
718.20636 0.177492 0.01050
718.30000 0.177022 0.01337
718.39363 0.176503 0.01623
718.48727 0.175935 0.01908
718.58091 0.175317 0.02193
718.67455 0.174651 0.02476
718.76819 0.173936 0.02757
718.86182 0.173172 0.03038
718.95546 0.172361 0.03317
719.04910 0.171501 0.03595
719.14274 0.170594 0.03871
719.23638 0.169639 0.04146
719.33001 0.168637 0.04419
719.42365 0.167589 0.04690
719.51729 0.166494 0.04959
719.61093 0.165353 0.05227
719.70457 0.164167 0.05492
719.79820 0.162935 0.05756
719.89184 0.161658 0.06017
719.98548 0.160336 0.06276
720.07912 0.158971 0.06533
720.17276 0.157561 0.06787
720.26639 0.156108 0.07039
720.36003 0.154613 0.07289
720.45367 0.153075 0.07536
720.54731 0.151494 0.07780
720.64095 0.149873 0.08021
720.73458 0.148210 0.08260
720.82822 0.146507 0.08496
720.92186 0.144764 0.08729
721.01550 0.142982 0.08959
721.10914 0.141160 0.09186
721.20277 0.139300 0.09409
721.29641 0.137403 0.09630
721.39005 0.135468 0.09847
721.48369 0.133496 0.10061
721.57733 0.131489 0.10272
721.67096 0.129446 0.10479
721.76460 0.127368 0.10683
721.85824 0.125255 0.10883
721.95188 0.123110 0.11080
722.04552 0.120931 0.11273
722.13915 0.118720 0.11462
722.23279 0.116477 0.11647
722.32643 0.114204 0.11829
722.42007 0.111900 0.12006
722.51371 0.109566 0.12180
722.60734 0.107204 0.12350
722.70098 0.104813 0.12515
722.79462 0.102395 0.12677
722.88826 0.099950 0.12834
722.98190 0.097479 0.12988
723.07553 0.094983 0.13137
723.16917 0.092463 0.13281
723.26281 0.089918 0.13422
723.35645 0.087351 0.13558
723.45009 0.084761 0.13690
723.54372 0.082150 0.13817
723.63736 0.079519 0.13940
723.73100 0.076867 0.14058
723.82464 0.074196 0.14172
723.91828 0.071508 0.14281
724.01192 0.068801 0.14386
724.10555 0.066078 0.14486
724.19919 0.063339 0.14581
724.29283 0.060585 0.14672
724.38647 0.057817 0.14758
724.48011 0.055036 0.14839
724.57374 0.052242 0.14915
724.66738 0.049437 0.14987
724.76102 0.046620 0.15054
724.85466 0.043794 0.15116
724.94830 0.040959 0.15173
725.04193 0.038115 0.15225
725.13557 0.035264 0.15273
725.22921 0.032407 0.15315
725.32285 0.029544 0.15353
725.41649 0.026676 0.15386
725.51012 0.023804 0.15413
725.60376 0.020930 0.15436
725.69740 0.018053 0.15454
725.79104 0.015175 0.15467
725.88468 0.012296 0.15475
725.97831 0.009418 0.15479
726.07195 0.006541 0.15477
726.16559 0.003667 0.15470
726.25923 0.000796 0.15458
726.35287 -0.002071 0.15442
726.44650 -0.004934 0.15420
726.54014 -0.007790 0.15394
726.63378 -0.010640 0.15362
726.72742 -0.013483 0.15326
726.82106 -0.016316 0.15285
726.91469 -0.019141 0.15239
727.00833 -0.021956 0.15188
727.10197 -0.024759 0.15132
727.19561 -0.027551 0.15072
727.28925 -0.030330 0.15006
727.38288 -0.033095 0.14936
727.47652 -0.035846 0.14861
727.57016 -0.038581 0.14781
727.66380 -0.041301 0.14697
727.75744 -0.044003 0.14608
727.85107 -0.046688 0.14514
727.94471 -0.049353 0.14416
728.03835 -0.052000 0.14313
728.13199 -0.054626 0.14205
728.22563 -0.057230 0.14093
728.31926 -0.059813 0.13977
728.41290 -0.062373 0.13856
728.50654 -0.064910 0.13730
728.60018 -0.067422 0.13600
728.69382 -0.069909 0.13466
728.78745 -0.072370 0.13328
728.88109 -0.074804 0.13185
728.97473 -0.077211 0.13038
729.06837 -0.079589 0.12887
729.16201 -0.081939 0.12732
729.25564 -0.084259 0.12573
729.34928 -0.086548 0.12409
729.44292 -0.088807 0.12242
729.53656 -0.091033 0.12071
729.63020 -0.093227 0.11896
729.72383 -0.095387 0.11717
729.81747 -0.097514 0.11535
729.91111 -0.099606 0.11348
730.00475 -0.101662 0.11159
730.09839 -0.103683 0.10965
730.19202 -0.105667 0.10768
730.28566 -0.107614 0.10568
730.37930 -0.109523 0.10364
730.47294 -0.111393 0.10157
730.56658 -0.113224 0.09947
730.66021 -0.115016 0.09734
730.75385 -0.116768 0.09517
730.84749 -0.118478 0.09298
730.94113 -0.120148 0.09075
731.03477 -0.121775 0.08850
731.12840 -0.123361 0.08621
731.22204 -0.124903 0.08391
731.31568 -0.126402 0.08157
731.40932 -0.127857 0.07921
731.50296 -0.129268 0.07682
731.59659 -0.130633 0.07441
731.69023 -0.131954 0.07197
731.78387 -0.133229 0.06951
731.87751 -0.134458 0.06703
731.97115 -0.135641 0.06453
732.06478 -0.136776 0.06201
732.15842 -0.137865 0.05947
732.25206 -0.138906 0.05691
732.34570 -0.139899 0.05433
732.43934 -0.140843 0.05173
732.53297 -0.141740 0.04912
732.62661 -0.142587 0.04650
732.72025 -0.143385 0.04385
732.81389 -0.144134 0.04120
732.90753 -0.144834 0.03853
733.00116 -0.145483 0.03585
733.09480 -0.146082 0.03316
733.18844 -0.146632 0.03046
733.28208 -0.147130 0.02775
733.37572 -0.147579 0.02503
733.46935 -0.147976 0.02230
733.56299 -0.148322 0.01957
733.65663 -0.148618 0.01683
733.75027 -0.148862 0.01408
733.84391 -0.149056 0.01133
733.93755 -0.149198 0.00858
734.03118 -0.149288 0.00583
734.12482 -0.149328 0.00307
734.21846 -0.149316 0.00032
734.31210 -0.149252 -0.00244
734.40574 -0.149138 -0.00519
734.49937 -0.148972 -0.00794
734.59301 -0.148755 -0.01069
734.68665 -0.148486 -0.01343
734.78029 -0.148167 -0.01617
734.87393 -0.147796 -0.01891
734.96756 -0.147375 -0.02163
735.06120 -0.146903 -0.02435
735.15484 -0.146380 -0.02706
735.24848 -0.145806 -0.02976
735.34212 -0.145183 -0.03245
735.43575 -0.144509 -0.03513
735.52939 -0.143786 -0.03780
735.62303 -0.143013 -0.04045
735.71667 -0.142190 -0.04309
735.81031 -0.141319 -0.04572
735.90394 -0.140398 -0.04833
735.99758 -0.139429 -0.05092
736.09122 -0.138412 -0.05350
736.18486 -0.137347 -0.05605
736.27850 -0.136234 -0.05859
736.37213 -0.135074 -0.06111
736.46577 -0.133867 -0.06361
736.55941 -0.132613 -0.06609
736.65305 -0.131314 -0.06854
736.74669 -0.129969 -0.07097
736.84032 -0.128578 -0.07338
736.93396 -0.127143 -0.07576
737.02760 -0.125664 -0.07812
737.12124 -0.124140 -0.08045
737.21488 -0.122574 -0.08276
737.30851 -0.120964 -0.08503
737.40215 -0.119312 -0.08728
737.49579 -0.117618 -0.08950
737.58943 -0.115883 -0.09169
737.68307 -0.114107 -0.09384
737.77670 -0.112291 -0.09597
737.87034 -0.110436 -0.09806
737.96398 -0.108541 -0.10013
738.05762 -0.106608 -0.10215
738.15126 -0.104638 -0.10415
738.24489 -0.102630 -0.10611
738.33853 -0.100586 -0.10803
738.43217 -0.098506 -0.10992
738.52581 -0.096390 -0.11177
738.61945 -0.094241 -0.11358
738.71308 -0.092057 -0.11535
738.80672 -0.089840 -0.11709
738.90036 -0.087591 -0.11879
738.99400 -0.085311 -0.12045
739.08764 -0.082999 -0.12206
739.18127 -0.080657 -0.12364
739.27491 -0.078286 -0.12517
739.36855 -0.075886 -0.12667
739.46219 -0.073458 -0.12812
739.55583 -0.071003 -0.12953
739.64946 -0.068522 -0.13089
739.74310 -0.066015 -0.13221
739.83674 -0.063484 -0.13349
739.93038 -0.060928 -0.13472
740.02402 -0.058349 -0.13591
740.11765 -0.055749 -0.13705
740.21129 -0.053126 -0.13814
740.30493 -0.050483 -0.13919
740.39857 -0.047821 -0.14020
740.49221 -0.045139 -0.14115
740.58584 -0.042439 -0.14206
740.67948 -0.039722 -0.14292
740.77312 -0.036989 -0.14374
740.86676 -0.034241 -0.14450
740.96040 -0.031478 -0.14522
741.05403 -0.028701 -0.14589
741.14767 -0.025911 -0.14650
741.24131 -0.023110 -0.14707
741.33495 -0.020297 -0.14760
741.42859 -0.017475 -0.14807
741.52222 -0.014643 -0.14849
741.61586 -0.011803 -0.14886
741.70950 -0.008956 -0.14918
741.80314 -0.006102 -0.14945
741.89678 -0.003243 -0.14968
741.99041 -0.000379 -0.14985
742.08405 0.002488 -0.14997
742.17769 0.005358 -0.15004
742.27133 0.008230 -0.15006
742.36497 0.011103 -0.15003
742.45860 0.013976 -0.14995
742.55224 0.016848 -0.14981
742.64588 0.019719 -0.14963
742.73952 0.022586 -0.14940
742.83316 0.025450 -0.14912
742.92679 0.028309 -0.14878
743.02043 0.031162 -0.14840
743.11407 0.034010 -0.14797
743.20771 0.036849 -0.14748
743.30135 0.039681 -0.14695
743.39498 0.042503 -0.14636
743.48862 0.045315 -0.14573
743.58226 0.048116 -0.14505
743.67590 0.050905 -0.14432
743.76954 0.053682 -0.14354
743.86318 0.056444 -0.14271
743.95681 0.059192 -0.14183
744.05045 0.061925 -0.14090
744.14409 0.064641 -0.13993
744.23773 0.067340 -0.13891
744.33137 0.070021 -0.13784
744.42500 0.072682 -0.13672
744.51864 0.075324 -0.13556
744.61228 0.077945 -0.13435
744.70592 0.080545 -0.13309
744.79956 0.083122 -0.13179
744.89319 0.085676 -0.13044
744.98683 0.088206 -0.12905
745.08047 0.090711 -0.12761
745.17411 0.093191 -0.12613
745.26775 0.095643 -0.12461
745.36138 0.098069 -0.12304
745.45502 0.100466 -0.12143
745.54866 0.102835 -0.11978
745.64230 0.105174 -0.11809
745.73594 0.107482 -0.11635
745.82957 0.109760 -0.11458
745.92321 0.112005 -0.11276
746.01685 0.114218 -0.11091
746.11049 0.116397 -0.10901
746.20413 0.118543 -0.10708
746.29776 0.120653 -0.10511
746.39140 0.122728 -0.10311
746.48504 0.124767 -0.10106
746.57868 0.126769 -0.09898
746.67232 0.128734 -0.09687
746.76595 0.130661 -0.09472
746.85959 0.132548 -0.09254
746.95323 0.134397 -0.09032
747.04687 0.136205 -0.08807
747.14051 0.137973 -0.08579
747.23414 0.139700 -0.08348
747.32778 0.141385 -0.08114
747.42142 0.143028 -0.07877
747.51506 0.144628 -0.07637
747.60870 0.146185 -0.07394
747.70233 0.147698 -0.07149
747.79597 0.149166 -0.06900
747.88961 0.150590 -0.06650
747.98325 0.151968 -0.06396
748.07689 0.153301 -0.06140
748.17052 0.154587 -0.05882
748.26416 0.155827 -0.05622
748.35780 0.157019 -0.05359
748.45144 0.158165 -0.05095
748.54508 0.159262 -0.04828
748.63871 0.160312 -0.04559
748.73235 0.161312 -0.04289
748.82599 0.162264 -0.04017
748.91963 0.163167 -0.03743
749.01327 0.164020 -0.03467
749.10690 0.164824 -0.03190
749.20054 0.165577 -0.02912
749.29418 0.166281 -0.02632
749.38782 0.166933 -0.02351
749.48146 0.167535 -0.02069
749.57509 0.168087 -0.01785
749.66873 0.168587 -0.01501
749.76237 0.169035 -0.01216
749.85601 0.169432 -0.00930
749.94965 0.169778 -0.00643
750.04328 0.170072 -0.00356
750.13692 0.170314 -0.00068
750.23056 0.170505 0.00220
750.32420 0.170643 0.00509
750.41784 0.170729 0.00798
750.51147 0.170763 0.01087
750.60511 0.170745 0.01376
750.69875 0.170675 0.01666
750.79239 0.170553 0.01955
750.88603 0.170379 0.02244
750.97966 0.170153 0.02533
751.07330 0.169875 0.02821
751.16694 0.169545 0.03109
751.26058 0.169163 0.03397
751.35422 0.168730 0.03683
751.44785 0.168245 0.03970
751.54149 0.167708 0.04255
751.63513 0.167120 0.04540
751.72877 0.166481 0.04823
751.82241 0.165792 0.05106
751.91604 0.165051 0.05387
752.00968 0.164260 0.05667
752.10332 0.163418 0.05946
752.19696 0.162527 0.06224
752.29060 0.161585 0.06500
752.38423 0.160594 0.06774
752.47787 0.159554 0.07047
752.57151 0.158465 0.07318
752.66515 0.157327 0.07588
752.75879 0.156141 0.07855
752.85242 0.154906 0.08121
752.94606 0.153625 0.08385
753.03970 0.152295 0.08646
753.13334 0.150919 0.08905
753.22698 0.149497 0.09162
753.32061 0.148028 0.09417
753.41425 0.146513 0.09669
753.50789 0.144953 0.09919
753.60153 0.143349 0.10166
753.69517 0.141700 0.10411
753.78881 0.140007 0.10653
753.88244 0.138270 0.10892
753.97608 0.136491 0.11128
754.06972 0.134669 0.11361
754.16336 0.132805 0.11592
754.25700 0.130900 0.11819
754.35063 0.128954 0.12043
754.44427 0.126967 0.12264
754.53791 0.124941 0.12482
754.63155 0.122875 0.12696
754.72519 0.120770 0.12907
754.81882 0.118628 0.13115
754.91246 0.116448 0.13319
755.00610 0.114231 0.13519
755.09974 0.111978 0.13716
755.19338 0.109689 0.13910
755.28701 0.107365 0.14099
755.38065 0.105007 0.14285
755.47429 0.102615 0.14467
755.56793 0.100190 0.14645
755.66157 0.097732 0.14819
755.75520 0.095243 0.14989
755.84884 0.092722 0.15155
755.94248 0.090171 0.15317
756.03612 0.087591 0.15474
756.12976 0.084981 0.15628
756.22339 0.082343 0.15777
756.31703 0.079678 0.15922
756.41067 0.076986 0.16063
756.50431 0.074268 0.16199
756.59795 0.071524 0.16331
756.69158 0.068756 0.16458
756.78522 0.065964 0.16581
756.87886 0.063148 0.16700
756.97250 0.060311 0.16814
757.06614 0.057452 0.16923
757.15977 0.054572 0.17028
757.25341 0.051672 0.17127
757.34705 0.048753 0.17223
757.44069 0.045816 0.17313
757.53433 0.042860 0.17399
757.62796 0.039889 0.17480
757.72160 0.036901 0.17556
757.81524 0.033897 0.17628
757.90888 0.030880 0.17694
758.00252 0.027849 0.17756
758.09615 0.024805 0.17813
758.18979 0.021749 0.17864
758.28343 0.018682 0.17911
758.37707 0.015605 0.17953
758.47071 0.012518 0.17990
758.56434 0.009423 0.18022
758.65798 0.006320 0.18049
758.75162 0.003210 0.18071
758.84526 0.000094 0.18088
758.93890 -0.003027 0.18100
759.03253 -0.006153 0.18107
759.12617 -0.009282 0.18109
759.21981 -0.012414 0.18106
759.31345 -0.015547 0.18097
759.40709 -0.018682 0.18084
759.50072 -0.021817 0.18066
759.59436 -0.024951 0.18042
759.68800 -0.028083 0.18014
759.78164 -0.031213 0.17981
759.87528 -0.034340 0.17942
759.96891 -0.037463 0.17898
760.06255 -0.040580 0.17850
760.15619 -0.043692 0.17796
760.24983 -0.046797 0.17738
760.34347 -0.049895 0.17674
760.43710 -0.052984 0.17605
760.53074 -0.056064 0.17532
760.62438 -0.059134 0.17453
760.71802 -0.062193 0.17370
760.81166 -0.065240 0.17281
760.90529 -0.068275 0.17188
760.99893 -0.071296 0.17090
761.09257 -0.074303 0.16986
761.18621 -0.077294 0.16878
761.27985 -0.080270 0.16766
761.37348 -0.083229 0.16648
761.46712 -0.086171 0.16526
761.56076 -0.089094 0.16399
761.65440 -0.091998 0.16267
761.74804 -0.094882 0.16131
761.84167 -0.097745 0.15989
761.93531 -0.100586 0.15844
762.02895 -0.103405 0.15693
762.12259 -0.106201 0.15539
762.21623 -0.108973 0.15379
762.30986 -0.111720 0.15216
762.40350 -0.114442 0.15047
762.49714 -0.117137 0.14875
762.59078 -0.119805 0.14698
762.68442 -0.122446 0.14517
762.77805 -0.125057 0.14331
762.87169 -0.127640 0.14141
762.96533 -0.130192 0.13948
763.05897 -0.132714 0.13750
763.15261 -0.135204 0.13548
763.24624 -0.137662 0.13341
763.33988 -0.140087 0.13131
763.43352 -0.142479 0.12918
763.52716 -0.144836 0.12700
763.62080 -0.147158 0.12478
763.71444 -0.149444 0.12253
763.80807 -0.151694 0.12024
763.90171 -0.153908 0.11791
763.99535 -0.156083 0.11555
764.08899 -0.158220 0.11315
764.18263 -0.160319 0.11072
764.27626 -0.162378 0.10826
764.36990 -0.164396 0.10576
764.46354 -0.166374 0.10323
764.55718 -0.168311 0.10067
764.65082 -0.170206 0.09807
764.74445 -0.172058 0.09545
764.83809 -0.173867 0.09280
764.93173 -0.175633 0.09011
765.02537 -0.177355 0.08740
765.11901 -0.179032 0.08466
765.21264 -0.180664 0.08190
765.30628 -0.182250 0.07910
765.39992 -0.183790 0.07629
765.49356 -0.185284 0.07344
765.58720 -0.186731 0.07058
765.68083 -0.188130 0.06769
765.77447 -0.189481 0.06477
765.86811 -0.190783 0.06184
765.96175 -0.192037 0.05889
766.05539 -0.193242 0.05591
766.14902 -0.194397 0.05292
766.24266 -0.195503 0.04991
766.33630 -0.196558 0.04688
766.42994 -0.197562 0.04383
766.52358 -0.198515 0.04077
766.61721 -0.199417 0.03769
766.71085 -0.200268 0.03460
766.80449 -0.201066 0.03149
766.89813 -0.201812 0.02838
766.99177 -0.202506 0.02525
767.08540 -0.203148 0.02211
767.17904 -0.203736 0.01896
767.27268 -0.204271 0.01580
767.36632 -0.204753 0.01263
767.45996 -0.205181 0.00945
767.55359 -0.205556 0.00627
767.64723 -0.205877 0.00309
767.74087 -0.206143 -0.00011
767.83451 -0.206356 -0.00330
767.92815 -0.206514 -0.00650
768.02178 -0.206619 -0.00970
768.11542 -0.206668 -0.01290
768.20906 -0.206663 -0.01610
768.30270 -0.206604 -0.01930
768.39634 -0.206490 -0.02250
768.48997 -0.206322 -0.02570
768.58361 -0.206099 -0.02889
768.67725 -0.205821 -0.03208
768.77089 -0.205489 -0.03526
768.86453 -0.205103 -0.03844
768.95816 -0.204662 -0.04161
769.05180 -0.204166 -0.04477
769.14544 -0.203617 -0.04792
769.23908 -0.203013 -0.05106
769.33272 -0.202355 -0.05420
769.42635 -0.201644 -0.05732
769.51999 -0.200878 -0.06043
769.61363 -0.200060 -0.06352
769.70727 -0.199188 -0.06660
769.80091 -0.198262 -0.06967
769.89454 -0.197284 -0.07272
769.98818 -0.196253 -0.07575
770.08182 -0.195170 -0.07876
770.17546 -0.194035 -0.08176
770.26910 -0.192847 -0.08474
770.36273 -0.191609 -0.08769
770.45637 -0.190318 -0.09063
770.55001 -0.188978 -0.09354
770.64365 -0.187586 -0.09643
770.73729 -0.186144 -0.09930
770.83092 -0.184653 -0.10214
770.92456 -0.183112 -0.10495
771.01820 -0.181522 -0.10774
771.11184 -0.179883 -0.11051
771.20548 -0.178197 -0.11324
771.29911 -0.176462 -0.11595
771.39275 -0.174681 -0.11862
771.48639 -0.172853 -0.12127
771.58003 -0.170978 -0.12388
771.67367 -0.169058 -0.12647
771.76730 -0.167092 -0.12902
771.86094 -0.165082 -0.13153
771.95458 -0.163028 -0.13402
772.04822 -0.160930 -0.13647
772.14186 -0.158789 -0.13888
772.23549 -0.156606 -0.14126
772.32913 -0.154381 -0.14360
772.42277 -0.152115 -0.14590
772.51641 -0.149809 -0.14816
772.61005 -0.147462 -0.15039
772.70368 -0.145077 -0.15257
772.79732 -0.142652 -0.15472
772.89096 -0.140190 -0.15682
772.98460 -0.137691 -0.15889
773.07824 -0.135155 -0.16091
773.17187 -0.132584 -0.16289
773.26551 -0.129977 -0.16482
773.35915 -0.127336 -0.16671
773.45279 -0.124662 -0.16856
773.54643 -0.121955 -0.17036
773.64007 -0.119215 -0.17212
773.73370 -0.116445 -0.17383
773.82734 -0.113644 -0.17549
773.92098 -0.110813 -0.17711
774.01462 -0.107953 -0.17868
774.10826 -0.105066 -0.18021
774.20189 -0.102151 -0.18168
774.29553 -0.099209 -0.18311
774.38917 -0.096242 -0.18448
774.48281 -0.093251 -0.18581
774.57645 -0.090235 -0.18709
774.67008 -0.087196 -0.18831
774.76372 -0.084135 -0.18949
774.85736 -0.081053 -0.19061
774.95100 -0.077951 -0.19169
775.04464 -0.074828 -0.19271
775.13827 -0.071687 -0.19368
775.23191 -0.068529 -0.19460
775.32555 -0.065353 -0.19547
775.41919 -0.062162 -0.19628
775.51283 -0.058955 -0.19704
775.60646 -0.055734 -0.19775
775.70010 -0.052501 -0.19840
775.79374 -0.049254 -0.19900
775.88738 -0.045997 -0.19955
775.98102 -0.042728 -0.20005
776.07465 -0.039451 -0.20049
776.16829 -0.036164 -0.20087
776.26193 -0.032870 -0.20120
776.35557 -0.029569 -0.20148
776.44921 -0.026263 -0.20170
776.54284 -0.022951 -0.20187
776.63648 -0.019636 -0.20199
776.73012 -0.016317 -0.20205
776.82376 -0.012997 -0.20205
776.91740 -0.009675 -0.20201
777.01103 -0.006353 -0.20190
777.10467 -0.003032 -0.20175
777.19831 0.000287 -0.20153
777.29195 0.003604 -0.20127
777.38559 0.006917 -0.20095
777.47922 0.010226 -0.20058
777.57286 0.013530 -0.20015
777.66650 0.016827 -0.19967
777.76014 0.020117 -0.19913
777.85378 0.023398 -0.19855
777.94741 0.026671 -0.19791
778.04105 0.029933 -0.19721
778.13469 0.033185 -0.19647
778.22833 0.036425 -0.19567
778.32197 0.039652 -0.19482
778.41560 0.042865 -0.19391
778.50924 0.046064 -0.19296
778.60288 0.049247 -0.19195
778.69652 0.052414 -0.19089
778.79016 0.055564 -0.18979
778.88379 0.058696 -0.18863
778.97743 0.061809 -0.18742
779.07107 0.064902 -0.18616
779.16471 0.067974 -0.18485
779.25835 0.071025 -0.18349
779.35198 0.074053 -0.18209
779.44562 0.077059 -0.18064
779.53926 0.080040 -0.17913
779.63290 0.082996 -0.17759
779.72654 0.085927 -0.17599
779.82017 0.088832 -0.17435
779.91381 0.091709 -0.17266
780.00745 0.094558 -0.17093
780.10109 0.097378 -0.16915
780.19473 0.100169 -0.16733
780.28836 0.102929 -0.16546
780.38200 0.105658 -0.16356
780.47564 0.108356 -0.16160
780.56928 0.111021 -0.15961
780.66292 0.113652 -0.15758
780.75655 0.116250 -0.15550
780.85019 0.118813 -0.15338
780.94383 0.121340 -0.15123
781.03747 0.123832 -0.14903
781.13111 0.126287 -0.14680
781.22474 0.128704 -0.14453
781.31838 0.131083 -0.14222
781.41202 0.133424 -0.13988
781.50566 0.135725 -0.13750
781.59930 0.137986 -0.13508
781.69293 0.140207 -0.13263
781.78657 0.142387 -0.13015
781.88021 0.144525 -0.12764
781.97385 0.146621 -0.12509
782.06749 0.148674 -0.12251
782.16112 0.150684 -0.11990
782.25476 0.152650 -0.11726
782.34840 0.154571 -0.11459
782.44204 0.156448 -0.11189
782.53568 0.158279 -0.10917
782.62931 0.160064 -0.10641
782.72295 0.161803 -0.10364
782.81659 0.163496 -0.10083
782.91023 0.165141 -0.09801
783.00387 0.166738 -0.09515
783.09750 0.168288 -0.09228
783.19114 0.169789 -0.08938
783.28478 0.171242 -0.08647
783.37842 0.172645 -0.08353
783.47206 0.173999 -0.08057
783.56570 0.175303 -0.07760
783.65933 0.176556 -0.07460
783.75297 0.177760 -0.07159
783.84661 0.178912 -0.06857
783.94025 0.180014 -0.06552
784.03389 0.181064 -0.06247
784.12752 0.182063 -0.05940
784.22116 0.183010 -0.05631
784.31480 0.183905 -0.05322
784.40844 0.184748 -0.05012
784.50208 0.185538 -0.04700
784.59571 0.186276 -0.04388
784.68935 0.186961 -0.04074
784.78299 0.187593 -0.03760
784.87663 0.188173 -0.03446
784.97027 0.188699 -0.03131
785.06390 0.189172 -0.02815
785.15754 0.189591 -0.02499
785.25118 0.189958 -0.02183
785.34482 0.190271 -0.01866
785.43846 0.190530 -0.01550
785.53209 0.190736 -0.01233
785.62573 0.190888 -0.00917
785.71937 0.190987 -0.00600
785.81301 0.191033 -0.00284
785.90665 0.191025 0.00032
786.00028 0.190964 0.00347
786.09392 0.190849 0.00662
786.18756 0.190681 0.00976
786.28120 0.190460 0.01290
786.37484 0.190186 0.01603
786.46847 0.189859 0.01915
786.56211 0.189479 0.02226
786.65575 0.189047 0.02536
786.74939 0.188563 0.02844
786.84303 0.188026 0.03152
786.93666 0.187437 0.03458
787.03030 0.186796 0.03763
787.12394 0.186103 0.04066
787.21758 0.185360 0.04368
787.31122 0.184565 0.04669
787.40485 0.183719 0.04967
787.49849 0.182823 0.05264
787.59213 0.181876 0.05558
787.68577 0.180880 0.05851
787.77941 0.179834 0.06142
787.87304 0.178739 0.06431
787.96668 0.177595 0.06717
788.06032 0.176402 0.07001
788.15396 0.175161 0.07283
788.24760 0.173873 0.07562
788.34123 0.172537 0.07839
788.43487 0.171155 0.08113
788.52851 0.169725 0.08384
788.62215 0.168250 0.08653
788.71579 0.166730 0.08918
788.80942 0.165164 0.09181
788.90306 0.163554 0.09441
788.99670 0.161899 0.09698
789.09034 0.160202 0.09951
789.18398 0.158461 0.10202
789.27761 0.156677 0.10449
789.37125 0.154852 0.10693
789.46489 0.152986 0.10933
789.55853 0.151078 0.11170
789.65217 0.149130 0.11403
789.74580 0.147143 0.11633
789.83944 0.145117 0.11859
789.93308 0.143053 0.12082
790.02672 0.140950 0.12300
790.12036 0.138811 0.12515
790.21399 0.136635 0.12726
790.30763 0.134424 0.12932
790.40127 0.132177 0.13135
790.49491 0.129896 0.13334
790.58855 0.127581 0.13528
790.68218 0.125233 0.13719
790.77582 0.122853 0.13905
790.86946 0.120442 0.14086
790.96310 0.117999 0.14264
791.05674 0.115526 0.14437
791.15037 0.113024 0.14605
791.24401 0.110494 0.14769
791.33765 0.107936 0.14929
791.43129 0.105350 0.15084
791.52493 0.102738 0.15234
791.61856 0.100101 0.15380
791.71220 0.097439 0.15521
791.80584 0.094754 0.15657
791.89948 0.092045 0.15788
791.99312 0.089314 0.15914
792.08675 0.086561 0.16036
792.18039 0.083788 0.16153
792.27403 0.080995 0.16265
792.36767 0.078183 0.16372
792.46131 0.075353 0.16474
792.55494 0.072506 0.16570
792.64858 0.069643 0.16662
792.74222 0.066764 0.16749
792.83586 0.063870 0.16831
792.92950 0.060963 0.16907
793.02313 0.058043 0.16979
793.11677 0.055111 0.17045
793.21041 0.052167 0.17107
793.30405 0.049214 0.17163
793.39769 0.046251 0.17213
793.49133 0.043279 0.17259
793.58496 0.040301 0.17299
793.67860 0.037315 0.17335
793.77224 0.034324 0.17365
793.86588 0.031327 0.17389
793.95952 0.028327 0.17409
794.05315 0.025324 0.17423
794.14679 0.022319 0.17432
794.24043 0.019312 0.17436
794.33407 0.016305 0.17434
794.42771 0.013299 0.17428
794.52134 0.010294 0.17416
794.61498 0.007292 0.17398
794.70862 0.004293 0.17376
794.80226 0.001298 0.17348
794.89590 -0.001692 0.17315
794.98953 -0.004676 0.17277
795.08317 -0.007653 0.17234
795.17681 -0.010622 0.17186
795.27045 -0.013582 0.17132
795.36409 -0.016533 0.17074
795.45772 -0.019473 0.17010
795.55136 -0.022402 0.16941
795.64500 -0.025318 0.16867
795.73864 -0.028222 0.16788
795.83228 -0.031111 0.16704
795.92591 -0.033985 0.16615
796.01955 -0.036844 0.16521
796.11319 -0.039686 0.16422
796.20683 -0.042510 0.16318
796.30047 -0.045316 0.16210
796.39410 -0.048103 0.16096
796.48774 -0.050869 0.15978
796.58138 -0.053615 0.15855
796.67502 -0.056339 0.15727
796.76866 -0.059040 0.15595
796.86229 -0.061718 0.15458
796.95593 -0.064372 0.15316
797.04957 -0.067000 0.15170
797.14321 -0.069603 0.15019
797.23685 -0.072179 0.14864
797.33048 -0.074727 0.14704
797.42412 -0.077248 0.14541
797.51776 -0.079739 0.14372
797.61140 -0.082201 0.14200
797.70504 -0.084632 0.14023
797.79867 -0.087032 0.13842
797.89231 -0.089399 0.13657
797.98595 -0.091734 0.13469
798.07959 -0.094036 0.13276
798.17323 -0.096303 0.13079
798.26686 -0.098536 0.12878
798.36050 -0.100733 0.12674
798.45414 -0.102894 0.12466
798.54778 -0.105018 0.12254
798.64142 -0.107104 0.12039
798.73505 -0.109152 0.11820
798.82869 -0.111161 0.11597
798.92233 -0.113131 0.11372
799.01597 -0.115061 0.11143
799.10961 -0.116950 0.10911
799.20324 -0.118798 0.10675
799.29688 -0.120604 0.10437
799.39052 -0.122368 0.10195
799.48416 -0.124089 0.09951
799.57780 -0.125766 0.09704
799.67143 -0.127399 0.09454
799.76507 -0.128988 0.09201
799.85871 -0.130532 0.08945
799.95235 -0.132030 0.08688
800.04599 -0.133483 0.08427
800.13962 -0.134889 0.08165
800.23326 -0.136248 0.07900
800.32690 -0.137560 0.07632
800.42054 -0.138824 0.07363
800.51418 -0.140040 0.07092
800.60781 -0.141208 0.06818
800.70145 -0.142327 0.06543
800.79509 -0.143397 0.06266
800.88873 -0.144417 0.05988
800.98237 -0.145388 0.05708
801.07600 -0.146308 0.05426
801.16964 -0.147178 0.05143
801.26328 -0.147997 0.04858
801.35692 -0.148765 0.04573
801.45056 -0.149482 0.04286
801.54419 -0.150148 0.03998
801.63783 -0.150762 0.03709
801.73147 -0.151324 0.03420
801.82511 -0.151834 0.03129
801.91875 -0.152292 0.02838
802.01238 -0.152698 0.02547
802.10602 -0.153051 0.02254
802.19966 -0.153352 0.01962
802.29330 -0.153600 0.01669
802.38694 -0.153796 0.01376
802.48057 -0.153939 0.01083
802.57421 -0.154028 0.00790
802.66785 -0.154066 0.00497
802.76149 -0.154050 0.00204
802.85513 -0.153981 -0.00089
802.94876 -0.153860 -0.00381
803.04240 -0.153686 -0.00672
803.13604 -0.153459 -0.00964
803.22968 -0.153180 -0.01254
803.32332 -0.152848 -0.01544
803.41696 -0.152463 -0.01833
803.51059 -0.152027 -0.02121
803.60423 -0.151538 -0.02407
803.69787 -0.150997 -0.02693
803.79151 -0.150405 -0.02978
803.88515 -0.149761 -0.03261
803.97878 -0.149066 -0.03543
804.07242 -0.148319 -0.03823
804.16606 -0.147522 -0.04102
804.25970 -0.146673 -0.04379
804.35334 -0.145775 -0.04654
804.44697 -0.144827 -0.04927
804.54061 -0.143829 -0.05198
804.63425 -0.142781 -0.05468
804.72789 -0.141684 -0.05735
804.82153 -0.140539 -0.06000
804.91516 -0.139346 -0.06262
805.00880 -0.138104 -0.06522
805.10244 -0.136816 -0.06780
805.19608 -0.135480 -0.07035
805.28972 -0.134097 -0.07287
805.38335 -0.132669 -0.07537
805.47699 -0.131194 -0.07783
805.57063 -0.129675 -0.08027
805.66427 -0.128111 -0.08268
805.75791 -0.126503 -0.08506
805.85154 -0.124851 -0.08740
805.94518 -0.123156 -0.08972
806.03882 -0.121419 -0.09200
806.13246 -0.119640 -0.09424
806.22610 -0.117820 -0.09645
806.31973 -0.115959 -0.09863
806.41337 -0.114058 -0.10077
806.50701 -0.112117 -0.10287
806.60065 -0.110138 -0.10494
806.69429 -0.108121 -0.10696
806.78792 -0.106066 -0.10895
806.88156 -0.103975 -0.11090
806.97520 -0.101848 -0.11280
807.06884 -0.099685 -0.11467
807.16248 -0.097488 -0.11649
807.25611 -0.095257 -0.11828
807.34975 -0.092993 -0.12001
807.44339 -0.090697 -0.12171
807.53703 -0.088369 -0.12336
807.63067 -0.086011 -0.12497
807.72430 -0.083623 -0.12653
807.81794 -0.081205 -0.12804
807.91158 -0.078760 -0.12951
808.00522 -0.076287 -0.13094
808.09886 -0.073787 -0.13231
808.19249 -0.071261 -0.13364
808.28613 -0.068711 -0.13492
808.37977 -0.066137 -0.13615
808.47341 -0.063539 -0.13733
808.56705 -0.060919 -0.13846
808.66068 -0.058278 -0.13954
808.75432 -0.055616 -0.14057
808.84796 -0.052935 -0.14155
808.94160 -0.050235 -0.14248
809.03524 -0.047517 -0.14336
809.12887 -0.044783 -0.14419
809.22251 -0.042032 -0.14497
809.31615 -0.039267 -0.14569
809.40979 -0.036488 -0.14636
809.50343 -0.033695 -0.14698
809.59706 -0.030891 -0.14754
809.69070 -0.028075 -0.14805
809.78434 -0.025249 -0.14851
809.87798 -0.022414 -0.14892
809.97162 -0.019570 -0.14927
810.06525 -0.016720 -0.14956
810.15889 -0.013863 -0.14981
810.25253 -0.011000 -0.15000
810.34617 -0.008133 -0.15013
810.43981 -0.005263 -0.15022
810.53344 -0.002391 -0.15024
810.62708 0.000483 -0.15022
810.72072 0.003358 -0.15013
810.81436 0.006231 -0.15000
810.90800 0.009104 -0.14981
811.00163 0.011974 -0.14957
811.09527 0.014840 -0.14927
811.18891 0.017702 -0.14892
811.28255 0.020558 -0.14851
811.37619 0.023408 -0.14805
811.46982 0.026251 -0.14754
811.56346 0.029085 -0.14698
811.65710 0.031910 -0.14636
811.75074 0.034725 -0.14568
811.84438 0.037528 -0.14496
811.93801 0.040319 -0.14418
812.03165 0.043097 -0.14335
812.12529 0.045861 -0.14247
812.21893 0.048610 -0.14154
812.31257 0.051342 -0.14055
812.40620 0.054058 -0.13951
812.49984 0.056756 -0.13843
812.59348 0.059435 -0.13729
812.68712 0.062094 -0.13610
812.78076 0.064732 -0.13486
812.87439 0.067349 -0.13358
812.96803 0.069944 -0.13224
813.06167 0.072515 -0.13086
813.15531 0.075062 -0.12942
813.24895 0.077584 -0.12794
813.34259 0.080080 -0.12642
813.43622 0.082549 -0.12484
813.52986 0.084990 -0.12322
813.62350 0.087403 -0.12156
813.71714 0.089786 -0.11985
813.81078 0.092140 -0.11809
813.90441 0.094462 -0.11629
813.99805 0.096753 -0.11445
814.09169 0.099011 -0.11257
814.18533 0.101235 -0.11064
814.27897 0.103426 -0.10867
814.37260 0.105581 -0.10666
814.46624 0.107701 -0.10461
814.55988 0.109785 -0.10253
814.65352 0.111832 -0.10040
814.74716 0.113841 -0.09824
814.84079 0.115811 -0.09603
814.93443 0.117742 -0.09379
815.02807 0.119633 -0.09152
815.12171 0.121484 -0.08921
815.21535 0.123294 -0.08687
815.30898 0.125062 -0.08449
815.40262 0.126788 -0.08208
815.49626 0.128470 -0.07964
815.58990 0.130110 -0.07716
815.68354 0.131705 -0.07466
815.77717 0.133255 -0.07213
815.87081 0.134760 -0.06956
815.96445 0.136219 -0.06697
816.05809 0.137632 -0.06436
816.15173 0.138999 -0.06172
816.24536 0.140318 -0.05905
816.33900 0.141589 -0.05636
816.43264 0.142812 -0.05364
816.52628 0.143987 -0.05090
816.61992 0.145112 -0.04814
816.71355 0.146188 -0.04536
816.80719 0.147215 -0.04256
816.90083 0.148191 -0.03974
816.99447 0.149116 -0.03691
817.08811 0.149991 -0.03405
817.18174 0.150815 -0.03118
817.27538 0.151587 -0.02830
817.36902 0.152307 -0.02540
817.46266 0.152976 -0.02248
817.55630 0.153592 -0.01956
817.64993 0.154155 -0.01662
817.74357 0.154666 -0.01368
817.83721 0.155124 -0.01072
817.93085 0.155528 -0.00776
818.02449 0.155880 -0.00479
818.11812 0.156178 -0.00181
818.21176 0.156422 0.00117
818.30540 0.156613 0.00416
818.39904 0.156750 0.00715
818.49268 0.156833 0.01014
818.58631 0.156862 0.01313
818.67995 0.156838 0.01612
818.77359 0.156759 0.01912
818.86723 0.156626 0.02211
818.96087 0.156440 0.02510
819.05450 0.156199 0.02808
819.14814 0.155905 0.03106
819.24178 0.155557 0.03404
819.33542 0.155155 0.03700
819.42906 0.154700 0.03996
819.52269 0.154191 0.04292
819.61633 0.153629 0.04586
819.70997 0.153014 0.04879
819.80361 0.152346 0.05171
819.89725 0.151625 0.05461
819.99088 0.150851 0.05751
820.08452 0.150025 0.06039
820.17816 0.149147 0.06325
820.27180 0.148217 0.06610
820.36544 0.147235 0.06892
820.45907 0.146203 0.07173
820.55271 0.145119 0.07453
820.64635 0.143984 0.07730
820.73999 0.142800 0.08005
820.83363 0.141565 0.08277
820.92726 0.140281 0.08548
821.02090 0.138948 0.08816
821.11454 0.137567 0.09081
821.20818 0.136137 0.09344
821.30182 0.134659 0.09605
821.39545 0.133134 0.09862
821.48909 0.131562 0.10117
821.58273 0.129943 0.10369
821.67637 0.128279 0.10617
821.77001 0.126570 0.10863
821.86364 0.124816 0.11105
821.95728 0.123017 0.11345
822.05092 0.121175 0.11581
822.14456 0.119290 0.11813
822.23820 0.117363 0.12042
822.33183 0.115394 0.12267
822.42547 0.113383 0.12489
822.51911 0.111332 0.12707
822.61275 0.109242 0.12921
822.70639 0.107112 0.13131
822.80002 0.104943 0.13338
822.89366 0.102737 0.13540
822.98730 0.100494 0.13738
823.08094 0.098214 0.13932
823.17458 0.095899 0.14122
823.26822 0.093548 0.14308
823.36185 0.091164 0.14489
823.45549 0.088746 0.14666
823.54913 0.086296 0.14838
823.64277 0.083814 0.15006
823.73641 0.081301 0.15170
823.83004 0.078758 0.15328
823.92368 0.076185 0.15482
824.01732 0.073584 0.15632
824.11096 0.070955 0.15776
824.20460 0.068299 0.15916
824.29823 0.065618 0.16051
824.39187 0.062911 0.16181
824.48551 0.060179 0.16305
824.57915 0.057425 0.16425
824.67279 0.054647 0.16540
824.76642 0.051849 0.16650
824.86006 0.049029 0.16755
824.95370 0.046189 0.16854
825.04734 0.043331 0.16948
825.14098 0.040454 0.17037
825.23461 0.037561 0.17121
825.32825 0.034651 0.17200
825.42189 0.031725 0.17273
825.51553 0.028785 0.17341
825.60917 0.025832 0.17404
825.70280 0.022866 0.17461
825.79644 0.019889 0.17513
825.89008 0.016901 0.17559
825.98372 0.013903 0.17600
826.07736 0.010896 0.17635
826.17099 0.007881 0.17665
826.26463 0.004860 0.17690
826.35827 0.001832 0.17709
826.45191 -0.001201 0.17723
826.54555 -0.004237 0.17731
826.63918 -0.007278 0.17734
826.73282 -0.010320 0.17731
826.82646 -0.013363 0.17722
826.92010 -0.016408 0.17709
827.01374 -0.019451 0.17689
827.10737 -0.022493 0.17664
827.20101 -0.025533 0.17634
827.29465 -0.028569 0.17598
827.38829 -0.031601 0.17557
827.48193 -0.034628 0.17510
827.57556 -0.037648 0.17458
827.66920 -0.040662 0.17401
827.76284 -0.043668 0.17338
827.85648 -0.046664 0.17269
827.95012 -0.049651 0.17196
828.04375 -0.052628 0.17116
828.13739 -0.055592 0.17032
828.23103 -0.058545 0.16942
828.32467 -0.061484 0.16847
828.41831 -0.064408 0.16747
828.51194 -0.067318 0.16641
828.60558 -0.070211 0.16530
828.69922 -0.073087 0.16414
828.79286 -0.075946 0.16293
828.88650 -0.078786 0.16167
828.98013 -0.081607 0.16036
829.07377 -0.084407 0.15899
829.16741 -0.087186 0.15758
829.26105 -0.089943 0.15611
829.35469 -0.092677 0.15460
829.44832 -0.095388 0.15304
829.54196 -0.098074 0.15143
829.63560 -0.100735 0.14977
829.72924 -0.103370 0.14807
829.82288 -0.105978 0.14631
829.91651 -0.108558 0.14451
830.01015 -0.111110 0.14267
830.10379 -0.113632 0.14078
830.19743 -0.116125 0.13884
830.29107 -0.118587 0.13686
830.38470 -0.121017 0.13484
830.47834 -0.123416 0.13277
830.57198 -0.125781 0.13066
830.66562 -0.128113 0.12850
830.75926 -0.130411 0.12631
830.85289 -0.132673 0.12407
830.94653 -0.134900 0.12180
831.04017 -0.137091 0.11948
831.13381 -0.139244 0.11712
831.22745 -0.141360 0.11473
831.32108 -0.143437 0.11230
831.41472 -0.145476 0.10983
831.50836 -0.147475 0.10732
831.60200 -0.149434 0.10478
831.69564 -0.151352 0.10221
831.78927 -0.153229 0.09960
831.88291 -0.155064 0.09695
831.97655 -0.156856 0.09427
832.07019 -0.158606 0.09156
832.16383 -0.160312 0.08882
832.25746 -0.161973 0.08605
832.35110 -0.163590 0.08325
832.44474 -0.165162 0.08042
832.53838 -0.166689 0.07756
832.63202 -0.168169 0.07467
832.72565 -0.169603 0.07176
832.81929 -0.170990 0.06882
832.91293 -0.172329 0.06585
833.00657 -0.173621 0.06286
833.10021 -0.174864 0.05985
833.19385 -0.176058 0.05681
833.28748 -0.177204 0.05376
833.38112 -0.178300 0.05068
833.47476 -0.179346 0.04758
833.56840 -0.180342 0.04446
833.66204 -0.181288 0.04132
833.75567 -0.182183 0.03817
833.84931 -0.183027 0.03500
833.94295 -0.183819 0.03181
834.03659 -0.184560 0.02861
834.13023 -0.185249 0.02539
834.22386 -0.185885 0.02217
834.31750 -0.186469 0.01892
834.41114 -0.187001 0.01567
834.50478 -0.187480 0.01241
834.59842 -0.187905 0.00914
834.69205 -0.188278 0.00586
834.78569 -0.188597 0.00257
834.87933 -0.188863 -0.00073
834.97297 -0.189075 -0.00403
835.06661 -0.189233 -0.00733
835.16024 -0.189338 -0.01064
835.25388 -0.189388 -0.01396
835.34752 -0.189385 -0.01727
835.44116 -0.189327 -0.02059
835.53480 -0.189216 -0.02390
835.62843 -0.189050 -0.02722
835.72207 -0.188830 -0.03053
835.81571 -0.188556 -0.03384
835.90935 -0.188227 -0.03715
836.00299 -0.187845 -0.04045
836.09662 -0.187409 -0.04375
836.19026 -0.186918 -0.04704
836.28390 -0.186374 -0.05033
836.37754 -0.185776 -0.05360
836.47118 -0.185124 -0.05687
836.56481 -0.184419 -0.06012
836.65845 -0.183660 -0.06337
836.75209 -0.182848 -0.06660
836.84573 -0.181983 -0.06982
836.93937 -0.181065 -0.07303
837.03300 -0.180094 -0.07622
837.12664 -0.179071 -0.07939
837.22028 -0.177996 -0.08255
837.31392 -0.176868 -0.08569
837.40756 -0.175689 -0.08882
837.50119 -0.174458 -0.09192
837.59483 -0.173176 -0.09500
837.68847 -0.171844 -0.09806
837.78211 -0.170460 -0.10110
837.87575 -0.169027 -0.10412
837.96938 -0.167543 -0.10711
838.06302 -0.166011 -0.11008
838.15666 -0.164429 -0.11302
838.25030 -0.162798 -0.11593
838.34394 -0.161119 -0.11882
838.43757 -0.159393 -0.12168
838.53121 -0.157618 -0.12451
838.62485 -0.155797 -0.12731
838.71849 -0.153930 -0.13008
838.81213 -0.152016 -0.13282
838.90576 -0.150057 -0.13552
838.99940 -0.148053 -0.13820
839.09304 -0.146005 -0.14083
839.18668 -0.143912 -0.14344
839.28032 -0.141776 -0.14600
839.37395 -0.139598 -0.14853
839.46759 -0.137377 -0.15103
839.56123 -0.135115 -0.15348
839.65487 -0.132811 -0.15590
839.74851 -0.130468 -0.15827
839.84214 -0.128084 -0.16061
839.93578 -0.125662 -0.16291
840.02942 -0.123201 -0.16516
840.12306 -0.120702 -0.16737
840.21670 -0.118166 -0.16954
840.31033 -0.115594 -0.17166
840.40397 -0.112986 -0.17374
840.49761 -0.110343 -0.17578
840.59125 -0.107667 -0.17777
840.68489 -0.104956 -0.17971
840.77852 -0.102213 -0.18161
840.87216 -0.099438 -0.18345
840.96580 -0.096632 -0.18525
841.05944 -0.093795 -0.18701
841.15308 -0.090929 -0.18871
841.24671 -0.088034 -0.19036
841.34035 -0.085112 -0.19196
841.43399 -0.082162 -0.19351
841.52763 -0.079186 -0.19501
841.62127 -0.076184 -0.19646
841.71490 -0.073158 -0.19785
841.80854 -0.070108 -0.19919
841.90218 -0.067036 -0.20048
841.99582 -0.063941 -0.20172
842.08946 -0.060826 -0.20290
842.18309 -0.057690 -0.20402
842.27673 -0.054535 -0.20509
842.37037 -0.051362 -0.20611
842.46401 -0.048171 -0.20707
842.55765 -0.044964 -0.20797
842.65128 -0.041742 -0.20882
842.74492 -0.038505 -0.20961
842.83856 -0.035254 -0.21035
842.93220 -0.031990 -0.21102
843.02584 -0.028715 -0.21164
843.11948 -0.025429 -0.21220
843.21311 -0.022133 -0.21271
843.30675 -0.018828 -0.21315
843.40039 -0.015516 -0.21354
843.49403 -0.012196 -0.21387
843.58767 -0.008871 -0.21414
843.68130 -0.005541 -0.21435
843.77494 -0.002207 -0.21451
843.86858 0.001131 -0.21460
843.96222 0.004470 -0.21463
844.05586 0.007810 -0.21461
844.14949 0.011150 -0.21453
844.24313 0.014489 -0.21438
844.33677 0.017826 -0.21418
844.43041 0.021160 -0.21392
844.52405 0.024490 -0.21360
844.61768 0.027815 -0.21322
844.71132 0.031134 -0.21279
844.80496 0.034446 -0.21229
844.89860 0.037750 -0.21173
844.99224 0.041045 -0.21112
845.08587 0.044330 -0.21045
845.17951 0.047604 -0.20972
845.27315 0.050866 -0.20893
845.36679 0.054115 -0.20808
845.46043 0.057350 -0.20718
845.55406 0.060570 -0.20622
845.64770 0.063775 -0.20520
845.74134 0.066963 -0.20412
845.83498 0.070133 -0.20299
845.92862 0.073284 -0.20180
846.02225 0.076415 -0.20056
846.11589 0.079526 -0.19925
846.20953 0.082615 -0.19790
846.30317 0.085682 -0.19649
846.39681 0.088726 -0.19502
846.49044 0.091745 -0.19350
846.58408 0.094738 -0.19193
846.67772 0.097706 -0.19030
846.77136 0.100647 -0.18862
846.86500 0.103559 -0.18689
846.95863 0.106443 -0.18511
847.05227 0.109297 -0.18328
847.14591 0.112120 -0.18139
847.23955 0.114912 -0.17946
847.33319 0.117672 -0.17747
847.42682 0.120399 -0.17544
847.52046 0.123092 -0.17335
847.61410 0.125750 -0.17122
847.70774 0.128372 -0.16905
847.80138 0.130959 -0.16682
847.89501 0.133508 -0.16455
847.98865 0.136019 -0.16224
848.08229 0.138492 -0.15988
848.17593 0.140925 -0.15747
848.26957 0.143318 -0.15503
848.36320 0.145670 -0.15254
848.45684 0.147981 -0.15001
848.55048 0.150250 -0.14743
848.64412 0.152476 -0.14482
848.73776 0.154658 -0.14217
848.83139 0.156796 -0.13948
848.92503 0.158889 -0.13675
849.01867 0.160937 -0.13399
849.11231 0.162939 -0.13119
849.20595 0.164894 -0.12835
849.29958 0.166801 -0.12548
849.39322 0.168661 -0.12257
849.48686 0.170473 -0.11964
849.58050 0.172236 -0.11667
849.67414 0.173949 -0.11366
849.76777 0.175612 -0.11063
849.86141 0.177225 -0.10757
849.95505 0.178787 -0.10449
850.04869 0.180298 -0.10137
850.14233 0.181757 -0.09823
850.23596 0.183164 -0.09506
850.32960 0.184518 -0.09187
850.42324 0.185819 -0.08865
850.51688 0.187067 -0.08541
850.61052 0.188261 -0.08215
850.70415 0.189401 -0.07887
850.79779 0.190487 -0.07557
850.89143 0.191518 -0.07225
850.98507 0.192494 -0.06891
851.07871 0.193415 -0.06556
851.17234 0.194280 -0.06218
851.26598 0.195090 -0.05880
851.35962 0.195843 -0.05540
851.45326 0.196541 -0.05199
851.54690 0.197182 -0.04856
851.64053 0.197767 -0.04513
851.73417 0.198295 -0.04168
851.82781 0.198766 -0.03823
851.92145 0.199180 -0.03477
852.01509 0.199537 -0.03130
852.10872 0.199837 -0.02783
852.20236 0.200080 -0.02435
852.29600 0.200266 -0.02087
852.38964 0.200395 -0.01738
852.48328 0.200466 -0.01390
852.57691 0.200481 -0.01041
852.67055 0.200438 -0.00693
852.76419 0.200337 -0.00344
852.85783 0.200180 0.00004
852.95147 0.199966 0.00352
853.04511 0.199695 0.00699
853.13874 0.199367 0.01046
853.23238 0.198982 0.01392
853.32602 0.198541 0.01738
853.41966 0.198044 0.02082
853.51330 0.197490 0.02426
853.60693 0.196881 0.02769
853.70057 0.196215 0.03110
853.79421 0.195494 0.03450
853.88785 0.194718 0.03789
853.98149 0.193887 0.04126
854.07512 0.193001 0.04462
854.16876 0.192060 0.04796
854.26240 0.191066 0.05128
854.35604 0.190018 0.05459
854.44968 0.188916 0.05787
854.54331 0.187761 0.06114
854.63695 0.186553 0.06438
854.73059 0.185293 0.06761
854.82423 0.183982 0.07080
854.91787 0.182618 0.07398
855.01150 0.181204 0.07713
855.10514 0.179739 0.08025
855.19878 0.178224 0.08335
855.29242 0.176659 0.08642
855.38606 0.175045 0.08946
855.47969 0.173383 0.09247
855.57333 0.171672 0.09545
855.66697 0.169914 0.09840
855.76061 0.168109 0.10132
855.85425 0.166257 0.10420
855.94788 0.164360 0.10705
856.04152 0.162417 0.10987
856.13516 0.160430 0.11265
856.22880 0.158398 0.11539
856.32244 0.156323 0.11810
856.41607 0.154206 0.12077
856.50971 0.152046 0.12341
856.60335 0.149845 0.12600
856.69699 0.147603 0.12855
856.79063 0.145321 0.13107
856.88426 0.143000 0.13354
856.97790 0.140640 0.13597
857.07154 0.138242 0.13836
857.16518 0.135807 0.14070
857.25882 0.133335 0.14300
857.35245 0.130828 0.14526
857.44609 0.128286 0.14747
857.53973 0.125710 0.14963
857.63337 0.123101 0.15175
857.72701 0.120459 0.15382
857.82064 0.117785 0.15585
857.91428 0.115080 0.15782
858.00792 0.112346 0.15975
858.10156 0.109582 0.16163
858.19520 0.106790 0.16346
858.28883 0.103970 0.16523
858.38247 0.101123 0.16696
858.47611 0.098251 0.16864
858.56975 0.095354 0.17026
858.66339 0.092433 0.17184
858.75702 0.089488 0.17336
858.85066 0.086521 0.17483
858.94430 0.083533 0.17624
859.03794 0.080525 0.17760
859.13158 0.077496 0.17891
859.22521 0.074450 0.18016
859.31885 0.071385 0.18136
859.41249 0.068304 0.18251
859.50613 0.065207 0.18359
859.59977 0.062094 0.18463
859.69340 0.058968 0.18560
859.78704 0.055829 0.18653
859.88068 0.052678 0.18739
859.97432 0.049516 0.18820
860.06796 0.046343 0.18895
860.16159 0.043161 0.18965
860.25523 0.039971 0.19029
860.34887 0.036774 0.19087
860.44251 0.033570 0.19139
860.53615 0.030361 0.19186
860.62978 0.027147 0.19227
860.72342 0.023930 0.19263
860.81706 0.020711 0.19292
860.91070 0.017490 0.19316
861.00434 0.014268 0.19334
861.09797 0.011047 0.19346
861.19161 0.007827 0.19353
861.28525 0.004610 0.19353
861.37889 0.001396 0.19349
861.47253 -0.001814 0.19338
861.56616 -0.005018 0.19321
861.65980 -0.008216 0.19299
861.75344 -0.011407 0.19271
861.84708 -0.014590 0.19238
861.94072 -0.017764 0.19199
862.03435 -0.020928 0.19154
862.12799 -0.024080 0.19103
862.22163 -0.027221 0.19047
862.31527 -0.030349 0.18985
862.40891 -0.033463 0.18918
862.50254 -0.036562 0.18845
862.59618 -0.039645 0.18767
862.68982 -0.042712 0.18683
862.78346 -0.045761 0.18594
862.87710 -0.048792 0.18499
862.97074 -0.051803 0.18399
863.06437 -0.054794 0.18293
863.15801 -0.057764 0.18182
863.25165 -0.060712 0.18066
863.34529 -0.063637 0.17945
863.43893 -0.066538 0.17818
863.53256 -0.069414 0.17686
863.62620 -0.072264 0.17549
863.71984 -0.075088 0.17407
863.81348 -0.077885 0.17260
863.90712 -0.080654 0.17108
864.00075 -0.083393 0.16951
864.09439 -0.086103 0.16790
864.18803 -0.088782 0.16623
864.28167 -0.091430 0.16452
864.37531 -0.094046 0.16275
864.46894 -0.096628 0.16095
864.56258 -0.099177 0.15909
864.65622 -0.101691 0.15719
864.74986 -0.104170 0.15525
864.84350 -0.106613 0.15326
864.93714 -0.109018 0.15123
865.03077 -0.111387 0.14916
865.12441 -0.113717 0.14704
865.21805 -0.116008 0.14488
865.31169 -0.118260 0.14268
865.40533 -0.120471 0.14044
865.49896 -0.122641 0.13817
865.59260 -0.124770 0.13585
865.68624 -0.126856 0.13349
865.77988 -0.128899 0.13110
865.87352 -0.130899 0.12867
865.96715 -0.132855 0.12621
866.06079 -0.134766 0.12371
866.15443 -0.136632 0.12118
866.24807 -0.138451 0.11862
866.34171 -0.140225 0.11602
866.43534 -0.141951 0.11339
866.52898 -0.143630 0.11073
866.62262 -0.145261 0.10804
866.71626 -0.146844 0.10532
866.80990 -0.148377 0.10258
866.90353 -0.149861 0.09980
866.99717 -0.151295 0.09700
867.09081 -0.152679 0.09418
867.18445 -0.154013 0.09133
867.27809 -0.155295 0.08846
867.37172 -0.156525 0.08556
867.46536 -0.157704 0.08264
867.55900 -0.158831 0.07970
867.65264 -0.159905 0.07675
867.74628 -0.160926 0.07377
867.83991 -0.161894 0.07077
867.93355 -0.162808 0.06776
868.02719 -0.163669 0.06473
868.12083 -0.164475 0.06169
868.21447 -0.165227 0.05864
868.30810 -0.165925 0.05557
868.40174 -0.166569 0.05248
868.49538 -0.167157 0.04939
868.58902 -0.167690 0.04629
868.68266 -0.168168 0.04318
868.77629 -0.168591 0.04006
868.86993 -0.168958 0.03693
868.96357 -0.169270 0.03379
869.05721 -0.169526 0.03066
869.15085 -0.169726 0.02751
869.24448 -0.169871 0.02437
869.33812 -0.169960 0.02122
869.43176 -0.169993 0.01807
869.52540 -0.169970 0.01492
869.61904 -0.169891 0.01177
869.71267 -0.169757 0.00863
869.80631 -0.169567 0.00549
869.89995 -0.169321 0.00235
869.99359 -0.169020 -0.00079
870.08723 -0.168663 -0.00391
870.18087 -0.168251 -0.00703
870.27450 -0.167784 -0.01014
870.36814 -0.167262 -0.01325
870.46178 -0.166685 -0.01634
870.55542 -0.166054 -0.01942
870.64906 -0.165368 -0.02249
870.74269 -0.164628 -0.02555
870.83633 -0.163834 -0.02859
870.92997 -0.162986 -0.03162
871.02361 -0.162085 -0.03463
871.11725 -0.161131 -0.03762
871.21088 -0.160124 -0.04060
871.30452 -0.159065 -0.04355
871.39816 -0.157953 -0.04649
871.49180 -0.156790 -0.04941
871.58544 -0.155576 -0.05230
871.67907 -0.154311 -0.05517
871.77271 -0.152995 -0.05802
871.86635 -0.151630 -0.06084
871.95999 -0.150214 -0.06363
872.05363 -0.148750 -0.06640
872.14726 -0.147237 -0.06915
872.24090 -0.145676 -0.07186
872.33454 -0.144068 -0.07454
872.42818 -0.142412 -0.07720
872.52182 -0.140710 -0.07982
872.61545 -0.138962 -0.08241
872.70909 -0.137169 -0.08497
872.80273 -0.135331 -0.08749
872.89637 -0.133449 -0.08998
872.99001 -0.131523 -0.09244
873.08364 -0.129555 -0.09485
873.17728 -0.127544 -0.09724
873.27092 -0.125492 -0.09958
873.36456 -0.123399 -0.10188
873.45820 -0.121266 -0.10415
873.55183 -0.119094 -0.10637
873.64547 -0.116883 -0.10856
873.73911 -0.114634 -0.11070
873.83275 -0.112348 -0.11280
873.92639 -0.110026 -0.11486
874.02002 -0.107668 -0.11687
874.11366 -0.105275 -0.11884
874.20730 -0.102849 -0.12076
874.30094 -0.100389 -0.12264
874.39458 -0.097897 -0.12448
874.48821 -0.095374 -0.12626
874.58185 -0.092820 -0.12800
874.67549 -0.090236 -0.12969
874.76913 -0.087623 -0.13133
874.86277 -0.084983 -0.13292
874.95640 -0.082315 -0.13446
875.05004 -0.079622 -0.13595
875.14368 -0.076903 -0.13739
875.23732 -0.074160 -0.13878
875.33096 -0.071394 -0.14012
875.42459 -0.068605 -0.14140
875.51823 -0.065795 -0.14263
875.61187 -0.062964 -0.14381
875.70551 -0.060114 -0.14494
875.79915 -0.057246 -0.14601
875.89278 -0.054360 -0.14702
875.98642 -0.051457 -0.14799
876.08006 -0.048539 -0.14889
876.17370 -0.045607 -0.14975
876.26734 -0.042661 -0.15054
876.36097 -0.039703 -0.15128
876.45461 -0.036733 -0.15197
876.54825 -0.033754 -0.15259
876.64189 -0.030764 -0.15316
876.73553 -0.027767 -0.15368
876.82916 -0.024762 -0.15414
876.92280 -0.021751 -0.15454
877.01644 -0.018735 -0.15488
877.11008 -0.015715 -0.15516
877.20372 -0.012692 -0.15539
877.29735 -0.009667 -0.15556
877.39099 -0.006641 -0.15567
877.48463 -0.003615 -0.15573
877.57827 -0.000591 -0.15572
877.67191 0.002431 -0.15566
877.76554 0.005450 -0.15554
877.85918 0.008464 -0.15537
877.95282 0.011473 -0.15513
878.04646 0.014475 -0.15484
878.14010 0.017469 -0.15449
878.23373 0.020455 -0.15409
878.32737 0.023431 -0.15362
878.42101 0.026396 -0.15310
878.51465 0.029349 -0.15252
878.60829 0.032289 -0.15189
878.70192 0.035215 -0.15120
878.79556 0.038126 -0.15045
878.88920 0.041021 -0.14965
878.98284 0.043899 -0.14879
879.07648 0.046759 -0.14788
879.17011 0.049600 -0.14691
879.26375 0.052420 -0.14588
879.35739 0.055219 -0.14481
879.45103 0.057996 -0.14367
879.54467 0.060750 -0.14249
879.63830 0.063479 -0.14125
879.73194 0.066184 -0.13996
879.82558 0.068862 -0.13862
879.91922 0.071513 -0.13722
880.01286 0.074135 -0.13577
880.10650 0.076729 -0.13427
880.20013 0.079293 -0.13273
880.29377 0.081826 -0.13113
880.38741 0.084327 -0.12948
880.48105 0.086795 -0.12779
880.57469 0.089230 -0.12604
880.66832 0.091630 -0.12425
880.76196 0.093994 -0.12242
880.85560 0.096323 -0.12053
880.94924 0.098614 -0.11860
881.04288 0.100867 -0.11663
881.13651 0.103082 -0.11461
881.23015 0.105257 -0.11255
881.32379 0.107391 -0.11045
881.41743 0.109484 -0.10830
881.51107 0.111536 -0.10612
881.60470 0.113544 -0.10389
881.69834 0.115509 -0.10162
881.79198 0.117430 -0.09932
881.88562 0.119306 -0.09698
881.97926 0.121137 -0.09460
882.07289 0.122921 -0.09218
882.16653 0.124658 -0.08973
882.26017 0.126348 -0.08725
882.35381 0.127990 -0.08473
882.44745 0.129582 -0.08218
882.54108 0.131126 -0.07959
882.63472 0.132619 -0.07698
882.72836 0.134062 -0.07434
882.82200 0.135453 -0.07167
882.91564 0.136793 -0.06897
883.00927 0.138081 -0.06624
883.10291 0.139317 -0.06349
883.19655 0.140499 -0.06071
883.29019 0.141628 -0.05791
883.38383 0.142702 -0.05508
883.47746 0.143723 -0.05223
883.57110 0.144688 -0.04937
883.66474 0.145599 -0.04648
883.75838 0.146454 -0.04357
883.85202 0.147253 -0.04065
883.94565 0.147996 -0.03771
884.03929 0.148683 -0.03475
884.13293 0.149313 -0.03178
884.22657 0.149886 -0.02879
884.32021 0.150402 -0.02580
884.41384 0.150860 -0.02279
884.50748 0.151261 -0.01977
884.60112 0.151604 -0.01674
884.69476 0.151889 -0.01370
884.78840 0.152116 -0.01066
884.88203 0.152285 -0.00761
884.97567 0.152396 -0.00456
885.06931 0.152449 -0.00150
885.16295 0.152443 0.00156
885.25659 0.152378 0.00462
885.35022 0.152256 0.00768
885.44386 0.152075 0.01075
885.53750 0.151835 0.01380
885.63114 0.151538 0.01686
885.72478 0.151182 0.01991
885.81841 0.150768 0.02296
885.91205 0.150296 0.02600
886.00569 0.149767 0.02904
886.09933 0.149179 0.03206
886.19297 0.148535 0.03508
886.28660 0.147833 0.03808
886.38024 0.147073 0.04108
886.47388 0.146258 0.04406
886.56752 0.145385 0.04702
886.66116 0.144456 0.04997
886.75479 0.143472 0.05291
886.84843 0.142431 0.05583
886.94207 0.141336 0.05873
887.03571 0.140185 0.06161
887.12935 0.138980 0.06447
887.22298 0.137721 0.06731
887.31662 0.136409 0.07013
887.41026 0.135043 0.07292
887.50390 0.133624 0.07569
887.59754 0.132153 0.07843
887.69117 0.130630 0.08115
887.78481 0.129055 0.08384
887.87845 0.127430 0.08650
887.97209 0.125755 0.08913
888.06573 0.124030 0.09174
888.15936 0.122256 0.09431
888.25300 0.120434 0.09685
888.34664 0.118564 0.09935
888.44028 0.116647 0.10182
888.53392 0.114683 0.10426
888.62755 0.112674 0.10666
888.72119 0.110619 0.10902
888.81483 0.108520 0.11135
888.90847 0.106377 0.11364
889.00211 0.104191 0.11589
889.09574 0.101963 0.11809
889.18938 0.099694 0.12026
889.28302 0.097384 0.12239
889.37666 0.095034 0.12447
889.47030 0.092646 0.12651
889.56393 0.090219 0.12851
889.65757 0.087754 0.13046
889.75121 0.085253 0.13236
889.84485 0.082717 0.13422
889.93849 0.080146 0.13603
890.03213 0.077541 0.13780
890.12576 0.074903 0.13952
890.21940 0.072233 0.14118
890.31304 0.069532 0.14280
890.40668 0.066801 0.14437
890.50032 0.064041 0.14589
890.59395 0.061253 0.14735
890.68759 0.058437 0.14877
890.78123 0.055595 0.15013
890.87487 0.052728 0.15144
890.96851 0.049837 0.15269
891.06214 0.046922 0.15390
891.15578 0.043985 0.15504
891.24942 0.041027 0.15614
891.34306 0.038049 0.15717
891.43670 0.035052 0.15816
891.53033 0.032037 0.15908
891.62397 0.029005 0.15995
891.71761 0.025957 0.16076
891.81125 0.022894 0.16152
891.90489 0.019817 0.16222
891.99852 0.016728 0.16286
892.09216 0.013627 0.16344
892.18580 0.010516 0.16397
892.27944 0.007396 0.16444
892.37308 0.004267 0.16484
892.46671 0.001131 0.16519
892.56035 -0.002011 0.16548
892.65399 -0.005158 0.16572
892.74763 -0.008309 0.16589
892.84127 -0.011463 0.16600
892.93490 -0.014618 0.16606
893.02854 -0.017773 0.16605
893.12218 -0.020928 0.16599
893.21582 -0.024081 0.16586
893.30946 -0.027231 0.16568
893.40309 -0.030378 0.16543
893.49673 -0.033519 0.16513
893.59037 -0.036653 0.16477
893.68401 -0.039781 0.16435
893.77765 -0.042900 0.16387
893.87128 -0.046009 0.16333
893.96492 -0.049108 0.16273
894.05856 -0.052195 0.16208
894.15220 -0.055269 0.16136
894.24584 -0.058329 0.16059
894.33947 -0.061374 0.15976
894.43311 -0.064402 0.15887
894.52675 -0.067414 0.15793
894.62039 -0.070407 0.15693
894.71403 -0.073381 0.15587
894.80766 -0.076335 0.15475
894.90130 -0.079267 0.15358
894.99494 -0.082176 0.15235
895.08858 -0.085062 0.15107
895.18222 -0.087924 0.14973
895.27585 -0.090760 0.14834
895.36949 -0.093569 0.14690
895.46313 -0.096351 0.14540
895.55677 -0.099104 0.14385
895.65041 -0.101828 0.14224
895.74404 -0.104521 0.14059
895.83768 -0.107183 0.13888
895.93132 -0.109812 0.13712
896.02496 -0.112409 0.13531
896.11860 -0.114971 0.13345
896.21223 -0.117498 0.13155
896.30587 -0.119988 0.12959
896.39951 -0.122443 0.12759
896.49315 -0.124859 0.12554
896.58679 -0.127237 0.12345
896.68042 -0.129575 0.12130
896.77406 -0.131873 0.11912
896.86770 -0.134130 0.11689
896.96134 -0.136346 0.11461
897.05498 -0.138519 0.11230
897.14861 -0.140648 0.10994
897.24225 -0.142734 0.10754
897.33589 -0.144774 0.10510
897.42953 -0.146769 0.10262
897.52317 -0.148718 0.10011
897.61680 -0.150620 0.09755
897.71044 -0.152475 0.09496
897.80408 -0.154281 0.09233
897.89772 -0.156039 0.08967
897.99136 -0.157747 0.08697
898.08499 -0.159406 0.08424
898.17863 -0.161013 0.08148
898.27227 -0.162570 0.07868
898.36591 -0.164075 0.07585
898.45955 -0.165527 0.07300
898.55318 -0.166928 0.07011
898.64682 -0.168274 0.06720
898.74046 -0.169568 0.06426
898.83410 -0.170807 0.06130
898.92774 -0.171992 0.05831
899.02137 -0.173121 0.05529
899.11501 -0.174196 0.05226
899.20865 -0.175215 0.04920
899.30229 -0.176177 0.04612
899.39593 -0.177084 0.04302
899.48956 -0.177933 0.03990
899.58320 -0.178726 0.03676
899.67684 -0.179461 0.03360
899.77048 -0.180139 0.03043
899.86412 -0.180758 0.02725
899.95776 -0.181320 0.02405
900.05139 -0.181824 0.02083
900.14503 -0.182269 0.01761
900.23867 -0.182655 0.01437
900.33231 -0.182983 0.01113
900.42595 -0.183251 0.00787
900.51958 -0.183461 0.00461
900.61322 -0.183611 0.00134
900.70686 -0.183702 -0.00193
900.80050 -0.183734 -0.00521
900.89414 -0.183707 -0.00850
900.98777 -0.183620 -0.01178
901.08141 -0.183474 -0.01507
901.17505 -0.183268 -0.01836
901.26869 -0.183003 -0.02164
901.36233 -0.182679 -0.02493
901.45596 -0.182295 -0.02821
901.54960 -0.181852 -0.03149
901.64324 -0.181351 -0.03477
901.73688 -0.180790 -0.03804
901.83052 -0.180170 -0.04130
901.92415 -0.179492 -0.04456
902.01779 -0.178755 -0.04780
902.11143 -0.177960 -0.05104
902.20507 -0.177106 -0.05426
902.29871 -0.176195 -0.05748
902.39234 -0.175226 -0.06068
902.48598 -0.174200 -0.06387
902.57962 -0.173116 -0.06704
902.67326 -0.171976 -0.07019
902.76690 -0.170779 -0.07333
902.86053 -0.169526 -0.07646
902.95417 -0.168217 -0.07956
903.04781 -0.166852 -0.08264
903.14145 -0.165433 -0.08570
903.23509 -0.163958 -0.08875
903.32872 -0.162430 -0.09176
903.42236 -0.160847 -0.09476
903.51600 -0.159211 -0.09773
903.60964 -0.157521 -0.10067
903.70328 -0.155779 -0.10359
903.79691 -0.153985 -0.10648
903.89055 -0.152140 -0.10935
903.98419 -0.150243 -0.11218
904.07783 -0.148296 -0.11498
904.17147 -0.146299 -0.11775
904.26510 -0.144252 -0.12050
904.35874 -0.142157 -0.12320
904.45238 -0.140013 -0.12588
904.54602 -0.137822 -0.12852
904.63966 -0.135583 -0.13112
904.73329 -0.133298 -0.13369
904.82693 -0.130968 -0.13622
904.92057 -0.128592 -0.13872
905.01421 -0.126172 -0.14117
905.10785 -0.123708 -0.14359
905.20148 -0.121201 -0.14597
905.29512 -0.118652 -0.14830
905.38876 -0.116062 -0.15060
905.48240 -0.113430 -0.15285
905.57604 -0.110758 -0.15506
905.66967 -0.108047 -0.15722
905.76331 -0.105298 -0.15934
905.85695 -0.102511 -0.16142
905.95059 -0.099687 -0.16345
906.04423 -0.096826 -0.16543
906.13786 -0.093931 -0.16737
906.23150 -0.091001 -0.16926
906.32514 -0.088037 -0.17110
906.41878 -0.085041 -0.17289
906.51242 -0.082012 -0.17463
906.60605 -0.078953 -0.17632
906.69969 -0.075864 -0.17796
906.79333 -0.072745 -0.17955
906.88697 -0.069598 -0.18109
906.98061 -0.066424 -0.18257
907.07424 -0.063224 -0.18401
907.16788 -0.059997 -0.18539
907.26152 -0.056747 -0.18671
907.35516 -0.053472 -0.18798
907.44880 -0.050175 -0.18920
907.54243 -0.046857 -0.19036
907.63607 -0.043518 -0.19146
907.72971 -0.040159 -0.19251
907.82335 -0.036781 -0.19351
907.91699 -0.033385 -0.19444
908.01062 -0.029973 -0.19532
908.10426 -0.026546 -0.19614
908.19790 -0.023103 -0.19691
908.29154 -0.019647 -0.19761
908.38518 -0.016178 -0.19826
908.47881 -0.012698 -0.19885
908.57245 -0.009207 -0.19938
908.66609 -0.005707 -0.19985
908.75973 -0.002198 -0.20026
908.85337 0.001318 -0.20061
908.94700 0.004840 -0.20090
909.04064 0.008367 -0.20114
909.13428 0.011899 -0.20131
909.22792 0.015434 -0.20142
909.32156 0.018971 -0.20147
909.41519 0.022509 -0.20147
909.50883 0.026046 -0.20140
909.60247 0.029583 -0.20127
909.69611 0.033117 -0.20108
909.78975 0.036648 -0.20083
909.88339 0.040174 -0.20052
909.97702 0.043695 -0.20015
910.07066 0.047209 -0.19972
910.16430 0.050716 -0.19923
910.25794 0.054214 -0.19868
910.35158 0.057701 -0.19806
910.44521 0.061178 -0.19739
910.53885 0.064643 -0.19666
910.63249 0.068095 -0.19587
910.72613 0.071533 -0.19502
910.81977 0.074955 -0.19411
910.91340 0.078361 -0.19314
911.00704 0.081749 -0.19211
911.10068 0.085120 -0.19102
911.19432 0.088470 -0.18988
911.28796 0.091800 -0.18867
911.38159 0.095108 -0.18741
911.47523 0.098394 -0.18609
911.56887 0.101656 -0.18471
911.66251 0.104893 -0.18328
911.75615 0.108105 -0.18179
911.84978 0.111289 -0.18024
911.94342 0.114446 -0.17864
912.03706 0.117574 -0.17698
912.13070 0.120672 -0.17527
912.22434 0.123739 -0.17350
912.31797 0.126774 -0.17168
912.41161 0.129776 -0.16981
912.50525 0.132745 -0.16788
912.59889 0.135679 -0.16590
912.69253 0.138577 -0.16387
912.78616 0.141438 -0.16179
912.87980 0.144262 -0.15966
912.97344 0.147047 -0.15748
913.06708 0.149793 -0.15525
913.16072 0.152498 -0.15297
913.25435 0.155163 -0.15064
913.34799 0.157785 -0.14826
913.44163 0.160364 -0.14584
913.53527 0.162899 -0.14337
913.62891 0.165389 -0.14086
913.72254 0.167834 -0.13830
913.81618 0.170233 -0.13570
913.90982 0.172584 -0.13305
914.00346 0.174887 -0.13036
914.09710 0.177142 -0.12764
914.19073 0.179347 -0.12487
914.28437 0.181502 -0.12206
914.37801 0.183606 -0.11921
914.47165 0.185658 -0.11632
914.56529 0.187658 -0.11340
914.65892 0.189605 -0.11044
914.75256 0.191498 -0.10745
914.84620 0.193336 -0.10442
914.93984 0.195120 -0.10135
915.03348 0.196848 -0.09826
915.12711 0.198519 -0.09513
915.22075 0.200134 -0.09197
915.31439 0.201691 -0.08878
915.40803 0.203191 -0.08557
915.50167 0.204631 -0.08232
915.59530 0.206013 -0.07905
915.68894 0.207335 -0.07576
915.78258 0.208597 -0.07243
915.87622 0.209799 -0.06909
915.96986 0.210940 -0.06572
916.06349 0.212020 -0.06233
916.15713 0.213038 -0.05892
916.25077 0.213993 -0.05549
916.34441 0.214887 -0.05204
916.43805 0.215717 -0.04858
916.53168 0.216485 -0.04509
916.62532 0.217189 -0.04160
916.71896 0.217829 -0.03809
916.81260 0.218406 -0.03456
916.90624 0.218918 -0.03103
916.99987 0.219366 -0.02748
917.09351 0.219749 -0.02392
917.18715 0.220068 -0.02036
917.28079 0.220321 -0.01679
917.37443 0.220510 -0.01321
917.46806 0.220634 -0.00963
917.56170 0.220692 -0.00604
917.65534 0.220685 -0.00245
917.74898 0.220613 0.00114
917.84262 0.220475 0.00473
917.93625 0.220272 0.00832
918.02989 0.220004 0.01191
918.12353 0.219671 0.01550
918.21717 0.219272 0.01908
918.31081 0.218808 0.02266
918.40444 0.218279 0.02623
918.49808 0.217686 0.02979
918.59172 0.217027 0.03335
918.68536 0.216304 0.03689
918.77900 0.215517 0.04043
918.87263 0.214666 0.04395
918.96627 0.213750 0.04746
919.05991 0.212772 0.05095
919.15355 0.211729 0.05443
919.24719 0.210624 0.05789
919.34082 0.209456 0.06133
919.43446 0.208226 0.06476
919.52810 0.206934 0.06817
919.62174 0.205580 0.07155
919.71538 0.204165 0.07491
919.80902 0.202689 0.07825
919.90265 0.201153 0.08157
919.99629 0.199557 0.08486
920.08993 0.197902 0.08812
920.18357 0.196188 0.09136
920.27721 0.194416 0.09456
920.37084 0.192586 0.09774
920.46448 0.190699 0.10089
920.55812 0.188755 0.10400
920.65176 0.186755 0.10709
920.74540 0.184700 0.11014
920.83903 0.182590 0.11315
920.93267 0.180427 0.11613
921.02631 0.178210 0.11907
921.11995 0.175940 0.12198
921.21359 0.173618 0.12485
921.30722 0.171246 0.12768
921.40086 0.168822 0.13047
921.49450 0.166349 0.13321
921.58814 0.163828 0.13592
921.68178 0.161258 0.13858
921.77541 0.158641 0.14120
921.86905 0.155977 0.14378
921.96269 0.153268 0.14630
922.05633 0.150515 0.14879
922.14997 0.147717 0.15123
922.24360 0.144877 0.15361
922.33724 0.141994 0.15596
922.43088 0.139071 0.15825
922.52452 0.136107 0.16049
922.61816 0.133104 0.16268
922.71179 0.130063 0.16482
922.80543 0.126984 0.16691
922.89907 0.123870 0.16895
922.99271 0.120720 0.17093
923.08635 0.117535 0.17286
923.17998 0.114318 0.17473
923.27362 0.111068 0.17655
923.36726 0.107787 0.17832
923.46090 0.104476 0.18002
923.55454 0.101136 0.18168
923.64817 0.097768 0.18327
923.74181 0.094372 0.18481
923.83545 0.090951 0.18629
923.92909 0.087506 0.18771
924.02273 0.084036 0.18907
924.11636 0.080544 0.19037
924.21000 0.077031 0.19161
924.30364 0.073497 0.19280
924.39728 0.069945 0.19392
924.49092 0.066374 0.19498
924.58455 0.062786 0.19598
924.67819 0.059182 0.19692
924.77183 0.055564 0.19780
924.86547 0.051933 0.19861
924.95911 0.048289 0.19936
925.05274 0.044634 0.20006
925.14638 0.040969 0.20068
925.24002 0.037295 0.20125
925.33366 0.033614 0.20175
925.42730 0.029926 0.20219
925.52093 0.026233 0.20257
925.61457 0.022535 0.20289
925.70821 0.018835 0.20314
925.80185 0.015133 0.20333
925.89549 0.011430 0.20345
925.98912 0.007728 0.20351
926.08276 0.004028 0.20351
926.17640 0.000331 0.20345
926.27004 -0.003363 0.20332
926.36368 -0.007051 0.20313
926.45731 -0.010733 0.20287
926.55095 -0.014407 0.20256
926.64459 -0.018072 0.20218
926.73823 -0.021728 0.20174
926.83187 -0.025372 0.20123
926.92550 -0.029004 0.20067
927.01914 -0.032623 0.20004
927.11278 -0.036228 0.19935
927.20642 -0.039817 0.19860
927.30006 -0.043389 0.19779
927.39369 -0.046943 0.19691
927.48733 -0.050479 0.19598
927.58097 -0.053994 0.19499
927.67461 -0.057488 0.19394
927.76825 -0.060960 0.19282
927.86188 -0.064409 0.19165
927.95552 -0.067833 0.19042
928.04916 -0.071232 0.18914
928.14280 -0.074604 0.18779
928.23644 -0.077948 0.18639
928.33007 -0.081264 0.18493
928.42371 -0.084551 0.18342
928.51735 -0.087806 0.18184
928.61099 -0.091030 0.18022
928.70463 -0.094222 0.17854
928.79826 -0.097379 0.17680
928.89190 -0.100502 0.17502
928.98554 -0.103590 0.17318
929.07918 -0.106640 0.17129
929.17282 -0.109654 0.16934
929.26645 -0.112629 0.16735
929.36009 -0.115564 0.16530
929.45373 -0.118459 0.16321
929.54737 -0.121313 0.16107
929.64101 -0.124126 0.15888
929.73465 -0.126895 0.15664
929.82828 -0.129620 0.15435
929.92192 -0.132301 0.15202
930.01556 -0.134937 0.14965
930.10920 -0.137526 0.14723
930.20284 -0.140069 0.14477
930.29647 -0.142563 0.14226
930.39011 -0.145009 0.13972
930.48375 -0.147406 0.13713
930.57739 -0.149753 0.13450
930.67103 -0.152049 0.13184
930.76466 -0.154294 0.12913
930.85830 -0.156487 0.12639
930.95194 -0.158627 0.12362
931.04558 -0.160714 0.12080
931.13922 -0.162747 0.11796
931.23285 -0.164725 0.11508
931.32649 -0.166648 0.11216
931.42013 -0.168515 0.10922
931.51377 -0.170326 0.10624
931.60741 -0.172080 0.10324
931.70104 -0.173777 0.10020
931.79468 -0.175416 0.09714
931.88832 -0.176996 0.09405
931.98196 -0.178518 0.09094
932.07560 -0.179981 0.08780
932.16923 -0.181383 0.08464
932.26287 -0.182726 0.08146
932.35651 -0.184008 0.07825
932.45015 -0.185230 0.07503
932.54379 -0.186390 0.07178
932.63742 -0.187489 0.06852
932.73106 -0.188525 0.06524
932.82470 -0.189500 0.06195
932.91834 -0.190413 0.05864
933.01198 -0.191262 0.05531
933.10561 -0.192049 0.05197
933.19925 -0.192773 0.04863
933.29289 -0.193434 0.04527
933.38653 -0.194031 0.04190
933.48017 -0.194565 0.03852
933.57380 -0.195035 0.03514
933.66744 -0.195441 0.03175
933.76108 -0.195783 0.02835
933.85472 -0.196061 0.02495
933.94836 -0.196276 0.02155
934.04199 -0.196426 0.01815
934.13563 -0.196512 0.01475
934.22927 -0.196535 0.01134
934.32291 -0.196493 0.00794
934.41655 -0.196388 0.00455
934.51018 -0.196218 0.00115
934.60382 -0.195985 -0.00224
934.69746 -0.195688 -0.00562
934.79110 -0.195328 -0.00899
934.88474 -0.194905 -0.01236
934.97837 -0.194418 -0.01571
935.07201 -0.193869 -0.01906
935.16565 -0.193257 -0.02239
935.25929 -0.192582 -0.02571
935.35293 -0.191845 -0.02902
935.44656 -0.191046 -0.03231
935.54020 -0.190186 -0.03559
935.63384 -0.189264 -0.03884
935.72748 -0.188282 -0.04208
935.82112 -0.187239 -0.04530
935.91475 -0.186136 -0.04850
936.00839 -0.184973 -0.05168
936.10203 -0.183750 -0.05483
936.19567 -0.182469 -0.05796
936.28931 -0.181129 -0.06107
936.38294 -0.179732 -0.06414
936.47658 -0.178276 -0.06720
936.57022 -0.176764 -0.07022
936.66386 -0.175196 -0.07322
936.75750 -0.173572 -0.07618
936.85113 -0.171892 -0.07912
936.94477 -0.170158 -0.08202
937.03841 -0.168369 -0.08489
937.13205 -0.166528 -0.08772
937.22569 -0.164633 -0.09053
937.31932 -0.162686 -0.09329
937.41296 -0.160688 -0.09602
937.50660 -0.158639 -0.09871
937.60024 -0.156541 -0.10136
937.69388 -0.154392 -0.10397
937.78751 -0.152196 -0.10655
937.88115 -0.149951 -0.10908
937.97479 -0.147660 -0.11157
938.06843 -0.145323 -0.11401
938.16207 -0.142940 -0.11642
938.25570 -0.140512 -0.11877
938.34934 -0.138041 -0.12109
938.44298 -0.135527 -0.12335
938.53662 -0.132972 -0.12557
938.63026 -0.130375 -0.12775
938.72389 -0.127738 -0.12987
938.81753 -0.125062 -0.13194
938.91117 -0.122347 -0.13397
939.00481 -0.119596 -0.13594
939.09845 -0.116807 -0.13787
939.19208 -0.113984 -0.13974
939.28572 -0.111126 -0.14156
939.37936 -0.108235 -0.14332
939.47300 -0.105311 -0.14503
939.56664 -0.102356 -0.14669
939.66028 -0.099370 -0.14829
939.75391 -0.096356 -0.14984
939.84755 -0.093313 -0.15133
939.94119 -0.090243 -0.15277
940.03483 -0.087147 -0.15415
940.12847 -0.084025 -0.15547
940.22210 -0.080880 -0.15673
940.31574 -0.077712 -0.15793
940.40938 -0.074523 -0.15908
940.50302 -0.071313 -0.16017
940.59666 -0.068083 -0.16119
940.69029 -0.064835 -0.16216
940.78393 -0.061570 -0.16307
940.87757 -0.058289 -0.16392
940.97121 -0.054994 -0.16470
941.06485 -0.051684 -0.16543
941.15848 -0.048362 -0.16609
941.25212 -0.045029 -0.16669
941.34576 -0.041685 -0.16723
941.43940 -0.038333 -0.16771
941.53304 -0.034973 -0.16812
941.62667 -0.031606 -0.16848
941.72031 -0.028234 -0.16877
941.81395 -0.024858 -0.16900
941.90759 -0.021479 -0.16916
942.00123 -0.018098 -0.16927
942.09486 -0.014716 -0.16931
942.18850 -0.011336 -0.16928
942.28214 -0.007957 -0.16920
942.37578 -0.004581 -0.16905
942.46942 -0.001209 -0.16884
942.56305 0.002157 -0.16857
942.65669 0.005516 -0.16823
942.75033 0.008867 -0.16784
942.84397 0.012210 -0.16738
942.93761 0.015542 -0.16685
943.03124 0.018862 -0.16627
943.12488 0.022169 -0.16562
943.21852 0.025463 -0.16492
943.31216 0.028741 -0.16415
943.40580 0.032003 -0.16332
943.49943 0.035248 -0.16243
943.59307 0.038474 -0.16148
943.68671 0.041680 -0.16047
943.78035 0.044864 -0.15940
943.87399 0.048027 -0.15827
943.96762 0.051166 -0.15708
944.06126 0.054281 -0.15584
944.15490 0.057370 -0.15453
944.24854 0.060432 -0.15317
944.34218 0.063466 -0.15175
944.43581 0.066471 -0.15028
944.52945 0.069446 -0.14875
944.62309 0.072389 -0.14716
944.71673 0.075300 -0.14552
944.81037 0.078178 -0.14383
944.90400 0.081021 -0.14208
944.99764 0.083829 -0.14028
945.09128 0.086600 -0.13842
945.18492 0.089333 -0.13652
945.27856 0.092028 -0.13456
945.37219 0.094682 -0.13256
945.46583 0.097296 -0.13050
945.55947 0.099869 -0.12840
945.65311 0.102398 -0.12624
945.74675 0.104885 -0.12404
945.84038 0.107326 -0.12180
945.93402 0.109722 -0.11951
946.02766 0.112072 -0.11717
946.12130 0.114374 -0.11479
946.21494 0.116628 -0.11237
946.30857 0.118833 -0.10991
946.40221 0.120988 -0.10740
946.49585 0.123093 -0.10486
946.58949 0.125146 -0.10228
946.68313 0.127147 -0.09965
946.77676 0.129094 -0.09699
946.87040 0.130988 -0.09430
946.96404 0.132827 -0.09157
947.05768 0.134611 -0.08881
947.15132 0.136339 -0.08601
947.24495 0.138010 -0.08318
947.33859 0.139624 -0.08032
947.43223 0.141181 -0.07743
947.52587 0.142678 -0.07451
947.61951 0.144116 -0.07157
947.71314 0.145495 -0.06859
947.80678 0.146814 -0.06560
947.90042 0.148071 -0.06258
947.99406 0.149268 -0.05953
948.08770 0.150402 -0.05646
948.18133 0.151475 -0.05338
948.27497 0.152484 -0.05027
948.36861 0.153431 -0.04715
948.46225 0.154314 -0.04401
948.55589 0.155134 -0.04085
948.64952 0.155889 -0.03768
948.74316 0.156580 -0.03449
948.83680 0.157206 -0.03129
948.93044 0.157767 -0.02809
949.02408 0.158263 -0.02487
949.11771 0.158693 -0.02164
949.21135 0.159057 -0.01841
949.30499 0.159356 -0.01517
949.39863 0.159589 -0.01193
949.49227 0.159755 -0.00868
949.58591 0.159856 -0.00543
949.67954 0.159890 -0.00218
949.77318 0.159858 0.00107
949.86682 0.159760 0.00431
949.96046 0.159595 0.00756
950.05410 0.159364 0.01080
950.14773 0.159067 0.01403
950.24137 0.158703 0.01726
950.33501 0.158274 0.02048
950.42865 0.157779 0.02368
950.52229 0.157218 0.02688
950.61592 0.156592 0.03007
950.70956 0.155900 0.03324
950.80320 0.155143 0.03640
950.89684 0.154322 0.03954
950.99048 0.153436 0.04266
951.08411 0.152486 0.04577
951.17775 0.151472 0.04886
951.27139 0.150395 0.05192
951.36503 0.149255 0.05497
951.45867 0.148052 0.05799
951.55230 0.146787 0.06098
951.64594 0.145460 0.06395
951.73958 0.144072 0.06690
951.83322 0.142623 0.06981
951.92686 0.141115 0.07269
952.02049 0.139546 0.07555
952.11413 0.137919 0.07837
952.20777 0.136233 0.08116
952.30141 0.134490 0.08392
952.39505 0.132690 0.08664
952.48868 0.130833 0.08932
952.58232 0.128921 0.09197
952.67596 0.126953 0.09458
952.76960 0.124932 0.09715
952.86324 0.122857 0.09968
952.95687 0.120730 0.10216
953.05051 0.118551 0.10461
953.14415 0.116321 0.10701
953.23779 0.114041 0.10936
953.33143 0.111712 0.11168
953.42506 0.109334 0.11394
953.51870 0.106910 0.11616
953.61234 0.104438 0.11832
953.70598 0.101922 0.12044
953.79962 0.099361 0.12251
953.89325 0.096756 0.12453
953.98689 0.094110 0.12649
954.08053 0.091421 0.12840
954.17417 0.088693 0.13026
954.26781 0.085925 0.13207
954.36144 0.083119 0.13382
954.45508 0.080276 0.13551
954.54872 0.077397 0.13715
954.64236 0.074483 0.13872
954.73600 0.071536 0.14025
954.82963 0.068556 0.14171
954.92327 0.065545 0.14311
955.01691 0.062503 0.14445
955.11055 0.059433 0.14574
955.20419 0.056335 0.14696
955.29782 0.053210 0.14812
955.39146 0.050060 0.14922
955.48510 0.046886 0.15025
955.57874 0.043690 0.15122
955.67238 0.040472 0.15213
955.76601 0.037233 0.15298
955.85965 0.033976 0.15376
955.95329 0.030701 0.15447
956.04693 0.027410 0.15513
956.14057 0.024104 0.15571
956.23420 0.020784 0.15623
956.32784 0.017452 0.15669
956.42148 0.014109 0.15707
956.51512 0.010756 0.15739
956.60876 0.007394 0.15765
956.70239 0.004026 0.15784
956.79603 0.000652 0.15796
956.88967 -0.002726 0.15801
956.98331 -0.006108 0.15800
957.07695 -0.009490 0.15792
957.17058 -0.012874 0.15778
957.26422 -0.016256 0.15756
957.35786 -0.019635 0.15728
957.45150 -0.023011 0.15694
957.54514 -0.026382 0.15652
957.63877 -0.029746 0.15604
957.73241 -0.033102 0.15549
957.82605 -0.036449 0.15488
957.91969 -0.039785 0.15420
958.01333 -0.043110 0.15345
958.10696 -0.046421 0.15264
958.20060 -0.049718 0.15176
958.29424 -0.052998 0.15082
958.38788 -0.056262 0.14981
958.48152 -0.059506 0.14874
958.57515 -0.062731 0.14760
958.66879 -0.065935 0.14640
958.76243 -0.069116 0.14514
958.85607 -0.072274 0.14381
958.94971 -0.075406 0.14242
959.04334 -0.078512 0.14097
959.13698 -0.081590 0.13945
959.23062 -0.084640 0.13788
959.32426 -0.087659 0.13625
959.41790 -0.090647 0.13455
959.51154 -0.093603 0.13280
959.60517 -0.096524 0.13099
959.69881 -0.099411 0.12912
959.79245 -0.102262 0.12719
959.88609 -0.105075 0.12521
959.97973 -0.107850 0.12317
960.07336 -0.110585 0.12108
960.16700 -0.113279 0.11893
960.26064 -0.115932 0.11673
960.35428 -0.118541 0.11448
960.44792 -0.121107 0.11218
960.54155 -0.123627 0.10982
960.63519 -0.126101 0.10742
960.72883 -0.128529 0.10496
960.82247 -0.130908 0.10246
960.91611 -0.133237 0.09991
961.00974 -0.135517 0.09732
961.10338 -0.137745 0.09468
961.19702 -0.139922 0.09200
961.29066 -0.142045 0.08927
961.38430 -0.144115 0.08650
961.47793 -0.146130 0.08369
961.57157 -0.148089 0.08084
961.66521 -0.149992 0.07795
961.75885 -0.151838 0.07503
961.85249 -0.153626 0.07207
961.94612 -0.155355 0.06907
962.03976 -0.157025 0.06604
962.13340 -0.158634 0.06297
962.22704 -0.160182 0.05988
962.32068 -0.161669 0.05675
962.41431 -0.163093 0.05359
962.50795 -0.164455 0.05041
962.60159 -0.165753 0.04720
962.69523 -0.166987 0.04396
962.78887 -0.168157 0.04070
962.88250 -0.169261 0.03742
962.97614 -0.170300 0.03411
963.06978 -0.171273 0.03078
963.16342 -0.172179 0.02744
963.25706 -0.173019 0.02407
963.35069 -0.173791 0.02069
963.44433 -0.174495 0.01730
963.53797 -0.175131 0.01389
963.63161 -0.175699 0.01047
963.72525 -0.176199 0.00703
963.81888 -0.176629 0.00359
963.91252 -0.176991 0.00014
964.00616 -0.177283 -0.00332
964.09980 -0.177505 -0.00678
964.19344 -0.177658 -0.01025
964.28707 -0.177742 -0.01373
964.38071 -0.177755 -0.01720
964.47435 -0.177699 -0.02067
964.56799 -0.177573 -0.02415
964.66163 -0.177376 -0.02762
964.75526 -0.177110 -0.03108
964.84890 -0.176775 -0.03455
964.94254 -0.176369 -0.03800
965.03618 -0.175894 -0.04145
965.12982 -0.175349 -0.04489
965.22345 -0.174735 -0.04831
965.31709 -0.174052 -0.05173
965.41073 -0.173299 -0.05513
965.50437 -0.172479 -0.05852
965.59801 -0.171589 -0.06189
965.69164 -0.170632 -0.06524
965.78528 -0.169607 -0.06858
965.87892 -0.168514 -0.07190
965.97256 -0.167355 -0.07519
966.06620 -0.166129 -0.07846
966.15983 -0.164836 -0.08171
966.25347 -0.163478 -0.08493
966.34711 -0.162054 -0.08813
966.44075 -0.160566 -0.09130
966.53439 -0.159014 -0.09444
966.62802 -0.157397 -0.09755
966.72166 -0.155718 -0.10063
966.81530 -0.153976 -0.10368
966.90894 -0.152173 -0.10669
967.00258 -0.150308 -0.10967
967.09621 -0.148382 -0.11261
967.18985 -0.146397 -0.11552
967.28349 -0.144352 -0.11839
967.37713 -0.142249 -0.12121
967.47077 -0.140089 -0.12400
967.56440 -0.137871 -0.12675
967.65804 -0.135598 -0.12945
967.75168 -0.133269 -0.13211
967.84532 -0.130885 -0.13473
967.93896 -0.128449 -0.13730
968.03259 -0.125959 -0.13982
968.12623 -0.123417 -0.14230
968.21987 -0.120825 -0.14472
968.31351 -0.118183 -0.14710
968.40715 -0.115491 -0.14943
968.50078 -0.112752 -0.15170
968.59442 -0.109965 -0.15393
968.68806 -0.107133 -0.15610
968.78170 -0.104255 -0.15821
968.87534 -0.101333 -0.16028
968.96897 -0.098369 -0.16228
969.06261 -0.095362 -0.16423
969.15625 -0.092314 -0.16613
969.24989 -0.089227 -0.16796
969.34353 -0.086100 -0.16974
969.43717 -0.082937 -0.17146
969.53080 -0.079736 -0.17311
969.62444 -0.076500 -0.17471
969.71808 -0.073231 -0.17625
969.81172 -0.069927 -0.17772
969.90536 -0.066593 -0.17913
969.99899 -0.063227 -0.18048
970.09263 -0.059832 -0.18177
970.18627 -0.056408 -0.18299
970.27991 -0.052957 -0.18415
970.37355 -0.049481 -0.18524
970.46718 -0.045979 -0.18627
970.56082 -0.042455 -0.18723
970.65446 -0.038907 -0.18812
970.74810 -0.035339 -0.18895
970.84174 -0.031751 -0.18971
970.93537 -0.028145 -0.19041
971.02901 -0.024521 -0.19103
971.12265 -0.020882 -0.19159
971.21629 -0.017228 -0.19208
971.30993 -0.013560 -0.19250
971.40356 -0.009880 -0.19286
971.49720 -0.006189 -0.19314
971.59084 -0.002489 -0.19336
971.68448 0.001219 -0.19350
971.77812 0.004935 -0.19358
971.87175 0.008656 -0.19359
971.96539 0.012382 -0.19352
972.05903 0.016110 -0.19339
972.15267 0.019841 -0.19319
972.24631 0.023572 -0.19292
972.33994 0.027302 -0.19258
972.43358 0.031030 -0.19217
972.52722 0.034754 -0.19169
972.62086 0.038474 -0.19114
972.71450 0.042188 -0.19052
972.80813 0.045894 -0.18983
972.90177 0.049592 -0.18908
972.99541 0.053280 -0.18825
973.08905 0.056956 -0.18736
973.18269 0.060621 -0.18640
973.27632 0.064271 -0.18537
973.36996 0.067906 -0.18427
973.46360 0.071525 -0.18310
973.55724 0.075126 -0.18187
973.65088 0.078709 -0.18057
973.74451 0.082271 -0.17920
973.83815 0.085812 -0.17777
973.93179 0.089330 -0.17627
974.02543 0.092825 -0.17470
974.11907 0.096294 -0.17308
974.21270 0.099737 -0.17138
974.30634 0.103152 -0.16963
974.39998 0.106538 -0.16780
974.49362 0.109895 -0.16592
974.58726 0.113220 -0.16398
974.68089 0.116513 -0.16197
974.77453 0.119773 -0.15990
974.86817 0.122997 -0.15777
974.96181 0.126186 -0.15558
975.05545 0.129338 -0.15333
975.14908 0.132452 -0.15103
975.24272 0.135526 -0.14866
975.33636 0.138560 -0.14624
975.43000 0.141553 -0.14376
975.52364 0.144503 -0.14123
975.61727 0.147410 -0.13864
975.71091 0.150272 -0.13600
975.80455 0.153088 -0.13330
975.89819 0.155857 -0.13056
975.99183 0.158579 -0.12776
976.08546 0.161252 -0.12491
976.17910 0.163875 -0.12201
976.27274 0.166448 -0.11906
976.36638 0.168968 -0.11607
976.46002 0.171437 -0.11303
976.55365 0.173851 -0.10994
976.64729 0.176212 -0.10681
976.74093 0.178517 -0.10363
976.83457 0.180765 -0.10041
976.92821 0.182957 -0.09715
977.02184 0.185091 -0.09385
977.11548 0.187166 -0.09051
977.20912 0.189182 -0.08713
977.30276 0.191137 -0.08371
977.39640 0.193031 -0.08026
977.49003 0.194864 -0.07677
977.58367 0.196634 -0.07325
977.67731 0.198341 -0.06969
977.77095 0.199984 -0.06611
977.86459 0.201562 -0.06249
977.95822 0.203076 -0.05884
978.05186 0.204523 -0.05517
978.14550 0.205904 -0.05147
978.23914 0.207218 -0.04774
978.33278 0.208465 -0.04399
978.42641 0.209643 -0.04022
978.52005 0.210753 -0.03642
978.61369 0.211794 -0.03260
978.70733 0.212765 -0.02877
978.80097 0.213667 -0.02491
978.89460 0.214498 -0.02104
978.98824 0.215258 -0.01715
979.08188 0.215947 -0.01325
979.17552 0.216564 -0.00934
979.26916 0.217110 -0.00542
979.36280 0.217584 -0.00148
979.45643 0.217985 0.00246
979.55007 0.218313 0.00641
979.64371 0.218569 0.01037
979.73735 0.218751 0.01433
979.83099 0.218861 0.01829
979.92462 0.218896 0.02226
980.01826 0.218859 0.02623
980.11190 0.218747 0.03019
980.20554 0.218562 0.03415
980.29918 0.218303 0.03811
980.39281 0.217971 0.04207
980.48645 0.217564 0.04602
980.58009 0.217084 0.04996
980.67373 0.216530 0.05389
980.76737 0.215903 0.05781
980.86100 0.215202 0.06172
980.95464 0.214427 0.06561
981.04828 0.213579 0.06949
981.14192 0.212659 0.07335
981.23556 0.211665 0.07720
981.32919 0.210599 0.08103
981.42283 0.209460 0.08483
981.51647 0.208250 0.08862
981.61011 0.206967 0.09238
981.70375 0.205613 0.09612
981.79738 0.204189 0.09983
981.89102 0.202693 0.10351
981.98466 0.201128 0.10717
982.07830 0.199492 0.11079
982.17194 0.197788 0.11439
982.26557 0.196014 0.11795
982.35921 0.194173 0.12148
982.45285 0.192263 0.12497
982.54649 0.190287 0.12843
982.64013 0.188243 0.13185
982.73376 0.186135 0.13523
982.82740 0.183960 0.13857
982.92104 0.181721 0.14186
983.01468 0.179419 0.14512
983.10832 0.177053 0.14833
983.20195 0.174625 0.15149
983.29559 0.172135 0.15461
983.38923 0.169584 0.15769
983.48287 0.166973 0.16071
983.57651 0.164304 0.16368
983.67014 0.161576 0.16660
983.76378 0.158790 0.16947
983.85742 0.155948 0.17229
983.95106 0.153051 0.17505
984.04470 0.150099 0.17776
984.13833 0.147093 0.18041
984.23197 0.144035 0.18300
984.32561 0.140925 0.18553
984.41925 0.137765 0.18801
984.51289 0.134556 0.19042
984.60652 0.131298 0.19277
984.70016 0.127993 0.19506
984.79380 0.124641 0.19729
984.88744 0.121245 0.19945
984.98108 0.117805 0.20155
985.07471 0.114323 0.20358
985.16835 0.110799 0.20554
985.26199 0.107235 0.20744
985.35563 0.103632 0.20927
985.44927 0.099991 0.21103
985.54290 0.096314 0.21271
985.63654 0.092602 0.21433
985.73018 0.088857 0.21588
985.82382 0.085078 0.21736
985.91746 0.081269 0.21876
986.01109 0.077429 0.22009
986.10473 0.073562 0.22134
986.19837 0.069667 0.22253
986.29201 0.065746 0.22363
986.38565 0.061802 0.22466
986.47928 0.057834 0.22562
986.57292 0.053845 0.22650
986.66656 0.049836 0.22730
986.76020 0.045808 0.22803
986.85384 0.041764 0.22868
986.94747 0.037703 0.22925
987.04111 0.033629 0.22974
987.13475 0.029541 0.23016
987.22839 0.025443 0.23050
987.32203 0.021334 0.23076
987.41566 0.017217 0.23094
987.50930 0.013094 0.23104
987.60294 0.008965 0.23106
987.69658 0.004833 0.23100
987.79022 0.000698 0.23086
987.88385 -0.003438 0.23065
987.97749 -0.007572 0.23035
988.07113 -0.011705 0.22998
988.16477 -0.015834 0.22953
988.25841 -0.019957 0.22899
988.35204 -0.024074 0.22838
988.44568 -0.028182 0.22769
988.53932 -0.032281 0.22692
988.63296 -0.036368 0.22608
988.72660 -0.040442 0.22515
988.82023 -0.044502 0.22415
988.91387 -0.048546 0.22307
989.00751 -0.052573 0.22191
989.10115 -0.056580 0.22068
989.19479 -0.060568 0.21937
989.28843 -0.064534 0.21798
989.38206 -0.068476 0.21652
989.47570 -0.072394 0.21499
989.56934 -0.076285 0.21337
989.66298 -0.080149 0.21169
989.75662 -0.083984 0.20993
989.85025 -0.087788 0.20810
989.94389 -0.091561 0.20620
990.03753 -0.095300 0.20422
990.13117 -0.099004 0.20218
990.22481 -0.102672 0.20006
990.31844 -0.106303 0.19788
990.41208 -0.109895 0.19562
990.50572 -0.113447 0.19330
990.59936 -0.116958 0.19091
990.69300 -0.120426 0.18846
990.78663 -0.123849 0.18594
990.88027 -0.127228 0.18336
990.97391 -0.130559 0.18071
991.06755 -0.133843 0.17800
991.16119 -0.137078 0.17523
991.25482 -0.140263 0.17240
991.34846 -0.143396 0.16951
991.44210 -0.146477 0.16656
991.53574 -0.149503 0.16355
991.62938 -0.152475 0.16049
991.72301 -0.155391 0.15737
991.81665 -0.158250 0.15420
991.91029 -0.161051 0.15098
992.00393 -0.163792 0.14770
992.09757 -0.166474 0.14438
992.19120 -0.169094 0.14100
992.28484 -0.171652 0.13758
992.37848 -0.174147 0.13411
992.47212 -0.176577 0.13059
992.56576 -0.178943 0.12703
992.65939 -0.181243 0.12343
992.75303 -0.183477 0.11979
992.84667 -0.185643 0.11610
992.94031 -0.187740 0.11238
993.03395 -0.189769 0.10862
993.12758 -0.191728 0.10483
993.22122 -0.193616 0.10100
993.31486 -0.195433 0.09713
993.40850 -0.197178 0.09324
993.50214 -0.198851 0.08931
993.59577 -0.200450 0.08536
993.68941 -0.201976 0.08138
993.78305 -0.203428 0.07737
993.87669 -0.204805 0.07334
993.97033 -0.206106 0.06928
994.06396 -0.207332 0.06521
994.15760 -0.208481 0.06111
994.25124 -0.209554 0.05699
994.34488 -0.210550 0.05286
994.43852 -0.211469 0.04872
994.53215 -0.212310 0.04456
994.62579 -0.213073 0.04038
994.71943 -0.213758 0.03620
994.81307 -0.214364 0.03201
994.90671 -0.214892 0.02781
995.00034 -0.215341 0.02360
995.09398 -0.215711 0.01939
995.18762 -0.216001 0.01518
995.28126 -0.216213 0.01097
995.37490 -0.216346 0.00675
995.46853 -0.216399 0.00254
995.56217 -0.216373 -0.00167
995.65581 -0.216268 -0.00587
995.74945 -0.216084 -0.01007
995.84309 -0.215821 -0.01426
995.93672 -0.215479 -0.01844
996.03036 -0.215059 -0.02260
996.12400 -0.214559 -0.02676
996.21764 -0.213982 -0.03090
996.31128 -0.213326 -0.03502
996.40491 -0.212593 -0.03913
996.49855 -0.211783 -0.04322
996.59219 -0.210895 -0.04729
996.68583 -0.209930 -0.05133
996.77947 -0.208889 -0.05535
996.87310 -0.207773 -0.05935
996.96674 -0.206580 -0.06332
997.06038 -0.205313 -0.06726
997.15402 -0.203972 -0.07118
997.24766 -0.202556 -0.07506
997.34129 -0.201067 -0.07891
997.43493 -0.199506 -0.08272
997.52857 -0.197872 -0.08650
997.62221 -0.196167 -0.09025
997.71585 -0.194391 -0.09395
997.80948 -0.192545 -0.09762
997.90312 -0.190630 -0.10124
997.99676 -0.188646 -0.10483
998.09040 -0.186594 -0.10837
998.18404 -0.184476 -0.11186
998.27767 -0.182291 -0.11531
998.37131 -0.180041 -0.11871
998.46495 -0.177726 -0.12206
998.55859 -0.175349 -0.12537
998.65223 -0.172908 -0.12862
998.74587 -0.170407 -0.13182
998.83950 -0.167844 -0.13496
998.93314 -0.165222 -0.13805
999.02678 -0.162542 -0.14109
999.12042 -0.159804 -0.14407
999.21406 -0.157010 -0.14698
999.30769 -0.154160 -0.14984
999.40133 -0.151256 -0.15264
999.49497 -0.148300 -0.15538
999.58861 -0.145291 -0.15806
999.68225 -0.142232 -0.16067
999.77588 -0.139123 -0.16322
999.86952 -0.135966 -0.16570
999.96316 -0.132762 -0.16812
1000.05680 -0.129513 -0.17047
1000.15044 -0.126219 -0.17275
1000.24407 -0.122882 -0.17497
1000.33771 -0.119503 -0.17711
1000.43135 -0.116083 -0.17918
1000.52499 -0.112624 -0.18118
1000.61863 -0.109128 -0.18311
1000.71226 -0.105595 -0.18497
1000.80590 -0.102027 -0.18675
1000.89954 -0.098426 -0.18846
1000.99318 -0.094792 -0.19010
1001.08682 -0.091127 -0.19165
1001.18045 -0.087434 -0.19314
1001.27409 -0.083712 -0.19454
1001.36773 -0.079964 -0.19587
1001.46137 -0.076191 -0.19713
1001.55501 -0.072395 -0.19830
1001.64864 -0.068576 -0.19940
1001.74228 -0.064738 -0.20041
1001.83592 -0.060880 -0.20135
1001.92956 -0.057005 -0.20221
1002.02320 -0.053115 -0.20299
1002.11683 -0.049210 -0.20369
1002.21047 -0.045292 -0.20430
1002.30411 -0.041364 -0.20484
1002.39775 -0.037425 -0.20530
1002.49139 -0.033479 -0.20567
1002.58502 -0.029526 -0.20597
1002.67866 -0.025568 -0.20618
1002.77230 -0.021607 -0.20631
1002.86594 -0.017645 -0.20636
1002.95958 -0.013682 -0.20633
1003.05321 -0.009721 -0.20622
1003.14685 -0.005763 -0.20603
1003.24049 -0.001809 -0.20575
1003.33413 0.002138 -0.20540
1003.42777 0.006078 -0.20496
1003.52140 0.010008 -0.20445
1003.61504 0.013927 -0.20385
1003.70868 0.017833 -0.20317
1003.80232 0.021726 -0.20242
1003.89596 0.025602 -0.20158
1003.98959 0.029461 -0.20066
1004.08323 0.033302 -0.19967
1004.17687 0.037122 -0.19859
1004.27051 0.040920 -0.19744
1004.36415 0.044694 -0.19621
1004.45778 0.048443 -0.19491
1004.55142 0.052166 -0.19352
1004.64506 0.055861 -0.19206
1004.73870 0.059526 -0.19053
1004.83234 0.063159 -0.18892
1004.92597 0.066761 -0.18724
1005.01961 0.070327 -0.18548
1005.11325 0.073859 -0.18365
1005.20689 0.077353 -0.18175
1005.30053 0.080809 -0.17977
1005.39416 0.084225 -0.17773
1005.48780 0.087599 -0.17562
1005.58144 0.090931 -0.17344
1005.67508 0.094218 -0.17119
1005.76872 0.097460 -0.16887
1005.86235 0.100655 -0.16649
1005.95599 0.103802 -0.16404
1006.04963 0.106899 -0.16153
1006.14327 0.109946 -0.15895
1006.23691 0.112940 -0.15631
1006.33054 0.115881 -0.15362
1006.42418 0.118767 -0.15086
1006.51782 0.121597 -0.14804
1006.61146 0.124370 -0.14517
1006.70510 0.127085 -0.14224
1006.79873 0.129740 -0.13925
1006.89237 0.132334 -0.13622
1006.98601 0.134867 -0.13312
1007.07965 0.137337 -0.12998
1007.17329 0.139743 -0.12679
1007.26692 0.142084 -0.12355
1007.36056 0.144360 -0.12026
1007.45420 0.146568 -0.11692
1007.54784 0.148708 -0.11354
1007.64148 0.150779 -0.11012
1007.73511 0.152781 -0.10666
1007.82875 0.154712 -0.10315
1007.92239 0.156571 -0.09961
1008.01603 0.158357 -0.09603
1008.10967 0.160071 -0.09241
1008.20330 0.161710 -0.08876
1008.29694 0.163275 -0.08508
1008.39058 0.164765 -0.08137
1008.48422 0.166178 -0.07762
1008.57786 0.167514 -0.07385
1008.67150 0.168773 -0.07005
1008.76513 0.169954 -0.06623
1008.85877 0.171056 -0.06238
1008.95241 0.172079 -0.05852
1009.04605 0.173023 -0.05463
1009.13969 0.173886 -0.05072
1009.23332 0.174669 -0.04680
1009.32696 0.175371 -0.04287
1009.42060 0.175991 -0.03892
1009.51424 0.176530 -0.03496
1009.60788 0.176987 -0.03099
1009.70151 0.177362 -0.02701
1009.79515 0.177655 -0.02303
1009.88879 0.177865 -0.01904
1009.98243 0.177992 -0.01505
1010.07607 0.178036 -0.01106
1010.16970 0.177997 -0.00707
1010.26334 0.177876 -0.00309
1010.35698 0.177671 0.00089
1010.45062 0.177383 0.00487
1010.54426 0.177013 0.00884
1010.63789 0.176559 0.01279
1010.73153 0.176023 0.01674
1010.82517 0.175405 0.02067
1010.91881 0.174704 0.02458
1011.01245 0.173921 0.02848
1011.10608 0.173056 0.03236
1011.19972 0.172110 0.03622
1011.29336 0.171082 0.04006
1011.38700 0.169974 0.04387
1011.48064 0.168786 0.04766
1011.57427 0.167518 0.05142
1011.66791 0.166171 0.05515
1011.76155 0.164745 0.05885
1011.85519 0.163240 0.06251
1011.94883 0.161659 0.06614
1012.04246 0.160000 0.06974
1012.13610 0.158265 0.07329
1012.22974 0.156455 0.07681
1012.32338 0.154570 0.08028
1012.41702 0.152611 0.08372
1012.51065 0.150579 0.08710
1012.60429 0.148475 0.09045
1012.69793 0.146299 0.09374
1012.79157 0.144053 0.09698
1012.88521 0.141738 0.10017
1012.97884 0.139355 0.10331
1013.07248 0.136904 0.10640
1013.16612 0.134387 0.10943
1013.25976 0.131805 0.11240
1013.35340 0.129160 0.11532
1013.44703 0.126451 0.11817
1013.54067 0.123681 0.12096
1013.63431 0.120850 0.12369
1013.72795 0.117961 0.12636
1013.82159 0.115014 0.12896
1013.91522 0.112011 0.13149
1014.00886 0.108952 0.13395
1014.10250 0.105840 0.13635
1014.19614 0.102676 0.13867
1014.28978 0.099462 0.14092
1014.38341 0.096198 0.14310
1014.47705 0.092887 0.14521
1014.57069 0.089529 0.14724
1014.66433 0.086127 0.14919
1014.75797 0.082682 0.15106
1014.85160 0.079196 0.15286
1014.94524 0.075670 0.15458
1015.03888 0.072107 0.15621
1015.13252 0.068507 0.15777
1015.22616 0.064872 0.15924
1015.31979 0.061205 0.16063
1015.41343 0.057506 0.16194
1015.50707 0.053779 0.16316
1015.60071 0.050024 0.16430
1015.69435 0.046243 0.16535
1015.78798 0.042439 0.16631
1015.88162 0.038612 0.16718
1015.97526 0.034766 0.16797
1016.06890 0.030901 0.16867
1016.16254 0.027020 0.16928
1016.25617 0.023125 0.16980
1016.34981 0.019218 0.17024
1016.44345 0.015300 0.17058
1016.53709 0.011373 0.17083
1016.63073 0.007440 0.17099
1016.72436 0.003502 0.17106
1016.81800 -0.000438 0.17104
1016.91164 -0.004379 0.17092
1017.00528 -0.008318 0.17072
1017.09892 -0.012254 0.17042
1017.19255 -0.016185 0.17004
1017.28619 -0.020108 0.16956
1017.37983 -0.024022 0.16899
1017.47347 -0.027924 0.16833
1017.56711 -0.031813 0.16758
1017.66074 -0.035687 0.16674
1017.75438 -0.039543 0.16580
1017.84802 -0.043379 0.16478
1017.94166 -0.047194 0.16367
1018.03530 -0.050986 0.16247
1018.12893 -0.054752 0.16118
1018.22257 -0.058491 0.15980
1018.31621 -0.062200 0.15833
1018.40985 -0.065878 0.15678
1018.50349 -0.069522 0.15514
1018.59713 -0.073131 0.15341
1018.69076 -0.076703 0.15160
1018.78440 -0.080236 0.14971
1018.87804 -0.083728 0.14773
1018.97168 -0.087177 0.14566
1019.06532 -0.090580 0.14352
1019.15895 -0.093938 0.14130
1019.25259 -0.097246 0.13899
1019.34623 -0.100505 0.13661
1019.43987 -0.103711 0.13415
1019.53351 -0.106863 0.13161
1019.62714 -0.109959 0.12900
1019.72078 -0.112998 0.12631
1019.81442 -0.115978 0.12355
1019.90806 -0.118897 0.12072
1020.00170 -0.121754 0.11782
1020.09533 -0.124547 0.11484
1020.18897 -0.127273 0.11181
1020.28261 -0.129933 0.10870
1020.37625 -0.132524 0.10553
1020.46989 -0.135044 0.10230
1020.56352 -0.137492 0.09900
1020.65716 -0.139868 0.09565
1020.75080 -0.142168 0.09224
1020.84444 -0.144393 0.08877
1020.93808 -0.146540 0.08524
1021.03171 -0.148609 0.08167
1021.12535 -0.150597 0.07804
1021.21899 -0.152505 0.07436
1021.31263 -0.154330 0.07063
1021.40627 -0.156071 0.06686
1021.49990 -0.157728 0.06305
1021.59354 -0.159299 0.05919
1021.68718 -0.160784 0.05529
1021.78082 -0.162181 0.05135
1021.87446 -0.163489 0.04738
1021.96809 -0.164707 0.04338
1022.06173 -0.165835 0.03934
1022.15537 -0.166872 0.03527
1022.24901 -0.167817 0.03117
1022.34265 -0.168670 0.02705
1022.43628 -0.169429 0.02290
1022.52992 -0.170094 0.01873
1022.62356 -0.170664 0.01455
1022.71720 -0.171139 0.01034
1022.81084 -0.171519 0.00612
1022.90447 -0.171803 0.00189
1022.99811 -0.171990 -0.00235
1023.09175 -0.172081 -0.00660
1023.18539 -0.172075 -0.01086
1023.27903 -0.171971 -0.01512
1023.37266 -0.171771 -0.01938
1023.46630 -0.171472 -0.02365
1023.55994 -0.171076 -0.02790
1023.65358 -0.170583 -0.03216
1023.74722 -0.169992 -0.03640
1023.84085 -0.169303 -0.04064
1023.93449 -0.168517 -0.04486
1024.02813 -0.167634 -0.04907
1024.12177 -0.166654 -0.05327
1024.21541 -0.165577 -0.05744
1024.30904 -0.164404 -0.06159
1024.40268 -0.163135 -0.06572
1024.49632 -0.161771 -0.06982
1024.58996 -0.160311 -0.07390
1024.68360 -0.158757 -0.07794
1024.77723 -0.157109 -0.08195
1024.87087 -0.155369 -0.08593
1024.96451 -0.153535 -0.08987
1025.05815 -0.151610 -0.09377
1025.15179 -0.149594 -0.09763
1025.24542 -0.147488 -0.10144
1025.33906 -0.145292 -0.10521
1025.43270 -0.143009 -0.10893
1025.52634 -0.140638 -0.11261
1025.61998 -0.138181 -0.11622
1025.71361 -0.135640 -0.11979
1025.80725 -0.133014 -0.12330
1025.90089 -0.130306 -0.12674
1025.99453 -0.127516 -0.13013
1026.08817 -0.124646 -0.13346
1026.18180 -0.121698 -0.13672
1026.27544 -0.118672 -0.13992
1026.36908 -0.115570 -0.14304
1026.46272 -0.112394 -0.14610
1026.55636 -0.109145 -0.14908
1026.64999 -0.105825 -0.15199
1026.74363 -0.102435 -0.15483
1026.83727 -0.098977 -0.15759
1026.93091 -0.095452 -0.16027
1027.02455 -0.091863 -0.16286
1027.11818 -0.088212 -0.16538
1027.21182 -0.084499 -0.16781
1027.30546 -0.080728 -0.17016
1027.39910 -0.076899 -0.17242
1027.49274 -0.073015 -0.17459
1027.58637 -0.069078 -0.17667
1027.68001 -0.065090 -0.17866
1027.77365 -0.061052 -0.18055
1027.86729 -0.056968 -0.18236
1027.96093 -0.052838 -0.18406
1028.05456 -0.048666 -0.18568
1028.14820 -0.044453 -0.18719
1028.24184 -0.040202 -0.18861
1028.33548 -0.035914 -0.18992
1028.42912 -0.031592 -0.19114
1028.52276 -0.027239 -0.19225
1028.61639 -0.022857 -0.19326
1028.71003 -0.018447 -0.19417
1028.80367 -0.014013 -0.19498
1028.89731 -0.009556 -0.19568
1028.99095 -0.005079 -0.19627
1029.08458 -0.000585 -0.19676
1029.17822 0.003924 -0.19715
1029.27186 0.008446 -0.19742
1029.36550 0.012978 -0.19759
1029.45914 0.017518 -0.19765
1029.55277 0.022064 -0.19761
1029.64641 0.026612 -0.19745
1029.74005 0.031161 -0.19719
1029.83369 0.035707 -0.19682
1029.92733 0.040249 -0.19634
1030.02096 0.044784 -0.19575
1030.11460 0.049310 -0.19506
1030.20824 0.053823 -0.19425
1030.30188 0.058322 -0.19334
1030.39552 0.062804 -0.19232
1030.48915 0.067267 -0.19119
1030.58279 0.071707 -0.18995
1030.67643 0.076123 -0.18861
1030.77007 0.080513 -0.18716
1030.86371 0.084873 -0.18560
1030.95734 0.089202 -0.18394
1031.05098 0.093496 -0.18218
1031.14462 0.097754 -0.18031
1031.23826 0.101973 -0.17834
1031.33190 0.106151 -0.17626
1031.42553 0.110285 -0.17408
1031.51917 0.114373 -0.17181
1031.61281 0.118414 -0.16943
1031.70645 0.122403 -0.16695
1031.80009 0.126340 -0.16438
1031.89372 0.130222 -0.16171
1031.98736 0.134047 -0.15894
1032.08100 0.137813 -0.15608
1032.17464 0.141517 -0.15313
1032.26828 0.145157 -0.15009
1032.36191 0.148732 -0.14695
1032.45555 0.152239 -0.14373
1032.54919 0.155676 -0.14042
1032.64283 0.159041 -0.13702
1032.73647 0.162333 -0.13354
1032.83010 0.165549 -0.12998
1032.92374 0.168687 -0.12634
1033.01738 0.171746 -0.12261
1033.11102 0.174724 -0.11881
1033.20466 0.177618 -0.11494
1033.29829 0.180428 -0.11099
1033.39193 0.183151 -0.10696
1033.48557 0.185787 -0.10287
1033.57921 0.188332 -0.09871
1033.67285 0.190786 -0.09448
1033.76648 0.193148 -0.09019
1033.86012 0.195415 -0.08584
1033.95376 0.197586 -0.08143
1034.04740 0.199660 -0.07696
1034.14104 0.201636 -0.07243
1034.23467 0.203511 -0.06785
1034.32831 0.205286 -0.06322
1034.42195 0.206958 -0.05853
1034.51559 0.208527 -0.05381
1034.60923 0.209991 -0.04903
1034.70286 0.211350 -0.04422
1034.79650 0.212602 -0.03936
1034.89014 0.213747 -0.03447
1034.98378 0.214782 -0.02955
1035.07742 0.215709 -0.02458
1035.17105 0.216525 -0.01959
1035.26469 0.217231 -0.01458
1035.35833 0.217825 -0.00953
1035.45197 0.218306 -0.00447
1035.54561 0.218675 0.00062
1035.63924 0.218930 0.00572
1035.73288 0.219071 0.01084
1035.82652 0.219099 0.01598
1035.92016 0.219011 0.02112
1036.01380 0.218808 0.02627
1036.10743 0.218491 0.03142
1036.20107 0.218057 0.03658
1036.29471 0.217509 0.04173
1036.38835 0.216844 0.04689
1036.48199 0.216064 0.05203
1036.57562 0.215168 0.05717
1036.66926 0.214157 0.06230
1036.76290 0.213030 0.06742
1036.85654 0.211788 0.07251
1036.95018 0.210431 0.07759
1037.04381 0.208959 0.08265
1037.13745 0.207373 0.08768
1037.23109 0.205673 0.09269
1037.32473 0.203860 0.09767
1037.41837 0.201934 0.10261
1037.51200 0.199896 0.10752
1037.60564 0.197747 0.11240
1037.69928 0.195486 0.11723
1037.79292 0.193116 0.12202
1037.88656 0.190636 0.12677
1037.98019 0.188048 0.13147
1038.07383 0.185353 0.13611
1038.16747 0.182552 0.14071
1038.26111 0.179645 0.14525
1038.35475 0.176634 0.14973
1038.44839 0.173521 0.15415
1038.54202 0.170305 0.15851
1038.63566 0.166990 0.16281
1038.72930 0.163575 0.16703
1038.82294 0.160063 0.17119
1038.91658 0.156454 0.17527
1039.01021 0.152751 0.17928
1039.10385 0.148955 0.18322
1039.19749 0.145068 0.18707
1039.29113 0.141090 0.19084
1039.38477 0.137025 0.19453
1039.47840 0.132873 0.19813
1039.57204 0.128637 0.20165
1039.66568 0.124319 0.20507
1039.75932 0.119920 0.20841
1039.85296 0.115442 0.21164
1039.94659 0.110888 0.21479
1040.04023 0.106259 0.21783
1040.13387 0.101558 0.22078
1040.22751 0.096786 0.22362
1040.32115 0.091947 0.22636
1040.41478 0.087042 0.22899
1040.50842 0.082073 0.23151
1040.60206 0.077043 0.23393
1040.69570 0.071955 0.23624
1040.78934 0.066810 0.23843
1040.88297 0.061612 0.24051
1040.97661 0.056362 0.24248
1041.07025 0.051064 0.24433
1041.16389 0.045719 0.24606
1041.25753 0.040331 0.24767
1041.35116 0.034902 0.24916
1041.44480 0.029434 0.25053
1041.53844 0.023932 0.25177
1041.63208 0.018396 0.25289
1041.72572 0.012831 0.25389
1041.81935 0.007239 0.25476
1041.91299 0.001622 0.25550
1042.00663 -0.004016 0.25612
1042.10027 -0.009673 0.25661
1042.19391 -0.015345 0.25696
1042.28754 -0.021030 0.25719
1042.38118 -0.026724 0.25729
1042.47482 -0.032425 0.25725
1042.56846 -0.038130 0.25709
1042.66210 -0.043836 0.25679
1042.75573 -0.049539 0.25636
1042.84937 -0.055237 0.25579
1042.94301 -0.060926 0.25510
1043.03665 -0.066604 0.25427
1043.13029 -0.072267 0.25330
1043.22392 -0.077913 0.25221
1043.31756 -0.083537 0.25098
1043.41120 -0.089138 0.24962
1043.50484 -0.094712 0.24812
1043.59848 -0.100255 0.24650
1043.69211 -0.105766 0.24474
1043.78575 -0.111239 0.24285
1043.87939 -0.116674 0.24083
1043.97303 -0.122066 0.23867
1044.06667 -0.127412 0.23639
1044.16030 -0.132710 0.23398
1044.25394 -0.137956 0.23144
1044.34758 -0.143146 0.22878
1044.44122 -0.148279 0.22598
1044.53486 -0.153351 0.22307
1044.62849 -0.158359 0.22002
1044.72213 -0.163300 0.21686
1044.81577 -0.168171 0.21357
1044.90941 -0.172969 0.21016
1045.00305 -0.177691 0.20663
1045.09668 -0.182335 0.20299
1045.19032 -0.186896 0.19923
1045.28396 -0.191373 0.19535
1045.37760 -0.195763 0.19136
1045.47124 -0.200063 0.18727
1045.56487 -0.204270 0.18306
1045.65851 -0.208381 0.17874
1045.75215 -0.212394 0.17432
1045.84579 -0.216306 0.16979
1045.93943 -0.220114 0.16517
1046.03306 -0.223817 0.16044
1046.12670 -0.227411 0.15562
1046.22034 -0.230894 0.15071
1046.31398 -0.234263 0.14570
1046.40762 -0.237516 0.14060
1046.50125 -0.240652 0.13542
1046.59489 -0.243667 0.13015
1046.68853 -0.246559 0.12479
1046.78217 -0.249327 0.11936
1046.87581 -0.251968 0.11386
1046.96944 -0.254480 0.10828
1047.06308 -0.256861 0.10263
1047.15672 -0.259110 0.09691
1047.25036 -0.261224 0.09112
1047.34400 -0.263202 0.08528
1047.43763 -0.265042 0.07937
1047.53127 -0.266743 0.07341
1047.62491 -0.268302 0.06740
1047.71855 -0.269719 0.06134
1047.81219 -0.270992 0.05523
1047.90582 -0.272120 0.04908
1047.99946 -0.273101 0.04290
1048.09310 -0.273935 0.03667
1048.18674 -0.274619 0.03041
1048.28038 -0.275154 0.02413
1048.37402 -0.275539 0.01782
1048.46765 -0.275772 0.01149
1048.56129 -0.275852 0.00514
1048.65493 -0.275780 -0.00123
1048.74857 -0.275554 -0.00760
1048.84221 -0.275175 -0.01398
1048.93584 -0.274641 -0.02037
1049.02948 -0.273952 -0.02675
1049.12312 -0.273109 -0.03313
1049.21676 -0.272110 -0.03950
1049.31040 -0.270957 -0.04586
1049.40403 -0.269649 -0.05221
1049.49767 -0.268186 -0.05853
1049.59131 -0.266568 -0.06483
1049.68495 -0.264797 -0.07111
1049.77859 -0.262872 -0.07735
1049.87222 -0.260794 -0.08356
1049.96586 -0.258563 -0.08973
1050.05950 -0.256181 -0.09586
1050.15314 -0.253648 -0.10194
1050.24678 -0.250965 -0.10797
1050.34041 -0.248133 -0.11395
1050.43405 -0.245154 -0.11987
1050.52769 -0.242028 -0.12572
1050.62133 -0.238757 -0.13152
1050.71497 -0.235342 -0.13724
1050.80860 -0.231786 -0.14289
1050.90224 -0.228088 -0.14846
1050.99588 -0.224253 -0.15396
1051.08952 -0.220280 -0.15937
1051.18316 -0.216172 -0.16469
1051.27679 -0.211931 -0.16992
1051.37043 -0.207560 -0.17506
1051.46407 -0.203059 -0.18010
1051.55771 -0.198433 -0.18504
1051.65135 -0.193683 -0.18987
1051.74498 -0.188811 -0.19459
1051.83862 -0.183821 -0.19920
1051.93226 -0.178714 -0.20370
1052.02590 -0.173494 -0.20808
1052.11954 -0.168164 -0.21234
1052.21317 -0.162726 -0.21648
1052.30681 -0.157184 -0.22048
1052.40045 -0.151540 -0.22436
1052.49409 -0.145798 -0.22810
1052.58773 -0.139962 -0.23171
1052.68136 -0.134034 -0.23518
1052.77500 -0.128018 -0.23851
1052.86864 -0.121917 -0.24169
1052.96228 -0.115736 -0.24473
1053.05592 -0.109477 -0.24762
1053.14955 -0.103145 -0.25036
1053.24319 -0.096743 -0.25295
1053.33683 -0.090276 -0.25538
1053.43047 -0.083746 -0.25765
1053.52411 -0.077159 -0.25976
1053.61774 -0.070519 -0.26171
1053.71138 -0.063828 -0.26350
1053.80502 -0.057093 -0.26512
1053.89866 -0.050316 -0.26658
1053.99230 -0.043502 -0.26787
1054.08593 -0.036656 -0.26899
1054.17957 -0.029782 -0.26994
1054.27321 -0.022884 -0.27072
1054.36685 -0.015967 -0.27133
1054.46049 -0.009036 -0.27176
1054.55412 -0.002094 -0.27202
1054.64776 0.004853 -0.27210
1054.74140 0.011801 -0.27201
1054.83504 0.018745 -0.27174
1054.92868 0.025681 -0.27130
1055.02231 0.032604 -0.27068
1055.11595 0.039508 -0.26988
1055.20959 0.046390 -0.26890
1055.30323 0.053245 -0.26775
1055.39687 0.060068 -0.26643
1055.49050 0.066854 -0.26493
1055.58414 0.073598 -0.26325
1055.67778 0.080296 -0.26140
1055.77142 0.086943 -0.25937
1055.86506 0.093535 -0.25718
1055.95869 0.100066 -0.25481
1056.05233 0.106531 -0.25227
1056.14597 0.112927 -0.24956
1056.23961 0.119248 -0.24668
1056.33325 0.125490 -0.24364
1056.42688 0.131648 -0.24043
1056.52052 0.137718 -0.23706
1056.61416 0.143695 -0.23353
1056.70780 0.149574 -0.22984
1056.80144 0.155352 -0.22600
1056.89507 0.161024 -0.22200
1056.98871 0.166585 -0.21785
1057.08235 0.172031 -0.21355
1057.17599 0.177358 -0.20910
1057.26963 0.182561 -0.20451
1057.36326 0.187637 -0.19978
1057.45690 0.192582 -0.19491
1057.55054 0.197392 -0.18991
1057.64418 0.202062 -0.18478
1057.73782 0.206589 -0.17952
1057.83145 0.210970 -0.17413
1057.92509 0.215200 -0.16863
1058.01873 0.219276 -0.16301
1058.11237 0.223194 -0.15728
1058.20601 0.226952 -0.15143
1058.29965 0.230546 -0.14549
1058.39328 0.233973 -0.13944
1058.48692 0.237230 -0.13330
1058.58056 0.240313 -0.12706
1058.67420 0.243221 -0.12074
1058.76784 0.245951 -0.11434
1058.86147 0.248499 -0.10786
1058.95511 0.250864 -0.10131
1059.04875 0.253043 -0.09469
1059.14239 0.255034 -0.08800
1059.23603 0.256835 -0.08126
1059.32966 0.258444 -0.07446
1059.42330 0.259860 -0.06762
1059.51694 0.261080 -0.06074
1059.61058 0.262103 -0.05381
1059.70422 0.262929 -0.04686
1059.79785 0.263555 -0.03988
1059.89149 0.263981 -0.03288
1059.98513 0.264206 -0.02586
1060.07877 0.264229 -0.01884
1060.17241 0.264050 -0.01181
1060.26604 0.263668 -0.00478
1060.35968 0.263083 0.00224
1060.45332 0.262295 0.00925
1060.54696 0.261304 0.01623
1060.64060 0.260111 0.02320
1060.73423 0.258715 0.03013
1060.82787 0.257118 0.03703
1060.92151 0.255321 0.04388
1061.01515 0.253323 0.05069
1061.10879 0.251127 0.05744
1061.20242 0.248734 0.06413
1061.29606 0.246145 0.07076
1061.38970 0.243361 0.07732
1061.48334 0.240386 0.08379
1061.57698 0.237220 0.09019
1061.67061 0.233867 0.09650
1061.76425 0.230328 0.10271
1061.85789 0.226606 0.10883
1061.95153 0.222703 0.11484
1062.04517 0.218624 0.12074
1062.13880 0.214370 0.12652
1062.23244 0.209945 0.13218
1062.32608 0.205352 0.13771
1062.41972 0.200596 0.14312
1062.51336 0.195679 0.14838
1062.60699 0.190607 0.15351
1062.70063 0.185382 0.15848
1062.79427 0.180010 0.16331
1062.88791 0.174495 0.16798
1062.98155 0.168840 0.17248
1063.07518 0.163053 0.17682
1063.16882 0.157136 0.18100
1063.26246 0.151095 0.18499
1063.35610 0.144936 0.18881
1063.44974 0.138663 0.19245
1063.54337 0.132283 0.19590
1063.63701 0.125801 0.19916
1063.73065 0.119223 0.20223
1063.82429 0.112555 0.20510
1063.91793 0.105802 0.20778
1064.01156 0.098971 0.21025
1064.10520 0.092069 0.21251
1064.19884 0.085102 0.21457
1064.29248 0.078075 0.21642
1064.38612 0.070997 0.21805
1064.47975 0.063873 0.21947
1064.57339 0.056711 0.22067
1064.66703 0.049517 0.22166
1064.76067 0.042298 0.22242
1064.85431 0.035061 0.22297
1064.94794 0.027814 0.22329
1065.04158 0.020564 0.22339
1065.13522 0.013317 0.22327
1065.22886 0.006082 0.22292
1065.32250 -0.001135 0.22235
1065.41613 -0.008326 0.22156
1065.50977 -0.015485 0.22054
1065.60341 -0.022602 0.21931
1065.69705 -0.029672 0.21785
1065.79069 -0.036687 0.21617
1065.88432 -0.043639 0.21427
1065.97796 -0.050522 0.21216
1066.07160 -0.057327 0.20983
1066.16524 -0.064047 0.20729
1066.25888 -0.070676 0.20454
1066.35251 -0.077206 0.20157
1066.44615 -0.083630 0.19841
1066.53979 -0.089941 0.19504
1066.63343 -0.096132 0.19147
1066.72707 -0.102196 0.18771
1066.82070 -0.108126 0.18376
1066.91434 -0.113916 0.17962
1067.00798 -0.119559 0.17530
1067.10162 -0.125049 0.17079
1067.19526 -0.130379 0.16612
1067.28889 -0.135543 0.16128
1067.38253 -0.140536 0.15627
1067.47617 -0.145351 0.15111
1067.56981 -0.149983 0.14579
1067.66345 -0.154426 0.14033
1067.75708 -0.158675 0.13473
1067.85072 -0.162726 0.12900
1067.94436 -0.166572 0.12314
1068.03800 -0.170210 0.11716
1068.13164 -0.173635 0.11107
1068.22528 -0.176843 0.10487
1068.31891 -0.179830 0.09857
1068.41255 -0.182592 0.09219
1068.50619 -0.185126 0.08572
1068.59983 -0.187429 0.07917
1068.69347 -0.189498 0.07256
1068.78710 -0.191329 0.06588
1068.88074 -0.192922 0.05916
1068.97438 -0.194273 0.05239
1069.06802 -0.195381 0.04559
1069.16166 -0.196245 0.03876
1069.25529 -0.196863 0.03192
1069.34893 -0.197236 0.02507
1069.44257 -0.197361 0.01821
1069.53621 -0.197239 0.01137
1069.62985 -0.196871 0.00454
1069.72348 -0.196257 -0.00226
1069.81712 -0.195396 -0.00903
1069.91076 -0.194292 -0.01575
1070.00440 -0.192945 -0.02242
1070.09804 -0.191357 -0.02903
1070.19167 -0.189530 -0.03556
1070.28531 -0.187468 -0.04202
1070.37895 -0.185171 -0.04839
1070.47259 -0.182645 -0.05467
1070.56623 -0.179892 -0.06083
1070.65986 -0.176916 -0.06689
1070.75350 -0.173721 -0.07283
1070.84714 -0.170313 -0.07863
1070.94078 -0.166695 -0.08430
1071.03442 -0.162874 -0.08982
1071.12805 -0.158854 -0.09520
1071.22169 -0.154641 -0.10041
1071.31533 -0.150241 -0.10545
1071.40897 -0.145662 -0.11032
1071.50261 -0.140909 -0.11501
1071.59624 -0.135989 -0.11951
1071.68988 -0.130910 -0.12382
1071.78352 -0.125680 -0.12793
1071.87716 -0.120305 -0.13184
1071.97080 -0.114794 -0.13553
1072.06443 -0.109156 -0.13901
1072.15807 -0.103398 -0.14226
1072.25171 -0.097530 -0.14530
1072.34535 -0.091559 -0.14810
1072.43899 -0.085496 -0.15067
1072.53262 -0.079350 -0.15301
1072.62626 -0.073129 -0.15510
1072.71990 -0.066843 -0.15695
1072.81354 -0.060503 -0.15856
1072.90718 -0.054117 -0.15993
1073.00081 -0.047696 -0.16104
1073.09445 -0.041249 -0.16191
1073.18809 -0.034786 -0.16253
1073.28173 -0.028318 -0.16290
1073.37537 -0.021854 -0.16301
1073.46900 -0.015404 -0.16288
1073.56264 -0.008979 -0.16250
1073.65628 -0.002588 -0.16187
1073.74992 0.003759 -0.16100
1073.84356 0.010051 -0.15989
1073.93719 0.016279 -0.15853
1074.03083 0.022433 -0.15694
1074.12447 0.028504 -0.15511
1074.21811 0.034483 -0.15305
1074.31175 0.040359 -0.15076
1074.40538 0.046124 -0.14826
1074.49902 0.051768 -0.14553
1074.59266 0.057284 -0.14259
1074.68630 0.062663 -0.13945
1074.77994 0.067896 -0.13611
1074.87357 0.072975 -0.13257
1074.96721 0.077893 -0.12885
1075.06085 0.082642 -0.12495
1075.15449 0.087215 -0.12087
1075.24813 0.091605 -0.11663
1075.34176 0.095806 -0.11223
1075.43540 0.099811 -0.10768
1075.52904 0.103615 -0.10299
1075.62268 0.107213 -0.09817
1075.71632 0.110598 -0.09323
1075.80995 0.113768 -0.08818
1075.90359 0.116716 -0.08301
1075.99723 0.119440 -0.07776
1076.09087 0.121937 -0.07242
1076.18451 0.124202 -0.06700
1076.27814 0.126234 -0.06152
1076.37178 0.128030 -0.05598
1076.46542 0.129588 -0.05040
1076.55906 0.130908 -0.04478
1076.65270 0.131989 -0.03914
1076.74633 0.132830 -0.03348
1076.83997 0.133432 -0.02782
1076.93361 0.133794 -0.02216
1077.02725 0.133918 -0.01652
1077.12089 0.133806 -0.01090
1077.21452 0.133459 -0.00532
1077.30816 0.132879 0.00022
1077.40180 0.132070 0.00570
1077.49544 0.131034 0.01112
1077.58908 0.129776 0.01646
1077.68271 0.128298 0.02172
1077.77635 0.126606 0.02688
1077.86999 0.124705 0.03195
1077.96363 0.122599 0.03691
1078.05727 0.120294 0.04174
1078.15091 0.117796 0.04645
1078.24454 0.115112 0.05103
1078.33818 0.112248 0.05547
1078.43182 0.109210 0.05976
1078.52546 0.106006 0.06389
1078.61910 0.102644 0.06786
1078.71273 0.099132 0.07166
1078.80637 0.095476 0.07529
1078.90001 0.091686 0.07875
1078.99365 0.087770 0.08201
1079.08729 0.083737 0.08509
1079.18092 0.079596 0.08798
1079.27456 0.075354 0.09067
1079.36820 0.071022 0.09316
1079.46184 0.066609 0.09545
1079.55548 0.062124 0.09753
1079.64911 0.057577 0.09941
1079.74275 0.052976 0.10108
1079.83639 0.048332 0.10254
1079.93003 0.043653 0.10379
1080.02367 0.038950 0.10483
1080.11730 0.034231 0.10566
1080.21094 0.029507 0.10627
1080.30458 0.024786 0.10668
1080.39822 0.020077 0.10689
1080.49186 0.015390 0.10689
1080.58549 0.010734 0.10668
1080.67913 0.006117 0.10627
1080.77277 0.001549 0.10567
1080.86641 -0.002963 0.10487
1080.96005 -0.007410 0.10388
1081.05368 -0.011784 0.10271
1081.14732 -0.016077 0.10135
1081.24096 -0.020282 0.09982
1081.33460 -0.024392 0.09812
1081.42824 -0.028398 0.09625
1081.52187 -0.032296 0.09422
1081.61551 -0.036077 0.09203
1081.70915 -0.039737 0.08970
1081.80279 -0.043268 0.08722
1081.89643 -0.046667 0.08461
1081.99006 -0.049927 0.08187
1082.08370 -0.053044 0.07901
1082.17734 -0.056014 0.07604
1082.27098 -0.058832 0.07296
1082.36462 -0.061495 0.06978
1082.45825 -0.064000 0.06651
1082.55189 -0.066343 0.06315
1082.64553 -0.068522 0.05973
1082.73917 -0.070535 0.05623
1082.83281 -0.072380 0.05267
1082.92644 -0.074055 0.04907
1083.02008 -0.075560 0.04541
1083.11372 -0.076894 0.04173
1083.20736 -0.078057 0.03801
1083.30100 -0.079049 0.03428
1083.39463 -0.079869 0.03053
1083.48827 -0.080520 0.02678
1083.58191 -0.081002 0.02304
1083.67555 -0.081316 0.01930
1083.76919 -0.081465 0.01558
1083.86282 -0.081450 0.01189
1083.95646 -0.081274 0.00823
1084.05010 -0.080940 0.00461
1084.14374 -0.080451 0.00104
1084.23738 -0.079810 -0.00248
1084.33101 -0.079021 -0.00594
1084.42465 -0.078088 -0.00933
1084.51829 -0.077014 -0.01266
1084.61193 -0.075804 -0.01590
1084.70557 -0.074464 -0.01906
1084.79920 -0.072996 -0.02214
1084.89284 -0.071408 -0.02512
1084.98648 -0.069702 -0.02801
1085.08012 -0.067886 -0.03079
1085.17376 -0.065964 -0.03347
1085.26739 -0.063943 -0.03604
1085.36103 -0.061827 -0.03850
1085.45467 -0.059622 -0.04084
1085.54831 -0.057336 -0.04306
1085.64195 -0.054972 -0.04517
1085.73558 -0.052538 -0.04714
1085.82922 -0.050040 -0.04899
1085.92286 -0.047484 -0.05072
1086.01650 -0.044876 -0.05231
1086.11014 -0.042222 -0.05378
1086.20377 -0.039528 -0.05511
1086.29741 -0.036801 -0.05632
1086.39105 -0.034047 -0.05739
1086.48469 -0.031271 -0.05833
1086.57833 -0.028480 -0.05914
1086.67196 -0.025679 -0.05982
1086.76560 -0.022876 -0.06037
1086.85924 -0.020074 -0.06079
1086.95288 -0.017280 -0.06108
1087.04652 -0.014500 -0.06125
1087.14015 -0.011738 -0.06129
1087.23379 -0.009001 -0.06121
1087.32743 -0.006293 -0.06102
1087.42107 -0.003619 -0.06070
1087.51471 -0.000984 -0.06028
1087.60834 0.001607 -0.05974
1087.70198 0.004150 -0.05909
1087.79562 0.006641 -0.05834
1087.88926 0.009075 -0.05748
1087.98290 0.011449 -0.05653
1088.07654 0.013758 -0.05548
1088.17017 0.016001 -0.05434
1088.26381 0.018172 -0.05312
1088.35745 0.020269 -0.05181
1088.45109 0.022289 -0.05043
1088.54473 0.024231 -0.04897
1088.63836 0.026090 -0.04744
1088.73200 0.027865 -0.04584
1088.82564 0.029554 -0.04419
1088.91928 0.031155 -0.04247
1089.01292 0.032666 -0.04071
1089.10655 0.034087 -0.03889
1089.20019 0.035416 -0.03703
1089.29383 0.036652 -0.03514
1089.38747 0.037795 -0.03321
1089.48111 0.038843 -0.03124
1089.57474 0.039797 -0.02926
1089.66838 0.040657 -0.02725
1089.76202 0.041422 -0.02522
1089.85566 0.042093 -0.02318
1089.94930 0.042670 -0.02113
1090.04293 0.043154 -0.01908
1090.13657 0.043545 -0.01703
1090.23021 0.043845 -0.01498
1090.32385 0.044055 -0.01294
1090.41749 0.044176 -0.01091
1090.51112 0.044210 -0.00890
1090.60476 0.044157 -0.00690
1090.69840 0.044020 -0.00493
1090.79204 0.043801 -0.00298
1090.88568 0.043501 -0.00106
1090.97931 0.043123 0.00083
1091.07295 0.042669 0.00268
1091.16659 0.042141 0.00449
1091.26023 0.041541 0.00627
1091.35387 0.040872 0.00800
1091.44750 0.040137 0.00968
1091.54114 0.039338 0.01132
1091.63478 0.038478 0.01291
1091.72842 0.037559 0.01444
1091.82206 0.036585 0.01592
1091.91569 0.035558 0.01735
1092.00933 0.034482 0.01871
1092.10297 0.033358 0.02002
1092.19661 0.032191 0.02127
1092.29025 0.030983 0.02245
1092.38388 0.029737 0.02357
1092.47752 0.028456 0.02463
1092.57116 0.027144 0.02563
1092.66480 0.025803 0.02655
1092.75844 0.024436 0.02742
1092.85207 0.023046 0.02821
1092.94571 0.021637 0.02894
1093.03935 0.020211 0.02961
1093.13299 0.018771 0.03020
1093.22663 0.017321 0.03073
1093.32026 0.015862 0.03120
1093.41390 0.014398 0.03159
1093.50754 0.012932 0.03192
1093.60118 0.011467 0.03219
1093.69482 0.010004 0.03239
1093.78845 0.008547 0.03253
1093.88209 0.007099 0.03261
1093.97573 0.005661 0.03262
1094.06937 0.004237 0.03257
1094.16301 0.002828 0.03247
1094.25664 0.001437 0.03230
1094.35028 0.000067 0.03208
1094.44392 -0.001281 0.03180
1094.53756 -0.002605 0.03147
1094.63120 -0.003902 0.03109
1094.72483 -0.005171 0.03065
1094.81847 -0.006410 0.03017
1094.91211 -0.007616 0.02963
1095.00575 -0.008789 0.02905
1095.09939 -0.009927 0.02843
1095.19302 -0.011028 0.02777
1095.28666 -0.012092 0.02706
1095.38030 -0.013115 0.02632
1095.47394 -0.014099 0.02554
1095.56758 -0.015040 0.02472
1095.66121 -0.015939 0.02387
1095.75485 -0.016794 0.02300
1095.84849 -0.017605 0.02209
1095.94213 -0.018370 0.02116
1096.03577 -0.019090 0.02020
1096.12940 -0.019763 0.01922
1096.22304 -0.020389 0.01822
1096.31668 -0.020968 0.01721
1096.41032 -0.021499 0.01618
1096.50396 -0.021982 0.01513
1096.59759 -0.022417 0.01407
1096.69123 -0.022804 0.01301
1096.78487 -0.023143 0.01194
1096.87851 -0.023434 0.01086
1096.97215 -0.023677 0.00977
1097.06578 -0.023874 0.00869
1097.15942 -0.024023 0.00761
1097.25306 -0.024125 0.00653
1097.34670 -0.024181 0.00546
1097.44034 -0.024192 0.00439
1097.53397 -0.024158 0.00333
1097.62761 -0.024080 0.00228
1097.72125 -0.023959 0.00124
1097.81489 -0.023795 0.00021
1097.90853 -0.023589 -0.00080
1098.00217 -0.023343 -0.00179
1098.09580 -0.023058 -0.00276
1098.18944 -0.022734 -0.00372
1098.28308 -0.022372 -0.00465
1098.37672 -0.021975 -0.00556
1098.47036 -0.021543 -0.00645
1098.56399 -0.021077 -0.00731
1098.65763 -0.020579 -0.00814
1098.75127 -0.020049 -0.00895
1098.84491 -0.019491 -0.00973
1098.93855 -0.018904 -0.01048
1099.03218 -0.018291 -0.01120
1099.12582 -0.017653 -0.01188
1099.21946 -0.016991 -0.01254
1099.31310 -0.016307 -0.01316
1099.40674 -0.015602 -0.01374
1099.50037 -0.014878 -0.01430
1099.59401 -0.014138 -0.01482
1099.68765 -0.013381 -0.01530
1099.78129 -0.012610 -0.01575
1099.87493 -0.011827 -0.01616
1099.96856 -0.011033 -0.01653
1100.06220 -0.010229 -0.01687
1100.15584 -0.009418 -0.01717
1100.24948 -0.008600 -0.01744
1100.34312 -0.007779 -0.01766
1100.43675 -0.006954 -0.01786
1100.53039 -0.006128 -0.01801
1100.62403 -0.005302 -0.01813
1100.71767 -0.004477 -0.01821
1100.81131 -0.003656 -0.01826
1100.90494 -0.002840 -0.01827
1100.99858 -0.002030 -0.01825
1101.09222 -0.001227 -0.01819
1101.18586 -0.000434 -0.01810
1101.27950 0.000349 -0.01798
1101.37313 0.001121 -0.01782
1101.46677 0.001879 -0.01763
1101.56041 0.002623 -0.01741
1101.65405 0.003352 -0.01716
1101.74769 0.004064 -0.01688
1101.84132 0.004759 -0.01658
1101.93496 0.005434 -0.01624
1102.02860 0.006090 -0.01588
1102.12224 0.006725 -0.01549
1102.21588 0.007338 -0.01508
1102.30951 0.007928 -0.01465
1102.40315 0.008495 -0.01420
1102.49679 0.009038 -0.01372
1102.59043 0.009556 -0.01322
1102.68407 0.010048 -0.01271
1102.77770 0.010514 -0.01218
1102.87134 0.010953 -0.01163
1102.96498 0.011365 -0.01107
1103.05862 0.011749 -0.01049
1103.15226 0.012105 -0.00990
1103.24589 0.012433 -0.00930
1103.33953 0.012732 -0.00869
1103.43317 0.013003 -0.00808
1103.52681 0.013244 -0.00745
1103.62045 0.013456 -0.00682
1103.71408 0.013639 -0.00619
1103.80772 0.013793 -0.00555
1103.90136 0.013919 -0.00491
1103.99500 0.014015 -0.00428
1104.08864 0.014082 -0.00364
1104.18227 0.014122 -0.00300
1104.27591 0.014133 -0.00237
1104.36955 0.014116 -0.00174
1104.46319 0.014072 -0.00112
1104.55683 0.014002 -0.00050
1104.65046 0.013904 0.00011
1104.74410 0.013781 0.00071
1104.83774 0.013633 0.00130
1104.93138 0.013460 0.00188
1105.02502 0.013263 0.00244
1105.11865 0.013043 0.00300
1105.21229 0.012800 0.00354
1105.30593 0.012536 0.00406
1105.39957 0.012251 0.00457
1105.49321 0.011946 0.00507
1105.58684 0.011621 0.00554
1105.68048 0.011279 0.00600
1105.77412 0.010919 0.00644
1105.86776 0.010542 0.00686
1105.96140 0.010151 0.00726
1106.05503 0.009745 0.00764
1106.14867 0.009325 0.00800
1106.24231 0.008893 0.00834
1106.33595 0.008450 0.00865
1106.42959 0.007997 0.00895
1106.52322 0.007534 0.00922
1106.61686 0.007063 0.00947
1106.71050 0.006585 0.00970
1106.80414 0.006101 0.00990
1106.89778 0.005612 0.01009
1106.99141 0.005119 0.01025
1107.08505 0.004624 0.01038
1107.17869 0.004126 0.01049
1107.27233 0.003627 0.01059
1107.36597 0.003129 0.01065
1107.45960 0.002632 0.01070
1107.55324 0.002137 0.01072
1107.64688 0.001646 0.01073
1107.74052 0.001158 0.01071
1107.83416 0.000676 0.01066
1107.92780 0.000199 0.01060
1108.02143 -0.000270 0.01052
1108.11507 -0.000732 0.01042
1108.20871 -0.001186 0.01030
1108.30235 -0.001630 0.01016
1108.39599 -0.002064 0.01000
1108.48962 -0.002488 0.00982
1108.58326 -0.002899 0.00963
1108.67690 -0.003299 0.00942
1108.77054 -0.003686 0.00920
1108.86418 -0.004059 0.00895
1108.95781 -0.004419 0.00870
1109.05145 -0.004764 0.00843
1109.14509 -0.005094 0.00815
1109.23873 -0.005409 0.00786
1109.33237 -0.005708 0.00755
1109.42600 -0.005991 0.00724
1109.51964 -0.006257 0.00692
1109.61328 -0.006506 0.00658
1109.70692 -0.006739 0.00624
1109.80056 -0.006954 0.00589
1109.89419 -0.007152 0.00554
1109.98783 -0.007332 0.00518
1110.08147 -0.007495 0.00481
1110.17511 -0.007640 0.00445
1110.26875 -0.007767 0.00407
1110.36238 -0.007877 0.00370
1110.45602 -0.007969 0.00332
1110.54966 -0.008044 0.00295
1110.64330 -0.008101 0.00257
1110.73694 -0.008141 0.00220
1110.83057 -0.008164 0.00183
1110.92421 -0.008170 0.00146
1111.01785 -0.008160 0.00109
1111.11149 -0.008133 0.00072
1111.20513 -0.008091 0.00037
1111.29876 -0.008033 0.00001
1111.39240 -0.007960 -0.00034
1111.48604 -0.007872 -0.00068
1111.57968 -0.007770 -0.00101
1111.67332 -0.007654 -0.00134
1111.76695 -0.007525 -0.00166
1111.86059 -0.007382 -0.00197
1111.95423 -0.007227 -0.00227
1112.04787 -0.007061 -0.00256
1112.14151 -0.006883 -0.00284
1112.23514 -0.006694 -0.00311
1112.32878 -0.006495 -0.00337
1112.42242 -0.006287 -0.00362
1112.51606 -0.006069 -0.00385
1112.60970 -0.005844 -0.00408
1112.70333 -0.005610 -0.00429
1112.79697 -0.005369 -0.00449
1112.89061 -0.005121 -0.00468
1112.98425 -0.004868 -0.00486
1113.07789 -0.004609 -0.00502
1113.17152 -0.004346 -0.00517
1113.26516 -0.004078 -0.00531
1113.35880 -0.003807 -0.00543
1113.45244 -0.003533 -0.00554
1113.54608 -0.003257 -0.00564
1113.63971 -0.002979 -0.00572
1113.73335 -0.002700 -0.00580
1113.82699 -0.002420 -0.00586
1113.92063 -0.002141 -0.00590
1114.01427 -0.001862 -0.00594
1114.10790 -0.001585 -0.00596
1114.20154 -0.001309 -0.00597
1114.29518 -0.001036 -0.00596
1114.38882 -0.000765 -0.00595
1114.48246 -0.000498 -0.00592
1114.57609 -0.000234 -0.00588
1114.66973 0.000025 -0.00584
1114.76337 0.000280 -0.00578
1114.85701 0.000530 -0.00571
1114.95065 0.000774 -0.00563
1115.04428 0.001012 -0.00554
1115.13792 0.001244 -0.00544
1115.23156 0.001470 -0.00533
1115.32520 0.001688 -0.00521
1115.41884 0.001900 -0.00509
1115.51247 0.002103 -0.00495
1115.60611 0.002299 -0.00481
1115.69975 0.002487 -0.00466
1115.79339 0.002667 -0.00451
1115.88703 0.002838 -0.00435
1115.98066 0.003001 -0.00418
1116.07430 0.003155 -0.00401
1116.16794 0.003300 -0.00384
1116.26158 0.003436 -0.00366
1116.35522 0.003562 -0.00347
1116.44885 0.003680 -0.00328
1116.54249 0.003788 -0.00309
1116.63613 0.003887 -0.00290
1116.72977 0.003976 -0.00270
1116.82341 0.004056 -0.00250
1116.91704 0.004127 -0.00230
1117.01068 0.004189 -0.00210
1117.10432 0.004241 -0.00190
1117.19796 0.004284 -0.00170
1117.29160 0.004318 -0.00150
1117.38523 0.004343 -0.00130
1117.47887 0.004359 -0.00110
1117.57251 0.004367 -0.00090
1117.66615 0.004366 -0.00071
1117.75979 0.004356 -0.00051
1117.85343 0.004338 -0.00032
1117.94706 0.004313 -0.00013
1118.04070 0.004279 0.00005
1118.13434 0.004238 0.00024
1118.22798 0.004189 0.00041
1118.32162 0.004133 0.00059
1118.41525 0.004070 0.00076
1118.50889 0.004001 0.00093
1118.60253 0.003925 0.00109
1118.69617 0.003843 0.00125
1118.78981 0.003755 0.00140
1118.88344 0.003661 0.00154
1118.97708 0.003562 0.00168
1119.07072 0.003458 0.00182
1119.16436 0.003349 0.00195
1119.25800 0.003236 0.00207
1119.35163 0.003119 0.00219
1119.44527 0.002997 0.00230
1119.53891 0.002873 0.00241
1119.63255 0.002744 0.00251
1119.72619 0.002613 0.00260
1119.81982 0.002479 0.00268
1119.91346 0.002343 0.00276
1120.00710 0.002205 0.00284
1120.10074 0.002065 0.00290
1120.19438 0.001923 0.00296
1120.28801 0.001780 0.00302
1120.38165 0.001637 0.00306
1120.47529 0.001492 0.00310
1120.56893 0.001348 0.00314
1120.66257 0.001203 0.00316
1120.75620 0.001058 0.00318
1120.84984 0.000914 0.00320
1120.94348 0.000771 0.00321
1121.03712 0.000629 0.00321
1121.13076 0.000487 0.00321
1121.22439 0.000348 0.00320
1121.31803 0.000210 0.00318
1121.41167 0.000073 0.00316
1121.50531 -0.000061 0.00313
1121.59895 -0.000192 0.00310
1121.69258 -0.000321 0.00306
1121.78622 -0.000448 0.00302
1121.87986 -0.000571 0.00297
1121.97350 -0.000692 0.00292
1122.06714 -0.000809 0.00286
1122.16077 -0.000923 0.00280
1122.25441 -0.001033 0.00274
1122.34805 -0.001139 0.00267
1122.44169 -0.001242 0.00259
1122.53533 -0.001340 0.00252
1122.62896 -0.001435 0.00244
1122.72260 -0.001525 0.00235
1122.81624 -0.001611 0.00227
1122.90988 -0.001693 0.00218
1123.00352 -0.001770 0.00209
1123.09715 -0.001843 0.00199
1123.19079 -0.001911 0.00189
1123.28443 -0.001974 0.00180
1123.37807 -0.002033 0.00170
1123.47171 -0.002087 0.00159
1123.56534 -0.002137 0.00149
1123.65898 -0.002181 0.00139
1123.75262 -0.002221 0.00128
1123.84626 -0.002256 0.00118
1123.93990 -0.002287 0.00107
1124.03353 -0.002312 0.00096
1124.12717 -0.002333 0.00086
1124.22081 -0.002350 0.00075
1124.31445 -0.002361 0.00064
1124.40809 -0.002368 0.00054
1124.50172 -0.002371 0.00043
1124.59536 -0.002369 0.00033
1124.68900 -0.002363 0.00022
1124.78264 -0.002353 0.00012
1124.87628 -0.002338 0.00002
1124.96991 -0.002319 -0.00008
1125.06355 -0.002296 -0.00018
1125.15719 -0.002269 -0.00028
1125.25083 -0.002239 -0.00037
1125.34447 -0.002204 -0.00046
1125.43810 -0.002167 -0.00055
1125.53174 -0.002125 -0.00064
1125.62538 -0.002080 -0.00073
1125.71902 -0.002033 -0.00081
1125.81266 -0.001982 -0.00089
1125.90629 -0.001928 -0.00096
1125.99993 -0.001871 -0.00104
1126.09357 -0.001812 -0.00111
1126.18721 -0.001750 -0.00118
1126.28085 -0.001685 -0.00124
1126.37448 -0.001619 -0.00130
1126.46812 -0.001550 -0.00136
1126.56176 -0.001480 -0.00141
1126.65540 -0.001408 -0.00147
1126.74904 -0.001334 -0.00151
1126.84267 -0.001259 -0.00156
1126.93631 -0.001183 -0.00160
1127.02995 -0.001105 -0.00163
1127.12359 -0.001027 -0.00167
1127.21723 -0.000948 -0.00170
1127.31086 -0.000868 -0.00172
1127.40450 -0.000787 -0.00175
1127.49814 -0.000707 -0.00176
1127.59178 -0.000626 -0.00178
1127.68542 -0.000545 -0.00179
1127.77906 -0.000464 -0.00180
1127.87269 -0.000384 -0.00180
1127.96633 -0.000304 -0.00180
1128.05997 -0.000225 -0.00180
1128.15361 -0.000146 -0.00180
1128.24725 -0.000068 -0.00179
1128.34088 0.000008 -0.00177
1128.43452 0.000084 -0.00176
1128.52816 0.000158 -0.00174
1128.62180 0.000231 -0.00172
1128.71544 0.000303 -0.00169
1128.80907 0.000373 -0.00167
1128.90271 0.000441 -0.00164
1128.99635 0.000507 -0.00160
1129.08999 0.000572 -0.00157
1129.18363 0.000634 -0.00153
1129.27726 0.000695 -0.00149
1129.37090 0.000753 -0.00145
1129.46454 0.000808 -0.00140
1129.55818 0.000862 -0.00135
1129.65182 0.000913 -0.00130
1129.74545 0.000961 -0.00125
1129.83909 0.001007 -0.00120
1129.93273 0.001051 -0.00115
1130.02637 0.001091 -0.00109
1130.12001 0.001129 -0.00103
1130.21364 0.001165 -0.00098
1130.30728 0.001197 -0.00092
1130.40092 0.001227 -0.00086
1130.49456 0.001254 -0.00080
1130.58820 0.001278 -0.00073
1130.68183 0.001299 -0.00067
1130.77547 0.001317 -0.00061
1130.86911 0.001333 -0.00055
1130.96275 0.001346 -0.00048
1131.05639 0.001356 -0.00042
1131.15002 0.001363 -0.00036
1131.24366 0.001367 -0.00030
1131.33730 0.001369 -0.00023
1131.43094 0.001368 -0.00017
1131.52458 0.001364 -0.00011
1131.61821 0.001357 -0.00005
1131.71185 0.001349 0.00001
1131.80549 0.001337 0.00007
1131.89913 0.001323 0.00013
1131.99277 0.001307 0.00019
1132.08640 0.001288 0.00024
1132.18004 0.001267 0.00030
1132.27368 0.001244 0.00035
1132.36732 0.001219 0.00040
1132.46096 0.001191 0.00045
1132.55459 0.001162 0.00050
1132.64823 0.001131 0.00055
1132.74187 0.001098 0.00059
1132.83551 0.001063 0.00064
1132.92915 0.001027 0.00068
1133.02278 0.000989 0.00072
1133.11642 0.000950 0.00075
1133.21006 0.000910 0.00079
1133.30370 0.000868 0.00082
1133.39734 0.000825 0.00086
1133.49097 0.000781 0.00088
1133.58461 0.000737 0.00091
1133.67825 0.000691 0.00094
1133.77189 0.000645 0.00096
1133.86553 0.000598 0.00098
1133.95916 0.000550 0.00100
1134.05280 0.000503 0.00101
1134.14644 0.000455 0.00103
1134.24008 0.000406 0.00104
1134.33372 0.000358 0.00105
1134.42735 0.000310 0.00106
1134.52099 0.000261 0.00106
1134.61463 0.000213 0.00106
1134.70827 0.000166 0.00106
1134.80191 0.000118 0.00106
1134.89554 0.000071 0.00106
1134.98918 0.000025 0.00105
1135.08282 -0.000021 0.00105
1135.17646 -0.000066 0.00104
1135.27010 -0.000110 0.00102
1135.36373 -0.000153 0.00101
1135.45737 -0.000196 0.00100
1135.55101 -0.000237 0.00098
1135.64465 -0.000277 0.00096
1135.73829 -0.000316 0.00094
1135.83192 -0.000354 0.00092
1135.92556 -0.000390 0.00089
1136.01920 -0.000426 0.00087
1136.11284 -0.000459 0.00084
1136.20648 -0.000492 0.00082
1136.30011 -0.000523 0.00079
1136.39375 -0.000552 0.00076
1136.48739 -0.000580 0.00073
1136.58103 -0.000606 0.00070
1136.67467 -0.000630 0.00066
1136.76830 -0.000653 0.00063
1136.86194 -0.000675 0.00060
1136.95558 -0.000694 0.00056
1137.04922 -0.000712 0.00053
1137.14286 -0.000728 0.00049
1137.23649 -0.000743 0.00045
1137.33013 -0.000755 0.00042
1137.42377 -0.000766 0.00038
1137.51741 -0.000776 0.00034
1137.61105 -0.000783 0.00031
1137.70469 -0.000789 0.00027
1137.79832 -0.000793 0.00023
1137.89196 -0.000796 0.00020
1137.98560 -0.000797 0.00016
1138.07924 -0.000796 0.00012
1138.17288 -0.000794 0.00009
1138.26651 -0.000790 0.00005
1138.36015 -0.000784 0.00002
1138.45379 -0.000778 -0.00002
1138.54743 -0.000769 -0.00005
1138.64107 -0.000760 -0.00008
1138.73470 -0.000749 -0.00012
1138.82834 -0.000736 -0.00015
1138.92198 -0.000723 -0.00018
1139.01562 -0.000708 -0.00021
1139.10926 -0.000692 -0.00024
1139.20289 -0.000674 -0.00027
1139.29653 -0.000656 -0.00029
1139.39017 -0.000637 -0.00032
1139.48381 -0.000617 -0.00034
1139.57745 -0.000596 -0.00037
1139.67108 -0.000574 -0.00039
1139.76472 -0.000551 -0.00041
1139.85836 -0.000528 -0.00043
1139.95200 -0.000504 -0.00045
1140.04564 -0.000479 -0.00047
1140.13927 -0.000454 -0.00049
1140.23291 -0.000428 -0.00050
1140.32655 -0.000402 -0.00052
1140.42019 -0.000375 -0.00053
1140.51383 -0.000349 -0.00054
1140.60746 -0.000322 -0.00055
1140.70110 -0.000295 -0.00056
1140.79474 -0.000267 -0.00057
1140.88838 -0.000240 -0.00057
1140.98202 -0.000213 -0.00058
1141.07565 -0.000185 -0.00058
1141.16929 -0.000158 -0.00058
1141.26293 -0.000131 -0.00059
1141.35657 -0.000104 -0.00059
1141.45021 -0.000077 -0.00058
1141.54384 -0.000051 -0.00058
1141.63748 -0.000025 -0.00058
1141.73112 0.000000 -0.00058
1141.82476 0.000025 -0.00057
1141.91840 0.000050 -0.00056
1142.01203 0.000074 -0.00056
1142.10567 0.000098 -0.00055
1142.19931 0.000120 -0.00054
1142.29295 0.000143 -0.00053
1142.38659 0.000164 -0.00052
1142.48022 0.000185 -0.00050
1142.57386 0.000205 -0.00049
1142.66750 0.000225 -0.00048
1142.76114 0.000243 -0.00046
1142.85478 0.000261 -0.00045
1142.94841 0.000278 -0.00043
1143.04205 0.000294 -0.00042
1143.13569 0.000309 -0.00040
1143.22933 0.000324 -0.00038
1143.32297 0.000337 -0.00037
1143.41660 0.000350 -0.00035
1143.51024 0.000362 -0.00033
1143.60388 0.000372 -0.00031
1143.69752 0.000382 -0.00029
1143.79116 0.000391 -0.00027
1143.88479 0.000399 -0.00025
1143.97843 0.000406 -0.00023
1144.07207 0.000412 -0.00021
1144.16571 0.000418 -0.00019
1144.25935 0.000422 -0.00017
1144.35298 0.000425 -0.00015
1144.44662 0.000428 -0.00013
1144.54026 0.000430 -0.00012
1144.63390 0.000430 -0.00010
1144.72754 0.000430 -0.00008
1144.82117 0.000430 -0.00006
1144.91481 0.000428 -0.00004
1145.00845 0.000425 -0.00002
1145.10209 0.000422 -0.00000
1145.19573 0.000418 0.00002
1145.28936 0.000413 0.00004
1145.38300 0.000408 0.00005
1145.47664 0.000402 0.00007
1145.57028 0.000395 0.00009
1145.66392 0.000387 0.00010
1145.75755 0.000379 0.00012
1145.85119 0.000371 0.00013
1145.94483 0.000361 0.00015
1146.03847 0.000352 0.00016
1146.13211 0.000341 0.00018
1146.22574 0.000330 0.00019
1146.31938 0.000319 0.00020
1146.41302 0.000308 0.00021
1146.50666 0.000296 0.00022
1146.60030 0.000283 0.00023
1146.69393 0.000270 0.00024
1146.78757 0.000257 0.00025
1146.88121 0.000244 0.00026
1146.97485 0.000231 0.00027
1147.06849 0.000217 0.00028
1147.16212 0.000203 0.00028
1147.25576 0.000189 0.00029
1147.34940 0.000175 0.00030
1147.44304 0.000161 0.00030
1147.53668 0.000146 0.00031
1147.63032 0.000132 0.00031
1147.72395 0.000117 0.00031
1147.81759 0.000103 0.00031
1147.91123 0.000089 0.00032
1148.00487 0.000075 0.00032
1148.09851 0.000060 0.00032
1148.19214 0.000046 0.00032
1148.28578 0.000032 0.00032
1148.37942 0.000019 0.00031
1148.47306 0.000005 0.00031
1148.56670 -0.000008 0.00031
1148.66033 -0.000021 0.00031
1148.75397 -0.000034 0.00030
1148.84761 -0.000047 0.00030
1148.94125 -0.000059 0.00030
1149.03489 -0.000071 0.00029
1149.12852 -0.000082 0.00028
1149.22216 -0.000094 0.00028
1149.31580 -0.000105 0.00027
1149.40944 -0.000115 0.00027
1149.50308 -0.000125 0.00026
1149.59671 -0.000135 0.00025
1149.69035 -0.000145 0.00024
1149.78399 -0.000153 0.00024
1149.87763 -0.000162 0.00023
1149.97127 -0.000170 0.00022
1150.06490 -0.000178 0.00021
1150.15854 -0.000185 0.00020
1150.25218 -0.000192 0.00019
1150.34582 -0.000198 0.00018
1150.43946 -0.000204 0.00017
1150.53309 -0.000209 0.00016
1150.62673 -0.000214 0.00015
1150.72037 -0.000218 0.00014
1150.81401 -0.000222 0.00013
1150.90765 -0.000226 0.00012
1151.00128 -0.000229 0.00011
1151.09492 -0.000231 0.00010
1151.18856 -0.000233 0.00009
1151.28220 -0.000235 0.00008
1151.37584 -0.000236 0.00007
1151.46947 -0.000237 0.00006
1151.56311 -0.000237 0.00005
1151.65675 -0.000237 0.00004
1151.75039 -0.000236 0.00003
1151.84403 -0.000235 0.00002
1151.93766 -0.000234 0.00001
1152.03130 -0.000232 -0.00000
1152.12494 -0.000229 -0.00001
1152.21858 -0.000227 -0.00002
1152.31222 -0.000224 -0.00003
1152.40585 -0.000220 -0.00004
1152.49949 -0.000216 -0.00005
1152.59313 -0.000212 -0.00006
1152.68677 -0.000208 -0.00007
1152.78041 -0.000203 -0.00008
1152.87404 -0.000198 -0.00008
1152.96768 -0.000192 -0.00009
1153.06132 -0.000187 -0.00010
1153.15496 -0.000181 -0.00011
1153.24860 -0.000175 -0.00011
1153.34223 -0.000168 -0.00012
1153.43587 -0.000162 -0.00012
1153.52951 -0.000155 -0.00013
1153.62315 -0.000148 -0.00014
1153.71679 -0.000141 -0.00014
1153.81042 -0.000133 -0.00015
1153.90406 -0.000126 -0.00015
1153.99770 -0.000118 -0.00015
1154.09134 -0.000111 -0.00016
1154.18498 -0.000103 -0.00016
1154.27861 -0.000095 -0.00016
1154.37225 -0.000087 -0.00017
1154.46589 -0.000079 -0.00017
1154.55953 -0.000071 -0.00017
1154.65317 -0.000063 -0.00017
1154.74680 -0.000055 -0.00017
1154.84044 -0.000047 -0.00017
1154.93408 -0.000039 -0.00017
1155.02772 -0.000031 -0.00017
1155.12136 -0.000023 -0.00017
1155.21499 -0.000015 -0.00017
1155.30863 -0.000008 -0.00017
1155.40227 -0.000000 -0.00017
1155.49591 0.000007 -0.00017
1155.58955 0.000015 -0.00017
1155.68318 0.000022 -0.00017
1155.77682 0.000029 -0.00016
1155.87046 0.000036 -0.00016
1155.96410 0.000043 -0.00016
1156.05774 0.000049 -0.00015
1156.15137 0.000056 -0.00015
1156.24501 0.000062 -0.00015
1156.33865 0.000068 -0.00014
1156.43229 0.000074 -0.00014
1156.52593 0.000079 -0.00013
1156.61956 0.000085 -0.00013
1156.71320 0.000090 -0.00013
1156.80684 0.000094 -0.00012
1156.90048 0.000099 -0.00012
1156.99412 0.000103 -0.00011
1157.08775 0.000107 -0.00010
1157.18139 0.000111 -0.00010
1157.27503 0.000115 -0.00009
1157.36867 0.000118 -0.00009
1157.46231 0.000121 -0.00008
1157.55595 0.000123 -0.00008
1157.64958 0.000126 -0.00007
1157.74322 0.000128 -0.00006
1157.83686 0.000130 -0.00006
1157.93050 0.000131 -0.00005
1158.02414 0.000133 -0.00005
1158.11777 0.000134 -0.00004
1158.21141 0.000134 -0.00003
1158.30505 0.000135 -0.00003
1158.39869 0.000135 -0.00002
1158.49233 0.000135 -0.00002
1158.58596 0.000135 -0.00001
1158.67960 0.000134 -0.00000
1158.77324 0.000133 0.00000
1158.86688 0.000132 0.00001
1158.96052 0.000131 0.00001
1159.05415 0.000129 0.00002
1159.14779 0.000127 0.00002
1159.24143 0.000125 0.00003
1159.33507 0.000123 0.00004
1159.42871 0.000120 0.00004
1159.52234 0.000118 0.00005
1159.61598 0.000115 0.00005
1159.70962 0.000112 0.00005
1159.80326 0.000109 0.00006
1159.89690 0.000105 0.00006
1159.99053 0.000102 0.00007
1160.08417 0.000098 0.00007
1160.17781 0.000094 0.00007
1160.27145 0.000090 0.00008
1160.36509 0.000086 0.00008
1160.45872 0.000082 0.00008
1160.55236 0.000078 0.00009
1160.64600 0.000073 0.00009
1160.73964 0.000069 0.00009
1160.83328 0.000064 0.00009
1160.92691 0.000060 0.00010
1161.02055 0.000055 0.00010
1161.11419 0.000050 0.00010
1161.20783 0.000046 0.00010
1161.30147 0.000041 0.00010
1161.39510 0.000036 0.00010
1161.48874 0.000031 0.00010
1161.58238 0.000027 0.00010
1161.67602 0.000022 0.00011
1161.76966 0.000017 0.00011
1161.86329 0.000013 0.00010
1161.95693 0.000008 0.00010
1162.05057 0.000003 0.00010
1162.14421 -0.000001 0.00010
1162.23785 -0.000006 0.00010
1162.33148 -0.000010 0.00010
1162.42512 -0.000014 0.00010
1162.51876 -0.000018 0.00010
1162.61240 -0.000023 0.00010
1162.70604 -0.000027 0.00010
1162.79967 -0.000030 0.00009
1162.89331 -0.000034 0.00009
1162.98695 -0.000038 0.00009
1163.08059 -0.000041 0.00009
1163.17423 -0.000045 0.00008
1163.26786 -0.000048 0.00008
1163.36150 -0.000051 0.00008
1163.45514 -0.000054 0.00008
1163.54878 -0.000057 0.00007
1163.64242 -0.000059 0.00007
1163.73605 -0.000062 0.00007
1163.82969 -0.000064 0.00006
1163.92333 -0.000066 0.00006
1164.01697 -0.000068 0.00006
1164.11061 -0.000070 0.00005
1164.20424 -0.000072 0.00005
1164.29788 -0.000073 0.00005
1164.39152 -0.000074 0.00004
1164.48516 -0.000075 0.00004
1164.57880 -0.000076 0.00004
1164.67243 -0.000077 0.00003
1164.76607 -0.000078 0.00003
1164.85971 -0.000078 0.00002
1164.95335 -0.000079 0.00002
1165.04699 -0.000079 0.00002
1165.14062 -0.000079 0.00001
1165.23426 -0.000079 0.00001
1165.32790 -0.000078 0.00001
1165.42154 -0.000078 0.00000
1165.51518 -0.000077 -0.00000
1165.60881 -0.000076 -0.00000
1165.70245 -0.000075 -0.00001
1165.79609 -0.000074 -0.00001
1165.88973 -0.000073 -0.00001
1165.98337 -0.000072 -0.00002
1166.07700 -0.000071 -0.00002
1166.17064 -0.000069 -0.00002
1166.26428 -0.000067 -0.00002
1166.35792 -0.000066 -0.00003
1166.45156 -0.000064 -0.00003
1166.54519 -0.000062 -0.00003
1166.63883 -0.000060 -0.00003
1166.73247 -0.000058 -0.00004
1166.82611 -0.000056 -0.00004
1166.91975 -0.000053 -0.00004
1167.01338 -0.000051 -0.00004
1167.10702 -0.000049 -0.00004
1167.20066 -0.000046 -0.00005
1167.29430 -0.000044 -0.00005
1167.38794 -0.000041 -0.00005
1167.48158 -0.000038 -0.00005
1167.57521 -0.000036 -0.00005
1167.66885 -0.000033 -0.00005
1167.76249 -0.000031 -0.00005
1167.85613 -0.000028 -0.00005
1167.94977 -0.000025 -0.00006
1168.04340 -0.000022 -0.00006
1168.13704 -0.000020 -0.00006
1168.23068 -0.000017 -0.00006
1168.32432 -0.000014 -0.00006
1168.41796 -0.000012 -0.00006
1168.51159 -0.000009 -0.00006
1168.60523 -0.000007 -0.00006
1168.69887 -0.000004 -0.00006
1168.79251 -0.000002 -0.00006
1168.88615 0.000001 -0.00006
1168.97978 0.000003 -0.00005
1169.07342 0.000006 -0.00005
1169.16706 0.000008 -0.00005
1169.26070 0.000010 -0.00005
1169.35434 0.000013 -0.00005
1169.44797 0.000015 -0.00005
1169.54161 0.000017 -0.00005
1169.63525 0.000019 -0.00005
1169.72889 0.000021 -0.00005
1169.82253 0.000023 -0.00004
1169.91616 0.000024 -0.00004
1170.00980 0.000026 -0.00004
1170.10344 0.000028 -0.00004
1170.19708 0.000029 -0.00004
1170.29072 0.000031 -0.00004
1170.38435 0.000032 -0.00004
1170.47799 0.000033 -0.00003
1170.57163 0.000035 -0.00003
1170.66527 0.000036 -0.00003
1170.75891 0.000037 -0.00003
1170.85254 0.000038 -0.00003
1170.94618 0.000038 -0.00002
1171.03982 0.000039 -0.00002
1171.13346 0.000040 -0.00002
1171.22710 0.000040 -0.00002
1171.32073 0.000041 -0.00002
1171.41437 0.000041 -0.00001
1171.50801 0.000041 -0.00001
1171.60165 0.000042 -0.00001
1171.69529 0.000042 -0.00001
1171.78892 0.000042 -0.00001
1171.88256 0.000042 -0.00000
1171.97620 0.000042 -0.00000
1172.06984 0.000041 -0.00000
1172.16348 0.000041 0.00000
1172.25711 0.000041 0.00000
1172.35075 0.000040 0.00000
1172.44439 0.000040 0.00001
1172.53803 0.000039 0.00001
1172.63167 0.000038 0.00001
1172.72530 0.000038 0.00001
1172.81894 0.000037 0.00001
1172.91258 0.000036 0.00001
1173.00622 0.000035 0.00002
1173.09986 0.000034 0.00002
1173.19349 0.000033 0.00002
1173.28713 0.000032 0.00002
1173.38077 0.000031 0.00002
1173.47441 0.000030 0.00002
1173.56805 0.000029 0.00002
1173.66168 0.000028 0.00002
1173.75532 0.000026 0.00003
1173.84896 0.000025 0.00003
1173.94260 0.000024 0.00003
1174.03624 0.000023 0.00003
1174.12987 0.000021 0.00003
1174.22351 0.000020 0.00003
1174.31715 0.000018 0.00003
1174.41079 0.000017 0.00003
1174.50443 0.000016 0.00003
1174.59806 0.000014 0.00003
1174.69170 0.000013 0.00003
1174.78534 0.000011 0.00003
1174.87898 0.000010 0.00003
1174.97262 0.000009 0.00003
1175.06625 0.000007 0.00003
1175.15989 0.000006 0.00003
1175.25353 0.000004 0.00003
1175.34717 0.000003 0.00003
1175.44081 0.000002 0.00003
1175.53444 0.000000 0.00003
1175.62808 -0.000001 0.00003
1175.72172 -0.000002 0.00003
1175.81536 -0.000003 0.00003
1175.90900 -0.000005 0.00003
1176.00263 -0.000006 0.00003
1176.09627 -0.000007 0.00003
1176.18991 -0.000008 0.00003
1176.28355 -0.000009 0.00003
1176.37719 -0.000010 0.00003
1176.47082 -0.000011 0.00003
1176.56446 -0.000012 0.00003
1176.65810 -0.000013 0.00003
1176.75174 -0.000014 0.00003
1176.84538 -0.000015 0.00002
1176.93901 -0.000016 0.00002
1177.03265 -0.000017 0.00002
1177.12629 -0.000018 0.00002
1177.21993 -0.000018 0.00002
1177.31357 -0.000019 0.00002
1177.40721 -0.000020 0.00002
1177.50084 -0.000020 0.00002
1177.59448 -0.000021 0.00002
1177.68812 -0.000021 0.00002
1177.78176 -0.000022 0.00002
1177.87540 -0.000022 0.00001
1177.96903 -0.000022 0.00001
1178.06267 -0.000023 0.00001
1178.15631 -0.000023 0.00001
1178.24995 -0.000023 0.00001
1178.34359 -0.000023 0.00001
1178.43722 -0.000023 0.00001
1178.53086 -0.000023 0.00001
1178.62450 -0.000024 0.00001
1178.71814 -0.000024 0.00000
1178.81178 -0.000023 0.00000
1178.90541 -0.000023 0.00000
1178.99905 -0.000023 0.00000
1179.09269 -0.000023 0.00000
1179.18633 -0.000023 -0.00000
1179.27997 -0.000023 -0.00000
1179.37360 -0.000022 -0.00000
1179.46724 -0.000022 -0.00000
1179.56088 -0.000022 -0.00000
1179.65452 -0.000021 -0.00000
1179.74816 -0.000021 -0.00001
1179.84179 -0.000020 -0.00001
1179.93543 -0.000020 -0.00001
1180.02907 -0.000019 -0.00001
1180.12271 -0.000019 -0.00001
1180.21635 -0.000018 -0.00001
1180.30998 -0.000017 -0.00001
1180.40362 -0.000017 -0.00001
1180.49726 -0.000016 -0.00001
1180.59090 -0.000015 -0.00001
1180.68454 -0.000015 -0.00001
1180.77817 -0.000014 -0.00001
1180.87181 -0.000013 -0.00001
1180.96545 -0.000013 -0.00001
1181.05909 -0.000012 -0.00001
1181.15273 -0.000011 -0.00001
1181.24636 -0.000010 -0.00002
1181.34000 -0.000010 -0.00002
1181.43364 -0.000009 -0.00002
1181.52728 -0.000008 -0.00002
1181.62092 -0.000007 -0.00002
1181.71455 -0.000006 -0.00002
1181.80819 -0.000006 -0.00002
1181.90183 -0.000005 -0.00002
1181.99547 -0.000004 -0.00002
1182.08911 -0.000003 -0.00002
1182.18274 -0.000003 -0.00002
1182.27638 -0.000002 -0.00002
1182.37002 -0.000001 -0.00002
1182.46366 -0.000000 -0.00002
1182.55730 0.000000 -0.00002
1182.65093 0.000001 -0.00002
1182.74457 0.000002 -0.00002
1182.83821 0.000003 -0.00002
1182.93185 0.000003 -0.00002
1183.02549 0.000004 -0.00001
1183.11912 0.000005 -0.00001
1183.21276 0.000005 -0.00001
1183.30640 0.000006 -0.00001
1183.40004 0.000006 -0.00001
1183.49368 0.000007 -0.00001
1183.58731 0.000007 -0.00001
1183.68095 0.000008 -0.00001
1183.77459 0.000008 -0.00001
1183.86823 0.000009 -0.00001
1183.96187 0.000009 -0.00001
1184.05550 0.000010 -0.00001
1184.14914 0.000010 -0.00001
1184.24278 0.000011 -0.00001
1184.33642 0.000011 -0.00001
1184.43006 0.000011 -0.00001
1184.52369 0.000012 -0.00001
1184.61733 0.000012 -0.00001
1184.71097 0.000012 -0.00001
1184.80461 0.000012 -0.00001
1184.89825 0.000012 -0.00001
1184.99188 0.000013 -0.00000
1185.08552 0.000013 -0.00000
1185.17916 0.000013 -0.00000
1185.27280 0.000013 -0.00000
1185.36644 0.000013 -0.00000
1185.46007 0.000013 -0.00000
1185.55371 0.000013 -0.00000
1185.64735 0.000013 -0.00000
1185.74099 0.000013 0.00000
1185.83463 0.000013 0.00000
1185.92826 0.000013 0.00000
1186.02190 0.000013 0.00000
1186.11554 0.000012 0.00000
1186.20918 0.000012 0.00000
1186.30282 0.000012 0.00000
1186.39645 0.000012 0.00000
1186.49009 0.000012 0.00000
1186.58373 0.000011 0.00001
1186.67737 0.000011 0.00001
1186.77101 0.000011 0.00001
1186.86464 0.000010 0.00001
1186.95828 0.000010 0.00001
1187.05192 0.000010 0.00001
1187.14556 0.000009 0.00001
1187.23920 0.000009 0.00001
1187.33284 0.000009 0.00001
1187.42647 0.000008 0.00001
1187.52011 0.000008 0.00001
1187.61375 0.000007 0.00001
1187.70739 0.000007 0.00001
1187.80103 0.000006 0.00001
1187.89466 0.000006 0.00001
1187.98830 0.000006 0.00001
1188.08194 0.000005 0.00001
1188.17558 0.000005 0.00001
1188.26922 0.000004 0.00001
1188.36285 0.000004 0.00001
1188.45649 0.000003 0.00001
1188.55013 0.000003 0.00001
1188.64377 0.000002 0.00001
1188.73741 0.000002 0.00001
1188.83104 0.000001 0.00001
1188.92468 0.000001 0.00001
1189.01832 0.000001 0.00001
1189.11196 0.000000 0.00001
1189.20560 -0.000000 0.00001
1189.29923 -0.000001 0.00001
1189.39287 -0.000001 0.00001
1189.48651 -0.000002 0.00001
1189.58015 -0.000002 0.00001
1189.67379 -0.000002 0.00001
1189.76742 -0.000003 0.00001
1189.86106 -0.000003 0.00001
1189.95470 -0.000004 0.00001
1190.04834 -0.000004 0.00001
1190.14198 -0.000004 0.00001
1190.23561 -0.000005 0.00001
1190.32925 -0.000005 0.00001
1190.42289 -0.000005 0.00001
1190.51653 -0.000005 0.00001
1190.61017 -0.000006 0.00001
1190.70380 -0.000006 0.00001
1190.79744 -0.000006 0.00001
1190.89108 -0.000006 0.00001
1190.98472 -0.000007 0.00001
1191.07836 -0.000007 0.00001
1191.17199 -0.000007 0.00001
1191.26563 -0.000007 0.00001
1191.35927 -0.000007 0.00001
1191.45291 -0.000007 0.00000
1191.54655 -0.000008 0.00000
1191.64018 -0.000008 0.00000
1191.73382 -0.000008 0.00000
1191.82746 -0.000008 0.00000
1191.92110 -0.000008 0.00000
1192.01474 -0.000008 0.00000
1192.10837 -0.000008 0.00000
1192.20201 -0.000008 0.00000
1192.29565 -0.000008 0.00000
1192.38929 -0.000008 0.00000
1192.48293 -0.000008 0.00000
1192.57656 -0.000008 0.00000
1192.67020 -0.000008 0.00000
1192.76384 -0.000008 0.00000
1192.85748 -0.000007 -0.00000
1192.95112 -0.000007 -0.00000
1193.04475 -0.000007 -0.00000
1193.13839 -0.000007 -0.00000
1193.23203 -0.000007 -0.00000
1193.32567 -0.000007 -0.00000
1193.41931 -0.000007 -0.00000
1193.51294 -0.000006 -0.00000
1193.60658 -0.000006 -0.00000
1193.70022 -0.000006 -0.00000
1193.79386 -0.000006 -0.00000
1193.88750 -0.000006 -0.00000
1193.98113 -0.000005 -0.00000
1194.07477 -0.000005 -0.00000
1194.16841 -0.000005 -0.00000
1194.26205 -0.000005 -0.00000
1194.35569 -0.000004 -0.00000
1194.44932 -0.000004 -0.00000
1194.54296 -0.000004 -0.00000
1194.63660 -0.000004 -0.00000
1194.73024 -0.000003 -0.00000
1194.82388 -0.000003 -0.00000
1194.91751 -0.000003 -0.00000
1195.01115 -0.000003 -0.00000
1195.10479 -0.000002 -0.00000
1195.19843 -0.000002 -0.00000
1195.29207 -0.000002 -0.00000
1195.38570 -0.000002 -0.00000
1195.47934 -0.000001 -0.00000
1195.57298 -0.000001 -0.00000
1195.66662 -0.000001 -0.00000
1195.76026 -0.000001 -0.00000
1195.85389 -0.000000 -0.00000
1195.94753 -0.000000 -0.00000
1196.04117 0.000000 -0.00000
1196.13481 0.000000 -0.00000
1196.22845 0.000001 -0.00000
1196.32208 0.000001 -0.00000
1196.41572 0.000001 -0.00000
1196.50936 0.000001 -0.00000
1196.60300 0.000002 -0.00000
1196.69664 0.000002 -0.00000
1196.79027 0.000002 -0.00000
1196.88391 0.000002 -0.00000
1196.97755 0.000002 -0.00000
1197.07119 0.000002 -0.00000
1197.16483 0.000003 -0.00000
1197.25847 0.000003 -0.00000
1197.35210 0.000003 -0.00000
1197.44574 0.000003 -0.00000
1197.53938 0.000003 -0.00000
1197.63302 0.000003 -0.00000
1197.72666 0.000003 -0.00000
1197.82029 0.000004 -0.00000
1197.91393 0.000004 -0.00000
1198.00757 0.000004 -0.00000
1198.10121 0.000004 -0.00000
1198.19485 0.000004 -0.00000
1198.28848 0.000004 -0.00000
1198.38212 0.000004 -0.00000
1198.47576 0.000004 -0.00000
1198.56940 0.000004 -0.00000
1198.66304 0.000004 -0.00000
1198.75667 0.000004 -0.00000
1198.85031 0.000004 -0.00000
1198.94395 0.000004 0.00000
1199.03759 0.000004 0.00000
1199.13123 0.000004 0.00000
1199.22486 0.000004 0.00000
1199.31850 0.000004 0.00000
1199.41214 0.000004 0.00000
1199.50578 0.000004 0.00000
1199.59942 0.000004 0.00000
1199.69305 0.000004 0.00000
1199.78669 0.000004 0.00000
1199.88033 0.000004 0.00000
1199.97397 0.000004 0.00000
1200.06761 0.000003 0.00000
1200.16124 0.000003 0.00000
1200.25488 0.000003 0.00000
1200.34852 0.000003 0.00000
1200.44216 0.000003 0.00000
1200.53580 0.000003 0.00000
1200.62943 0.000003 0.00000
1200.72307 0.000003 0.00000
1200.81671 0.000003 0.00000
1200.91035 0.000002 0.00000
1201.00399 0.000002 0.00000
1201.09762 0.000002 0.00000
1201.19126 0.000002 0.00000
1201.28490 0.000002 0.00000
1201.37854 0.000002 0.00000
1201.47218 0.000002 0.00000
1201.56581 0.000002 0.00000
1201.65945 0.000001 0.00000
1201.75309 0.000001 0.00000
1201.84673 0.000001 0.00000
1201.94037 0.000001 0.00000
1202.03400 0.000001 0.00000
1202.12764 0.000001 0.00000
1202.22128 0.000001 0.00000
1202.31492 0.000000 0.00000
1202.40856 0.000000 0.00000
1202.50219 0.000000 0.00000
1202.59583 0.000000 0.00000
1202.68947 -0.000000 0.00000
1202.78311 -0.000000 0.00000
1202.87675 -0.000000 0.00000
1202.97038 -0.000000 0.00000
1203.06402 -0.000001 0.00000
1203.15766 -0.000001 0.00000
1203.25130 -0.000001 0.00000
1203.34494 -0.000001 0.00000
1203.43857 -0.000001 0.00000
1203.53221 -0.000001 0.00000
1203.62585 -0.000001 0.00000
1203.71949 -0.000001 0.00000
1203.81313 -0.000001 0.00000
1203.90676 -0.000002 0.00000
1204.00040 -0.000002 0.00000
1204.09404 -0.000002 0.00000
1204.18768 -0.000002 0.00000
1204.28132 -0.000002 0.00000
1204.37495 -0.000002 0.00000
1204.46859 -0.000002 0.00000
1204.56223 -0.000002 0.00000
1204.65587 -0.000002 0.00000
1204.74951 -0.000002 0.00000
1204.84314 -0.000002 0.00000
1204.93678 -0.000002 0.00000
1205.03042 -0.000002 0.00000
1205.12406 -0.000002 0.00000
1205.21770 -0.000002 0.00000
1205.31133 -0.000002 0.00000
1205.40497 -0.000002 0.00000
1205.49861 -0.000002 0.00000
1205.59225 -0.000002 0.00000
1205.68589 -0.000002 0.00000
1205.77952 -0.000002 0.00000
1205.87316 -0.000002 0.00000
1205.96680 -0.000002 0.00000
1206.06044 -0.000002 0.00000
1206.15408 -0.000002 0.00000
1206.24771 -0.000002 0.00000
1206.34135 -0.000002 0.00000
1206.43499 -0.000002 0.00000
1206.52863 -0.000002 0.00000
1206.62227 -0.000002 0.00000
1206.71590 -0.000002 -0.00000
1206.80954 -0.000002 -0.00000
1206.90318 -0.000002 -0.00000
1206.99682 -0.000002 -0.00000
1207.09046 -0.000002 -0.00000
1207.18410 -0.000002 -0.00000
1207.27773 -0.000002 -0.00000
1207.37137 -0.000002 -0.00000
1207.46501 -0.000002 -0.00000
1207.55865 -0.000002 -0.00000
1207.65229 -0.000002 -0.00000
1207.74592 -0.000002 -0.00000
1207.83956 -0.000001 -0.00000
1207.93320 -0.000001 -0.00000
1208.02684 -0.000001 -0.00000
1208.12048 -0.000001 -0.00000
1208.21411 -0.000001 -0.00000
1208.30775 -0.000001 -0.00000
1208.40139 -0.000001 -0.00000
1208.49503 -0.000001 -0.00000
1208.58867 -0.000001 -0.00000
1208.68230 -0.000001 -0.00000
1208.77594 -0.000001 -0.00000
1208.86958 -0.000001 -0.00000
1208.96322 -0.000001 -0.00000
1209.05686 -0.000000 -0.00000
1209.15049 -0.000000 -0.00000
1209.24413 -0.000000 -0.00000
1209.33777 -0.000000 -0.00000
1209.43141 -0.000000 -0.00000
1209.52505 -0.000000 -0.00000
1209.61868 -0.000000 -0.00000
1209.71232 0.000000 -0.00000
1209.80596 0.000000 -0.00000
1209.89960 0.000000 -0.00000
1209.99324 0.000000 -0.00000
1210.08687 0.000000 -0.00000
1210.18051 0.000000 -0.00000
1210.27415 0.000000 -0.00000
1210.36779 0.000001 -0.00000
1210.46143 0.000001 -0.00000
1210.55506 0.000001 -0.00000
1210.64870 0.000001 -0.00000
1210.74234 0.000001 -0.00000
1210.83598 0.000001 -0.00000
1210.92962 0.000001 -0.00000
1211.02325 0.000001 -0.00000
1211.11689 0.000001 -0.00000
1211.21053 0.000001 -0.00000
1211.30417 0.000001 -0.00000
1211.39781 0.000001 -0.00000
1211.49144 0.000001 -0.00000
1211.58508 0.000001 -0.00000
1211.67872 0.000001 -0.00000
1211.77236 0.000001 -0.00000
1211.86600 0.000001 -0.00000
1211.95963 0.000001 -0.00000
1212.05327 0.000001 -0.00000
1212.14691 0.000001 0.00000
1212.24055 0.000001 0.00000
1212.33419 0.000001 0.00000
1212.42782 0.000001 0.00000
1212.52146 0.000001 0.00000
1212.61510 0.000001 0.00000
1212.70874 0.000001 0.00000
1212.80238 0.000001 0.00000
1212.89601 0.000001 0.00000
1212.98965 0.000001 0.00000
1213.08329 0.000001 0.00000
1213.17693 0.000001 0.00000
1213.27057 0.000001 0.00000
1213.36420 0.000001 0.00000
1213.45784 0.000001 0.00000
1213.55148 0.000001 0.00000
1213.64512 0.000001 0.00000
1213.73876 0.000001 0.00000
1213.83239 0.000001 0.00000
1213.92603 0.000001 0.00000
1214.01967 0.000001 0.00000
1214.11331 0.000001 0.00000
1214.20695 0.000001 0.00000
1214.30058 0.000001 0.00000
1214.39422 0.000001 0.00000
1214.48786 0.000001 0.00000
1214.58150 0.000001 0.00000
1214.67514 0.000001 0.00000
1214.76877 0.000001 0.00000
1214.86241 0.000001 0.00000
1214.95605 0.000001 0.00000
1215.04969 0.000001 0.00000
1215.14333 0.000000 0.00000
1215.23696 0.000000 0.00000
1215.33060 0.000000 0.00000
1215.42424 0.000000 0.00000
1215.51788 0.000000 0.00000
1215.61152 0.000000 0.00000
1215.70515 0.000000 0.00000
1215.79879 0.000000 0.00000
1215.89243 0.000000 0.00000
1215.98607 0.000000 0.00000
1216.07971 0.000000 0.00000
1216.17334 -0.000000 0.00000
1216.26698 -0.000000 0.00000
1216.36062 -0.000000 0.00000
1216.45426 -0.000000 0.00000
1216.54790 -0.000000 0.00000
1216.64153 -0.000000 0.00000
1216.73517 -0.000000 0.00000
1216.82881 -0.000000 0.00000
1216.92245 -0.000000 0.00000
1217.01609 -0.000000 0.00000
1217.10973 -0.000000 0.00000
1217.20336 -0.000000 0.00000
1217.29700 -0.000000 0.00000
1217.39064 -0.000001 0.00000
1217.48428 -0.000001 0.00000
1217.57792 -0.000001 0.00000
1217.67155 -0.000001 0.00000
1217.76519 -0.000001 0.00000
1217.85883 -0.000001 0.00000
1217.95247 -0.000001 0.00000
1218.04611 -0.000001 0.00000
1218.13974 -0.000001 0.00000
1218.23338 -0.000001 0.00000
1218.32702 -0.000001 0.00000
1218.42066 -0.000001 0.00000
1218.51430 -0.000001 0.00000
1218.60793 -0.000001 0.00000
1218.70157 -0.000001 0.00000
1218.79521 -0.000001 0.00000
1218.88885 -0.000001 0.00000
1218.98249 -0.000001 0.00000
1219.07612 -0.000001 0.00000
1219.16976 -0.000001 0.00000
1219.26340 -0.000001 0.00000
1219.35704 -0.000001 0.00000
1219.45068 -0.000001 0.00000
1219.54431 -0.000001 0.00000
1219.63795 -0.000001 0.00000
1219.73159 -0.000001 0.00000
1219.82523 -0.000001 0.00000
1219.91887 -0.000001 0.00000
1220.01250 -0.000001 0.00000
1220.10614 -0.000001 0.00000
1220.19978 -0.000001 0.00000
1220.29342 -0.000001 0.00000
1220.38706 -0.000001 0.00000
1220.48069 -0.000001 0.00000
1220.57433 -0.000001 0.00000
1220.66797 -0.000001 0.00000
1220.76161 -0.000001 0.00000
1220.85525 -0.000001 0.00000
1220.94888 -0.000001 0.00000
1221.04252 -0.000001 0.00000
1221.13616 -0.000001 0.00000
1221.22980 -0.000001 0.00000
1221.32344 -0.000001 0.00000
1221.41707 -0.000001 -0.00000
1221.51071 -0.000000 -0.00000
1221.60435 -0.000000 -0.00000
1221.69799 -0.000000 -0.00000
1221.79163 -0.000000 -0.00000
1221.88526 -0.000000 -0.00000
1221.97890 -0.000000 -0.00000
1222.07254 -0.000000 -0.00000
1222.16618 -0.000000 -0.00000
1222.25982 -0.000000 -0.00000
1222.35345 -0.000000 -0.00000
1222.44709 -0.000000 -0.00000
1222.54073 -0.000000 -0.00000
1222.63437 -0.000000 -0.00000
1222.72801 -0.000000 -0.00000
1222.82164 -0.000000 -0.00000
1222.91528 -0.000000 -0.00000
1223.00892 -0.000000 -0.00000
1223.10256 -0.000000 -0.00000
1223.19620 -0.000000 -0.00000
1223.28983 -0.000000 -0.00000
1223.38347 0.000000 -0.00000
1223.47711 0.000000 -0.00000
1223.57075 0.000000 -0.00000
1223.66439 0.000000 -0.00000
1223.75802 0.000000 -0.00000
1223.85166 0.000000 -0.00000
1223.94530 0.000000 -0.00000
1224.03894 0.000000 -0.00000
1224.13258 0.000000 0.00000
1224.22621 0.000000 0.00000
1224.31985 0.000000 0.00000
1224.41349 0.000000 0.00000
1224.50713 0.000000 0.00000
1224.60077 0.000000 0.00000
1224.69440 0.000000 0.00000
1224.78804 0.000000 0.00000
1224.88168 0.000000 0.00000
1224.97532 0.000000 0.00000
1225.06896 0.000000 0.00000
1225.16259 0.000000 0.00000
1225.25623 0.000000 0.00000
1225.34987 0.000000 0.00000
1225.44351 0.000000 0.00000
1225.53715 0.000000 0.00000
1225.63078 0.000000 0.00000
1225.72442 0.000000 0.00000
1225.81806 0.000000 0.00000
1225.91170 0.000000 0.00000
1226.00534 0.000000 0.00000
1226.09897 0.000000 0.00000
1226.19261 0.000000 0.00000
1226.28625 0.000000 0.00000
1226.37989 0.000000 0.00000
1226.47353 0.000000 0.00000
1226.56717 0.000000 0.00000
1226.66080 0.000000 0.00000
1226.75444 0.000000 0.00000
1226.84808 0.000000 0.00000
1226.94172 0.000000 0.00000
1227.03536 0.000000 0.00000
1227.12899 0.000000 0.00000
1227.22263 0.000000 0.00000
1227.31627 0.000000 0.00000
1227.40991 0.000000 0.00000
1227.50355 0.000000 0.00000
1227.59718 0.000000 0.00000
1227.69082 0.000000 0.00000
1227.78446 0.000000 0.00000
1227.87810 0.000000 0.00000
1227.97174 0.000000 0.00000
1228.06537 0.000000 0.00000
1228.15901 0.000000 0.00000
1228.25265 0.000000 0.00000
1228.34629 0.000000 0.00000
1228.43993 0.000000 0.00000
1228.53356 0.000000 0.00000
1228.62720 0.000000 0.00000
1228.72084 0.000000 0.00000
1228.81448 0.000000 0.00000
1228.90812 0.000000 0.00000
1229.00175 0.000000 0.00000
1229.09539 0.000000 0.00000
1229.18903 -0.000000 0.00000
1229.28267 -0.000000 0.00000
1229.37631 -0.000000 0.00000
1229.46994 -0.000000 0.00000
1229.56358 -0.000000 0.00000
1229.65722 -0.000000 0.00000
1229.75086 -0.000000 0.00000
1229.84450 -0.000000 0.00000
1229.93813 -0.000000 0.00000
1230.03177 -0.000000 0.00000
1230.12541 -0.000000 0.00000
1230.21905 -0.000000 0.00000
1230.31269 -0.000000 0.00000
1230.40632 -0.000000 0.00000
1230.49996 -0.000000 0.00000
1230.59360 -0.000000 0.00000
1230.68724 -0.000000 0.00000
1230.78088 -0.000000 0.00000
1230.87451 -0.000000 0.00000
1230.96815 -0.000000 0.00000
1231.06179 -0.000000 0.00000
1231.15543 -0.000000 0.00000
1231.24907 -0.000000 0.00000
1231.34270 -0.000000 0.00000
1231.43634 -0.000000 0.00000
1231.52998 -0.000000 0.00000
1231.62362 -0.000000 0.00000
1231.71726 -0.000000 0.00000
1231.81089 -0.000000 0.00000
1231.90453 -0.000000 0.00000
1231.99817 -0.000000 0.00000
1232.09181 -0.000000 0.00000
1232.18545 -0.000000 0.00000
1232.27908 -0.000000 0.00000
1232.37272 -0.000000 0.00000
1232.46636 -0.000000 0.00000
1232.56000 -0.000000 0.00000
1232.65364 -0.000000 0.00000
1232.74727 -0.000000 0.00000
1232.84091 -0.000000 0.00000
1232.93455 -0.000000 0.00000
1233.02819 -0.000000 0.00000
1233.12183 -0.000000 0.00000
1233.21546 -0.000000 0.00000
1233.30910 -0.000000 0.00000
1233.40274 -0.000000 0.00000
1233.49638 -0.000000 0.00000
1233.59002 -0.000000 0.00000
1233.68365 -0.000000 0.00000
1233.77729 -0.000000 0.00000
1233.87093 -0.000000 0.00000
1233.96457 -0.000000 0.00000
1234.05821 -0.000000 0.00000
1234.15184 -0.000000 0.00000
1234.24548 -0.000000 0.00000
1234.33912 -0.000000 0.00000
1234.43276 -0.000000 0.00000
1234.52640 -0.000000 0.00000
1234.62003 -0.000000 0.00000
1234.71367 -0.000000 0.00000
1234.80731 -0.000000 0.00000
1234.90095 -0.000000 0.00000
1234.99459 -0.000000 0.00000
1235.08822 -0.000000 0.00000
1235.18186 -0.000000 0.00000
1235.27550 -0.000000 0.00000
1235.36914 -0.000000 0.00000
1235.46278 -0.000000 0.00000
1235.55641 -0.000000 0.00000
1235.65005 -0.000000 0.00000
1235.74369 -0.000000 0.00000
1235.83733 -0.000000 0.00000
1235.93097 -0.000000 0.00000
1236.02460 -0.000000 0.00000
1236.11824 -0.000000 0.00000
1236.21188 -0.000000 0.00000
1236.30552 -0.000000 0.00000
1236.39916 -0.000000 0.00000
1236.49280 -0.000000 0.00000
1236.58643 -0.000000 0.00000
1236.68007 -0.000000 0.00000
1236.77371 -0.000000 0.00000
1236.86735 -0.000000 0.00000
1236.96099 -0.000000 0.00000
1237.05462 -0.000000 0.00000
1237.14826 -0.000000 0.00000
1237.24190 -0.000000 0.00000
1237.33554 -0.000000 0.00000
1237.42918 0.000000 0.00000
1237.52281 0.000000 0.00000
1237.61645 0.000000 0.00000
1237.71009 0.000000 0.00000
1237.80373 0.000000 0.00000
1237.89737 0.000000 0.00000
1237.99100 0.000000 0.00000
1238.08464 0.000000 0.00000
1238.17828 0.000000 0.00000
1238.27192 0.000000 0.00000
1238.36556 0.000000 0.00000
1238.45919 0.000000 0.00000
1238.55283 0.000000 0.00000
1238.64647 0.000000 0.00000
1238.74011 0.000000 0.00000
1238.83375 0.000000 0.00000
1238.92738 0.000000 0.00000
1239.02102 0.000000 0.00000
1239.11466 0.000000 0.00000
1239.20830 0.000000 0.00000
1239.30194 0.000000 0.00000
1239.39557 0.000000 0.00000
1239.48921 0.000000 0.00000
1239.58285 0.000000 0.00000
1239.67649 0.000000 0.00000
1239.77013 0.000000 0.00000
1239.86376 0.000000 0.00000
1239.95740 0.000000 0.00000
1240.05104 0.000000 0.00000
1240.14468 0.000000 0.00000
1240.23832 0.000000 0.00000
1240.33195 0.000000 0.00000
1240.42559 0.000000 0.00000
1240.51923 0.000000 0.00000
1240.61287 0.000000 0.00000
1240.70651 0.000000 0.00000
1240.80014 0.000000 0.00000
1240.89378 0.000000 0.00000
1240.98742 0.000000 0.00000
1241.08106 0.000000 0.00000
1241.17470 0.000000 0.00000
1241.26833 0.000000 0.00000
1241.36197 0.000000 0.00000
1241.45561 0.000000 0.00000
1241.54925 0.000000 0.00000
1241.64289 0.000000 0.00000
1241.73652 0.000000 0.00000
1241.83016 0.000000 0.00000
1241.92380 0.000000 0.00000
1242.01744 0.000000 0.00000
1242.11108 0.000000 0.00000
1242.20471 0.000000 0.00000
1242.29835 0.000000 0.00000
1242.39199 0.000000 0.00000
1242.48563 0.000000 0.00000
1242.57927 0.000000 0.00000
1242.67290 0.000000 0.00000
1242.76654 0.000000 0.00000
1242.86018 0.000000 0.00000
1242.95382 0.000000 0.00000
1243.04746 -0.000000 0.00000
1243.14109 -0.000000 0.00000
1243.23473 -0.000000 0.00000
1243.32837 -0.000000 0.00000
1243.42201 -0.000000 0.00000
1243.51565 -0.000000 0.00000
1243.60928 -0.000000 0.00000
1243.70292 -0.000000 0.00000
1243.79656 -0.000000 0.00000
1243.89020 -0.000000 0.00000
1243.98384 -0.000000 0.00000
1244.07747 -0.000000 0.00000
1244.17111 -0.000000 0.00000
1244.26475 -0.000000 0.00000
1244.35839 -0.000000 0.00000
1244.45203 -0.000000 0.00000
1244.54566 -0.000000 0.00000
1244.63930 -0.000000 0.00000
1244.73294 -0.000000 0.00000
1244.82658 -0.000000 0.00000
1244.92022 -0.000000 0.00000
1245.01385 -0.000000 0.00000
1245.10749 -0.000000 0.00000
1245.20113 -0.000000 0.00000
1245.29477 -0.000000 0.00000
1245.38841 -0.000000 0.00000
1245.48204 -0.000000 0.00000
1245.57568 -0.000000 0.00000
1245.66932 -0.000000 0.00000
1245.76296 -0.000000 0.00000
1245.85660 -0.000000 0.00000
1245.95023 -0.000000 0.00000
1246.04387 -0.000000 0.00000
1246.13751 -0.000000 0.00000
1246.23115 -0.000000 0.00000
1246.32479 -0.000000 0.00000
1246.41843 -0.000000 0.00000
1246.51206 -0.000000 0.00000
1246.60570 -0.000000 0.00000
1246.69934 -0.000000 0.00000
1246.79298 -0.000000 0.00000
1246.88662 -0.000000 0.00000
1246.98025 -0.000000 0.00000
1247.07389 -0.000000 0.00000
1247.16753 -0.000000 0.00000
1247.26117 -0.000000 0.00000
1247.35481 -0.000000 0.00000
1247.44844 -0.000000 0.00000
1247.54208 -0.000000 0.00000
1247.63572 -0.000000 0.00000
1247.72936 -0.000000 0.00000
1247.82300 -0.000000 0.00000
1247.91663 -0.000000 0.00000
1248.01027 -0.000000 0.00000
1248.10391 -0.000000 0.00000
1248.19755 -0.000000 0.00000
1248.29119 -0.000000 0.00000
1248.38482 -0.000000 0.00000
1248.47846 -0.000000 0.00000
1248.57210 -0.000000 0.00000
1248.66574 -0.000000 0.00000
1248.75938 -0.000000 0.00000
1248.85301 -0.000000 0.00000
1248.94665 -0.000000 0.00000
1249.04029 -0.000000 0.00000
1249.13393 -0.000000 0.00000
1249.22757 -0.000000 0.00000
1249.32120 -0.000000 0.00000
1249.41484 0.000000 0.00000
1249.50848 0.000000 0.00000
1249.60212 0.000000 0.00000
1249.69576 0.000000 0.00000
1249.78939 0.000000 0.00000
1249.88303 0.000000 0.00000
1249.97667 0.000000 0.00000
1250.07031 0.000000 0.00000
1250.16395 0.000000 0.00000
1250.25758 0.000000 0.00000
1250.35122 0.000000 0.00000
1250.44486 0.000000 0.00000
1250.53850 0.000000 0.00000
1250.63214 0.000000 0.00000
1250.72577 0.000000 0.00000
1250.81941 0.000000 0.00000
1250.91305 0.000000 0.00000
1251.00669 0.000000 0.00000
1251.10033 0.000000 0.00000
1251.19396 0.000000 0.00000
1251.28760 0.000000 0.00000
1251.38124 0.000000 0.00000
1251.47488 0.000000 0.00000
1251.56852 0.000000 0.00000
1251.66215 0.000000 0.00000
1251.75579 0.000000 0.00000
1251.84943 0.000000 0.00000
1251.94307 0.000000 0.00000
1252.03671 0.000000 0.00000
1252.13034 0.000000 0.00000
1252.22398 0.000000 0.00000
1252.31762 0.000000 0.00000
1252.41126 0.000000 0.00000
1252.50490 0.000000 0.00000
1252.59853 0.000000 0.00000
1252.69217 0.000000 0.00000
1252.78581 0.000000 0.00000
1252.87945 0.000000 0.00000
1252.97309 0.000000 0.00000
1253.06672 0.000000 0.00000
1253.16036 0.000000 0.00000
1253.25400 0.000000 0.00000
1253.34764 0.000000 0.00000
1253.44128 0.000000 0.00000
1253.53491 0.000000 0.00000
1253.62855 0.000000 0.00000
1253.72219 0.000000 0.00000
1253.81583 0.000000 0.00000
1253.90947 0.000000 0.00000
1254.00310 0.000000 0.00000
1254.09674 0.000000 0.00000
1254.19038 0.000000 0.00000
1254.28402 0.000000 0.00000
1254.37766 0.000000 0.00000
1254.47129 0.000000 0.00000
1254.56493 0.000000 0.00000
1254.65857 0.000000 0.00000
1254.75221 0.000000 0.00000
1254.84585 0.000000 0.00000
1254.93948 0.000000 0.00000
1255.03312 0.000000 0.00000
1255.12676 0.000000 0.00000
1255.22040 0.000000 0.00000
1255.31404 0.000000 0.00000
1255.40767 0.000000 0.00000
1255.50131 0.000000 0.00000
1255.59495 0.000000 0.00000
1255.68859 0.000000 0.00000
1255.78223 0.000000 0.00000
1255.87586 0.000000 0.00000
1255.96950 0.000000 0.00000
1256.06314 0.000000 0.00000
1256.15678 0.000000 0.00000
1256.25042 0.000000 0.00000
1256.34406 0.000000 0.00000
1256.43769 0.000000 0.00000
1256.53133 0.000000 0.00000
1256.62497 0.000000 0.00000
1256.71861 0.000000 0.00000
1256.81225 0.000000 0.00000
1256.90588 0.000000 0.00000
1256.99952 0.000000 0.00000
1257.09316 0.000000 0.00000
1257.18680 0.000000 0.00000
1257.28044 0.000000 0.00000
1257.37407 0.000000 0.00000
1257.46771 0.000000 0.00000
1257.56135 0.000000 0.00000
1257.65499 0.000000 0.00000
1257.74863 0.000000 0.00000
1257.84226 0.000000 0.00000
1257.93590 0.000000 0.00000
1258.02954 0.000000 0.00000
1258.12318 0.000000 0.00000
1258.21682 0.000000 0.00000
1258.31045 0.000000 0.00000
1258.40409 0.000000 0.00000
1258.49773 0.000000 0.00000
1258.59137 0.000000 0.00000
1258.68501 0.000000 0.00000
1258.77864 0.000000 0.00000
1258.87228 0.000000 0.00000
1258.96592 0.000000 0.00000
1259.05956 0.000000 0.00000
1259.15320 0.000000 0.00000
1259.24683 0.000000 0.00000
1259.34047 0.000000 0.00000
1259.43411 0.000000 0.00000
1259.52775 0.000000 0.00000
1259.62139 0.000000 0.00000
1259.71502 0.000000 0.00000
1259.80866 0.000000 0.00000
1259.90230 0.000000 0.00000
1259.99594 0.000000 0.00000
1260.08958 0.000000 0.00000
1260.18321 0.000000 0.00000
1260.27685 0.000000 0.00000
1260.37049 0.000000 0.00000
1260.46413 0.000000 0.00000
1260.55777 0.000000 0.00000
1260.65140 0.000000 0.00000
1260.74504 0.000000 0.00000
1260.83868 0.000000 0.00000
1260.93232 0.000000 0.00000
1261.02596 0.000000 0.00000
1261.11959 0.000000 0.00000
1261.21323 0.000000 0.00000
1261.30687 0.000000 0.00000
1261.40051 0.000000 0.00000
1261.49415 0.000000 0.00000
1261.58778 0.000000 0.00000
1261.68142 0.000000 0.00000
1261.77506 0.000000 0.00000
1261.86870 0.000000 0.00000
1261.96234 0.000000 0.00000
1262.05597 0.000000 0.00000
1262.14961 0.000000 0.00000
1262.24325 0.000000 0.00000
1262.33689 0.000000 0.00000
1262.43053 0.000000 0.00000
1262.52416 0.000000 0.00000
1262.61780 0.000000 0.00000
1262.71144 0.000000 0.00000
1262.80508 0.000000 0.00000
1262.89872 0.000000 0.00000
1262.99235 0.000000 0.00000
1263.08599 0.000000 0.00000
1263.17963 0.000000 0.00000
1263.27327 0.000000 0.00000
1263.36691 0.000000 0.00000
1263.46054 0.000000 0.00000
1263.55418 0.000000 0.00000
1263.64782 0.000000 0.00000
1263.74146 0.000000 0.00000
1263.83510 0.000000 0.00000
1263.92873 0.000000 0.00000
1264.02237 0.000000 0.00000
1264.11601 0.000000 0.00000
1264.20965 0.000000 0.00000
1264.30329 0.000000 0.00000
1264.39692 0.000000 0.00000
1264.49056 0.000000 0.00000
1264.58420 0.000000 0.00000
1264.67784 0.000000 0.00000
1264.77148 0.000000 0.00000
1264.86511 0.000000 0.00000
1264.95875 0.000000 0.00000
1265.05239 0.000000 0.00000
1265.14603 0.000000 0.00000
1265.23967 0.000000 0.00000
1265.33330 0.000000 0.00000
1265.42694 0.000000 0.00000
1265.52058 0.000000 0.00000
1265.61422 0.000000 0.00000
1265.70786 0.000000 0.00000
1265.80149 0.000000 0.00000
1265.89513 0.000000 0.00000
1265.98877 0.000000 0.00000
1266.08241 0.000000 0.00000
1266.17605 0.000000 0.00000
1266.26969 0.000000 0.00000
1266.36332 0.000000 0.00000
1266.45696 0.000000 0.00000
1266.55060 0.000000 0.00000
1266.64424 0.000000 0.00000
1266.73788 0.000000 0.00000
1266.83151 0.000000 0.00000
1266.92515 0.000000 0.00000
1267.01879 0.000000 0.00000
1267.11243 0.000000 0.00000
1267.20607 0.000000 0.00000
1267.29970 0.000000 0.00000
1267.39334 0.000000 0.00000
1267.48698 0.000000 0.00000
1267.58062 0.000000 0.00000
1267.67426 0.000000 0.00000
1267.76789 0.000000 0.00000
1267.86153 0.000000 0.00000
1267.95517 0.000000 0.00000
1268.04881 0.000000 0.00000
1268.14245 0.000000 0.00000
1268.23608 0.000000 0.00000
1268.32972 0.000000 0.00000
1268.42336 0.000000 0.00000
1268.51700 0.000000 0.00000
1268.61064 0.000000 0.00000
1268.70427 0.000000 0.00000
1268.79791 0.000000 0.00000
1268.89155 0.000000 0.00000
1268.98519 0.000000 0.00000
1269.07883 0.000000 0.00000
1269.17246 -0.000000 0.00000
1269.26610 -0.000000 0.00000
1269.35974 -0.000000 0.00000
1269.45338 -0.000000 0.00000
1269.54702 -0.000000 0.00000
1269.64065 -0.000000 0.00000
1269.73429 -0.000000 0.00000
1269.82793 -0.000000 0.00000
1269.92157 -0.000000 0.00000
1270.01521 -0.000000 0.00000
1270.10884 -0.000000 0.00000
1270.20248 -0.000000 0.00000
1270.29612 -0.000000 0.00000
1270.38976 -0.000000 0.00000
1270.48340 -0.000000 0.00000
1270.57703 -0.000000 0.00000
1270.67067 -0.000000 0.00000
1270.76431 -0.000000 0.00000
1270.85795 -0.000000 0.00000
1270.95159 -0.000000 0.00000
1271.04522 -0.000000 0.00000
1271.13886 -0.000000 0.00000
1271.23250 -0.000000 0.00000
1271.32614 -0.000000 0.00000
1271.41978 -0.000000 0.00000
1271.51341 -0.000000 0.00000
1271.60705 -0.000000 0.00000
1271.70069 -0.000000 0.00000
1271.79433 -0.000000 0.00000
1271.88797 -0.000000 0.00000
1271.98160 -0.000000 0.00000
1272.07524 -0.000000 0.00000
1272.16888 -0.000000 0.00000
1272.26252 -0.000000 0.00000
1272.35616 -0.000000 0.00000
1272.44979 -0.000000 0.00000
1272.54343 -0.000000 0.00000
1272.63707 -0.000000 0.00000
1272.73071 -0.000000 0.00000
1272.82435 -0.000000 0.00000
1272.91798 -0.000000 0.00000
1273.01162 -0.000000 0.00000
1273.10526 -0.000000 0.00000
1273.19890 -0.000000 0.00000
1273.29254 -0.000000 0.00000
1273.38617 -0.000000 0.00000
1273.47981 -0.000000 0.00000
1273.57345 -0.000000 0.00000
1273.66709 -0.000000 0.00000
1273.76073 -0.000000 0.00000
1273.85436 -0.000000 0.00000
1273.94800 -0.000000 0.00000
1274.04164 -0.000000 0.00000
1274.13528 -0.000000 0.00000
1274.22892 -0.000000 0.00000
1274.32255 -0.000000 0.00000
1274.41619 -0.000000 0.00000
1274.50983 -0.000000 0.00000
1274.60347 -0.000000 0.00000
1274.69711 -0.000000 0.00000
1274.79074 -0.000000 0.00000
1274.88438 -0.000000 0.00000
1274.97802 -0.000000 0.00000
1275.07166 -0.000000 0.00000
1275.16530 -0.000000 0.00000
1275.25893 -0.000000 0.00000
1275.35257 -0.000000 0.00000
1275.44621 -0.000000 0.00000
1275.53985 -0.000000 0.00000
1275.63349 -0.000000 0.00000
1275.72712 -0.000000 0.00000
1275.82076 -0.000000 0.00000
1275.91440 -0.000000 0.00000
1276.00804 -0.000000 0.00000
1276.10168 -0.000000 0.00000
1276.19532 -0.000000 0.00000
1276.28895 -0.000000 0.00000
1276.38259 -0.000000 0.00000
1276.47623 -0.000000 0.00000
1276.56987 -0.000000 0.00000
1276.66351 -0.000000 0.00000
1276.75714 -0.000000 0.00000
1276.85078 -0.000000 0.00000
1276.94442 -0.000000 0.00000
1277.03806 -0.000000 0.00000
1277.13170 -0.000000 0.00000
1277.22533 -0.000000 0.00000
1277.31897 -0.000000 0.00000
1277.41261 -0.000000 0.00000
1277.50625 -0.000000 0.00000
1277.59989 -0.000000 0.00000
1277.69352 -0.000000 0.00000
1277.78716 -0.000000 0.00000
1277.88080 -0.000000 0.00000
1277.97444 -0.000000 0.00000
1278.06808 -0.000000 0.00000
1278.16171 -0.000000 0.00000
1278.25535 -0.000000 0.00000
1278.34899 -0.000000 0.00000
1278.44263 -0.000000 0.00000
1278.53627 -0.000000 0.00000
1278.62990 -0.000000 0.00000
1278.72354 -0.000000 0.00000
1278.81718 -0.000000 0.00000
1278.91082 -0.000000 0.00000
1279.00446 -0.000000 0.00000
1279.09809 -0.000000 0.00000
1279.19173 -0.000000 0.00000
1279.28537 -0.000000 0.00000
1279.37901 -0.000000 0.00000
1279.47265 -0.000000 0.00000
1279.56628 -0.000000 0.00000
1279.65992 -0.000000 0.00000
1279.75356 -0.000000 0.00000
1279.84720 -0.000000 0.00000
1279.94084 -0.000000 0.00000
1280.03447 -0.000000 0.00000
1280.12811 -0.000000 0.00000
1280.22175 -0.000000 0.00000
1280.31539 -0.000000 0.00000
1280.40903 -0.000000 0.00000
1280.50266 -0.000000 0.00000
1280.59630 -0.000000 0.00000
1280.68994 -0.000000 0.00000
1280.78358 -0.000000 0.00000
1280.87722 -0.000000 0.00000
1280.97085 -0.000000 0.00000
1281.06449 -0.000000 0.00000
1281.15813 -0.000000 0.00000
1281.25177 -0.000000 0.00000
1281.34541 -0.000000 0.00000
1281.43904 -0.000000 0.00000
1281.53268 -0.000000 0.00000
1281.62632 -0.000000 0.00000
1281.71996 -0.000000 0.00000
1281.81360 -0.000000 0.00000
1281.90723 -0.000000 0.00000
1282.00087 -0.000000 0.00000
1282.09451 -0.000000 0.00000
1282.18815 -0.000000 0.00000
1282.28179 -0.000000 0.00000
1282.37542 -0.000000 0.00000
1282.46906 -0.000000 0.00000
1282.56270 -0.000000 0.00000
1282.65634 -0.000000 0.00000
1282.74998 -0.000000 0.00000
1282.84361 -0.000000 0.00000
1282.93725 -0.000000 0.00000
1283.03089 -0.000000 0.00000
1283.12453 -0.000000 0.00000
1283.21817 -0.000000 0.00000
1283.31180 -0.000000 0.00000
1283.40544 -0.000000 0.00000
1283.49908 -0.000000 0.00000
1283.59272 -0.000000 0.00000
1283.68636 -0.000000 0.00000
1283.77999 -0.000000 0.00000
1283.87363 -0.000000 0.00000
1283.96727 -0.000000 0.00000
1284.06091 -0.000000 0.00000
1284.15455 -0.000000 0.00000
1284.24818 -0.000000 0.00000
1284.34182 -0.000000 0.00000
1284.43546 -0.000000 0.00000
1284.52910 -0.000000 0.00000
1284.62274 -0.000000 0.00000
1284.71637 -0.000000 0.00000
1284.81001 -0.000000 0.00000
1284.90365 -0.000000 0.00000
1284.99729 -0.000000 0.00000
1285.09093 -0.000000 0.00000
1285.18456 -0.000000 0.00000
1285.27820 -0.000000 0.00000
1285.37184 -0.000000 0.00000
1285.46548 -0.000000 0.00000
1285.55912 -0.000000 0.00000
1285.65275 -0.000000 0.00000
1285.74639 -0.000000 0.00000
1285.84003 -0.000000 0.00000
1285.93367 -0.000000 0.00000
1286.02731 -0.000000 0.00000
1286.12095 -0.000000 0.00000
1286.21458 -0.000000 0.00000
1286.30822 -0.000000 0.00000
1286.40186 -0.000000 0.00000
1286.49550 -0.000000 0.00000
1286.58914 -0.000000 0.00000
1286.68277 -0.000000 0.00000
1286.77641 -0.000000 0.00000
1286.87005 -0.000000 0.00000
1286.96369 -0.000000 0.00000
1287.05733 -0.000000 0.00000
1287.15096 -0.000000 0.00000
1287.24460 -0.000000 0.00000
1287.33824 -0.000000 0.00000
1287.43188 -0.000000 0.00000
1287.52552 -0.000000 0.00000
1287.61915 -0.000000 0.00000
1287.71279 -0.000000 0.00000
1287.80643 -0.000000 0.00000
1287.90007 -0.000000 0.00000
1287.99371 -0.000000 0.00000
1288.08734 -0.000000 0.00000
1288.18098 -0.000000 0.00000
1288.27462 -0.000000 0.00000
1288.36826 -0.000000 0.00000
1288.46190 -0.000000 0.00000
1288.55553 -0.000000 0.00000
1288.64917 -0.000000 0.00000
1288.74281 -0.000000 0.00000
1288.83645 -0.000000 0.00000
1288.93009 -0.000000 0.00000
1289.02372 -0.000000 0.00000
1289.11736 -0.000000 0.00000
1289.21100 -0.000000 0.00000
1289.30464 -0.000000 0.00000
1289.39828 -0.000000 0.00000
1289.49191 -0.000000 0.00000
1289.58555 -0.000000 0.00000
1289.67919 -0.000000 0.00000
1289.77283 -0.000000 0.00000
1289.86647 -0.000000 0.00000
1289.96010 -0.000000 0.00000
1290.05374 -0.000000 0.00000
1290.14738 -0.000000 0.00000
1290.24102 -0.000000 0.00000
1290.33466 -0.000000 0.00000
1290.42829 -0.000000 0.00000
1290.52193 -0.000000 0.00000
1290.61557 -0.000000 0.00000
1290.70921 -0.000000 0.00000
1290.80285 -0.000000 0.00000
1290.89648 -0.000000 0.00000
1290.99012 -0.000000 0.00000
1291.08376 -0.000000 0.00000
1291.17740 -0.000000 0.00000
1291.27104 -0.000000 0.00000
1291.36467 -0.000000 0.00000
1291.45831 -0.000000 0.00000
1291.55195 -0.000000 0.00000
1291.64559 -0.000000 0.00000
1291.73923 -0.000000 0.00000
1291.83286 -0.000000 0.00000
1291.92650 -0.000000 0.00000
1292.02014 -0.000000 0.00000
1292.11378 -0.000000 0.00000
1292.20742 -0.000000 0.00000
1292.30105 -0.000000 0.00000
1292.39469 -0.000000 0.00000
1292.48833 -0.000000 0.00000
1292.58197 -0.000000 0.00000
1292.67561 -0.000000 0.00000
1292.76924 -0.000000 0.00000
1292.86288 -0.000000 0.00000
1292.95652 -0.000000 0.00000
1293.05016 -0.000000 0.00000
1293.14380 -0.000000 0.00000
1293.23743 -0.000000 0.00000
1293.33107 -0.000000 0.00000
1293.42471 -0.000000 0.00000
1293.51835 -0.000000 0.00000
1293.61199 -0.000000 0.00000
1293.70562 -0.000000 0.00000
1293.79926 -0.000000 0.00000
1293.89290 -0.000000 0.00000
1293.98654 -0.000000 0.00000
1294.08018 -0.000000 0.00000
1294.17381 -0.000000 0.00000
1294.26745 -0.000000 0.00000
1294.36109 -0.000000 0.00000
1294.45473 -0.000000 0.00000
1294.54837 -0.000000 0.00000
1294.64200 -0.000000 0.00000
1294.73564 -0.000000 0.00000
1294.82928 -0.000000 0.00000
1294.92292 -0.000000 0.00000
1295.01656 -0.000000 0.00000
1295.11019 -0.000000 0.00000
1295.20383 -0.000000 0.00000
1295.29747 -0.000000 0.00000
1295.39111 -0.000000 0.00000
1295.48475 -0.000000 0.00000
1295.57838 -0.000000 0.00000
1295.67202 -0.000000 0.00000
1295.76566 -0.000000 0.00000
1295.85930 -0.000000 0.00000
1295.95294 -0.000000 0.00000
1296.04658 -0.000000 0.00000
1296.14021 -0.000000 0.00000
1296.23385 -0.000000 0.00000
1296.32749 -0.000000 0.00000
1296.42113 -0.000000 0.00000
1296.51477 -0.000000 0.00000
1296.60840 0.000000 0.00000
1296.70204 0.000000 0.00000
1296.79568 0.000000 0.00000
1296.88932 0.000000 0.00000
1296.98296 0.000000 0.00000
1297.07659 0.000000 0.00000
1297.17023 0.000000 0.00000
1297.26387 0.000000 0.00000
1297.35751 0.000000 0.00000
1297.45115 0.000000 0.00000
1297.54478 0.000000 0.00000
1297.63842 0.000000 0.00000
1297.73206 0.000000 0.00000
1297.82570 0.000000 0.00000
1297.91934 0.000000 0.00000
1298.01297 0.000000 0.00000
1298.10661 0.000000 0.00000
1298.20025 0.000000 0.00000
1298.29389 0.000000 0.00000
1298.38753 0.000000 0.00000
1298.48116 0.000000 0.00000
1298.57480 0.000000 0.00000
1298.66844 0.000000 0.00000
1298.76208 0.000000 0.00000
1298.85572 0.000000 0.00000
1298.94935 0.000000 0.00000
1299.04299 0.000000 0.00000
1299.13663 0.000000 0.00000
1299.23027 0.000000 0.00000
1299.32391 0.000000 0.00000
1299.41754 0.000000 0.00000
1299.51118 0.000000 0.00000
1299.60482 0.000000 0.00000
1299.69846 0.000000 0.00000
1299.79210 0.000000 0.00000
1299.88573 0.000000 0.00000
1299.97937 0.000000 0.00000
1300.07301 0.000000 0.00000
1300.16665 0.000000 0.00000
1300.26029 0.000000 0.00000
1300.35392 0.000000 0.00000
1300.44756 0.000000 0.00000
1300.54120 0.000000 0.00000
1300.63484 0.000000 0.00000
1300.72848 0.000000 0.00000
1300.82211 0.000000 0.00000
1300.91575 0.000000 0.00000
1301.00939 0.000000 0.00000
1301.10303 0.000000 0.00000
1301.19667 0.000000 0.00000
1301.29030 0.000000 0.00000
1301.38394 0.000000 0.00000
1301.47758 0.000000 0.00000
1301.57122 0.000000 0.00000
1301.66486 0.000000 0.00000
1301.75849 0.000000 0.00000
1301.85213 0.000000 0.00000
1301.94577 0.000000 0.00000
1302.03941 0.000000 0.00000
1302.13305 0.000000 0.00000
1302.22668 0.000000 0.00000
1302.32032 0.000000 0.00000
1302.41396 0.000000 0.00000
1302.50760 0.000000 0.00000
1302.60124 0.000000 0.00000
1302.69487 0.000000 0.00000
1302.78851 0.000000 0.00000
1302.88215 0.000000 0.00000
1302.97579 0.000000 0.00000
1303.06943 0.000000 0.00000
1303.16306 0.000000 0.00000
1303.25670 0.000000 0.00000
1303.35034 0.000000 0.00000
1303.44398 0.000000 0.00000
1303.53762 0.000000 0.00000
1303.63125 0.000000 0.00000
1303.72489 0.000000 0.00000
1303.81853 0.000000 0.00000
1303.91217 0.000000 0.00000
1304.00581 0.000000 0.00000
1304.09944 0.000000 0.00000
1304.19308 0.000000 0.00000
1304.28672 0.000000 0.00000
1304.38036 0.000000 0.00000
1304.47400 0.000000 0.00000
1304.56763 0.000000 0.00000
1304.66127 0.000000 0.00000
1304.75491 0.000000 0.00000
1304.84855 0.000000 0.00000
1304.94219 0.000000 0.00000
1305.03582 0.000000 0.00000
1305.12946 0.000000 0.00000
1305.22310 0.000000 0.00000
1305.31674 0.000000 0.00000
1305.41038 0.000000 0.00000
1305.50401 0.000000 0.00000
1305.59765 0.000000 0.00000
1305.69129 0.000000 0.00000
1305.78493 0.000000 0.00000
1305.87857 0.000000 0.00000
1305.97221 0.000000 0.00000
1306.06584 0.000000 0.00000
1306.15948 0.000000 0.00000
1306.25312 0.000000 0.00000
1306.34676 0.000000 0.00000
1306.44040 0.000000 0.00000
1306.53403 0.000000 0.00000
1306.62767 0.000000 0.00000
1306.72131 0.000000 0.00000
1306.81495 0.000000 0.00000
1306.90859 0.000000 0.00000
1307.00222 0.000000 0.00000
1307.09586 0.000000 0.00000
1307.18950 0.000000 0.00000
1307.28314 0.000000 0.00000
1307.37678 0.000000 0.00000
1307.47041 0.000000 0.00000
1307.56405 0.000000 0.00000
1307.65769 0.000000 0.00000
1307.75133 0.000000 0.00000
1307.84497 0.000000 0.00000
1307.93860 0.000000 0.00000
1308.03224 0.000000 0.00000
1308.12588 0.000000 0.00000
1308.21952 0.000000 0.00000
1308.31316 0.000000 0.00000
1308.40679 0.000000 0.00000
1308.50043 0.000000 0.00000
1308.59407 0.000000 0.00000
1308.68771 0.000000 0.00000
1308.78135 0.000000 0.00000
1308.87498 0.000000 0.00000
1308.96862 0.000000 0.00000
1309.06226 0.000000 0.00000
1309.15590 0.000000 0.00000
1309.24954 0.000000 0.00000
1309.34317 0.000000 0.00000
1309.43681 0.000000 0.00000
1309.53045 0.000000 0.00000
1309.62409 0.000000 0.00000
1309.71773 0.000000 0.00000
1309.81136 0.000000 0.00000
1309.90500 0.000000 0.00000
1309.99864 0.000000 0.00000
1310.09228 0.000000 0.00000
1310.18592 0.000000 0.00000
1310.27955 0.000000 0.00000
1310.37319 0.000000 0.00000
1310.46683 0.000000 0.00000
1310.56047 0.000000 0.00000
1310.65411 0.000000 0.00000
1310.74774 0.000000 0.00000
1310.84138 0.000000 0.00000
1310.93502 0.000000 0.00000
1311.02866 0.000000 0.00000
1311.12230 0.000000 0.00000
1311.21593 0.000000 0.00000
1311.30957 0.000000 0.00000
1311.40321 0.000000 0.00000
1311.49685 0.000000 0.00000
1311.59049 0.000000 0.00000
1311.68412 0.000000 0.00000
1311.77776 0.000000 0.00000
1311.87140 0.000000 0.00000
1311.96504 0.000000 0.00000
1312.05868 0.000000 0.00000
1312.15231 0.000000 0.00000
1312.24595 0.000000 0.00000
1312.33959 0.000000 0.00000
1312.43323 0.000000 0.00000
1312.52687 0.000000 0.00000
1312.62050 0.000000 0.00000
1312.71414 0.000000 0.00000
1312.80778 0.000000 0.00000
1312.90142 0.000000 0.00000
1312.99506 0.000000 0.00000
1313.08869 0.000000 0.00000
1313.18233 0.000000 0.00000
1313.27597 0.000000 0.00000
1313.36961 0.000000 0.00000
1313.46325 0.000000 0.00000
1313.55688 0.000000 0.00000
1313.65052 0.000000 0.00000
1313.74416 0.000000 0.00000
1313.83780 0.000000 0.00000
1313.93144 0.000000 0.00000
1314.02507 0.000000 0.00000
1314.11871 0.000000 0.00000
1314.21235 0.000000 0.00000
1314.30599 0.000000 0.00000
1314.39963 0.000000 0.00000
1314.49326 0.000000 0.00000
1314.58690 0.000000 0.00000
1314.68054 0.000000 0.00000
1314.77418 0.000000 0.00000
1314.86782 0.000000 0.00000
1314.96145 0.000000 0.00000
1315.05509 0.000000 0.00000
1315.14873 0.000000 0.00000
1315.24237 0.000000 0.00000
1315.33601 0.000000 0.00000
1315.42964 0.000000 0.00000
1315.52328 0.000000 0.00000
1315.61692 0.000000 0.00000
1315.71056 0.000000 0.00000
1315.80420 0.000000 0.00000
1315.89784 0.000000 0.00000
1315.99147 0.000000 0.00000
1316.08511 0.000000 0.00000
1316.17875 0.000000 0.00000
1316.27239 0.000000 0.00000
1316.36603 0.000000 0.00000
1316.45966 0.000000 0.00000
1316.55330 0.000000 0.00000
1316.64694 0.000000 0.00000
1316.74058 0.000000 0.00000
1316.83422 0.000000 0.00000
1316.92785 0.000000 0.00000
1317.02149 0.000000 0.00000
1317.11513 0.000000 0.00000
1317.20877 0.000000 0.00000
1317.30241 0.000000 0.00000
1317.39604 0.000000 0.00000
1317.48968 0.000000 0.00000
1317.58332 0.000000 0.00000
1317.67696 0.000000 0.00000
1317.77060 0.000000 0.00000
1317.86423 0.000000 0.00000
1317.95787 0.000000 0.00000
1318.05151 0.000000 0.00000
1318.14515 0.000000 0.00000
1318.23879 0.000000 0.00000
1318.33242 0.000000 0.00000
1318.42606 0.000000 0.00000
1318.51970 0.000000 0.00000
1318.61334 0.000000 0.00000
1318.70698 0.000000 0.00000
1318.80061 0.000000 0.00000
1318.89425 0.000000 0.00000
1318.98789 0.000000 0.00000
1319.08153 0.000000 0.00000
1319.17517 0.000000 0.00000
1319.26880 0.000000 0.00000
1319.36244 0.000000 0.00000
1319.45608 0.000000 0.00000
1319.54972 0.000000 0.00000
1319.64336 0.000000 0.00000
1319.73699 0.000000 0.00000
1319.83063 0.000000 0.00000
1319.92427 0.000000 0.00000
1320.01791 0.000000 0.00000
1320.11155 0.000000 0.00000
1320.20518 0.000000 0.00000
1320.29882 0.000000 0.00000
1320.39246 0.000000 0.00000
1320.48610 0.000000 0.00000
1320.57974 0.000000 0.00000
1320.67337 0.000000 0.00000
1320.76701 0.000000 0.00000
1320.86065 0.000000 0.00000
1320.95429 0.000000 0.00000
1321.04793 0.000000 0.00000
1321.14156 0.000000 0.00000
1321.23520 0.000000 0.00000
1321.32884 0.000000 0.00000
1321.42248 0.000000 0.00000
1321.51612 0.000000 0.00000
1321.60975 0.000000 0.00000
1321.70339 0.000000 0.00000
1321.79703 0.000000 0.00000
1321.89067 0.000000 0.00000
1321.98431 0.000000 0.00000
1322.07794 0.000000 0.00000
1322.17158 0.000000 0.00000
1322.26522 0.000000 0.00000
1322.35886 0.000000 0.00000
1322.45250 0.000000 0.00000
1322.54613 0.000000 0.00000
1322.63977 0.000000 0.00000
1322.73341 0.000000 0.00000
1322.82705 0.000000 0.00000
1322.92069 0.000000 0.00000
1323.01432 0.000000 0.00000
1323.10796 0.000000 0.00000
1323.20160 0.000000 0.00000
1323.29524 0.000000 0.00000
1323.38888 0.000000 0.00000
1323.48251 0.000000 0.00000
1323.57615 0.000000 0.00000
1323.66979 0.000000 0.00000
1323.76343 0.000000 0.00000
1323.85707 0.000000 0.00000
1323.95070 0.000000 0.00000
1324.04434 0.000000 0.00000
1324.13798 0.000000 0.00000
1324.23162 0.000000 0.00000
1324.32526 0.000000 0.00000
1324.41889 0.000000 0.00000
1324.51253 0.000000 0.00000
1324.60617 0.000000 0.00000
1324.69981 0.000000 0.00000
1324.79345 0.000000 0.00000
1324.88708 0.000000 0.00000
1324.98072 0.000000 0.00000
1325.07436 0.000000 0.00000
1325.16800 0.000000 0.00000
1325.26164 0.000000 0.00000
1325.35527 0.000000 0.00000
1325.44891 0.000000 0.00000
1325.54255 0.000000 0.00000
1325.63619 0.000000 0.00000
1325.72983 0.000000 0.00000
1325.82347 0.000000 0.00000
1325.91710 0.000000 0.00000
1326.01074 0.000000 0.00000
1326.10438 0.000000 0.00000
1326.19802 0.000000 0.00000
1326.29166 0.000000 0.00000
1326.38529 0.000000 0.00000
1326.47893 0.000000 0.00000
1326.57257 0.000000 0.00000
1326.66621 0.000000 0.00000
1326.75985 0.000000 0.00000
1326.85348 0.000000 0.00000
1326.94712 0.000000 0.00000
1327.04076 0.000000 0.00000
1327.13440 0.000000 0.00000
1327.22804 0.000000 0.00000
1327.32167 0.000000 0.00000
1327.41531 0.000000 0.00000
1327.50895 0.000000 0.00000
1327.60259 0.000000 0.00000
1327.69623 0.000000 0.00000
1327.78986 0.000000 0.00000
1327.88350 0.000000 0.00000
1327.97714 0.000000 0.00000
1328.07078 0.000000 0.00000
1328.16442 0.000000 0.00000
1328.25805 0.000000 0.00000
1328.35169 0.000000 0.00000
1328.44533 0.000000 0.00000
1328.53897 0.000000 0.00000
1328.63261 0.000000 0.00000
1328.72624 0.000000 0.00000
1328.81988 0.000000 0.00000
1328.91352 0.000000 0.00000
1329.00716 0.000000 0.00000
1329.10080 0.000000 0.00000
1329.19443 0.000000 0.00000
1329.28807 0.000000 0.00000
1329.38171 0.000000 0.00000
1329.47535 0.000000 0.00000
1329.56899 0.000000 0.00000
1329.66262 0.000000 0.00000
1329.75626 0.000000 0.00000
1329.84990 0.000000 0.00000
1329.94354 0.000000 0.00000
1330.03718 0.000000 0.00000
1330.13081 0.000000 0.00000
1330.22445 0.000000 0.00000
1330.31809 0.000000 0.00000
1330.41173 0.000000 0.00000
1330.50537 0.000000 0.00000
1330.59900 0.000000 0.00000
1330.69264 0.000000 0.00000
1330.78628 0.000000 0.00000
1330.87992 0.000000 0.00000
1330.97356 0.000000 0.00000
1331.06719 0.000000 0.00000
1331.16083 0.000000 0.00000
1331.25447 0.000000 0.00000
1331.34811 0.000000 0.00000
1331.44175 0.000000 0.00000
1331.53538 0.000000 0.00000
1331.62902 0.000000 0.00000
1331.72266 0.000000 0.00000
1331.81630 0.000000 0.00000
1331.90994 0.000000 0.00000
1332.00357 0.000000 0.00000
1332.09721 0.000000 0.00000
1332.19085 0.000000 0.00000
1332.28449 0.000000 0.00000
1332.37813 0.000000 0.00000
1332.47176 0.000000 0.00000
1332.56540 0.000000 0.00000
1332.65904 0.000000 0.00000
1332.75268 0.000000 0.00000
1332.84632 0.000000 0.00000
1332.93995 0.000000 0.00000
1333.03359 0.000000 0.00000
1333.12723 0.000000 0.00000
1333.22087 0.000000 0.00000
1333.31451 0.000000 0.00000
1333.40814 0.000000 0.00000
1333.50178 0.000000 0.00000
1333.59542 0.000000 0.00000
1333.68906 0.000000 0.00000
1333.78270 0.000000 0.00000
1333.87633 0.000000 0.00000
1333.96997 0.000000 0.00000
1334.06361 0.000000 0.00000
1334.15725 0.000000 0.00000
1334.25089 0.000000 0.00000
1334.34452 0.000000 0.00000
1334.43816 0.000000 0.00000
1334.53180 0.000000 0.00000
1334.62544 0.000000 0.00000
1334.71908 0.000000 0.00000
1334.81271 0.000000 0.00000
1334.90635 0.000000 0.00000
1334.99999 0.000000 0.00000
1335.09363 0.000000 0.00000
1335.18727 0.000000 0.00000
1335.28090 0.000000 0.00000
1335.37454 0.000000 0.00000
1335.46818 0.000000 0.00000
1335.56182 0.000000 0.00000
1335.65546 0.000000 0.00000
1335.74910 0.000000 0.00000
1335.84273 0.000000 0.00000
1335.93637 0.000000 0.00000
1336.03001 0.000000 0.00000
1336.12365 0.000000 0.00000
1336.21729 -0.000000 0.00000
1336.31092 -0.000000 0.00000
1336.40456 -0.000000 0.00000
1336.49820 -0.000000 0.00000
1336.59184 -0.000000 0.00000
1336.68548 -0.000000 0.00000
1336.77911 -0.000000 0.00000
1336.87275 -0.000000 0.00000
1336.96639 -0.000000 0.00000
1337.06003 -0.000000 0.00000
1337.15367 -0.000000 0.00000
1337.24730 -0.000000 0.00000
1337.34094 -0.000000 0.00000
1337.43458 -0.000000 0.00000
1337.52822 -0.000000 0.00000
1337.62186 -0.000000 0.00000
1337.71549 -0.000000 0.00000
1337.80913 -0.000000 0.00000
1337.90277 -0.000000 0.00000
1337.99641 -0.000000 0.00000
1338.09005 -0.000000 0.00000
1338.18368 -0.000000 0.00000
1338.27732 -0.000000 0.00000
1338.37096 -0.000000 0.00000
1338.46460 -0.000000 0.00000
1338.55824 -0.000000 0.00000
1338.65187 -0.000000 0.00000
1338.74551 -0.000000 0.00000
1338.83915 -0.000000 0.00000
1338.93279 -0.000000 0.00000
1339.02643 -0.000000 0.00000
1339.12006 -0.000000 0.00000
1339.21370 -0.000000 0.00000
1339.30734 -0.000000 0.00000
1339.40098 -0.000000 0.00000
1339.49462 -0.000000 0.00000
1339.58825 -0.000000 0.00000
1339.68189 -0.000000 0.00000
1339.77553 -0.000000 0.00000
1339.86917 -0.000000 0.00000
1339.96281 -0.000000 0.00000
1340.05644 -0.000000 0.00000
1340.15008 -0.000000 0.00000
1340.24372 -0.000000 0.00000
1340.33736 -0.000000 0.00000
1340.43100 -0.000000 0.00000
1340.52463 -0.000000 0.00000
1340.61827 -0.000000 0.00000
1340.71191 -0.000000 0.00000
1340.80555 -0.000000 0.00000
1340.89919 -0.000000 0.00000
1340.99282 -0.000000 0.00000
1341.08646 -0.000000 0.00000
1341.18010 -0.000000 0.00000
1341.27374 -0.000000 0.00000
1341.36738 -0.000000 0.00000
1341.46101 -0.000000 0.00000
1341.55465 -0.000000 0.00000
1341.64829 -0.000000 0.00000
1341.74193 -0.000000 0.00000
1341.83557 -0.000000 0.00000
1341.92920 -0.000000 0.00000
1342.02284 -0.000000 0.00000
1342.11648 -0.000000 0.00000
1342.21012 -0.000000 0.00000
1342.30376 -0.000000 0.00000
1342.39739 -0.000000 0.00000
1342.49103 -0.000000 0.00000
1342.58467 -0.000000 0.00000
1342.67831 -0.000000 0.00000
1342.77195 -0.000000 0.00000
1342.86558 -0.000000 0.00000
1342.95922 -0.000000 0.00000
1343.05286 -0.000000 0.00000
1343.14650 -0.000000 0.00000
1343.24014 -0.000000 0.00000
1343.33377 -0.000000 0.00000
1343.42741 -0.000000 0.00000
1343.52105 -0.000000 0.00000
1343.61469 -0.000000 0.00000
1343.70833 -0.000000 0.00000
1343.80196 -0.000000 0.00000
1343.89560 -0.000000 0.00000
1343.98924 -0.000000 0.00000
1344.08288 -0.000000 0.00000
1344.17652 -0.000000 0.00000
1344.27015 -0.000000 0.00000
1344.36379 -0.000000 0.00000
1344.45743 -0.000000 0.00000
1344.55107 -0.000000 0.00000
1344.64471 -0.000000 0.00000
1344.73834 -0.000000 0.00000
1344.83198 -0.000000 0.00000
1344.92562 -0.000000 0.00000
1345.01926 -0.000000 0.00000
1345.11290 -0.000000 0.00000
1345.20653 -0.000000 0.00000
1345.30017 -0.000000 0.00000
1345.39381 -0.000000 0.00000
1345.48745 -0.000000 0.00000
1345.58109 -0.000000 0.00000
1345.67473 -0.000000 0.00000
1345.76836 -0.000000 0.00000
1345.86200 -0.000000 0.00000
1345.95564 -0.000000 0.00000
1346.04928 -0.000000 0.00000
1346.14292 -0.000000 0.00000
1346.23655 -0.000000 0.00000
1346.33019 -0.000000 0.00000
1346.42383 -0.000000 0.00000
1346.51747 -0.000000 0.00000
1346.61111 -0.000000 0.00000
1346.70474 -0.000000 0.00000
1346.79838 -0.000000 0.00000
1346.89202 -0.000000 0.00000
1346.98566 -0.000000 0.00000
1347.07930 -0.000000 0.00000
1347.17293 -0.000000 0.00000
1347.26657 -0.000000 0.00000
1347.36021 -0.000000 0.00000
1347.45385 -0.000000 0.00000
1347.54749 -0.000000 0.00000
1347.64112 -0.000000 0.00000
1347.73476 -0.000000 0.00000
1347.82840 -0.000000 0.00000
1347.92204 -0.000000 0.00000
1348.01568 -0.000000 0.00000
1348.10931 -0.000000 0.00000
1348.20295 -0.000000 0.00000
1348.29659 -0.000000 0.00000
1348.39023 -0.000000 0.00000
1348.48387 -0.000000 0.00000
1348.57750 -0.000000 0.00000
1348.67114 -0.000000 0.00000
1348.76478 -0.000000 0.00000
1348.85842 -0.000000 0.00000
1348.95206 -0.000000 0.00000
1349.04569 -0.000000 0.00000
1349.13933 -0.000000 0.00000
1349.23297 -0.000000 0.00000
1349.32661 -0.000000 0.00000
1349.42025 -0.000000 0.00000
1349.51388 -0.000000 0.00000
1349.60752 -0.000000 0.00000
1349.70116 -0.000000 0.00000
1349.79480 -0.000000 0.00000
1349.88844 -0.000000 0.00000
1349.98207 -0.000000 0.00000
1350.07571 -0.000000 0.00000
1350.16935 -0.000000 0.00000
1350.26299 -0.000000 0.00000
1350.35663 -0.000000 0.00000
1350.45026 -0.000000 0.00000
1350.54390 -0.000000 0.00000
1350.63754 -0.000000 0.00000
1350.73118 -0.000000 0.00000
1350.82482 -0.000000 0.00000
1350.91845 -0.000000 0.00000
1351.01209 -0.000000 0.00000
1351.10573 -0.000000 0.00000
1351.19937 -0.000000 0.00000
1351.29301 -0.000000 0.00000
1351.38664 -0.000000 0.00000
1351.48028 -0.000000 0.00000
1351.57392 -0.000000 0.00000
1351.66756 -0.000000 0.00000
1351.76120 -0.000000 0.00000
1351.85483 -0.000000 0.00000
1351.94847 -0.000000 0.00000
1352.04211 -0.000000 0.00000
1352.13575 -0.000000 0.00000
1352.22939 -0.000000 0.00000
1352.32302 -0.000000 0.00000
1352.41666 -0.000000 0.00000
1352.51030 -0.000000 0.00000
1352.60394 -0.000000 0.00000
1352.69758 -0.000000 0.00000
1352.79121 -0.000000 0.00000
1352.88485 -0.000000 0.00000
1352.97849 -0.000000 0.00000
1353.07213 -0.000000 0.00000
1353.16577 -0.000000 0.00000
1353.25940 -0.000000 0.00000
1353.35304 -0.000000 0.00000
1353.44668 -0.000000 0.00000
1353.54032 -0.000000 0.00000
1353.63396 -0.000000 0.00000
1353.72759 -0.000000 0.00000
1353.82123 -0.000000 0.00000
1353.91487 -0.000000 0.00000
1354.00851 -0.000000 0.00000
1354.10215 -0.000000 0.00000
1354.19578 -0.000000 0.00000
1354.28942 -0.000000 0.00000
1354.38306 -0.000000 0.00000
1354.47670 -0.000000 0.00000
1354.57034 -0.000000 0.00000
1354.66397 -0.000000 0.00000
1354.75761 -0.000000 0.00000
1354.85125 -0.000000 0.00000
1354.94489 -0.000000 0.00000
1355.03853 -0.000000 0.00000
1355.13216 -0.000000 0.00000
1355.22580 -0.000000 0.00000
1355.31944 -0.000000 0.00000
1355.41308 -0.000000 0.00000
1355.50672 -0.000000 0.00000
1355.60036 -0.000000 0.00000
1355.69399 -0.000000 0.00000
1355.78763 -0.000000 0.00000
1355.88127 -0.000000 0.00000
1355.97491 -0.000000 0.00000
1356.06855 -0.000000 0.00000
1356.16218 -0.000000 0.00000
1356.25582 -0.000000 0.00000
1356.34946 -0.000000 0.00000
1356.44310 -0.000000 0.00000
1356.53674 -0.000000 0.00000
1356.63037 -0.000000 0.00000
1356.72401 -0.000000 0.00000
1356.81765 -0.000000 0.00000
1356.91129 -0.000000 0.00000
1357.00493 -0.000000 0.00000
1357.09856 -0.000000 0.00000
1357.19220 -0.000000 0.00000
1357.28584 -0.000000 0.00000
1357.37948 -0.000000 0.00000
1357.47312 -0.000000 0.00000
1357.56675 -0.000000 0.00000
1357.66039 -0.000000 0.00000
1357.75403 -0.000000 0.00000
1357.84767 -0.000000 0.00000
1357.94131 -0.000000 0.00000
1358.03494 -0.000000 0.00000
1358.12858 -0.000000 0.00000
1358.22222 -0.000000 0.00000
1358.31586 -0.000000 0.00000
1358.40950 -0.000000 0.00000
1358.50313 -0.000000 0.00000
1358.59677 -0.000000 0.00000
1358.69041 -0.000000 0.00000
1358.78405 -0.000000 0.00000
1358.87769 -0.000000 0.00000
1358.97132 -0.000000 0.00000
1359.06496 -0.000000 0.00000
1359.15860 -0.000000 0.00000
1359.25224 -0.000000 0.00000
1359.34588 -0.000000 0.00000
1359.43951 -0.000000 0.00000
1359.53315 -0.000000 0.00000
1359.62679 -0.000000 0.00000
1359.72043 -0.000000 0.00000
1359.81407 -0.000000 0.00000
1359.90770 -0.000000 0.00000
1360.00134 -0.000000 0.00000
1360.09498 -0.000000 0.00000
1360.18862 -0.000000 0.00000
1360.28226 -0.000000 0.00000
1360.37589 -0.000000 0.00000
1360.46953 -0.000000 0.00000
1360.56317 -0.000000 0.00000
1360.65681 -0.000000 0.00000
1360.75045 -0.000000 0.00000
1360.84408 -0.000000 0.00000
1360.93772 -0.000000 0.00000
1361.03136 -0.000000 0.00000
1361.12500 -0.000000 0.00000
1361.21864 -0.000000 0.00000
1361.31227 -0.000000 0.00000
1361.40591 -0.000000 0.00000
1361.49955 -0.000000 0.00000
1361.59319 -0.000000 0.00000
1361.68683 -0.000000 0.00000
1361.78046 -0.000000 0.00000
1361.87410 -0.000000 0.00000
1361.96774 -0.000000 0.00000
1362.06138 -0.000000 0.00000
1362.15502 -0.000000 0.00000
1362.24865 -0.000000 0.00000
1362.34229 -0.000000 0.00000
1362.43593 -0.000000 0.00000
1362.52957 -0.000000 0.00000
1362.62321 -0.000000 0.00000
1362.71684 -0.000000 0.00000
1362.81048 -0.000000 0.00000
1362.90412 -0.000000 0.00000
1362.99776 -0.000000 0.00000
1363.09140 -0.000000 0.00000
1363.18503 -0.000000 0.00000
1363.27867 -0.000000 0.00000
1363.37231 -0.000000 0.00000
1363.46595 -0.000000 0.00000
1363.55959 -0.000000 0.00000
1363.65322 -0.000000 0.00000
1363.74686 -0.000000 0.00000
1363.84050 -0.000000 0.00000
1363.93414 -0.000000 0.00000
1364.02778 -0.000000 0.00000
1364.12141 -0.000000 0.00000
1364.21505 -0.000000 0.00000
1364.30869 -0.000000 0.00000
1364.40233 -0.000000 0.00000
1364.49597 -0.000000 0.00000
1364.58960 -0.000000 0.00000
1364.68324 -0.000000 0.00000
1364.77688 -0.000000 0.00000
1364.87052 -0.000000 0.00000
1364.96416 -0.000000 0.00000
1365.05779 -0.000000 0.00000
1365.15143 -0.000000 0.00000
1365.24507 -0.000000 0.00000
1365.33871 -0.000000 0.00000
1365.43235 -0.000000 0.00000
1365.52599 -0.000000 0.00000
1365.61962 -0.000000 0.00000
1365.71326 0.000000 0.00000
1365.80690 0.000000 0.00000
1365.90054 0.000000 0.00000
1365.99418 0.000000 0.00000
1366.08781 0.000000 0.00000
1366.18145 0.000000 0.00000
1366.27509 0.000000 0.00000
1366.36873 0.000000 0.00000
1366.46237 0.000000 0.00000
1366.55600 0.000000 0.00000
1366.64964 0.000000 0.00000
1366.74328 0.000000 0.00000
1366.83692 0.000000 0.00000
1366.93056 0.000000 0.00000
1367.02419 0.000000 0.00000
1367.11783 0.000000 0.00000
1367.21147 0.000000 0.00000
1367.30511 0.000000 0.00000
1367.39875 0.000000 0.00000
1367.49238 0.000000 0.00000
1367.58602 0.000000 0.00000
1367.67966 0.000000 0.00000
1367.77330 0.000000 0.00000
1367.86694 0.000000 0.00000
1367.96057 0.000000 0.00000
1368.05421 0.000000 0.00000
1368.14785 0.000000 0.00000
1368.24149 0.000000 0.00000
1368.33513 0.000000 0.00000
1368.42876 0.000000 0.00000
1368.52240 0.000000 0.00000
1368.61604 0.000000 0.00000
1368.70968 0.000000 0.00000
1368.80332 0.000000 0.00000
1368.89695 0.000000 0.00000
1368.99059 0.000000 0.00000
1369.08423 0.000000 0.00000
1369.17787 0.000000 0.00000
1369.27151 0.000000 -0.00000
1369.36514 0.000000 -0.00000
1369.45878 0.000000 -0.00000
1369.55242 0.000000 -0.00000
1369.64606 0.000000 -0.00000
1369.73970 0.000000 -0.00000
1369.83333 0.000000 -0.00000
1369.92697 0.000000 -0.00000
1370.02061 0.000000 -0.00000
1370.11425 0.000000 -0.00000
1370.20789 0.000000 -0.00000
1370.30152 0.000000 -0.00000
1370.39516 0.000000 -0.00000
1370.48880 0.000000 -0.00000
1370.58244 0.000000 -0.00000
1370.67608 0.000000 -0.00000
1370.76971 0.000000 -0.00000
1370.86335 0.000000 -0.00000
1370.95699 0.000000 -0.00000
1371.05063 0.000000 -0.00000
1371.14427 0.000000 -0.00000
1371.23790 0.000000 -0.00000
1371.33154 0.000000 -0.00000
1371.42518 0.000000 -0.00000
1371.51882 0.000000 -0.00000
1371.61246 0.000000 -0.00000
1371.70609 0.000000 -0.00000
1371.79973 0.000000 -0.00000
1371.89337 0.000000 -0.00000
1371.98701 0.000000 -0.00000
1372.08065 0.000000 -0.00000
1372.17428 0.000000 -0.00000
1372.26792 0.000000 -0.00000
1372.36156 0.000000 -0.00000
1372.45520 0.000000 -0.00000
1372.54884 0.000000 -0.00000
