0.00000 0.000000 -0.00000
0.09280 0.000000 -0.00000
0.18561 0.000000 -0.00000
0.27841 0.000034 -0.00000
0.37121 0.000294 -0.00006
0.46401 0.000554 -0.00016
0.55681 0.000764 -0.00029
0.64961 0.000925 -0.00047
0.74242 0.001041 -0.00067
0.83522 0.001111 -0.00091
0.92802 0.001139 -0.00116
1.02082 0.001125 -0.00144
1.11362 0.001071 -0.00174
1.20642 0.000978 -0.00206
1.29923 0.000849 -0.00238
1.39203 0.000685 -0.00272
1.48483 0.000486 -0.00306
1.57763 0.000255 -0.00341
1.67043 -0.000008 -0.00376
1.76323 -0.000302 -0.00410
1.85604 -0.000624 -0.00445
1.94884 -0.000975 -0.00478
2.04164 -0.001353 -0.00511
2.13444 -0.001757 -0.00543
2.22724 -0.002186 -0.00573
2.32004 -0.002639 -0.00602
2.41285 -0.003116 -0.00629
2.50565 -0.003616 -0.00655
2.59845 -0.004137 -0.00678
2.69125 -0.004679 -0.00699
2.78405 -0.005242 -0.00717
2.87685 -0.005825 -0.00734
2.96966 -0.006427 -0.00747
3.06246 -0.007048 -0.00758
3.15526 -0.007687 -0.00766
3.24806 -0.008343 -0.00770
3.34086 -0.009017 -0.00772
3.43366 -0.009707 -0.00771
3.52647 -0.010414 -0.00766
3.61927 -0.011137 -0.00758
3.71207 -0.011876 -0.00747
3.80487 -0.012630 -0.00732
3.89767 -0.013399 -0.00714
3.99047 -0.014183 -0.00692
4.08327 -0.014981 -0.00667
4.17608 -0.015794 -0.00639
4.26888 -0.016622 -0.00607
4.36168 -0.017463 -0.00572
4.45448 -0.018318 -0.00534
4.54728 -0.019187 -0.00493
4.64008 -0.020069 -0.00448
4.73289 -0.020965 -0.00400
4.82569 -0.021874 -0.00349
4.91849 -0.022796 -0.00296
5.01129 -0.023732 -0.00239
5.10409 -0.024680 -0.00180
5.19689 -0.025641 -0.00118
5.28970 -0.026615 -0.00054
5.38250 -0.027601 0.00012
5.47530 -0.028600 0.00080
5.56810 -0.029610 0.00150
5.66090 -0.030633 0.00222
5.75370 -0.031668 0.00295
5.84651 -0.032714 0.00369
5.93931 -0.033772 0.00445
6.03211 -0.034841 0.00521
6.12491 -0.035920 0.00598
6.21771 -0.037010 0.00675
6.31051 -0.038111 0.00752
6.40332 -0.039221 0.00829
6.49612 -0.040341 0.00906
6.58892 -0.041470 0.00981
6.68172 -0.042607 0.01056
6.77452 -0.043752 0.01129
6.86732 -0.044904 0.01201
6.96013 -0.046063 0.01270
7.05293 -0.047228 0.01338
7.14573 -0.048399 0.01402
7.23853 -0.049574 0.01464
7.33133 -0.050752 0.01522
7.42413 -0.051933 0.01576
7.51694 -0.053116 0.01627
7.60974 -0.054299 0.01673
7.70254 -0.055482 0.01715
7.79534 -0.056663 0.01751
7.88814 -0.057841 0.01782
7.98094 -0.059015 0.01808
8.07375 -0.060183 0.01827
8.16655 -0.061344 0.01840
8.25935 -0.062495 0.01845
8.35215 -0.063637 0.01844
8.44495 -0.064765 0.01835
8.53775 -0.065880 0.01819
8.63056 -0.066978 0.01794
8.72336 -0.068058 0.01761
8.81616 -0.069118 0.01718
8.90896 -0.070155 0.01667
9.00176 -0.071167 0.01606
9.09456 -0.072152 0.01535
9.18737 -0.073108 0.01455
9.28017 -0.074030 0.01363
9.37297 -0.074918 0.01262
9.46577 -0.075768 0.01149
9.55857 -0.076577 0.01025
9.65137 -0.077342 0.00890
9.74418 -0.078061 0.00743
9.83698 -0.078730 0.00584
9.92978 -0.079345 0.00413
10.02258 -0.079904 0.00231
10.11538 -0.080404 0.00036
10.20818 -0.080840 -0.00172
10.30099 -0.081209 -0.00392
10.39379 -0.081508 -0.00625
10.48659 -0.081733 -0.00870
10.57939 -0.081880 -0.01128
10.67219 -0.081945 -0.01399
10.76499 -0.081925 -0.01683
10.85779 -0.081816 -0.01979
10.95060 -0.081613 -0.02288
11.04340 -0.081313 -0.02610
11.13620 -0.080912 -0.02943
11.22900 -0.080406 -0.03290
11.32180 -0.079791 -0.03648
11.41460 -0.079062 -0.04018
11.50741 -0.078216 -0.04400
11.60021 -0.077249 -0.04793
11.69301 -0.076156 -0.05197
11.78581 -0.074935 -0.05612
11.87861 -0.073581 -0.06037
11.97141 -0.072090 -0.06473
12.06422 -0.070458 -0.06917
12.15702 -0.068682 -0.07371
12.24982 -0.066759 -0.07834
12.34262 -0.064684 -0.08304
12.43542 -0.062454 -0.08782
12.52822 -0.060067 -0.09267
12.62103 -0.057518 -0.09758
12.71383 -0.054806 -0.10255
12.80663 -0.051927 -0.10756
12.89943 -0.048879 -0.11262
12.99223 -0.045659 -0.11771
13.08503 -0.042265 -0.12282
13.17784 -0.038695 -0.12796
13.27064 -0.034948 -0.13310
13.36344 -0.031021 -0.13825
13.45624 -0.026915 -0.14338
13.54904 -0.022626 -0.14850
13.64184 -0.018156 -0.15359
13.73465 -0.013502 -0.15865
13.82745 -0.008667 -0.16365
13.92025 -0.003649 -0.16861
14.01305 0.001551 -0.17349
14.10585 0.006932 -0.17830
14.19865 0.012493 -0.18301
14.29146 0.018232 -0.18763
14.38426 0.024147 -0.19214
14.47706 0.030236 -0.19653
14.56986 0.036497 -0.20079
14.66266 0.042925 -0.20490
14.75546 0.049518 -0.20886
14.84827 0.056272 -0.21266
14.94107 0.063182 -0.21628
15.03387 0.070244 -0.21971
15.12667 0.077452 -0.22294
15.21947 0.084801 -0.22597
15.31227 0.092285 -0.22878
15.40508 0.099899 -0.23136
15.49788 0.107634 -0.23369
15.59068 0.115483 -0.23578
15.68348 0.123440 -0.23761
15.77628 0.131496 -0.23916
15.86908 0.139643 -0.24044
15.96189 0.147872 -0.24143
16.05469 0.156174 -0.24212
16.14749 0.164538 -0.24251
16.24029 0.172957 -0.24258
16.33309 0.181418 -0.24233
16.42589 0.189913 -0.24176
16.51870 0.198430 -0.24084
16.61150 0.206957 -0.23959
16.70430 0.215483 -0.23799
16.79710 0.223997 -0.23604
16.88990 0.232487 -0.23373
16.98270 0.240940 -0.23105
17.07551 0.249345 -0.22802
17.16831 0.257687 -0.22461
17.26111 0.265955 -0.22083
17.35391 0.274136 -0.21669
17.44671 0.282216 -0.21216
17.53951 0.290184 -0.20727
17.63231 0.298024 -0.20199
17.72512 0.305726 -0.19635
17.81792 0.313274 -0.19033
17.91072 0.320655 -0.18394
18.00352 0.327857 -0.17719
18.09632 0.334866 -0.17007
18.18912 0.341670 -0.16259
18.28193 0.348255 -0.15475
18.37473 0.354609 -0.14657
18.46753 0.360718 -0.13804
18.56033 0.366570 -0.12918
18.65313 0.372154 -0.11998
18.74593 0.377457 -0.11046
18.83874 0.382468 -0.10063
18.93154 0.387174 -0.09050
19.02434 0.391565 -0.08007
19.11714 0.395631 -0.06936
19.20994 0.399361 -0.05838
19.30274 0.402745 -0.04714
19.39555 0.405774 -0.03565
19.48835 0.408438 -0.02392
19.58115 0.410729 -0.01197
19.67395 0.412639 0.00018
19.76675 0.414160 0.01253
19.85955 0.415285 0.02506
19.95236 0.416009 0.03775
20.04516 0.416324 0.05059
20.13796 0.416225 0.06356
20.23076 0.415709 0.07665
20.32356 0.414770 0.08984
20.41636 0.413405 0.10310
20.50917 0.411611 0.11644
20.60197 0.409386 0.12982
20.69477 0.406729 0.14324
20.78757 0.403639 0.15666
20.88037 0.400114 0.17008
20.97317 0.396157 0.18348
21.06598 0.391767 0.19684
21.15878 0.386946 0.21014
21.25158 0.381698 0.22336
21.34438 0.376025 0.23649
21.43718 0.369930 0.24950
21.52998 0.363419 0.26239
21.62279 0.356495 0.27512
21.71559 0.349166 0.28769
21.80839 0.341438 0.30008
21.90119 0.333317 0.31227
21.99399 0.324811 0.32423
22.08679 0.315929 0.33597
22.17960 0.306678 0.34746
22.27240 0.297069 0.35868
22.36520 0.287112 0.36962
22.45800 0.276818 0.38026
22.55080 0.266196 0.39060
22.64360 0.255260 0.40061
22.73641 0.244019 0.41028
22.82921 0.232489 0.41959
22.92201 0.220682 0.42855
23.01481 0.208611 0.43712
23.10761 0.196289 0.44531
23.20041 0.183732 0.45310
23.29322 0.170952 0.46048
23.38602 0.157968 0.46744
23.47882 0.144792 0.47397
23.57162 0.131441 0.48006
23.66442 0.117930 0.48571
23.75722 0.104276 0.49091
23.85003 0.090492 0.49565
23.94283 0.076599 0.49992
24.03563 0.062612 0.50372
24.12843 0.048547 0.50705
24.22123 0.034420 0.50990
24.31403 0.020250 0.51227
24.40684 0.006050 0.51415
24.49964 -0.008158 0.51555
24.59244 -0.022361 0.51647
24.68524 -0.036540 0.51690
24.77804 -0.050679 0.51684
24.87084 -0.064763 0.51630
24.96364 -0.078773 0.51528
25.05645 -0.092696 0.51378
25.14925 -0.106512 0.51180
25.24205 -0.120207 0.50935
25.33485 -0.133765 0.50643
25.42765 -0.147170 0.50305
25.52045 -0.160409 0.49922
25.61326 -0.173466 0.49493
25.70606 -0.186325 0.49020
25.79886 -0.198974 0.48504
25.89166 -0.211398 0.47945
25.98446 -0.223583 0.47344
26.07726 -0.235518 0.46703
26.17007 -0.247191 0.46021
26.26287 -0.258586 0.45301
26.35567 -0.269694 0.44544
26.44847 -0.280503 0.43749
26.54127 -0.291004 0.42920
26.63407 -0.301185 0.42056
26.72688 -0.311038 0.41159
26.81968 -0.320552 0.40231
26.91248 -0.329719 0.39273
27.00528 -0.338531 0.38285
27.09808 -0.346982 0.37271
27.19088 -0.355063 0.36230
27.28369 -0.362770 0.35164
27.37649 -0.370094 0.34076
27.46929 -0.377033 0.32966
27.56209 -0.383580 0.31836
27.65489 -0.389733 0.30687
27.74769 -0.395488 0.29522
27.84050 -0.400841 0.28340
27.93330 -0.405792 0.27145
28.02610 -0.410337 0.25938
28.11890 -0.414476 0.24719
28.21170 -0.418209 0.23492
28.30450 -0.421536 0.22256
28.39731 -0.424457 0.21015
28.49011 -0.426974 0.19769
28.58291 -0.429088 0.18519
28.67571 -0.430802 0.17268
28.76851 -0.432119 0.16018
28.86131 -0.433042 0.14768
28.95412 -0.433575 0.13521
29.04692 -0.433722 0.12279
29.13972 -0.433489 0.11043
29.23252 -0.432881 0.09813
29.32532 -0.431904 0.08592
29.41812 -0.430564 0.07381
29.51093 -0.428867 0.06181
29.60373 -0.426822 0.04994
29.69653 -0.424436 0.03820
29.78933 -0.421716 0.02662
29.88213 -0.418671 0.01519
29.97493 -0.415311 0.00394
30.06774 -0.411642 -0.00714
30.16054 -0.407677 -0.01801
30.25334 -0.403423 -0.02869
30.34614 -0.398892 -0.03915
30.43894 -0.394093 -0.04938
30.53174 -0.389036 -0.05939
30.62455 -0.383733 -0.06915
30.71735 -0.378194 -0.07867
30.81015 -0.372431 -0.08793
30.90295 -0.366454 -0.09693
30.99575 -0.360276 -0.10566
31.08855 -0.353908 -0.11412
31.18136 -0.347360 -0.12229
31.27416 -0.340646 -0.13018
31.36696 -0.333777 -0.13778
31.45976 -0.326764 -0.14508
31.55256 -0.319621 -0.15209
31.64536 -0.312358 -0.15880
31.73816 -0.304988 -0.16520
31.83097 -0.297521 -0.17130
31.92377 -0.289971 -0.17709
32.01657 -0.282350 -0.18257
32.10937 -0.274668 -0.18774
32.20217 -0.266937 -0.19260
32.29497 -0.259169 -0.19715
32.38778 -0.251375 -0.20140
32.48058 -0.243567 -0.20534
32.57338 -0.235755 -0.20897
32.66618 -0.227950 -0.21230
32.75898 -0.220164 -0.21532
32.85178 -0.212406 -0.21805
32.94459 -0.204686 -0.22048
33.03739 -0.197016 -0.22262
33.13019 -0.189405 -0.22447
33.22299 -0.181861 -0.22604
33.31579 -0.174395 -0.22733
33.40859 -0.167016 -0.22834
33.50140 -0.159731 -0.22909
33.59420 -0.152550 -0.22957
33.68700 -0.145482 -0.22980
33.77980 -0.138532 -0.22977
33.87260 -0.131710 -0.22950
33.96540 -0.125022 -0.22899
34.05821 -0.118474 -0.22825
34.15101 -0.112075 -0.22729
34.24381 -0.105829 -0.22611
34.33661 -0.099743 -0.22472
34.42941 -0.093822 -0.22314
34.52221 -0.088070 -0.22136
34.61502 -0.082493 -0.21939
34.70782 -0.077096 -0.21725
34.80062 -0.071882 -0.21494
34.89342 -0.066854 -0.21247
34.98622 -0.062017 -0.20985
35.07902 -0.057373 -0.20709
35.17183 -0.052923 -0.20419
35.26463 -0.048672 -0.20117
35.35743 -0.044621 -0.19803
35.45023 -0.040771 -0.19479
35.54303 -0.037123 -0.19145
35.63583 -0.033678 -0.18802
35.72864 -0.030437 -0.18451
35.82144 -0.027399 -0.18092
35.91424 -0.024565 -0.17728
36.00704 -0.021934 -0.17358
36.09984 -0.019504 -0.16983
36.19264 -0.017276 -0.16605
36.28545 -0.015246 -0.16224
36.37825 -0.013414 -0.15841
36.47105 -0.011778 -0.15457
36.56385 -0.010334 -0.15072
36.65665 -0.009081 -0.14688
36.74945 -0.008015 -0.14304
36.84226 -0.007134 -0.13923
36.93506 -0.006433 -0.13545
37.02786 -0.005909 -0.13170
37.12066 -0.005558 -0.12799
37.21346 -0.005376 -0.12433
37.30626 -0.005359 -0.12072
37.39907 -0.005501 -0.11718
37.49187 -0.005799 -0.11370
37.58467 -0.006247 -0.11030
37.67747 -0.006840 -0.10697
37.77027 -0.007573 -0.10373
37.86307 -0.008440 -0.10059
37.95588 -0.009436 -0.09753
38.04868 -0.010555 -0.09458
38.14148 -0.011791 -0.09174
38.23428 -0.013139 -0.08900
38.32708 -0.014591 -0.08638
38.41988 -0.016143 -0.08387
38.51268 -0.017788 -0.08149
38.60549 -0.019519 -0.07923
38.69829 -0.021330 -0.07710
38.79109 -0.023215 -0.07510
38.88389 -0.025167 -0.07323
38.97669 -0.027181 -0.07149
39.06949 -0.029249 -0.06990
39.16230 -0.031365 -0.06844
39.25510 -0.033523 -0.06712
39.34790 -0.035716 -0.06595
39.44070 -0.037937 -0.06491
39.53350 -0.040182 -0.06402
39.62630 -0.042442 -0.06328
39.71911 -0.044712 -0.06267
39.81191 -0.046986 -0.06222
39.90471 -0.049257 -0.06190
39.99751 -0.051519 -0.06173
40.09031 -0.053767 -0.06170
40.18311 -0.055995 -0.06181
40.27592 -0.058197 -0.06206
40.36872 -0.060366 -0.06245
40.46152 -0.062498 -0.06298
40.55432 -0.064588 -0.06364
40.64712 -0.066629 -0.06444
40.73992 -0.068617 -0.06536
40.83273 -0.070547 -0.06642
40.92553 -0.072413 -0.06760
41.01833 -0.074212 -0.06890
41.11113 -0.075938 -0.07032
41.20393 -0.077587 -0.07186
41.29673 -0.079156 -0.07352
41.38954 -0.080639 -0.07528
41.48234 -0.082034 -0.07715
41.57514 -0.083335 -0.07912
41.66794 -0.084541 -0.08119
41.76074 -0.085647 -0.08335
41.85354 -0.086650 -0.08561
41.94635 -0.087548 -0.08795
42.03915 -0.088338 -0.09038
42.13195 -0.089016 -0.09288
42.22475 -0.089582 -0.09545
42.31755 -0.090031 -0.09810
42.41035 -0.090364 -0.10080
42.50316 -0.090577 -0.10357
42.59596 -0.090669 -0.10639
42.68876 -0.090639 -0.10926
42.78156 -0.090485 -0.11218
42.87436 -0.090207 -0.11513
42.96716 -0.089803 -0.11813
43.05997 -0.089274 -0.12115
43.15277 -0.088618 -0.12419
43.24557 -0.087835 -0.12726
43.33837 -0.086926 -0.13034
43.43117 -0.085890 -0.13344
43.52397 -0.084727 -0.13654
43.61678 -0.083439 -0.13964
43.70958 -0.082026 -0.14274
43.80238 -0.080488 -0.14583
43.89518 -0.078827 -0.14890
43.98798 -0.077044 -0.15196
44.08078 -0.075140 -0.15499
44.17359 -0.073116 -0.15800
44.26639 -0.070975 -0.16098
44.35919 -0.068718 -0.16392
44.45199 -0.066347 -0.16682
44.54479 -0.063864 -0.16967
44.63759 -0.061271 -0.17248
44.73040 -0.058570 -0.17524
44.82320 -0.055765 -0.17793
44.91600 -0.052858 -0.18057
45.00880 -0.049850 -0.18314
45.10160 -0.046747 -0.18565
45.19440 -0.043549 -0.18808
45.28720 -0.040260 -0.19044
45.38001 -0.036884 -0.19272
45.47281 -0.033423 -0.19492
45.56561 -0.029882 -0.19704
45.65841 -0.026262 -0.19906
45.75121 -0.022568 -0.20100
45.84401 -0.018804 -0.20285
45.93682 -0.014972 -0.20460
46.02962 -0.011076 -0.20625
46.12242 -0.007121 -0.20780
46.21522 -0.003110 -0.20926
46.30802 0.000953 -0.21060
46.40082 0.005065 -0.21185
46.49363 0.009222 -0.21298
46.58643 0.013419 -0.21401
46.67923 0.017653 -0.21492
46.77203 0.021919 -0.21573
46.86483 0.026215 -0.21642
46.95763 0.030535 -0.21700
47.05044 0.034878 -0.21746
47.14324 0.039236 -0.21781
47.23604 0.043608 -0.21805
47.32884 0.047990 -0.21817
47.42164 0.052377 -0.21817
47.51444 0.056765 -0.21806
47.60725 0.061152 -0.21783
47.70005 0.065532 -0.21748
47.79285 0.069903 -0.21702
47.88565 0.074260 -0.21644
47.97845 0.078600 -0.21575
48.07125 0.082919 -0.21495
48.16406 0.087215 -0.21403
48.25686 0.091482 -0.21300
48.34966 0.095719 -0.21186
48.44246 0.099921 -0.21061
48.53526 0.104085 -0.20924
48.62806 0.108208 -0.20778
48.72087 0.112288 -0.20620
48.81367 0.116320 -0.20452
48.90647 0.120301 -0.20274
48.99927 0.124230 -0.20086
49.09207 0.128104 -0.19888
49.18487 0.131918 -0.19680
49.27768 0.135672 -0.19462
49.37048 0.139362 -0.19236
49.46328 0.142986 -0.19000
49.55608 0.146542 -0.18755
49.64888 0.150027 -0.18502
49.74168 0.153439 -0.18240
49.83449 0.156777 -0.17970
49.92729 0.160038 -0.17692
50.02009 0.163220 -0.17407
50.11289 0.166323 -0.17114
50.20569 0.169343 -0.16814
50.29849 0.172280 -0.16508
50.39130 0.175133 -0.16194
50.48410 0.177900 -0.15874
50.57690 0.180579 -0.15549
50.66970 0.183170 -0.15217
50.76250 0.185672 -0.14881
50.85530 0.188084 -0.14539
50.94811 0.190405 -0.14192
51.04091 0.192635 -0.13840
51.13371 0.194773 -0.13484
51.22651 0.196818 -0.13124
51.31931 0.198770 -0.12761
51.41211 0.200629 -0.12394
51.50492 0.202395 -0.12024
51.59772 0.204068 -0.11650
51.69052 0.205647 -0.11275
51.78332 0.207134 -0.10897
51.87612 0.208527 -0.10517
51.96892 0.209828 -0.10135
52.06172 0.211037 -0.09752
52.15453 0.212154 -0.09367
52.24733 0.213180 -0.08982
52.34013 0.214116 -0.08596
52.43293 0.214962 -0.08210
52.52573 0.215719 -0.07823
52.61853 0.216389 -0.07436
52.71134 0.216971 -0.07050
52.80414 0.217468 -0.06665
52.89694 0.217879 -0.06280
52.98974 0.218207 -0.05896
53.08254 0.218453 -0.05514
53.17534 0.218618 -0.05133
53.26815 0.218702 -0.04753
53.36095 0.218709 -0.04376
53.45375 0.218639 -0.04001
53.54655 0.218493 -0.03628
53.63935 0.218273 -0.03257
53.73215 0.217982 -0.02889
53.82496 0.217619 -0.02524
53.91776 0.217188 -0.02162
54.01056 0.216689 -0.01803
54.10336 0.216125 -0.01448
54.19616 0.215497 -0.01096
54.28896 0.214808 -0.00747
54.38177 0.214058 -0.00402
54.47457 0.213249 -0.00061
54.56737 0.212384 0.00275
54.66017 0.211465 0.00608
54.75297 0.210493 0.00937
54.84577 0.209470 0.01261
54.93858 0.208398 0.01581
55.03138 0.207278 0.01897
55.12418 0.206114 0.02208
55.21698 0.204906 0.02514
55.30978 0.203656 0.02816
55.40258 0.202367 0.03113
55.49539 0.201040 0.03406
55.58819 0.199676 0.03693
55.68099 0.198279 0.03976
55.77379 0.196849 0.04254
55.86659 0.195389 0.04527
55.95939 0.193900 0.04795
56.05220 0.192383 0.05059
56.14500 0.190841 0.05317
56.23780 0.189276 0.05571
56.33060 0.187688 0.05819
56.42340 0.186080 0.06063
56.51620 0.184453 0.06302
56.60901 0.182808 0.06536
56.70181 0.181148 0.06766
56.79461 0.179473 0.06991
56.88741 0.177785 0.07211
56.98021 0.176086 0.07426
57.07301 0.174376 0.07637
57.16582 0.172658 0.07843
57.25862 0.170932 0.08045
57.35142 0.169199 0.08242
57.44422 0.167461 0.08435
57.53702 0.165719 0.08624
57.62982 0.163974 0.08808
57.72263 0.162227 0.08988
57.81543 0.160479 0.09165
57.90823 0.158730 0.09337
58.00103 0.156983 0.09505
58.09383 0.155237 0.09670
58.18663 0.153493 0.09831
58.27944 0.151752 0.09988
58.37224 0.150015 0.10141
58.46504 0.148283 0.10291
58.55784 0.146555 0.10438
58.65064 0.144834 0.10581
58.74344 0.143118 0.10722
58.83624 0.141408 0.10859
58.92905 0.139706 0.10993
59.02185 0.138011 0.11124
59.11465 0.136323 0.11252
59.20745 0.134643 0.11378
59.30025 0.132971 0.11501
59.39305 0.131307 0.11621
59.48586 0.129651 0.11739
59.57866 0.128004 0.11855
59.67146 0.126365 0.11968
59.76426 0.124734 0.12079
59.85706 0.123112 0.12188
59.94986 0.121498 0.12295
60.04267 0.119892 0.12400
60.13547 0.118294 0.12504
60.22827 0.116704 0.12605
60.32107 0.115121 0.12705
60.41387 0.113546 0.12803
60.50667 0.111978 0.12900
60.59948 0.110416 0.12995
60.69228 0.108861 0.13088
60.78508 0.107312 0.13181
60.87788 0.105768 0.13272
60.97068 0.104229 0.13362
61.06348 0.102695 0.13450
61.15629 0.101166 0.13538
61.24909 0.099640 0.13625
61.34189 0.098117 0.13710
61.43469 0.096597 0.13795
61.52749 0.095079 0.13878
61.62029 0.093563 0.13961
61.71310 0.092048 0.14043
61.80590 0.090534 0.14124
61.89870 0.089019 0.14204
61.99150 0.087504 0.14284
62.08430 0.085987 0.14363
62.17710 0.084469 0.14441
62.26991 0.082948 0.14518
62.36271 0.081424 0.14595
62.45551 0.079896 0.14671
62.54831 0.078364 0.14747
62.64111 0.076828 0.14822
62.73391 0.075286 0.14896
62.82672 0.073737 0.14969
62.91952 0.072182 0.15042
63.01232 0.070620 0.15114
63.10512 0.069050 0.15186
63.19792 0.067472 0.15257
63.29072 0.065885 0.15327
63.38353 0.064288 0.15396
63.47633 0.062681 0.15465
63.56913 0.061064 0.15533
63.66193 0.059436 0.15600
63.75473 0.057797 0.15666
63.84753 0.056146 0.15731
63.94034 0.054482 0.15796
64.03314 0.052806 0.15860
64.12594 0.051116 0.15922
64.21874 0.049413 0.15984
64.31154 0.047696 0.16044
64.40434 0.045965 0.16104
64.49715 0.044219 0.16162
64.58995 0.042459 0.16219
64.68275 0.040684 0.16275
64.77555 0.038893 0.16330
64.86835 0.037087 0.16383
64.96115 0.035265 0.16435
65.05396 0.033427 0.16485
65.14676 0.031573 0.16534
65.23956 0.029703 0.16581
65.33236 0.027817 0.16627
65.42516 0.025915 0.16671
65.51796 0.023996 0.16713
65.61076 0.022062 0.16754
65.70357 0.020111 0.16792
65.79637 0.018144 0.16829
65.88917 0.016161 0.16864
65.98197 0.014162 0.16896
66.07477 0.012147 0.16927
66.16757 0.010116 0.16955
66.26038 0.008070 0.16981
66.35318 0.006009 0.17005
66.44598 0.003933 0.17027
66.53878 0.001843 0.17046
66.63158 -0.000262 0.17062
66.72438 -0.002381 0.17076
66.81719 -0.004514 0.17088
66.90999 -0.006660 0.17097
67.00279 -0.008819 0.17103
67.09559 -0.010991 0.17106
67.18839 -0.013174 0.17106
67.28119 -0.015369 0.17104
67.37400 -0.017575 0.17099
67.46680 -0.019791 0.17090
67.55960 -0.022017 0.17079
67.65240 -0.024253 0.17065
67.74520 -0.026498 0.17047
67.83800 -0.028750 0.17026
67.93081 -0.031011 0.17003
68.02361 -0.033278 0.16975
68.11641 -0.035551 0.16945
68.20921 -0.037830 0.16911
68.30201 -0.040114 0.16874
68.39481 -0.042401 0.16833
68.48762 -0.044693 0.16789
68.58042 -0.046987 0.16742
68.67322 -0.049283 0.16691
68.76602 -0.051580 0.16636
68.85882 -0.053878 0.16578
68.95162 -0.056175 0.16517
69.04443 -0.058472 0.16451
69.13723 -0.060766 0.16382
69.23003 -0.063057 0.16310
69.32283 -0.065345 0.16234
69.41563 -0.067628 0.16154
69.50843 -0.069906 0.16070
69.60124 -0.072179 0.15983
69.69404 -0.074444 0.15892
69.78684 -0.076701 0.15798
69.87964 -0.078950 0.15700
69.97244 -0.081189 0.15598
70.06524 -0.083418 0.15492
70.15805 -0.085636 0.15383
70.25085 -0.087842 0.15270
70.34365 -0.090035 0.15153
70.43645 -0.092215 0.15033
70.52925 -0.094380 0.14909
70.62205 -0.096530 0.14782
70.71486 -0.098664 0.14651
70.80766 -0.100780 0.14516
70.90046 -0.102879 0.14378
70.99326 -0.104959 0.14237
71.08606 -0.107020 0.14092
71.17886 -0.109061 0.13943
71.27167 -0.111081 0.13791
71.36447 -0.113079 0.13636
71.45727 -0.115055 0.13477
71.55007 -0.117008 0.13315
71.64287 -0.118937 0.13150
71.73567 -0.120841 0.12981
71.82848 -0.122719 0.12809
71.92128 -0.124572 0.12634
72.01408 -0.126398 0.12456
72.10688 -0.128196 0.12275
72.19968 -0.129967 0.12091
72.29248 -0.131709 0.11904
72.38528 -0.133421 0.11715
72.47809 -0.135104 0.11522
72.57089 -0.136756 0.11326
72.66369 -0.138377 0.11128
72.75649 -0.139966 0.10927
72.84929 -0.141523 0.10724
72.94209 -0.143048 0.10518
73.03490 -0.144539 0.10309
73.12770 -0.145997 0.10099
73.22050 -0.147420 0.09885
73.31330 -0.148809 0.09670
73.40610 -0.150163 0.09452
73.49890 -0.151482 0.09232
73.59171 -0.152765 0.09010
73.68451 -0.154011 0.08786
73.77731 -0.155221 0.08560
73.87011 -0.156394 0.08332
73.96291 -0.157530 0.08103
74.05571 -0.158629 0.07871
74.14852 -0.159689 0.07638
74.24132 -0.160712 0.07404
74.33412 -0.161697 0.07167
74.42692 -0.162643 0.06930
74.51972 -0.163550 0.06691
74.61252 -0.164419 0.06451
74.70533 -0.165248 0.06209
74.79813 -0.166039 0.05967
74.89093 -0.166790 0.05723
74.98373 -0.167502 0.05478
75.07653 -0.168174 0.05232
75.16933 -0.168807 0.04986
75.26214 -0.169400 0.04738
75.35494 -0.169954 0.04490
75.44774 -0.170468 0.04242
75.54054 -0.170943 0.03992
75.63334 -0.171378 0.03743
75.72614 -0.171773 0.03492
75.81895 -0.172129 0.03242
75.91175 -0.172445 0.02991
76.00455 -0.172722 0.02740
76.09735 -0.172960 0.02489
76.19015 -0.173159 0.02237
76.28295 -0.173319 0.01986
76.37576 -0.173440 0.01735
76.46856 -0.173522 0.01483
76.56136 -0.173565 0.01232
76.65416 -0.173571 0.00982
76.74696 -0.173538 0.00731
76.83976 -0.173467 0.00481
76.93257 -0.173358 0.00231
77.02537 -0.173212 -0.00018
77.11817 -0.173029 -0.00267
77.21097 -0.172808 -0.00515
77.30377 -0.172551 -0.00762
77.39657 -0.172258 -0.01008
77.48938 -0.171928 -0.01254
77.58218 -0.171562 -0.01499
77.67498 -0.171161 -0.01743
77.76778 -0.170724 -0.01986
77.86058 -0.170253 -0.02229
77.95338 -0.169746 -0.02470
78.04619 -0.169206 -0.02710
78.13899 -0.168631 -0.02948
78.23179 -0.168023 -0.03186
78.32459 -0.167382 -0.03422
78.41739 -0.166707 -0.03657
78.51019 -0.166000 -0.03891
78.60300 -0.165261 -0.04123
78.69580 -0.164490 -0.04354
78.78860 -0.163688 -0.04584
78.88140 -0.162854 -0.04811
78.97420 -0.161990 -0.05038
79.06700 -0.161096 -0.05262
79.15980 -0.160171 -0.05485
79.25261 -0.159217 -0.05707
79.34541 -0.158234 -0.05927
79.43821 -0.157222 -0.06145
79.53101 -0.156182 -0.06361
79.62381 -0.155113 -0.06575
79.71661 -0.154018 -0.06788
79.80942 -0.152894 -0.06998
79.90222 -0.151745 -0.07207
79.99502 -0.150568 -0.07414
80.08782 -0.149366 -0.07619
80.18062 -0.148138 -0.07821
80.27342 -0.146885 -0.08022
80.36623 -0.145607 -0.08221
80.45903 -0.144305 -0.08418
80.55183 -0.142979 -0.08612
80.64463 -0.141629 -0.08805
80.73743 -0.140255 -0.08995
80.83023 -0.138859 -0.09183
80.92304 -0.137440 -0.09369
81.01584 -0.136000 -0.09553
81.10864 -0.134537 -0.09734
81.20144 -0.133053 -0.09914
81.29424 -0.131548 -0.10091
81.38704 -0.130023 -0.10266
81.47985 -0.128477 -0.10438
81.57265 -0.126911 -0.10608
81.66545 -0.125326 -0.10776
81.75825 -0.123721 -0.10941
81.85105 -0.122098 -0.11104
81.94385 -0.120456 -0.11265
82.03666 -0.118796 -0.11423
82.12946 -0.117118 -0.11579
82.22226 -0.115423 -0.11733
82.31506 -0.113711 -0.11884
82.40786 -0.111982 -0.12032
82.50066 -0.110236 -0.12179
82.59347 -0.108474 -0.12322
82.68627 -0.106697 -0.12463
82.77907 -0.104904 -0.12602
82.87187 -0.103096 -0.12738
82.96467 -0.101273 -0.12872
83.05747 -0.099436 -0.13003
83.15028 -0.097584 -0.13132
83.24308 -0.095718 -0.13258
83.33588 -0.093839 -0.13381
83.42868 -0.091946 -0.13502
83.52148 -0.090041 -0.13621
83.61428 -0.088122 -0.13736
83.70709 -0.086192 -0.13850
83.79989 -0.084249 -0.13960
83.89269 -0.082294 -0.14068
83.98549 -0.080328 -0.14174
84.07829 -0.078350 -0.14276
84.17109 -0.076362 -0.14376
84.26390 -0.074362 -0.14474
84.35670 -0.072353 -0.14569
84.44950 -0.070333 -0.14661
84.54230 -0.068303 -0.14751
84.63510 -0.066264 -0.14837
84.72790 -0.064216 -0.14922
84.82071 -0.062158 -0.15003
84.91351 -0.060092 -0.15082
85.00631 -0.058017 -0.15158
85.09911 -0.055934 -0.15231
85.19191 -0.053843 -0.15302
85.28471 -0.051744 -0.15370
85.37752 -0.049638 -0.15435
85.47032 -0.047525 -0.15498
85.56312 -0.045405 -0.15558
85.65592 -0.043278 -0.15615
85.74872 -0.041145 -0.15669
85.84152 -0.039006 -0.15720
85.93432 -0.036862 -0.15769
86.02713 -0.034711 -0.15815
86.11993 -0.032556 -0.15858
86.21273 -0.030396 -0.15899
86.30553 -0.028231 -0.15936
86.39833 -0.026062 -0.15971
86.49113 -0.023889 -0.16003
86.58394 -0.021712 -0.16032
86.67674 -0.019531 -0.16059
86.76954 -0.017348 -0.16082
86.86234 -0.015161 -0.16103
86.95514 -0.012972 -0.16121
87.04794 -0.010780 -0.16136
87.14075 -0.008587 -0.16148
87.23355 -0.006392 -0.16157
87.32635 -0.004195 -0.16164
87.41915 -0.001997 -0.16168
87.51195 0.000201 -0.16168
87.60475 0.002400 -0.16166
87.69756 0.004599 -0.16161
87.79036 0.006798 -0.16154
87.88316 0.008997 -0.16143
87.97596 0.011195 -0.16129
88.06876 0.013391 -0.16113
88.16156 0.015586 -0.16093
88.25437 0.017780 -0.16071
88.34717 0.019971 -0.16046
88.43997 0.022160 -0.16018
88.53277 0.024346 -0.15987
88.62557 0.026529 -0.15953
88.71837 0.028708 -0.15917
88.81118 0.030884 -0.15877
88.90398 0.033056 -0.15835
88.99678 0.035223 -0.15789
89.08958 0.037385 -0.15741
89.18238 0.039542 -0.15690
89.27518 0.041693 -0.15636
89.36799 0.043839 -0.15579
89.46079 0.045978 -0.15519
89.55359 0.048110 -0.15456
89.64639 0.050235 -0.15391
89.73919 0.052353 -0.15322
89.83199 0.054463 -0.15251
89.92480 0.056566 -0.15177
90.01760 0.058659 -0.15100
90.11040 0.060744 -0.15020
90.20320 0.062819 -0.14937
90.29600 0.064885 -0.14851
90.38880 0.066940 -0.14763
90.48161 0.068985 -0.14672
90.57441 0.071020 -0.14578
90.66721 0.073043 -0.14481
90.76001 0.075054 -0.14381
90.85281 0.077054 -0.14279
90.94561 0.079041 -0.14174
91.03842 0.081016 -0.14066
91.13122 0.082977 -0.13955
91.22402 0.084925 -0.13842
91.31682 0.086859 -0.13726
91.40962 0.088778 -0.13607
91.50242 0.090683 -0.13486
91.59523 0.092573 -0.13362
91.68803 0.094447 -0.13235
91.78083 0.096305 -0.13105
91.87363 0.098147 -0.12973
91.96643 0.099973 -0.12839
92.05923 0.101781 -0.12702
92.15204 0.103573 -0.12562
92.24484 0.105346 -0.12420
92.33764 0.107101 -0.12275
92.43044 0.108838 -0.12128
92.52324 0.110555 -0.11978
92.61604 0.112254 -0.11826
92.70884 0.113932 -0.11671
92.80165 0.115591 -0.11514
92.89445 0.117230 -0.11355
92.98725 0.118847 -0.11193
93.08005 0.120444 -0.11029
93.17285 0.122019 -0.10863
93.26565 0.123572 -0.10695
93.35846 0.125103 -0.10524
93.45126 0.126611 -0.10351
93.54406 0.128097 -0.10176
93.63686 0.129559 -0.09998
93.72966 0.130998 -0.09819
93.82246 0.132413 -0.09638
93.91527 0.133804 -0.09454
94.00807 0.135170 -0.09269
94.10087 0.136511 -0.09081
94.19367 0.137828 -0.08892
94.28647 0.139118 -0.08700
94.37927 0.140384 -0.08507
94.47208 0.141623 -0.08312
94.56488 0.142835 -0.08115
94.65768 0.144021 -0.07917
94.75048 0.145180 -0.07716
94.84328 0.146312 -0.07514
94.93608 0.147417 -0.07311
95.02889 0.148493 -0.07105
95.12169 0.149542 -0.06899
95.21449 0.150563 -0.06690
95.30729 0.151555 -0.06480
95.40009 0.152518 -0.06269
95.49289 0.153452 -0.06056
95.58570 0.154357 -0.05842
95.67850 0.155233 -0.05627
95.77130 0.156079 -0.05410
95.86410 0.156896 -0.05192
95.95690 0.157682 -0.04973
96.04970 0.158438 -0.04753
96.14251 0.159164 -0.04531
96.23531 0.159859 -0.04309
96.32811 0.160523 -0.04085
96.42091 0.161157 -0.03861
96.51371 0.161759 -0.03636
96.60651 0.162331 -0.03409
96.69932 0.162870 -0.03182
96.79212 0.163379 -0.02954
96.88492 0.163856 -0.02726
96.97772 0.164301 -0.02496
97.07052 0.164714 -0.02266
97.16332 0.165095 -0.02036
97.25613 0.165444 -0.01804
97.34893 0.165761 -0.01573
97.44173 0.166046 -0.01340
97.53453 0.166299 -0.01108
97.62733 0.166519 -0.00875
97.72013 0.166706 -0.00641
97.81294 0.166862 -0.00408
97.90574 0.166984 -0.00174
97.99854 0.167074 0.00060
98.09134 0.167132 0.00294
98.18414 0.167157 0.00529
98.27694 0.167149 0.00763
98.36975 0.167109 0.00997
98.46255 0.167036 0.01232
98.55535 0.166930 0.01466
98.64815 0.166792 0.01700
98.74095 0.166621 0.01934
98.83375 0.166418 0.02167
98.92656 0.166182 0.02401
99.01936 0.165914 0.02634
99.11216 0.165613 0.02867
99.20496 0.165280 0.03099
99.29776 0.164914 0.03331
99.39056 0.164516 0.03562
99.48337 0.164087 0.03793
99.57617 0.163625 0.04023
99.66897 0.163131 0.04252
99.76177 0.162605 0.04481
99.85457 0.162047 0.04709
99.94737 0.161458 0.04936
100.04017 0.160838 0.05163
100.13298 0.160186 0.05388
100.22578 0.159502 0.05613
100.31858 0.158788 0.05837
100.41138 0.158042 0.06059
100.50418 0.157266 0.06281
100.59698 0.156459 0.06502
100.68979 0.155622 0.06721
100.78259 0.154754 0.06939
100.87539 0.153856 0.07156
100.96819 0.152928 0.07372
101.06099 0.151971 0.07586
101.15379 0.150983 0.07800
101.24660 0.149967 0.08011
101.33940 0.148921 0.08222
101.43220 0.147846 0.08431
101.52500 0.146743 0.08638
101.61780 0.145611 0.08844
101.71060 0.144451 0.09048
101.80341 0.143262 0.09251
101.89621 0.142046 0.09452
101.98901 0.140803 0.09651
102.08181 0.139532 0.09848
102.17461 0.138234 0.10044
102.26741 0.136909 0.10238
102.36022 0.135558 0.10430
102.45302 0.134180 0.10620
102.54582 0.132776 0.10809
102.63862 0.131347 0.10995
102.73142 0.129892 0.11179
102.82422 0.128412 0.11362
102.91703 0.126907 0.11542
103.00983 0.125378 0.11720
103.10263 0.123825 0.11896
103.19543 0.122247 0.12070
103.28823 0.120646 0.12242
103.38103 0.119021 0.12412
103.47384 0.117373 0.12579
103.56664 0.115703 0.12744
103.65944 0.114010 0.12907
103.75224 0.112296 0.13067
103.84504 0.110559 0.13225
103.93784 0.108801 0.13381
104.03065 0.107022 0.13534
104.12345 0.105222 0.13685
104.21625 0.103402 0.13833
104.30905 0.101562 0.13979
104.40185 0.099702 0.14122
104.49465 0.097822 0.14263
104.58746 0.095924 0.14401
104.68026 0.094007 0.14537
104.77306 0.092072 0.14670
104.86586 0.090118 0.14800
104.95866 0.088147 0.14928
105.05146 0.086159 0.15053
105.14427 0.084154 0.15175
105.23707 0.082133 0.15294
105.32987 0.080096 0.15411
105.42267 0.078042 0.15525
105.51547 0.075974 0.15636
105.60827 0.073890 0.15745
105.70108 0.071792 0.15850
105.79388 0.069680 0.15953
105.88668 0.067554 0.16053
105.97948 0.065414 0.16149
106.07228 0.063261 0.16243
106.16508 0.061096 0.16334
106.25789 0.058918 0.16423
106.35069 0.056729 0.16508
106.44349 0.054528 0.16590
106.53629 0.052316 0.16669
106.62909 0.050093 0.16745
106.72189 0.047860 0.16819
106.81469 0.045617 0.16889
106.90750 0.043364 0.16956
107.00030 0.041102 0.17020
107.09310 0.038832 0.17081
107.18590 0.036553 0.17139
107.27870 0.034267 0.17194
107.37150 0.031973 0.17245
107.46431 0.029671 0.17294
107.55711 0.027363 0.17340
107.64991 0.025049 0.17382
107.74271 0.022730 0.17421
107.83551 0.020404 0.17457
107.92831 0.018074 0.17490
108.02112 0.015738 0.17520
108.11392 0.013399 0.17547
108.20672 0.011056 0.17571
108.29952 0.008709 0.17591
108.39232 0.006360 0.17608
108.48512 0.004008 0.17622
108.57793 0.001653 0.17633
108.67073 -0.000703 0.17641
108.76353 -0.003060 0.17645
108.85633 -0.005418 0.17647
108.94913 -0.007777 0.17645
109.04193 -0.010136 0.17640
109.13474 -0.012495 0.17632
109.22754 -0.014852 0.17620
109.32034 -0.017209 0.17606
109.41314 -0.019564 0.17588
109.50594 -0.021917 0.17567
109.59874 -0.024268 0.17543
109.69155 -0.026617 0.17515
109.78435 -0.028961 0.17485
109.87715 -0.031302 0.17451
109.96995 -0.033640 0.17415
110.06275 -0.035972 0.17375
110.15555 -0.038300 0.17332
110.24836 -0.040623 0.17285
110.34116 -0.042940 0.17236
110.43396 -0.045251 0.17183
110.52676 -0.047555 0.17128
110.61956 -0.049853 0.17069
110.71236 -0.052143 0.17007
110.80517 -0.054426 0.16942
110.89797 -0.056701 0.16874
110.99077 -0.058967 0.16803
111.08357 -0.061224 0.16729
111.17637 -0.063472 0.16652
111.26917 -0.065710 0.16571
111.36198 -0.067938 0.16488
111.45478 -0.070155 0.16402
111.54758 -0.072362 0.16312
111.64038 -0.074557 0.16220
111.73318 -0.076741 0.16125
111.82598 -0.078913 0.16027
111.91879 -0.081072 0.15925
112.01159 -0.083219 0.15821
112.10439 -0.085352 0.15714
112.19719 -0.087472 0.15604
112.28999 -0.089577 0.15492
112.38279 -0.091668 0.15376
112.47560 -0.093745 0.15257
112.56840 -0.095807 0.15136
112.66120 -0.097853 0.15012
112.75400 -0.099883 0.14885
112.84680 -0.101897 0.14755
112.93960 -0.103894 0.14623
113.03241 -0.105875 0.14488
113.12521 -0.107838 0.14350
113.21801 -0.109783 0.14209
113.31081 -0.111711 0.14066
113.40361 -0.113620 0.13920
113.49641 -0.115510 0.13772
113.58921 -0.117382 0.13621
113.68202 -0.119234 0.13468
113.77482 -0.121066 0.13311
113.86762 -0.122878 0.13153
113.96042 -0.124670 0.12992
114.05322 -0.126441 0.12828
114.14602 -0.128190 0.12662
114.23883 -0.129919 0.12494
114.33163 -0.131626 0.12323
114.42443 -0.133311 0.12150
114.51723 -0.134973 0.11975
114.61003 -0.136613 0.11797
114.70283 -0.138229 0.11618
114.79564 -0.139823 0.11435
114.88844 -0.141393 0.11251
114.98124 -0.142939 0.11065
115.07404 -0.144461 0.10876
115.16684 -0.145958 0.10686
115.25964 -0.147431 0.10493
115.35245 -0.148879 0.10298
115.44525 -0.150301 0.10101
115.53805 -0.151698 0.09903
115.63085 -0.153069 0.09702
115.72365 -0.154414 0.09499
115.81645 -0.155732 0.09295
115.90926 -0.157024 0.09089
116.00206 -0.158290 0.08881
116.09486 -0.159528 0.08671
116.18766 -0.160738 0.08460
116.28046 -0.161922 0.08247
116.37326 -0.163077 0.08032
116.46607 -0.164204 0.07815
116.55887 -0.165303 0.07597
116.65167 -0.166374 0.07378
116.74447 -0.167416 0.07157
116.83727 -0.168429 0.06935
116.93007 -0.169413 0.06711
117.02288 -0.170368 0.06485
117.11568 -0.171293 0.06259
117.20848 -0.172189 0.06031
117.30128 -0.173055 0.05802
117.39408 -0.173891 0.05572
117.48688 -0.174696 0.05340
117.57969 -0.175472 0.05108
117.67249 -0.176216 0.04874
117.76529 -0.176931 0.04639
117.85809 -0.177614 0.04403
117.95089 -0.178267 0.04167
118.04369 -0.178888 0.03929
118.13650 -0.179478 0.03690
118.22930 -0.180037 0.03451
118.32210 -0.180565 0.03211
118.41490 -0.181060 0.02970
118.50770 -0.181525 0.02728
118.60050 -0.181957 0.02486
118.69331 -0.182358 0.02243
118.78611 -0.182726 0.01999
118.87891 -0.183063 0.01755
118.97171 -0.183368 0.01511
119.06451 -0.183640 0.01266
119.15731 -0.183880 0.01020
119.25012 -0.184088 0.00774
119.34292 -0.184263 0.00528
119.43572 -0.184406 0.00282
119.52852 -0.184517 0.00035
119.62132 -0.184595 -0.00212
119.71412 -0.184640 -0.00459
119.80693 -0.184653 -0.00706
119.89973 -0.184633 -0.00953
119.99253 -0.184581 -0.01200
120.08533 -0.184496 -0.01447
120.17813 -0.184379 -0.01694
120.27093 -0.184229 -0.01941
120.36373 -0.184047 -0.02188
120.45654 -0.183831 -0.02434
120.54934 -0.183584 -0.02681
120.64214 -0.183304 -0.02927
120.73494 -0.182991 -0.03172
120.82774 -0.182646 -0.03418
120.92054 -0.182269 -0.03662
121.01335 -0.181859 -0.03907
121.10615 -0.181417 -0.04151
121.19895 -0.180943 -0.04394
121.29175 -0.180437 -0.04636
121.38455 -0.179899 -0.04878
121.47735 -0.179329 -0.05120
121.57016 -0.178726 -0.05360
121.66296 -0.178093 -0.05600
121.75576 -0.177427 -0.05839
121.84856 -0.176730 -0.06077
121.94136 -0.176001 -0.06314
122.03416 -0.175242 -0.06551
122.12697 -0.174451 -0.06786
122.21977 -0.173628 -0.07020
122.31257 -0.172775 -0.07253
122.40537 -0.171892 -0.07485
122.49817 -0.170977 -0.07716
122.59097 -0.170032 -0.07945
122.68378 -0.169057 -0.08174
122.77658 -0.168052 -0.08401
122.86938 -0.167016 -0.08627
122.96218 -0.165951 -0.08851
123.05498 -0.164856 -0.09074
123.14778 -0.163732 -0.09295
123.24059 -0.162578 -0.09515
123.33339 -0.161396 -0.09734
123.42619 -0.160184 -0.09951
123.51899 -0.158944 -0.10166
123.61179 -0.157676 -0.10380
123.70459 -0.156379 -0.10591
123.79740 -0.155055 -0.10802
123.89020 -0.153702 -0.11010
123.98300 -0.152323 -0.11217
124.07580 -0.150915 -0.11421
124.16860 -0.149481 -0.11624
124.26140 -0.148021 -0.11825
124.35421 -0.146533 -0.12024
124.44701 -0.145019 -0.12222
124.53981 -0.143480 -0.12417
124.63261 -0.141914 -0.12610
124.72541 -0.140324 -0.12800
124.81821 -0.138708 -0.12989
124.91102 -0.137067 -0.13176
125.00382 -0.135401 -0.13360
125.09662 -0.133711 -0.13542
125.18942 -0.131998 -0.13722
125.28222 -0.130260 -0.13900
125.37502 -0.128499 -0.14075
125.46783 -0.126715 -0.14248
125.56063 -0.124909 -0.14419
125.65343 -0.123080 -0.14587
125.74623 -0.121228 -0.14753
125.83903 -0.119355 -0.14916
125.93183 -0.117461 -0.15076
126.02464 -0.115545 -0.15235
126.11744 -0.113608 -0.15390
126.21024 -0.111652 -0.15543
126.30304 -0.109675 -0.15694
126.39584 -0.107678 -0.15841
126.48864 -0.105662 -0.15986
126.58145 -0.103626 -0.16129
126.67425 -0.101572 -0.16268
126.76705 -0.099500 -0.16405
126.85985 -0.097410 -0.16539
126.95265 -0.095302 -0.16671
127.04545 -0.093177 -0.16799
127.13825 -0.091035 -0.16925
127.23106 -0.088876 -0.17048
127.32386 -0.086702 -0.17168
127.41666 -0.084512 -0.17285
127.50946 -0.082306 -0.17399
127.60226 -0.080086 -0.17510
127.69506 -0.077851 -0.17618
127.78787 -0.075601 -0.17723
127.88067 -0.073339 -0.17825
127.97347 -0.071063 -0.17924
128.06627 -0.068773 -0.18020
128.15907 -0.066472 -0.18113
128.25187 -0.064158 -0.18203
128.34468 -0.061832 -0.18290
128.43748 -0.059496 -0.18373
128.53028 -0.057148 -0.18454
128.62308 -0.054790 -0.18531
128.71588 -0.052421 -0.18606
128.80868 -0.050044 -0.18677
128.90149 -0.047656 -0.18745
128.99429 -0.045260 -0.18809
129.08709 -0.042856 -0.18871
129.17989 -0.040444 -0.18929
129.27269 -0.038024 -0.18984
129.36549 -0.035597 -0.19036
129.45830 -0.033163 -0.19084
129.55110 -0.030724 -0.19130
129.64390 -0.028278 -0.19172
129.73670 -0.025827 -0.19210
129.82950 -0.023371 -0.19246
129.92230 -0.020911 -0.19278
130.01511 -0.018446 -0.19307
130.10791 -0.015978 -0.19333
130.20071 -0.013506 -0.19355
130.29351 -0.011032 -0.19374
130.38631 -0.008556 -0.19390
130.47911 -0.006077 -0.19402
130.57192 -0.003597 -0.19411
130.66472 -0.001116 -0.19417
130.75752 0.001365 -0.19419
130.85032 0.003847 -0.19418
130.94312 0.006328 -0.19414
131.03592 0.008809 -0.19406
131.12873 0.011288 -0.19396
131.22153 0.013766 -0.19381
131.31433 0.016242 -0.19364
131.40713 0.018715 -0.19343
131.49993 0.021186 -0.19319
131.59273 0.023653 -0.19292
131.68554 0.026116 -0.19261
131.77834 0.028575 -0.19227
131.87114 0.031030 -0.19190
131.96394 0.033479 -0.19149
132.05674 0.035923 -0.19105
132.14954 0.038361 -0.19058
132.24235 0.040793 -0.19008
132.33515 0.043218 -0.18954
132.42795 0.045635 -0.18897
132.52075 0.048045 -0.18837
132.61355 0.050447 -0.18774
132.70635 0.052840 -0.18707
132.79916 0.055225 -0.18638
132.89196 0.057600 -0.18565
132.98476 0.059965 -0.18489
133.07756 0.062320 -0.18409
133.17036 0.064665 -0.18327
133.26316 0.066998 -0.18241
133.35597 0.069321 -0.18153
133.44877 0.071631 -0.18061
133.54157 0.073929 -0.17966
133.63437 0.076214 -0.17868
133.72717 0.078487 -0.17767
133.81997 0.080745 -0.17663
133.91277 0.082991 -0.17556
134.00558 0.085222 -0.17447
134.09838 0.087438 -0.17334
134.19118 0.089639 -0.17218
134.28398 0.091825 -0.17099
134.37678 0.093995 -0.16977
134.46958 0.096149 -0.16852
134.56239 0.098286 -0.16725
134.65519 0.100407 -0.16594
134.74799 0.102510 -0.16461
134.84079 0.104595 -0.16325
134.93359 0.106662 -0.16186
135.02639 0.108711 -0.16045
135.11920 0.110742 -0.15900
135.21200 0.112753 -0.15753
135.30480 0.114744 -0.15604
135.39760 0.116716 -0.15451
135.49040 0.118667 -0.15296
135.58320 0.120598 -0.15139
135.67601 0.122509 -0.14979
135.76881 0.124398 -0.14816
135.86161 0.126265 -0.14651
135.95441 0.128111 -0.14483
136.04721 0.129934 -0.14313
136.14001 0.131735 -0.14140
136.23282 0.133513 -0.13965
136.32562 0.135268 -0.13788
136.41842 0.137000 -0.13608
136.51122 0.138707 -0.13426
136.60402 0.140391 -0.13242
136.69682 0.142050 -0.13056
136.78963 0.143685 -0.12867
136.88243 0.145295 -0.12676
136.97523 0.146880 -0.12483
137.06803 0.148439 -0.12288
137.16083 0.149972 -0.12091
137.25363 0.151479 -0.11891
137.34644 0.152960 -0.11690
137.43924 0.154415 -0.11487
137.53204 0.155842 -0.11282
137.62484 0.157243 -0.11075
137.71764 0.158616 -0.10866
137.81044 0.159962 -0.10655
137.90325 0.161280 -0.10442
137.99605 0.162569 -0.10228
138.08885 0.163831 -0.10012
138.18165 0.165064 -0.09795
138.27445 0.166268 -0.09575
138.36725 0.167444 -0.09354
138.46006 0.168590 -0.09132
138.55286 0.169707 -0.08908
138.64566 0.170795 -0.08683
138.73846 0.171853 -0.08456
138.83126 0.172881 -0.08228
138.92406 0.173878 -0.07998
139.01687 0.174846 -0.07767
139.10967 0.175783 -0.07535
139.20247 0.176690 -0.07301
139.29527 0.177566 -0.07067
139.38807 0.178411 -0.06831
139.48087 0.179225 -0.06594
139.57368 0.180008 -0.06356
139.66648 0.180759 -0.06117
139.75928 0.181479 -0.05877
139.85208 0.182168 -0.05636
139.94488 0.182825 -0.05394
140.03768 0.183450 -0.05152
140.13049 0.184043 -0.04908
140.22329 0.184604 -0.04664
140.31609 0.185133 -0.04419
140.40889 0.185630 -0.04173
140.50169 0.186094 -0.03927
140.59449 0.186526 -0.03680
140.68729 0.186926 -0.03433
140.78010 0.187293 -0.03185
140.87290 0.187627 -0.02936
140.96570 0.187929 -0.02688
141.05850 0.188199 -0.02438
141.15130 0.188435 -0.02189
141.24410 0.188639 -0.01939
141.33691 0.188810 -0.01689
141.42971 0.188948 -0.01439
141.52251 0.189053 -0.01188
141.61531 0.189126 -0.00938
141.70811 0.189165 -0.00687
141.80091 0.189172 -0.00436
141.89372 0.189146 -0.00186
141.98652 0.189087 0.00065
142.07932 0.188995 0.00315
142.17212 0.188870 0.00566
142.26492 0.188713 0.00816
142.35772 0.188522 0.01065
142.45053 0.188299 0.01315
142.54333 0.188044 0.01564
142.63613 0.187755 0.01813
142.72893 0.187434 0.02062
142.82173 0.187081 0.02310
142.91453 0.186695 0.02557
143.00734 0.186277 0.02804
143.10014 0.185826 0.03050
143.19294 0.185343 0.03296
143.28574 0.184828 0.03541
143.37854 0.184281 0.03785
143.47134 0.183703 0.04029
143.56415 0.183092 0.04271
143.65695 0.182450 0.04513
143.74975 0.181776 0.04754
143.84255 0.181070 0.04994
143.93535 0.180333 0.05233
144.02815 0.179566 0.05471
144.12096 0.178767 0.05708
144.21376 0.177937 0.05944
144.30656 0.177076 0.06179
144.39936 0.176185 0.06412
144.49216 0.175263 0.06644
144.58496 0.174311 0.06875
144.67777 0.173329 0.07105
144.77057 0.172317 0.07333
144.86337 0.171276 0.07560
144.95617 0.170205 0.07785
145.04897 0.169105 0.08009
145.14177 0.167975 0.08232
145.23458 0.166816 0.08453
145.32738 0.165629 0.08672
145.42018 0.164414 0.08890
145.51298 0.163170 0.09106
145.60578 0.161898 0.09320
145.69858 0.160598 0.09533
145.79139 0.159271 0.09743
145.88419 0.157916 0.09952
145.97699 0.156535 0.10160
146.06979 0.155126 0.10365
146.16259 0.153691 0.10568
146.25539 0.152230 0.10769
146.34820 0.150743 0.10969
146.44100 0.149230 0.11166
146.53380 0.147691 0.11361
146.62660 0.146127 0.11554
146.71940 0.144539 0.11745
146.81220 0.142926 0.11934
146.90501 0.141288 0.12120
146.99781 0.139626 0.12305
147.09061 0.137941 0.12487
147.18341 0.136232 0.12667
147.27621 0.134500 0.12844
147.36901 0.132746 0.13019
147.46181 0.130969 0.13192
147.55462 0.129169 0.13362
147.64742 0.127348 0.13530
147.74022 0.125506 0.13695
147.83302 0.123642 0.13858
147.92582 0.121758 0.14018
148.01862 0.119853 0.14176
148.11143 0.117927 0.14331
148.20423 0.115983 0.14483
148.29703 0.114018 0.14633
148.38983 0.112035 0.14780
148.48263 0.110033 0.14925
148.57543 0.108013 0.15066
148.66824 0.105975 0.15205
148.76104 0.103919 0.15342
148.85384 0.101846 0.15475
148.94664 0.099756 0.15605
149.03944 0.097649 0.15733
149.13224 0.095527 0.15858
149.22505 0.093389 0.15980
149.31785 0.091235 0.16099
149.41065 0.089067 0.16215
149.50345 0.086884 0.16328
149.59625 0.084687 0.16439
149.68905 0.082477 0.16546
149.78186 0.080253 0.16650
149.87466 0.078016 0.16751
149.96746 0.075766 0.16849
150.06026 0.073505 0.16944
150.15306 0.071232 0.17036
150.24586 0.068947 0.17125
150.33867 0.066652 0.17211
150.43147 0.064346 0.17294
150.52427 0.062030 0.17373
150.61707 0.059705 0.17450
150.70987 0.057370 0.17523
150.80267 0.055027 0.17593
150.89548 0.052675 0.17660
150.98828 0.050316 0.17724
151.08108 0.047949 0.17785
151.17388 0.045575 0.17842
151.26668 0.043194 0.17896
151.35948 0.040807 0.17947
151.45229 0.038414 0.17995
151.54509 0.036016 0.18039
151.63789 0.033614 0.18080
151.73069 0.031206 0.18118
151.82349 0.028795 0.18153
151.91629 0.026380 0.18184
152.00910 0.023962 0.18212
152.10190 0.021541 0.18237
152.19470 0.019118 0.18258
152.28750 0.016693 0.18277
152.38030 0.014267 0.18292
152.47310 0.011840 0.18303
152.56591 0.009412 0.18312
152.65871 0.006984 0.18317
152.75151 0.004557 0.18319
152.84431 0.002130 0.18317
152.93711 -0.000295 0.18313
153.02991 -0.002719 0.18305
153.12272 -0.005140 0.18293
153.21552 -0.007559 0.18279
153.30832 -0.009975 0.18261
153.40112 -0.012388 0.18240
153.49392 -0.014796 0.18215
153.58672 -0.017201 0.18188
153.67953 -0.019601 0.18157
153.77233 -0.021995 0.18123
153.86513 -0.024384 0.18086
153.95793 -0.026767 0.18045
154.05073 -0.029143 0.18001
154.14353 -0.031513 0.17954
154.23633 -0.033875 0.17904
154.32914 -0.036229 0.17851
154.42194 -0.038576 0.17794
154.51474 -0.040913 0.17734
154.60754 -0.043242 0.17672
154.70034 -0.045561 0.17605
154.79314 -0.047871 0.17536
154.88595 -0.050170 0.17464
154.97875 -0.052458 0.17389
155.07155 -0.054736 0.17310
155.16435 -0.057001 0.17229
155.25715 -0.059255 0.17144
155.34995 -0.061497 0.17057
155.44276 -0.063726 0.16966
155.53556 -0.065942 0.16872
155.62836 -0.068144 0.16776
155.72116 -0.070332 0.16676
155.81396 -0.072506 0.16574
155.90676 -0.074666 0.16468
155.99957 -0.076810 0.16360
156.09237 -0.078939 0.16249
156.18517 -0.081052 0.16134
156.27797 -0.083149 0.16018
156.37077 -0.085229 0.15898
156.46357 -0.087292 0.15775
156.55638 -0.089338 0.15650
156.64918 -0.091366 0.15522
156.74198 -0.093376 0.15391
156.83478 -0.095368 0.15258
156.92758 -0.097340 0.15121
157.02038 -0.099294 0.14983
157.11319 -0.101228 0.14841
157.20599 -0.103143 0.14697
157.29879 -0.105037 0.14550
157.39159 -0.106910 0.14401
157.48439 -0.108763 0.14250
157.57719 -0.110594 0.14096
157.67000 -0.112404 0.13939
157.76280 -0.114193 0.13780
157.85560 -0.115959 0.13619
157.94840 -0.117702 0.13455
158.04120 -0.119423 0.13289
158.13400 -0.121120 0.13120
158.22681 -0.122795 0.12950
158.31961 -0.124445 0.12777
158.41241 -0.126072 0.12602
158.50521 -0.127674 0.12424
158.59801 -0.129252 0.12245
158.69081 -0.130805 0.12063
158.78362 -0.132333 0.11880
158.87642 -0.133835 0.11694
158.96922 -0.135312 0.11506
159.06202 -0.136762 0.11317
159.15482 -0.138187 0.11125
159.24762 -0.139585 0.10932
159.34043 -0.140957 0.10737
159.43323 -0.142302 0.10540
159.52603 -0.143619 0.10341
159.61883 -0.144909 0.10140
159.71163 -0.146172 0.09938
159.80443 -0.147406 0.09734
159.89724 -0.148613 0.09528
159.99004 -0.149791 0.09321
160.08284 -0.150941 0.09112
160.17564 -0.152062 0.08902
160.26844 -0.153154 0.08690
160.36124 -0.154218 0.08477
160.45405 -0.155252 0.08262
160.54685 -0.156256 0.08046
160.63965 -0.157231 0.07829
160.73245 -0.158176 0.07610
160.82525 -0.159092 0.07390
160.91805 -0.159977 0.07169
161.01085 -0.160832 0.06947
161.10366 -0.161656 0.06724
161.19646 -0.162450 0.06499
161.28926 -0.163214 0.06274
161.38206 -0.163946 0.06048
161.47486 -0.164648 0.05820
161.56766 -0.165319 0.05592
161.66047 -0.165958 0.05363
161.75327 -0.166566 0.05133
161.84607 -0.167143 0.04902
161.93887 -0.167688 0.04671
162.03167 -0.168202 0.04439
162.12447 -0.168684 0.04206
162.21728 -0.169135 0.03973
162.31008 -0.169553 0.03739
162.40288 -0.169940 0.03504
162.49568 -0.170295 0.03269
162.58848 -0.170618 0.03034
162.68128 -0.170909 0.02798
162.77409 -0.171167 0.02562
162.86689 -0.171394 0.02326
162.95969 -0.171589 0.02089
163.05249 -0.171751 0.01852
163.14529 -0.171881 0.01615
163.23809 -0.171979 0.01378
163.33090 -0.172045 0.01141
163.42370 -0.172079 0.00904
163.51650 -0.172080 0.00667
163.60930 -0.172049 0.00429
163.70210 -0.171986 0.00192
163.79490 -0.171891 -0.00045
163.88771 -0.171764 -0.00281
163.98051 -0.171605 -0.00518
164.07331 -0.171413 -0.00754
164.16611 -0.171190 -0.00990
164.25891 -0.170935 -0.01226
164.35171 -0.170647 -0.01461
164.44452 -0.170328 -0.01696
164.53732 -0.169977 -0.01930
164.63012 -0.169595 -0.02164
164.72292 -0.169181 -0.02397
164.81572 -0.168735 -0.02629
164.90852 -0.168258 -0.02861
165.00133 -0.167749 -0.03092
165.09413 -0.167209 -0.03323
165.18693 -0.166639 -0.03552
165.27973 -0.166037 -0.03781
165.37253 -0.165404 -0.04009
165.46533 -0.164740 -0.04236
165.55814 -0.164046 -0.04462
165.65094 -0.163321 -0.04687
165.74374 -0.162566 -0.04911
165.83654 -0.161781 -0.05134
165.92934 -0.160966 -0.05355
166.02214 -0.160121 -0.05576
166.11495 -0.159246 -0.05795
166.20775 -0.158341 -0.06014
166.30055 -0.157408 -0.06230
166.39335 -0.156444 -0.06446
166.48615 -0.155452 -0.06660
166.57895 -0.154432 -0.06873
166.67176 -0.153382 -0.07084
166.76456 -0.152304 -0.07294
166.85736 -0.151198 -0.07502
166.95016 -0.150064 -0.07709
167.04296 -0.148902 -0.07914
167.13576 -0.147713 -0.08117
167.22857 -0.146496 -0.08319
167.32137 -0.145252 -0.08519
167.41417 -0.143981 -0.08718
167.50697 -0.142684 -0.08914
167.59977 -0.141360 -0.09109
167.69257 -0.140011 -0.09302
167.78537 -0.138635 -0.09492
167.87818 -0.137234 -0.09682
167.97098 -0.135807 -0.09869
168.06378 -0.134355 -0.10054
168.15658 -0.132879 -0.10237
168.24938 -0.131378 -0.10418
168.34218 -0.129853 -0.10596
168.43499 -0.128304 -0.10773
168.52779 -0.126732 -0.10948
168.62059 -0.125136 -0.11120
168.71339 -0.123517 -0.11290
168.80619 -0.121875 -0.11458
168.89899 -0.120211 -0.11623
168.99180 -0.118525 -0.11787
169.08460 -0.116817 -0.11947
169.17740 -0.115088 -0.12106
169.27020 -0.113338 -0.12262
169.36300 -0.111567 -0.12416
169.45580 -0.109775 -0.12567
169.54861 -0.107963 -0.12715
169.64141 -0.106132 -0.12861
169.73421 -0.104281 -0.13005
169.82701 -0.102411 -0.13146
169.91981 -0.100523 -0.13284
170.01261 -0.098616 -0.13420
170.10542 -0.096691 -0.13553
170.19822 -0.094748 -0.13684
170.29102 -0.092788 -0.13811
170.38382 -0.090812 -0.13936
170.47662 -0.088819 -0.14059
170.56942 -0.086809 -0.14178
170.66223 -0.084784 -0.14295
170.75503 -0.082744 -0.14409
170.84783 -0.080688 -0.14520
170.94063 -0.078618 -0.14628
171.03343 -0.076534 -0.14733
171.12623 -0.074436 -0.14835
171.21904 -0.072324 -0.14935
171.31184 -0.070200 -0.15031
171.40464 -0.068063 -0.15125
171.49744 -0.065913 -0.15216
171.59024 -0.063752 -0.15303
171.68304 -0.061580 -0.15388
171.77585 -0.059396 -0.15469
171.86865 -0.057202 -0.15548
171.96145 -0.054998 -0.15623
172.05425 -0.052784 -0.15696
172.14705 -0.050560 -0.15765
172.23985 -0.048328 -0.15832
172.33266 -0.046087 -0.15895
172.42546 -0.043838 -0.15955
172.51826 -0.041582 -0.16012
172.61106 -0.039318 -0.16066
172.70386 -0.037048 -0.16117
172.79666 -0.034771 -0.16164
172.88947 -0.032488 -0.16209
172.98227 -0.030200 -0.16250
173.07507 -0.027906 -0.16288
173.16787 -0.025608 -0.16323
173.26067 -0.023306 -0.16354
173.35347 -0.021000 -0.16383
173.44628 -0.018691 -0.16408
173.53908 -0.016378 -0.16430
173.63188 -0.014064 -0.16449
173.72468 -0.011747 -0.16465
173.81748 -0.009428 -0.16478
173.91028 -0.007109 -0.16487
174.00309 -0.004788 -0.16493
174.09589 -0.002468 -0.16496
174.18869 -0.000147 -0.16495
174.28149 0.002173 -0.16492
174.37429 0.004491 -0.16485
174.46709 0.006809 -0.16475
174.55990 0.009124 -0.16462
174.65270 0.011438 -0.16446
174.74550 0.013748 -0.16426
174.83830 0.016055 -0.16403
174.93110 0.018359 -0.16377
175.02390 0.020658 -0.16348
175.11670 0.022953 -0.16315
175.20951 0.025244 -0.16280
175.30231 0.027528 -0.16241
175.39511 0.029807 -0.16199
175.48791 0.032080 -0.16154
175.58071 0.034346 -0.16106
175.67351 0.036605 -0.16055
175.76632 0.038857 -0.16000
175.85912 0.041100 -0.15943
175.95192 0.043336 -0.15882
176.04472 0.045562 -0.15818
176.13752 0.047779 -0.15751
176.23032 0.049987 -0.15681
176.32313 0.052185 -0.15608
176.41593 0.054372 -0.15532
176.50873 0.056548 -0.15453
176.60153 0.058714 -0.15371
176.69433 0.060867 -0.15286
176.78713 0.063008 -0.15198
176.87994 0.065137 -0.15107
176.97274 0.067253 -0.15013
177.06554 0.069356 -0.14916
177.15834 0.071445 -0.14816
177.25114 0.073520 -0.14714
177.34394 0.075581 -0.14608
177.43675 0.077627 -0.14500
177.52955 0.079657 -0.14388
177.62235 0.081672 -0.14274
177.71515 0.083671 -0.14157
177.80795 0.085653 -0.14038
177.90075 0.087619 -0.13915
177.99356 0.089568 -0.13790
178.08636 0.091499 -0.13662
178.17916 0.093412 -0.13532
178.27196 0.095307 -0.13399
178.36476 0.097184 -0.13263
178.45756 0.099041 -0.13125
178.55037 0.100880 -0.12984
178.64317 0.102699 -0.12840
178.73597 0.104497 -0.12694
178.82877 0.106276 -0.12546
178.92157 0.108033 -0.12395
179.01437 0.109770 -0.12242
179.10718 0.111486 -0.12086
179.19998 0.113180 -0.11928
179.29278 0.114851 -0.11767
179.38558 0.116501 -0.11604
179.47838 0.118128 -0.11439
179.57118 0.119732 -0.11272
179.66399 0.121313 -0.11102
179.75679 0.122871 -0.10930
179.84959 0.124404 -0.10756
179.94239 0.125914 -0.10580
180.03519 0.127399 -0.10402
180.12799 0.128860 -0.10222
180.22080 0.130296 -0.10039
180.31360 0.131706 -0.09855
180.40640 0.133091 -0.09669
180.49920 0.134450 -0.09481
180.59200 0.135783 -0.09291
180.68480 0.137090 -0.09099
180.77761 0.138371 -0.08905
180.87041 0.139625 -0.08709
180.96321 0.140851 -0.08512
181.05601 0.142051 -0.08313
181.14881 0.143223 -0.08113
181.24161 0.144368 -0.07910
181.33442 0.145484 -0.07707
181.42722 0.146573 -0.07501
181.52002 0.147633 -0.07294
181.61282 0.148665 -0.07086
181.70562 0.149667 -0.06876
181.79842 0.150642 -0.06665
181.89122 0.151586 -0.06452
181.98403 0.152502 -0.06238
182.07683 0.153388 -0.06023
182.16963 0.154245 -0.05807
182.26243 0.155072 -0.05589
182.35523 0.155869 -0.05370
182.44803 0.156635 -0.05150
182.54084 0.157372 -0.04929
182.63364 0.158078 -0.04707
182.72644 0.158754 -0.04484
182.81924 0.159399 -0.04260
182.91204 0.160013 -0.04036
183.00484 0.160596 -0.03810
183.09765 0.161148 -0.03583
183.19045 0.161669 -0.03356
183.28325 0.162159 -0.03128
183.37605 0.162618 -0.02899
183.46885 0.163045 -0.02670
183.56165 0.163440 -0.02440
183.65446 0.163804 -0.02209
183.74726 0.164136 -0.01978
183.84006 0.164437 -0.01747
183.93286 0.164706 -0.01515
184.02566 0.164943 -0.01282
184.11846 0.165148 -0.01049
184.21127 0.165321 -0.00816
184.30407 0.165462 -0.00583
184.39687 0.165571 -0.00350
184.48967 0.165648 -0.00116
184.58247 0.165693 0.00118
184.67527 0.165705 0.00352
184.76808 0.165686 0.00586
184.86088 0.165635 0.00820
184.95368 0.165551 0.01053
185.04648 0.165436 0.01287
185.13928 0.165288 0.01521
185.23208 0.165108 0.01754
185.32489 0.164897 0.01988
185.41769 0.164653 0.02221
185.51049 0.164377 0.02453
185.60329 0.164070 0.02685
185.69609 0.163730 0.02917
185.78889 0.163359 0.03149
185.88170 0.162956 0.03380
185.97450 0.162521 0.03610
186.06730 0.162055 0.03840
186.16010 0.161557 0.04069
186.25290 0.161028 0.04298
186.34570 0.160468 0.04525
186.43851 0.159876 0.04753
186.53131 0.159253 0.04979
186.62411 0.158599 0.05204
186.71691 0.157914 0.05429
186.80971 0.157199 0.05653
186.90251 0.156453 0.05875
186.99532 0.155676 0.06097
187.08812 0.154868 0.06318
187.18092 0.154031 0.06537
187.27372 0.153164 0.06756
187.36652 0.152266 0.06973
187.45932 0.151339 0.07189
187.55213 0.150382 0.07404
187.64493 0.149396 0.07617
187.73773 0.148380 0.07829
187.83053 0.147335 0.08040
187.92333 0.146262 0.08249
188.01613 0.145159 0.08457
188.10894 0.144029 0.08663
188.20174 0.142869 0.08868
188.29454 0.141682 0.09072
188.38734 0.140467 0.09273
188.48014 0.139225 0.09473
188.57294 0.137954 0.09672
188.66574 0.136657 0.09868
188.75855 0.135333 0.10063
188.85135 0.133982 0.10256
188.94415 0.132604 0.10447
189.03695 0.131201 0.10636
189.12975 0.129771 0.10824
189.22255 0.128315 0.11009
189.31536 0.126834 0.11193
189.40816 0.125328 0.11374
189.50096 0.123798 0.11553
189.59376 0.122242 0.11731
189.68656 0.120662 0.11906
189.77936 0.119058 0.12079
189.87217 0.117430 0.12250
189.96497 0.115779 0.12418
190.05777 0.114105 0.12585
190.15057 0.112408 0.12749
190.24337 0.110688 0.12910
190.33617 0.108946 0.13070
190.42898 0.107182 0.13227
190.52178 0.105397 0.13381
190.61458 0.103590 0.13534
190.70738 0.101763 0.13683
190.80018 0.099915 0.13830
190.89298 0.098046 0.13975
190.98579 0.096158 0.14117
191.07859 0.094250 0.14257
191.17139 0.092323 0.14394
191.26419 0.090377 0.14528
191.35699 0.088413 0.14659
191.44979 0.086430 0.14788
191.54260 0.084429 0.14914
191.63540 0.082412 0.15038
191.72820 0.080377 0.15159
191.82100 0.078326 0.15277
191.91380 0.076258 0.15392
192.00660 0.074174 0.15504
192.09941 0.072075 0.15613
192.19221 0.069961 0.15720
192.28501 0.067832 0.15823
192.37781 0.065689 0.15924
192.47061 0.063532 0.16022
192.56341 0.061361 0.16117
192.65622 0.059177 0.16209
192.74902 0.056980 0.16297
192.84182 0.054771 0.16383
192.93462 0.052550 0.16466
193.02742 0.050318 0.16546
193.12022 0.048074 0.16623
193.21303 0.045820 0.16696
193.30583 0.043555 0.16767
193.39863 0.041281 0.16834
193.49143 0.038997 0.16898
193.58423 0.036704 0.16960
193.67703 0.034403 0.17018
193.76984 0.032093 0.17072
193.86264 0.029776 0.17124
193.95544 0.027451 0.17173
194.04824 0.025120 0.17218
194.14104 0.022782 0.17260
194.23384 0.020438 0.17299
194.32665 0.018088 0.17334
194.41945 0.015733 0.17367
194.51225 0.013374 0.17396
194.60505 0.011011 0.17422
194.69785 0.008643 0.17445
194.79065 0.006272 0.17464
194.88346 0.003898 0.17480
194.97626 0.001522 0.17493
195.06906 -0.000856 0.17503
195.16186 -0.003236 0.17509
195.25466 -0.005617 0.17512
195.34746 -0.007999 0.17512
195.44026 -0.010381 0.17509
195.53307 -0.012763 0.17502
195.62587 -0.015145 0.17492
195.71867 -0.017525 0.17479
195.81147 -0.019904 0.17462
195.90427 -0.022281 0.17442
195.99707 -0.024655 0.17419
196.08988 -0.027027 0.17393
196.18268 -0.029396 0.17363
196.27548 -0.031761 0.17330
196.36828 -0.034121 0.17294
196.46108 -0.036477 0.17255
196.55388 -0.038828 0.17212
196.64669 -0.041174 0.17166
196.73949 -0.043514 0.17117
196.83229 -0.045847 0.17065
196.92509 -0.048174 0.17009
197.01789 -0.050493 0.16950
197.11069 -0.052805 0.16888
197.20350 -0.055109 0.16823
197.29630 -0.057404 0.16755
197.38910 -0.059691 0.16683
197.48190 -0.061968 0.16608
197.57470 -0.064235 0.16530
197.66750 -0.066492 0.16449
197.76031 -0.068738 0.16365
197.85311 -0.070973 0.16278
197.94591 -0.073197 0.16188
198.03871 -0.075409 0.16094
198.13151 -0.077609 0.15998
198.22431 -0.079796 0.15898
198.31712 -0.081970 0.15796
198.40992 -0.084130 0.15690
198.50272 -0.086276 0.15582
198.59552 -0.088408 0.15470
198.68832 -0.090525 0.15356
198.78112 -0.092627 0.15239
198.87393 -0.094714 0.15118
198.96673 -0.096785 0.14995
199.05953 -0.098839 0.14869
199.15233 -0.100876 0.14740
199.24513 -0.102897 0.14609
199.33793 -0.104900 0.14474
199.43074 -0.106885 0.14337
199.52354 -0.108852 0.14197
199.61634 -0.110800 0.14054
199.70914 -0.112730 0.13908
199.80194 -0.114640 0.13760
199.89474 -0.116530 0.13609
199.98755 -0.118400 0.13456
200.08035 -0.120250 0.13300
200.17315 -0.122079 0.13141
200.26595 -0.123887 0.12980
200.35875 -0.125674 0.12816
200.45155 -0.127439 0.12650
200.54436 -0.129182 0.12482
200.63716 -0.130902 0.12311
200.72996 -0.132599 0.12137
200.82276 -0.134274 0.11961
200.91556 -0.135925 0.11783
201.00836 -0.137552 0.11603
201.10117 -0.139155 0.11420
201.19397 -0.140734 0.11235
201.28677 -0.142288 0.11048
201.37957 -0.143817 0.10858
201.47237 -0.145321 0.10667
201.56517 -0.146799 0.10473
201.65798 -0.148252 0.10278
201.75078 -0.149679 0.10080
201.84358 -0.151079 0.09880
201.93638 -0.152452 0.09678
202.02918 -0.153799 0.09475
202.12198 -0.155118 0.09269
202.21478 -0.156410 0.09062
202.30759 -0.157675 0.08853
202.40039 -0.158911 0.08642
202.49319 -0.160119 0.08429
202.58599 -0.161299 0.08215
202.67879 -0.162451 0.07998
202.77159 -0.163573 0.07781
202.86440 -0.164667 0.07561
202.95720 -0.165731 0.07341
203.05000 -0.166765 0.07118
203.14280 -0.167770 0.06894
203.23560 -0.168745 0.06669
203.32840 -0.169690 0.06442
203.42121 -0.170605 0.06214
203.51401 -0.171490 0.05985
203.60681 -0.172343 0.05754
203.69961 -0.173166 0.05523
203.79241 -0.173958 0.05290
203.88521 -0.174719 0.05055
203.97802 -0.175449 0.04820
204.07082 -0.176147 0.04584
204.16362 -0.176813 0.04347
204.25642 -0.177448 0.04108
204.34922 -0.178051 0.03869
204.44202 -0.178623 0.03629
204.53483 -0.179162 0.03388
204.62763 -0.179669 0.03146
204.72043 -0.180143 0.02904
204.81323 -0.180586 0.02661
204.90603 -0.180996 0.02417
204.99883 -0.181373 0.02172
205.09164 -0.181717 0.01927
205.18444 -0.182029 0.01682
205.27724 -0.182308 0.01435
205.37004 -0.182555 0.01189
205.46284 -0.182768 0.00942
205.55564 -0.182948 0.00695
205.64845 -0.183096 0.00447
205.74125 -0.183210 0.00199
205.83405 -0.183291 -0.00049
205.92685 -0.183339 -0.00297
206.01965 -0.183354 -0.00546
206.11245 -0.183336 -0.00794
206.20526 -0.183284 -0.01043
206.29806 -0.183199 -0.01291
206.39086 -0.183082 -0.01540
206.48366 -0.182931 -0.01788
206.57646 -0.182746 -0.02036
206.66926 -0.182529 -0.02284
206.76207 -0.182279 -0.02532
206.85487 -0.181995 -0.02780
206.94767 -0.181679 -0.03027
207.04047 -0.181329 -0.03274
207.13327 -0.180947 -0.03520
207.22607 -0.180531 -0.03766
207.31888 -0.180083 -0.04012
207.41168 -0.179602 -0.04257
207.50448 -0.179089 -0.04501
207.59728 -0.178542 -0.04745
207.69008 -0.177964 -0.04988
207.78288 -0.177352 -0.05230
207.87569 -0.176709 -0.05472
207.96849 -0.176033 -0.05713
208.06129 -0.175325 -0.05953
208.15409 -0.174585 -0.06192
208.24689 -0.173814 -0.06430
208.33969 -0.173010 -0.06667
208.43250 -0.172175 -0.06903
208.52530 -0.171308 -0.07138
208.61810 -0.170411 -0.07372
208.71090 -0.169481 -0.07604
208.80370 -0.168521 -0.07836
208.89650 -0.167530 -0.08066
208.98930 -0.166509 -0.08295
209.08211 -0.165456 -0.08523
209.17491 -0.164374 -0.08749
209.26771 -0.163261 -0.08974
209.36051 -0.162119 -0.09197
209.45331 -0.160946 -0.09419
209.54611 -0.159744 -0.09640
209.63892 -0.158513 -0.09858
209.73172 -0.157252 -0.10076
209.82452 -0.155963 -0.10291
209.91732 -0.154645 -0.10505
210.01012 -0.153298 -0.10717
210.10292 -0.151923 -0.10927
210.19573 -0.150520 -0.11136
210.28853 -0.149090 -0.11343
210.38133 -0.147632 -0.11548
210.47413 -0.146146 -0.11750
210.56693 -0.144634 -0.11951
210.65973 -0.143095 -0.12150
210.75254 -0.141529 -0.12347
210.84534 -0.139937 -0.12542
210.93814 -0.138320 -0.12735
211.03094 -0.136676 -0.12925
211.12374 -0.135008 -0.13114
211.21654 -0.133314 -0.13300
211.30935 -0.131595 -0.13484
211.40215 -0.129853 -0.13666
211.49495 -0.128086 -0.13845
211.58775 -0.126295 -0.14022
211.68055 -0.124480 -0.14197
211.77335 -0.122643 -0.14369
211.86616 -0.120782 -0.14539
211.95896 -0.118899 -0.14706
212.05176 -0.116994 -0.14871
212.14456 -0.115067 -0.15033
212.23736 -0.113119 -0.15193
212.33016 -0.111149 -0.15350
212.42297 -0.109158 -0.15504
212.51577 -0.107147 -0.15656
212.60857 -0.105116 -0.15805
212.70137 -0.103065 -0.15952
212.79417 -0.100995 -0.16095
212.88697 -0.098906 -0.16236
212.97978 -0.096797 -0.16374
213.07258 -0.094671 -0.16510
213.16538 -0.092527 -0.16642
213.25818 -0.090365 -0.16772
213.35098 -0.088187 -0.16899
213.44378 -0.085991 -0.17022
213.53659 -0.083779 -0.17143
213.62939 -0.081551 -0.17261
213.72219 -0.079308 -0.17376
213.81499 -0.077049 -0.17488
213.90779 -0.074776 -0.17597
214.00059 -0.072488 -0.17703
214.09340 -0.070186 -0.17806
214.18620 -0.067871 -0.17906
214.27900 -0.065543 -0.18002
214.37180 -0.063202 -0.18096
214.46460 -0.060849 -0.18186
214.55740 -0.058483 -0.18273
214.65021 -0.056107 -0.18357
214.74301 -0.053719 -0.18438
214.83581 -0.051321 -0.18516
214.92861 -0.048913 -0.18590
215.02141 -0.046495 -0.18662
215.11421 -0.044067 -0.18730
215.20702 -0.041631 -0.18794
215.29982 -0.039186 -0.18856
215.39262 -0.036734 -0.18914
215.48542 -0.034273 -0.18969
215.57822 -0.031806 -0.19021
215.67102 -0.029332 -0.19069
215.76382 -0.026852 -0.19114
215.85663 -0.024366 -0.19155
215.94943 -0.021875 -0.19194
216.04223 -0.019379 -0.19229
216.13503 -0.016878 -0.19260
216.22783 -0.014374 -0.19289
216.32063 -0.011866 -0.19313
216.41344 -0.009355 -0.19335
216.50624 -0.006841 -0.19353
216.59904 -0.004325 -0.19368
216.69184 -0.001808 -0.19379
216.78464 0.000711 -0.19387
216.87744 0.003231 -0.19392
216.97025 0.005751 -0.19393
217.06305 0.008271 -0.19391
217.15585 0.010790 -0.19385
217.24865 0.013309 -0.19376
217.34145 0.015825 -0.19364
217.43425 0.018340 -0.19348
217.52706 0.020853 -0.19329
217.61986 0.023363 -0.19307
217.71266 0.025870 -0.19281
217.80546 0.028372 -0.19252
217.89826 0.030871 -0.19219
217.99106 0.033365 -0.19183
218.08387 0.035854 -0.19144
218.17667 0.038338 -0.19101
218.26947 0.040815 -0.19055
218.36227 0.043286 -0.19005
218.45507 0.045750 -0.18953
218.54787 0.048207 -0.18897
218.64068 0.050657 -0.18837
218.73348 0.053097 -0.18775
218.82628 0.055530 -0.18709
218.91908 0.057953 -0.18640
219.01188 0.060367 -0.18567
219.10468 0.062770 -0.18492
219.19749 0.065164 -0.18413
219.29029 0.067547 -0.18330
219.38309 0.069918 -0.18245
219.47589 0.072278 -0.18156
219.56869 0.074625 -0.18065
219.66149 0.076960 -0.17970
219.75430 0.079283 -0.17872
219.84710 0.081591 -0.17770
219.93990 0.083886 -0.17666
220.03270 0.086167 -0.17559
220.12550 0.088433 -0.17448
220.21830 0.090684 -0.17335
220.31111 0.092920 -0.17218
220.40391 0.095140 -0.17099
220.49671 0.097344 -0.16976
220.58951 0.099531 -0.16850
220.68231 0.101701 -0.16722
220.77511 0.103854 -0.16590
220.86792 0.105989 -0.16456
220.96072 0.108105 -0.16319
221.05352 0.110203 -0.16179
221.14632 0.112282 -0.16036
221.23912 0.114342 -0.15890
221.33192 0.116382 -0.15742
221.42473 0.118403 -0.15590
221.51753 0.120402 -0.15436
221.61033 0.122381 -0.15280
221.70313 0.124338 -0.15120
221.79593 0.126275 -0.14958
221.88873 0.128189 -0.14794
221.98154 0.130081 -0.14627
222.07434 0.131951 -0.14457
222.16714 0.133797 -0.14285
222.25994 0.135621 -0.14110
222.35274 0.137421 -0.13933
222.44554 0.139197 -0.13753
222.53834 0.140948 -0.13571
222.63115 0.142676 -0.13386
222.72395 0.144378 -0.13200
222.81675 0.146056 -0.13011
222.90955 0.147708 -0.12819
223.00235 0.149334 -0.12626
223.09515 0.150934 -0.12430
223.18796 0.152508 -0.12232
223.28076 0.154055 -0.12032
223.37356 0.155575 -0.11830
223.46636 0.157069 -0.11626
223.55916 0.158534 -0.11420
223.65196 0.159972 -0.11211
223.74477 0.161383 -0.11001
223.83757 0.162764 -0.10789
223.93037 0.164118 -0.10575
224.02317 0.165443 -0.10360
224.11597 0.166738 -0.10142
224.20877 0.168005 -0.09923
224.30158 0.169242 -0.09702
224.39438 0.170450 -0.09479
224.48718 0.171628 -0.09255
224.57998 0.172775 -0.09029
224.67278 0.173893 -0.08802
224.76558 0.174980 -0.08573
224.85839 0.176036 -0.08342
224.95119 0.177062 -0.08111
225.04399 0.178056 -0.07877
225.13679 0.179019 -0.07643
225.22959 0.179951 -0.07407
225.32239 0.180851 -0.07170
225.41520 0.181720 -0.06931
225.50800 0.182556 -0.06692
225.60080 0.183361 -0.06451
225.69360 0.184133 -0.06210
225.78640 0.184873 -0.05967
225.87920 0.185581 -0.05723
225.97201 0.186256 -0.05478
226.06481 0.186898 -0.05233
226.15761 0.187508 -0.04986
226.25041 0.188085 -0.04739
226.34321 0.188628 -0.04491
226.43601 0.189139 -0.04242
226.52882 0.189616 -0.03992
226.62162 0.190060 -0.03742
226.71442 0.190471 -0.03491
226.80722 0.190848 -0.03240
226.90002 0.191191 -0.02988
226.99282 0.191502 -0.02736
227.08563 0.191778 -0.02483
227.17843 0.192021 -0.02230
227.27123 0.192230 -0.01976
227.36403 0.192405 -0.01723
227.45683 0.192546 -0.01469
227.54963 0.192654 -0.01215
227.64244 0.192728 -0.00960
227.73524 0.192768 -0.00706
227.82804 0.192774 -0.00451
227.92084 0.192746 -0.00197
228.01364 0.192685 0.00058
228.10644 0.192589 0.00312
228.19925 0.192460 0.00566
228.29205 0.192297 0.00820
228.38485 0.192100 0.01074
228.47765 0.191870 0.01328
228.57045 0.191606 0.01581
228.66325 0.191308 0.01834
228.75606 0.190977 0.02086
228.84886 0.190612 0.02338
228.94166 0.190214 0.02590
229.03446 0.189782 0.02841
229.12726 0.189317 0.03091
229.22006 0.188819 0.03341
229.31286 0.188288 0.03590
229.40567 0.187724 0.03839
229.49847 0.187127 0.04086
229.59127 0.186497 0.04333
229.68407 0.185834 0.04579
229.77687 0.185139 0.04824
229.86967 0.184412 0.05068
229.96248 0.183652 0.05311
230.05528 0.182860 0.05554
230.14808 0.182036 0.05795
230.24088 0.181180 0.06035
230.33368 0.180293 0.06273
230.42648 0.179374 0.06511
230.51929 0.178424 0.06747
230.61209 0.177442 0.06982
230.70489 0.176430 0.07216
230.79769 0.175386 0.07449
230.89049 0.174312 0.07680
230.98329 0.173208 0.07909
231.07610 0.172073 0.08137
231.16890 0.170909 0.08364
231.26170 0.169714 0.08589
231.35450 0.168491 0.08812
231.44730 0.167237 0.09033
231.54010 0.165955 0.09253
231.63291 0.164644 0.09472
231.72571 0.163304 0.09688
231.81851 0.161935 0.09903
231.91131 0.160539 0.10115
232.00411 0.159115 0.10326
232.09691 0.157663 0.10535
232.18972 0.156183 0.10742
232.28252 0.154677 0.10947
232.37532 0.153144 0.11150
232.46812 0.151584 0.11351
232.56092 0.149998 0.11550
232.65372 0.148386 0.11746
232.74653 0.146748 0.11941
232.83933 0.145086 0.12133
232.93213 0.143398 0.12323
233.02493 0.141685 0.12511
233.11773 0.139948 0.12696
233.21053 0.138187 0.12879
233.30334 0.136401 0.13060
233.39614 0.134593 0.13238
233.48894 0.132761 0.13414
233.58174 0.130907 0.13587
233.67454 0.129030 0.13758
233.76734 0.127132 0.13926
233.86015 0.125211 0.14092
233.95295 0.123269 0.14255
234.04575 0.121306 0.14416
234.13855 0.119322 0.14573
234.23135 0.117318 0.14729
234.32415 0.115294 0.14881
234.41696 0.113250 0.15031
234.50976 0.111187 0.15178
234.60256 0.109106 0.15322
234.69536 0.107006 0.15463
234.78816 0.104888 0.15602
234.88096 0.102752 0.15737
234.97377 0.100599 0.15870
235.06657 0.098429 0.16000
235.15937 0.096242 0.16127
235.25217 0.094040 0.16250
235.34497 0.091822 0.16371
235.43777 0.089588 0.16489
235.53058 0.087340 0.16604
235.62338 0.085077 0.16716
235.71618 0.082800 0.16825
235.80898 0.080510 0.16931
235.90178 0.078206 0.17033
235.99458 0.075890 0.17133
236.08738 0.073561 0.17229
236.18019 0.071220 0.17323
236.27299 0.068868 0.17413
236.36579 0.066504 0.17500
236.45859 0.064130 0.17583
236.55139 0.061746 0.17664
236.64419 0.059353 0.17741
236.73700 0.056949 0.17815
236.82980 0.054537 0.17886
236.92260 0.052117 0.17954
237.01540 0.049688 0.18018
237.10820 0.047252 0.18079
237.20100 0.044809 0.18137
237.29381 0.042359 0.18191
237.38661 0.039903 0.18242
237.47941 0.037441 0.18290
237.57221 0.034974 0.18334
237.66501 0.032502 0.18375
237.75781 0.030025 0.18413
237.85062 0.027545 0.18448
237.94342 0.025061 0.18479
238.03622 0.022574 0.18506
238.12902 0.020084 0.18531
238.22182 0.017592 0.18552
238.31462 0.015099 0.18569
238.40743 0.012604 0.18584
238.50023 0.010109 0.18595
238.59303 0.007613 0.18602
238.68583 0.005118 0.18606
238.77863 0.002623 0.18607
238.87143 0.000129 0.18604
238.96424 -0.002364 0.18599
239.05704 -0.004854 0.18589
239.14984 -0.007342 0.18577
239.24264 -0.009827 0.18561
239.33544 -0.012309 0.18541
239.42824 -0.014787 0.18518
239.52105 -0.017261 0.18492
239.61385 -0.019730 0.18463
239.70665 -0.022194 0.18430
239.79945 -0.024653 0.18394
239.89225 -0.027105 0.18355
239.98505 -0.029551 0.18312
240.07786 -0.031990 0.18266
240.17066 -0.034422 0.18217
240.26346 -0.036846 0.18164
240.35626 -0.039261 0.18108
240.44906 -0.041668 0.18049
240.54186 -0.044066 0.17987
240.63467 -0.046454 0.17921
240.72747 -0.048832 0.17853
240.82027 -0.051200 0.17781
240.91307 -0.053557 0.17705
241.00587 -0.055903 0.17627
241.09867 -0.058236 0.17546
241.19148 -0.060558 0.17461
241.28428 -0.062867 0.17373
241.37708 -0.065163 0.17282
241.46988 -0.067446 0.17188
241.56268 -0.069715 0.17091
241.65548 -0.071970 0.16991
241.74829 -0.074210 0.16888
241.84109 -0.076435 0.16782
241.93389 -0.078644 0.16672
242.02669 -0.080838 0.16560
242.11949 -0.083015 0.16445
242.21229 -0.085176 0.16327
242.30510 -0.087319 0.16206
242.39790 -0.089446 0.16083
242.49070 -0.091554 0.15956
242.58350 -0.093644 0.15826
242.67630 -0.095716 0.15694
242.76910 -0.097768 0.15559
242.86190 -0.099802 0.15421
242.95471 -0.101815 0.15281
243.04751 -0.103809 0.15137
243.14031 -0.105782 0.14991
243.23311 -0.107734 0.14843
243.32591 -0.109665 0.14692
243.41871 -0.111575 0.14538
243.51152 -0.113463 0.14381
243.60432 -0.115329 0.14222
243.69712 -0.117172 0.14061
243.78992 -0.118992 0.13897
243.88272 -0.120789 0.13731
243.97552 -0.122563 0.13562
244.06833 -0.124313 0.13391
244.16113 -0.126039 0.13218
244.25393 -0.127740 0.13042
244.34673 -0.129416 0.12864
244.43953 -0.131068 0.12684
244.53233 -0.132694 0.12501
244.62514 -0.134295 0.12316
244.71794 -0.135869 0.12130
244.81074 -0.137417 0.11941
244.90354 -0.138939 0.11750
244.99634 -0.140434 0.11557
245.08914 -0.141902 0.11362
245.18195 -0.143343 0.11165
245.27475 -0.144757 0.10966
245.36755 -0.146142 0.10765
245.46035 -0.147500 0.10563
245.55315 -0.148829 0.10358
245.64595 -0.150129 0.10152
245.73876 -0.151401 0.09944
245.83156 -0.152644 0.09735
245.92436 -0.153858 0.09524
246.01716 -0.155042 0.09311
246.10996 -0.156197 0.09096
246.20276 -0.157321 0.08881
246.29557 -0.158416 0.08663
246.38837 -0.159481 0.08444
246.48117 -0.160515 0.08224
246.57397 -0.161519 0.08003
246.66677 -0.162491 0.07780
246.75957 -0.163433 0.07555
246.85238 -0.164344 0.07330
246.94518 -0.165224 0.07103
247.03798 -0.166072 0.06876
247.13078 -0.166888 0.06647
247.22358 -0.167673 0.06417
247.31638 -0.168426 0.06186
247.40919 -0.169147 0.05954
247.50199 -0.169836 0.05721
247.59479 -0.170493 0.05487
247.68759 -0.171117 0.05253
247.78039 -0.171709 0.05017
247.87319 -0.172269 0.04781
247.96600 -0.172796 0.04544
248.05880 -0.173290 0.04307
248.15160 -0.173752 0.04068
248.24440 -0.174180 0.03830
248.33720 -0.174576 0.03590
248.43000 -0.174938 0.03351
248.52281 -0.175268 0.03110
248.61561 -0.175565 0.02870
248.70841 -0.175828 0.02629
248.80121 -0.176058 0.02388
248.89401 -0.176256 0.02146
248.98681 -0.176419 0.01904
249.07962 -0.176550 0.01662
249.17242 -0.176647 0.01420
249.26522 -0.176711 0.01178
249.35802 -0.176742 0.00936
249.45082 -0.176740 0.00694
249.54362 -0.176704 0.00452
249.63643 -0.176635 0.00210
249.72923 -0.176533 -0.00032
249.82203 -0.176398 -0.00273
249.91483 -0.176229 -0.00515
250.00763 -0.176028 -0.00756
250.10043 -0.175793 -0.00997
250.19323 -0.175526 -0.01237
250.28604 -0.175225 -0.01477
250.37884 -0.174892 -0.01717
250.47164 -0.174526 -0.01956
250.56444 -0.174127 -0.02194
250.65724 -0.173695 -0.02432
250.75004 -0.173232 -0.02669
250.84285 -0.172735 -0.02906
250.93565 -0.172206 -0.03142
251.02845 -0.171645 -0.03377
251.12125 -0.171052 -0.03611
251.21405 -0.170427 -0.03844
251.30685 -0.169771 -0.04077
251.39966 -0.169082 -0.04308
251.49246 -0.168362 -0.04539
251.58526 -0.167610 -0.04768
251.67806 -0.166827 -0.04996
251.77086 -0.166013 -0.05224
251.86366 -0.165169 -0.05450
251.95647 -0.164293 -0.05675
252.04927 -0.163386 -0.05898
252.14207 -0.162450 -0.06120
252.23487 -0.161483 -0.06341
252.32767 -0.160486 -0.06561
252.42047 -0.159459 -0.06779
252.51328 -0.158402 -0.06996
252.60608 -0.157316 -0.07211
252.69888 -0.156201 -0.07425
252.79168 -0.155057 -0.07637
252.88448 -0.153884 -0.07847
252.97728 -0.152683 -0.08056
253.07009 -0.151453 -0.08263
253.16289 -0.150195 -0.08469
253.25569 -0.148909 -0.08672
253.34849 -0.147596 -0.08874
253.44129 -0.146255 -0.09074
253.53409 -0.144888 -0.09272
253.62690 -0.143493 -0.09468
253.71970 -0.142072 -0.09663
253.81250 -0.140625 -0.09855
253.90530 -0.139152 -0.10045
253.99810 -0.137653 -0.10233
254.09090 -0.136129 -0.10419
254.18371 -0.134579 -0.10603
254.27651 -0.133005 -0.10785
254.36931 -0.131406 -0.10964
254.46211 -0.129784 -0.11141
254.55491 -0.128137 -0.11316
254.64771 -0.126467 -0.11489
254.74052 -0.124774 -0.11659
254.83332 -0.123057 -0.11827
254.92612 -0.121319 -0.11993
255.01892 -0.119558 -0.12156
255.11172 -0.117775 -0.12317
255.20452 -0.115970 -0.12475
255.29733 -0.114145 -0.12630
255.39013 -0.112298 -0.12783
255.48293 -0.110431 -0.12934
255.57573 -0.108544 -0.13082
255.66853 -0.106638 -0.13227
255.76133 -0.104712 -0.13370
255.85414 -0.102766 -0.13510
255.94694 -0.100803 -0.13647
256.03974 -0.098821 -0.13781
256.13254 -0.096821 -0.13913
256.22534 -0.094803 -0.14042
256.31814 -0.092769 -0.14168
256.41095 -0.090717 -0.14291
256.50375 -0.088650 -0.14412
256.59655 -0.086566 -0.14529
256.68935 -0.084468 -0.14644
256.78215 -0.082353 -0.14756
256.87495 -0.080225 -0.14864
256.96775 -0.078082 -0.14970
257.06056 -0.075924 -0.15073
257.15336 -0.073754 -0.15173
257.24616 -0.071570 -0.15270
257.33896 -0.069374 -0.15363
257.43176 -0.067166 -0.15454
257.52456 -0.064946 -0.15542
257.61737 -0.062714 -0.15626
257.71017 -0.060472 -0.15708
257.80297 -0.058219 -0.15786
257.89577 -0.055956 -0.15861
257.98857 -0.053683 -0.15933
258.08137 -0.051401 -0.16002
258.17418 -0.049110 -0.16068
258.26698 -0.046811 -0.16130
258.35978 -0.044504 -0.16190
258.45258 -0.042190 -0.16246
258.54538 -0.039868 -0.16299
258.63818 -0.037540 -0.16348
258.73099 -0.035206 -0.16395
258.82379 -0.032866 -0.16438
258.91659 -0.030521 -0.16478
259.00939 -0.028172 -0.16515
259.10219 -0.025818 -0.16548
259.19499 -0.023460 -0.16578
259.28780 -0.021098 -0.16605
259.38060 -0.018734 -0.16629
259.47340 -0.016367 -0.16649
259.56620 -0.013998 -0.16666
259.65900 -0.011628 -0.16680
259.75180 -0.009256 -0.16690
259.84461 -0.006883 -0.16698
259.93741 -0.004511 -0.16701
260.03021 -0.002138 -0.16702
260.12301 0.000233 -0.16699
260.21581 0.002604 -0.16693
260.30861 0.004973 -0.16684
260.40142 0.007341 -0.16671
260.49422 0.009705 -0.16655
260.58702 0.012067 -0.16636
260.67982 0.014425 -0.16614
260.77262 0.016779 -0.16588
260.86542 0.019130 -0.16559
260.95823 0.021475 -0.16527
261.05103 0.023816 -0.16491
261.14383 0.026150 -0.16453
261.23663 0.028479 -0.16411
261.32943 0.030801 -0.16365
261.42223 0.033116 -0.16317
261.51504 0.035424 -0.16265
261.60784 0.037724 -0.16210
261.70064 0.040015 -0.16152
261.79344 0.042298 -0.16091
261.88624 0.044572 -0.16027
261.97904 0.046836 -0.15959
262.07185 0.049090 -0.15888
262.16465 0.051334 -0.15814
262.25745 0.053566 -0.15737
262.35025 0.055788 -0.15657
262.44305 0.057998 -0.15574
262.53585 0.060195 -0.15488
262.62866 0.062380 -0.15399
262.72146 0.064552 -0.15307
262.81426 0.066711 -0.15211
262.90706 0.068855 -0.15113
262.99986 0.070986 -0.15012
263.09266 0.073101 -0.14907
263.18547 0.075202 -0.14800
263.27827 0.077287 -0.14690
263.37107 0.079357 -0.14577
263.46387 0.081410 -0.14461
263.55667 0.083447 -0.14343
263.64947 0.085466 -0.14221
263.74227 0.087468 -0.14097
263.83508 0.089452 -0.13969
263.92788 0.091418 -0.13840
264.02068 0.093366 -0.13707
264.11348 0.095295 -0.13572
264.20628 0.097204 -0.13434
264.29908 0.099093 -0.13293
264.39189 0.100963 -0.13150
264.48469 0.102812 -0.13004
264.57749 0.104641 -0.12855
264.67029 0.106448 -0.12704
264.76309 0.108234 -0.12551
264.85589 0.109998 -0.12395
264.94870 0.111740 -0.12236
265.04150 0.113459 -0.12076
265.13430 0.115156 -0.11912
265.22710 0.116830 -0.11747
265.31990 0.118480 -0.11579
265.41270 0.120106 -0.11409
265.50551 0.121709 -0.11236
265.59831 0.123287 -0.11061
265.69111 0.124840 -0.10884
265.78391 0.126368 -0.10705
265.87671 0.127871 -0.10524
265.96951 0.129349 -0.10341
266.06232 0.130800 -0.10155
266.15512 0.132226 -0.09968
266.24792 0.133625 -0.09779
266.34072 0.134997 -0.09587
266.43352 0.136343 -0.09394
266.52632 0.137661 -0.09199
266.61913 0.138952 -0.09002
266.71193 0.140215 -0.08803
266.80473 0.141450 -0.08603
266.89753 0.142657 -0.08401
266.99033 0.143836 -0.08197
267.08313 0.144986 -0.07991
267.17594 0.146107 -0.07784
267.26874 0.147199 -0.07575
267.36154 0.148262 -0.07365
267.45434 0.149295 -0.07153
267.54714 0.150299 -0.06940
267.63994 0.151273 -0.06726
267.73275 0.152216 -0.06510
267.82555 0.153130 -0.06292
267.91835 0.154013 -0.06074
268.01115 0.154865 -0.05854
268.10395 0.155686 -0.05633
268.19675 0.156477 -0.05411
268.28956 0.157236 -0.05188
268.38236 0.157965 -0.04964
268.47516 0.158662 -0.04738
268.56796 0.159327 -0.04512
268.66076 0.159961 -0.04285
268.75356 0.160563 -0.04057
268.84637 0.161133 -0.03828
268.93917 0.161671 -0.03598
269.03197 0.162177 -0.03367
269.12477 0.162650 -0.03136
269.21757 0.163092 -0.02904
269.31037 0.163501 -0.02672
269.40318 0.163877 -0.02438
269.49598 0.164221 -0.02205
269.58878 0.164533 -0.01971
269.68158 0.164811 -0.01736
269.77438 0.165057 -0.01501
269.86718 0.165270 -0.01266
269.95999 0.165451 -0.01030
270.05279 0.165598 -0.00794
270.14559 0.165713 -0.00558
270.23839 0.165794 -0.00322
270.33119 0.165843 -0.00085
270.42399 0.165858 0.00152
270.51679 0.165841 0.00388
270.60960 0.165791 0.00625
270.70240 0.165708 0.00861
270.79520 0.165591 0.01098
270.88800 0.165442 0.01334
270.98080 0.165260 0.01570
271.07360 0.165045 0.01806
271.16641 0.164797 0.02042
271.25921 0.164517 0.02277
271.35201 0.164203 0.02512
271.44481 0.163857 0.02746
271.53761 0.163478 0.02980
271.63041 0.163067 0.03214
271.72322 0.162623 0.03447
271.81602 0.162147 0.03679
271.90882 0.161638 0.03911
272.00162 0.161098 0.04142
272.09442 0.160525 0.04372
272.18722 0.159920 0.04602
272.28003 0.159283 0.04830
272.37283 0.158614 0.05058
272.46563 0.157913 0.05285
272.55843 0.157181 0.05511
272.65123 0.156418 0.05736
272.74403 0.155623 0.05960
272.83684 0.154797 0.06183
272.92964 0.153940 0.06405
273.02244 0.153053 0.06625
273.11524 0.152134 0.06845
273.20804 0.151186 0.07063
273.30084 0.150206 0.07279
273.39365 0.149197 0.07495
273.48645 0.148158 0.07709
273.57925 0.147089 0.07922
273.67205 0.145990 0.08133
273.76485 0.144862 0.08343
273.85765 0.143705 0.08551
273.95046 0.142519 0.08757
274.04326 0.141305 0.08962
274.13606 0.140062 0.09166
274.22886 0.138790 0.09367
274.32166 0.137491 0.09567
274.41446 0.136164 0.09765
274.50727 0.134809 0.09961
274.60007 0.133427 0.10156
274.69287 0.132018 0.10348
274.78567 0.130583 0.10539
274.87847 0.129120 0.10727
274.97127 0.127632 0.10914
275.06408 0.126118 0.11098
275.15688 0.124578 0.11281
275.24968 0.123013 0.11461
275.34248 0.121423 0.11639
275.43528 0.119808 0.11815
275.52808 0.118168 0.11989
275.62089 0.116504 0.12161
275.71369 0.114817 0.12330
275.80649 0.113106 0.12497
275.89929 0.111372 0.12661
275.99209 0.109615 0.12824
276.08489 0.107836 0.12983
276.17770 0.106034 0.13141
276.27050 0.104211 0.13295
276.36330 0.102366 0.13448
276.45610 0.100500 0.13598
276.54890 0.098613 0.13745
276.64170 0.096705 0.13889
276.73451 0.094778 0.14031
276.82731 0.092830 0.14171
276.92011 0.090864 0.14307
277.01291 0.088878 0.14441
277.10571 0.086874 0.14572
277.19851 0.084852 0.14701
277.29131 0.082811 0.14826
277.38412 0.080754 0.14949
277.47692 0.078679 0.15069
277.56972 0.076587 0.15186
277.66252 0.074480 0.15300
277.75532 0.072356 0.15412
277.84812 0.070217 0.15520
277.94093 0.068062 0.15626
278.03373 0.065894 0.15728
278.12653 0.063710 0.15828
278.21933 0.061513 0.15924
278.31213 0.059303 0.16017
278.40493 0.057080 0.16108
278.49774 0.054843 0.16195
278.59054 0.052595 0.16279
278.68334 0.050335 0.16360
278.77614 0.048064 0.16438
278.86894 0.045782 0.16513
278.96174 0.043489 0.16585
279.05455 0.041186 0.16653
279.14735 0.038874 0.16719
279.24015 0.036553 0.16781
279.33295 0.034223 0.16840
279.42575 0.031885 0.16895
279.51855 0.029539 0.16948
279.61136 0.027185 0.16997
279.70416 0.024825 0.17043
279.79696 0.022458 0.17085
279.88976 0.020085 0.17125
279.98256 0.017707 0.17161
280.07536 0.015323 0.17194
280.16817 0.012935 0.17223
280.26097 0.010543 0.17249
280.35377 0.008146 0.17272
280.44657 0.005747 0.17292
280.53937 0.003345 0.17308
280.63217 0.000940 0.17321
280.72498 -0.001466 0.17331
280.81778 -0.003874 0.17337
280.91058 -0.006283 0.17340
281.00338 -0.008693 0.17339
281.09618 -0.011102 0.17336
281.18898 -0.013512 0.17328
281.28179 -0.015920 0.17318
281.37459 -0.018327 0.17304
281.46739 -0.020733 0.17287
281.56019 -0.023136 0.17266
281.65299 -0.025536 0.17243
281.74579 -0.027933 0.17215
281.83860 -0.030327 0.17185
281.93140 -0.032717 0.17151
282.02420 -0.035102 0.17114
282.11700 -0.037482 0.17074
282.20980 -0.039857 0.17030
282.30260 -0.042225 0.16983
282.39541 -0.044588 0.16932
282.48821 -0.046944 0.16879
282.58101 -0.049292 0.16822
282.67381 -0.051633 0.16761
282.76661 -0.053966 0.16698
282.85941 -0.056290 0.16631
282.95222 -0.058605 0.16561
283.04502 -0.060910 0.16488
283.13782 -0.063206 0.16412
283.23062 -0.065491 0.16332
283.32342 -0.067766 0.16249
283.41622 -0.070029 0.16163
283.50903 -0.072281 0.16074
283.60183 -0.074520 0.15982
283.69463 -0.076747 0.15887
283.78743 -0.078961 0.15788
283.88023 -0.081161 0.15687
283.97303 -0.083348 0.15582
284.06583 -0.085521 0.15474
284.15864 -0.087679 0.15364
284.25144 -0.089821 0.15250
284.34424 -0.091949 0.15133
284.43704 -0.094060 0.15013
284.52984 -0.096155 0.14891
284.62264 -0.098233 0.14765
284.71545 -0.100295 0.14637
284.80825 -0.102338 0.14505
284.90105 -0.104364 0.14371
284.99385 -0.106372 0.14234
285.08665 -0.108361 0.14094
285.17945 -0.110330 0.13951
285.27226 -0.112281 0.13806
285.36506 -0.114211 0.13658
285.45786 -0.116121 0.13507
285.55066 -0.118011 0.13353
285.64346 -0.119880 0.13197
285.73626 -0.121727 0.13038
285.82907 -0.123553 0.12876
285.92187 -0.125357 0.12712
286.01467 -0.127138 0.12546
286.10747 -0.128897 0.12377
286.20027 -0.130632 0.12205
286.29307 -0.132344 0.12031
286.38588 -0.134033 0.11855
286.47868 -0.135697 0.11676
286.57148 -0.137337 0.11495
286.66428 -0.138952 0.11311
286.75708 -0.140542 0.11125
286.84988 -0.142107 0.10937
286.94269 -0.143646 0.10747
287.03549 -0.145159 0.10555
287.12829 -0.146646 0.10360
287.22109 -0.148106 0.10163
287.31389 -0.149539 0.09964
287.40669 -0.150946 0.09764
287.49950 -0.152325 0.09561
287.59230 -0.153676 0.09356
287.68510 -0.154999 0.09149
287.77790 -0.156294 0.08941
287.87070 -0.157561 0.08730
287.96350 -0.158799 0.08518
288.05631 -0.160008 0.08304
288.14911 -0.161187 0.08088
288.24191 -0.162338 0.07871
288.33471 -0.163458 0.07652
288.42751 -0.164549 0.07431
288.52031 -0.165609 0.07209
288.61312 -0.166640 0.06985
288.70592 -0.167639 0.06760
288.79872 -0.168608 0.06533
288.89152 -0.169546 0.06305
288.98432 -0.170453 0.06075
289.07712 -0.171328 0.05844
289.16993 -0.172172 0.05612
289.26273 -0.172985 0.05379
289.35553 -0.173765 0.05144
289.44833 -0.174513 0.04909
289.54113 -0.175230 0.04672
289.63393 -0.175914 0.04434
289.72674 -0.176565 0.04195
289.81954 -0.177184 0.03955
289.91234 -0.177770 0.03714
290.00514 -0.178324 0.03473
290.09794 -0.178844 0.03230
290.19074 -0.179331 0.02987
290.28355 -0.179785 0.02743
290.37635 -0.180206 0.02498
290.46915 -0.180593 0.02253
290.56195 -0.180947 0.02007
290.65475 -0.181268 0.01760
290.74755 -0.181554 0.01513
290.84035 -0.181807 0.01265
290.93316 -0.182026 0.01017
291.02596 -0.182212 0.00769
291.11876 -0.182363 0.00520
291.21156 -0.182481 0.00271
291.30436 -0.182564 0.00022
291.39716 -0.182614 -0.00228
291.48997 -0.182630 -0.00478
291.58277 -0.182611 -0.00727
291.67557 -0.182559 -0.00977
291.76837 -0.182472 -0.01227
291.86117 -0.182351 -0.01477
291.95397 -0.182197 -0.01727
292.04678 -0.182008 -0.01976
292.13958 -0.181785 -0.02226
292.23238 -0.181528 -0.02475
292.32518 -0.181238 -0.02724
292.41798 -0.180913 -0.02972
292.51078 -0.180554 -0.03221
292.60359 -0.180162 -0.03468
292.69639 -0.179736 -0.03716
292.78919 -0.179276 -0.03963
292.88199 -0.178782 -0.04209
292.97479 -0.178255 -0.04455
293.06759 -0.177695 -0.04700
293.16040 -0.177101 -0.04944
293.25320 -0.176474 -0.05188
293.34600 -0.175813 -0.05431
293.43880 -0.175120 -0.05673
293.53160 -0.174393 -0.05914
293.62440 -0.173634 -0.06155
293.71721 -0.172841 -0.06394
293.81001 -0.172017 -0.06633
293.90281 -0.171160 -0.06870
293.99561 -0.170270 -0.07106
294.08841 -0.169349 -0.07341
294.18121 -0.168395 -0.07575
294.27402 -0.167409 -0.07808
294.36682 -0.166392 -0.08039
294.45962 -0.165344 -0.08270
294.55242 -0.164264 -0.08498
294.64522 -0.163153 -0.08726
294.73802 -0.162011 -0.08952
294.83083 -0.160838 -0.09176
294.92363 -0.159634 -0.09399
295.01643 -0.158401 -0.09621
295.10923 -0.157137 -0.09840
295.20203 -0.155843 -0.10058
295.29483 -0.154520 -0.10275
295.38764 -0.153167 -0.10490
295.48044 -0.151785 -0.10703
295.57324 -0.150375 -0.10914
295.66604 -0.148935 -0.11123
295.75884 -0.147467 -0.11330
295.85164 -0.145971 -0.11536
295.94445 -0.144447 -0.11739
296.03725 -0.142895 -0.11941
296.13005 -0.141316 -0.12140
296.22285 -0.139710 -0.12338
296.31565 -0.138077 -0.12533
296.40845 -0.136417 -0.12726
296.50126 -0.134731 -0.12917
296.59406 -0.133019 -0.13106
296.68686 -0.131282 -0.13292
296.77966 -0.129520 -0.13476
296.87246 -0.127732 -0.13658
296.96526 -0.125920 -0.13837
297.05807 -0.124083 -0.14014
297.15087 -0.122223 -0.14189
297.24367 -0.120339 -0.14361
297.33647 -0.118431 -0.14530
297.42927 -0.116501 -0.14697
297.52207 -0.114547 -0.14862
297.61487 -0.112572 -0.15024
297.70768 -0.110574 -0.15183
297.80048 -0.108556 -0.15340
297.89328 -0.106515 -0.15494
297.98608 -0.104454 -0.15645
298.07888 -0.102373 -0.15793
298.17168 -0.100272 -0.15939
298.26449 -0.098150 -0.16082
298.35729 -0.096010 -0.16222
298.45009 -0.093850 -0.16359
298.54289 -0.091672 -0.16493
298.63569 -0.089476 -0.16625
298.72849 -0.087262 -0.16753
298.82130 -0.085031 -0.16878
298.91410 -0.082782 -0.17001
299.00690 -0.080518 -0.17120
299.09970 -0.078237 -0.17237
299.19250 -0.075940 -0.17350
299.28530 -0.073628 -0.17461
299.37811 -0.071302 -0.17568
299.47091 -0.068960 -0.17672
299.56371 -0.066605 -0.17773
299.65651 -0.064237 -0.17871
299.74931 -0.061855 -0.17965
299.84211 -0.059460 -0.18057
299.93492 -0.057053 -0.18145
300.02772 -0.054634 -0.18230
300.12052 -0.052204 -0.18312
300.21332 -0.049763 -0.18390
300.30612 -0.047311 -0.18465
300.39892 -0.044850 -0.18537
300.49173 -0.042378 -0.18606
300.58453 -0.039898 -0.18671
300.67733 -0.037409 -0.18733
300.77013 -0.034912 -0.18792
300.86293 -0.032406 -0.18847
300.95573 -0.029894 -0.18899
301.04854 -0.027374 -0.18947
301.14134 -0.024849 -0.18993
301.23414 -0.022317 -0.19034
301.32694 -0.019780 -0.19073
301.41974 -0.017237 -0.19107
301.51254 -0.014691 -0.19139
301.60535 -0.012140 -0.19167
301.69815 -0.009585 -0.19192
301.79095 -0.007028 -0.19213
301.88375 -0.004467 -0.19230
301.97655 -0.001905 -0.19245
302.06935 0.000659 -0.19256
302.16216 0.003225 -0.19263
302.25496 0.005791 -0.19267
302.34776 0.008358 -0.19267
302.44056 0.010924 -0.19264
302.53336 0.013490 -0.19258
302.62616 0.016055 -0.19248
302.71897 0.018618 -0.19234
302.81177 0.021179 -0.19218
302.90457 0.023738 -0.19197
302.99737 0.026294 -0.19173
303.09017 0.028846 -0.19146
303.18297 0.031394 -0.19116
303.27578 0.033938 -0.19081
303.36858 0.036477 -0.19044
303.46138 0.039011 -0.19003
303.55418 0.041538 -0.18958
303.64698 0.044060 -0.18911
303.73978 0.046575 -0.18859
303.83259 0.049083 -0.18805
303.92539 0.051583 -0.18747
304.01819 0.054075 -0.18685
304.11099 0.056558 -0.18621
304.20379 0.059032 -0.18553
304.29659 0.061497 -0.18481
304.38939 0.063952 -0.18406
304.48220 0.066397 -0.18328
304.57500 0.068830 -0.18247
304.66780 0.071252 -0.18162
304.76060 0.073663 -0.18074
304.85340 0.076061 -0.17983
304.94620 0.078447 -0.17888
305.03901 0.080820 -0.17790
305.13181 0.083179 -0.17690
305.22461 0.085524 -0.17585
305.31741 0.087855 -0.17478
305.41021 0.090171 -0.17368
305.50301 0.092472 -0.17254
305.59582 0.094757 -0.17137
305.68862 0.097026 -0.17017
305.78142 0.099278 -0.16895
305.87422 0.101514 -0.16769
305.96702 0.103732 -0.16640
306.05982 0.105932 -0.16508
306.15263 0.108115 -0.16373
306.24543 0.110278 -0.16235
306.33823 0.112423 -0.16094
306.43103 0.114548 -0.15950
306.52383 0.116654 -0.15803
306.61663 0.118739 -0.15654
306.70944 0.120804 -0.15502
306.80224 0.122848 -0.15346
306.89504 0.124871 -0.15189
306.98784 0.126872 -0.15028
307.08064 0.128851 -0.14865
307.17344 0.130807 -0.14698
307.26625 0.132741 -0.14530
307.35905 0.134652 -0.14358
307.45185 0.136539 -0.14184
307.54465 0.138402 -0.14008
307.63745 0.140241 -0.13829
307.73025 0.142056 -0.13647
307.82306 0.143846 -0.13463
307.91586 0.145610 -0.13277
308.00866 0.147349 -0.13088
308.10146 0.149062 -0.12897
308.19426 0.150749 -0.12704
308.28706 0.152410 -0.12508
308.37987 0.154044 -0.12310
308.47267 0.155650 -0.12109
308.56547 0.157230 -0.11907
308.65827 0.158781 -0.11702
308.75107 0.160305 -0.11496
308.84387 0.161800 -0.11287
308.93668 0.163267 -0.11076
309.02948 0.164705 -0.10863
309.12228 0.166114 -0.10648
309.21508 0.167494 -0.10432
309.30788 0.168844 -0.10213
309.40068 0.170164 -0.09993
309.49349 0.171454 -0.09770
309.58629 0.172714 -0.09546
309.67909 0.173943 -0.09321
309.77189 0.175141 -0.09093
309.86469 0.176309 -0.08864
309.95749 0.177445 -0.08634
310.05030 0.178550 -0.08401
310.14310 0.179623 -0.08168
310.23590 0.180664 -0.07933
310.32870 0.181673 -0.07696
310.42150 0.182650 -0.07458
310.51430 0.183594 -0.07219
310.60711 0.184506 -0.06978
310.69991 0.185386 -0.06736
310.79271 0.186232 -0.06493
310.88551 0.187045 -0.06249
310.97831 0.187825 -0.06004
311.07111 0.188571 -0.05758
311.16391 0.189284 -0.05510
311.25672 0.189964 -0.05262
311.34952 0.190609 -0.05013
311.44232 0.191221 -0.04762
311.53512 0.191799 -0.04511
311.62792 0.192342 -0.04260
311.72072 0.192852 -0.04007
311.81353 0.193327 -0.03754
311.90633 0.193767 -0.03500
311.99913 0.194173 -0.03245
312.09193 0.194545 -0.02990
312.18473 0.194882 -0.02735
312.27753 0.195184 -0.02479
312.37034 0.195451 -0.02222
312.46314 0.195684 -0.01965
312.55594 0.195881 -0.01708
312.64874 0.196044 -0.01451
312.74154 0.196172 -0.01193
312.83434 0.196265 -0.00935
312.92715 0.196323 -0.00677
313.01995 0.196346 -0.00419
313.11275 0.196334 -0.00161
313.20555 0.196287 0.00098
313.29835 0.196205 0.00356
313.39115 0.196088 0.00614
313.48396 0.195936 0.00872
313.57676 0.195750 0.01129
313.66956 0.195528 0.01387
313.76236 0.195271 0.01644
313.85516 0.194980 0.01901
313.94796 0.194654 0.02157
314.04077 0.194293 0.02413
314.13357 0.193898 0.02669
314.22637 0.193468 0.02924
314.31917 0.193004 0.03178
314.41197 0.192505 0.03432
314.50477 0.191972 0.03685
314.59758 0.191405 0.03938
314.69038 0.190803 0.04189
314.78318 0.190168 0.04440
314.87598 0.189499 0.04690
314.96878 0.188796 0.04939
315.06158 0.188060 0.05188
315.15439 0.187290 0.05435
315.24719 0.186487 0.05681
315.33999 0.185650 0.05926
315.43279 0.184781 0.06170
315.52559 0.183878 0.06413
315.61839 0.182943 0.06655
315.71120 0.181976 0.06895
315.80400 0.180976 0.07134
315.89680 0.179944 0.07372
315.98960 0.178880 0.07608
316.08240 0.177784 0.07843
316.17520 0.176657 0.08077
316.26801 0.175498 0.08309
316.36081 0.174308 0.08539
316.45361 0.173087 0.08768
316.54641 0.171836 0.08995
316.63921 0.170554 0.09220
316.73201 0.169242 0.09444
316.82482 0.167900 0.09666
316.91762 0.166528 0.09886
317.01042 0.165126 0.10104
317.10322 0.163696 0.10321
317.19602 0.162236 0.10535
317.28882 0.160748 0.10748
317.38163 0.159231 0.10958
317.47443 0.157686 0.11167
317.56723 0.156114 0.11373
317.66003 0.154514 0.11578
317.75283 0.152886 0.11780
317.84563 0.151232 0.11980
317.93843 0.149551 0.12177
318.03124 0.147843 0.12373
318.12404 0.146110 0.12566
318.21684 0.144351 0.12757
318.30964 0.142567 0.12945
318.40244 0.140757 0.13131
318.49524 0.138923 0.13315
318.58805 0.137064 0.13496
318.68085 0.135182 0.13674
318.77365 0.133275 0.13850
318.86645 0.131346 0.14024
318.95925 0.129393 0.14195
319.05205 0.127418 0.14363
319.14486 0.125421 0.14529
319.23766 0.123402 0.14692
319.33046 0.121361 0.14852
319.42326 0.119299 0.15009
319.51606 0.117217 0.15164
319.60886 0.115114 0.15316
319.70167 0.112991 0.15465
319.79447 0.110849 0.15611
319.88727 0.108687 0.15754
319.98007 0.106507 0.15894
320.07287 0.104309 0.16032
320.16567 0.102092 0.16166
320.25848 0.099858 0.16298
320.35128 0.097607 0.16426
320.44408 0.095339 0.16551
320.53688 0.093055 0.16674
320.62968 0.090755 0.16793
320.72248 0.088440 0.16909
320.81529 0.086109 0.17022
320.90809 0.083764 0.17132
321.00089 0.081405 0.17239
321.09369 0.079033 0.17342
321.18649 0.076647 0.17442
321.27929 0.074248 0.17539
321.37210 0.071837 0.17633
321.46490 0.069414 0.17724
321.55770 0.066979 0.17811
321.65050 0.064534 0.17895
321.74330 0.062078 0.17976
321.83610 0.059612 0.18053
321.92891 0.057136 0.18127
322.02171 0.054651 0.18198
322.11451 0.052157 0.18266
322.20731 0.049655 0.18330
322.30011 0.047145 0.18390
322.39291 0.044628 0.18448
322.48572 0.042104 0.18501
322.57852 0.039574 0.18552
322.67132 0.037038 0.18599
322.76412 0.034496 0.18643
322.85692 0.031950 0.18683
322.94972 0.029398 0.18720
323.04253 0.026843 0.18753
323.13533 0.024284 0.18783
323.22813 0.021722 0.18809
323.32093 0.019158 0.18832
323.41373 0.016591 0.18852
323.50653 0.014023 0.18868
323.59934 0.011454 0.18880
323.69214 0.008884 0.18890
323.78494 0.006313 0.18895
323.87774 0.003743 0.18898
323.97054 0.001174 0.18896
324.06334 -0.001394 0.18892
324.15615 -0.003961 0.18883
324.24895 -0.006525 0.18872
324.34175 -0.009087 0.18857
324.43455 -0.011646 0.18838
324.52735 -0.014201 0.18816
324.62015 -0.016752 0.18791
324.71296 -0.019298 0.18762
324.80576 -0.021840 0.18729
324.89856 -0.024376 0.18694
324.99136 -0.026906 0.18655
325.08416 -0.029430 0.18612
325.17696 -0.031946 0.18566
325.26976 -0.034456 0.18517
325.36257 -0.036958 0.18464
325.45537 -0.039451 0.18408
325.54817 -0.041936 0.18348
325.64097 -0.044411 0.18286
325.73377 -0.046877 0.18219
325.82657 -0.049333 0.18150
325.91938 -0.051778 0.18077
326.01218 -0.054212 0.18001
326.10498 -0.056635 0.17922
326.19778 -0.059046 0.17839
326.29058 -0.061444 0.17754
326.38338 -0.063830 0.17665
326.47619 -0.066203 0.17572
326.56899 -0.068561 0.17477
326.66179 -0.070906 0.17378
326.75459 -0.073236 0.17277
326.84739 -0.075551 0.17172
326.94019 -0.077851 0.17064
327.03300 -0.080135 0.16953
327.12580 -0.082403 0.16838
327.21860 -0.084654 0.16721
327.31140 -0.086888 0.16601
327.40420 -0.089105 0.16478
327.49700 -0.091303 0.16352
327.58981 -0.093484 0.16222
327.68261 -0.095646 0.16090
327.77541 -0.097788 0.15955
327.86821 -0.099911 0.15818
327.96101 -0.102014 0.15677
328.05381 -0.104097 0.15533
328.14662 -0.106160 0.15387
328.23942 -0.108201 0.15238
328.33222 -0.110221 0.15086
328.42502 -0.112219 0.14932
328.51782 -0.114194 0.14775
328.61062 -0.116148 0.14615
328.70343 -0.118079 0.14453
328.79623 -0.119986 0.14288
328.88903 -0.121870 0.14120
328.98183 -0.123729 0.13950
329.07463 -0.125565 0.13777
329.16743 -0.127376 0.13602
329.26024 -0.129162 0.13425
329.35304 -0.130923 0.13245
329.44584 -0.132658 0.13063
329.53864 -0.134368 0.12879
329.63144 -0.136051 0.12692
329.72424 -0.137707 0.12503
329.81705 -0.139337 0.12312
329.90985 -0.140940 0.12119
330.00265 -0.142516 0.11923
330.09545 -0.144063 0.11726
330.18825 -0.145583 0.11526
330.28105 -0.147074 0.11324
330.37386 -0.148538 0.11121
330.46666 -0.149972 0.10915
330.55946 -0.151377 0.10708
330.65226 -0.152753 0.10499
330.74506 -0.154099 0.10287
330.83786 -0.155416 0.10075
330.93067 -0.156703 0.09860
331.02347 -0.157959 0.09644
331.11627 -0.159185 0.09426
331.20907 -0.160380 0.09206
331.30187 -0.161544 0.08985
331.39467 -0.162678 0.08762
331.48748 -0.163780 0.08538
331.58028 -0.164850 0.08312
331.67308 -0.165889 0.08085
331.76588 -0.166895 0.07857
331.85868 -0.167870 0.07627
331.95148 -0.168813 0.07397
332.04428 -0.169723 0.07164
332.13709 -0.170600 0.06931
332.22989 -0.171445 0.06697
332.32269 -0.172257 0.06461
332.41549 -0.173036 0.06224
332.50829 -0.173782 0.05987
332.60109 -0.174495 0.05748
332.69390 -0.175174 0.05509
332.78670 -0.175819 0.05268
332.87950 -0.176431 0.05027
332.97230 -0.177010 0.04785
333.06510 -0.177554 0.04543
333.15790 -0.178065 0.04299
333.25071 -0.178542 0.04055
333.34351 -0.178984 0.03811
333.43631 -0.179393 0.03566
333.52911 -0.179767 0.03320
333.62191 -0.180107 0.03074
333.71471 -0.180412 0.02828
333.80752 -0.180684 0.02581
333.90032 -0.180921 0.02334
333.99312 -0.181123 0.02087
334.08592 -0.181291 0.01839
334.17872 -0.181425 0.01592
334.27152 -0.181524 0.01344
334.36433 -0.181588 0.01096
334.45713 -0.181619 0.00848
334.54993 -0.181614 0.00600
334.64273 -0.181575 0.00352
334.73553 -0.181502 0.00105
334.82833 -0.181394 -0.00143
334.92114 -0.181252 -0.00390
335.01394 -0.181076 -0.00637
335.10674 -0.180865 -0.00884
335.19954 -0.180620 -0.01130
335.29234 -0.180341 -0.01376
335.38514 -0.180028 -0.01622
335.47795 -0.179680 -0.01867
335.57075 -0.179299 -0.02111
335.66355 -0.178884 -0.02355
335.75635 -0.178435 -0.02598
335.84915 -0.177952 -0.02841
335.94195 -0.177436 -0.03082
336.03476 -0.176886 -0.03323
336.12756 -0.176303 -0.03564
336.22036 -0.175687 -0.03803
336.31316 -0.175037 -0.04041
336.40596 -0.174355 -0.04279
336.49876 -0.173640 -0.04515
336.59157 -0.172892 -0.04751
336.68437 -0.172111 -0.04985
336.77717 -0.171299 -0.05218
336.86997 -0.170454 -0.05450
336.96277 -0.169577 -0.05681
337.05557 -0.168668 -0.05910
337.14838 -0.167727 -0.06139
337.24118 -0.166755 -0.06365
337.33398 -0.165752 -0.06591
337.42678 -0.164718 -0.06815
337.51958 -0.163653 -0.07037
337.61238 -0.162557 -0.07258
337.70519 -0.161431 -0.07478
337.79799 -0.160274 -0.07695
337.89079 -0.159088 -0.07912
337.98359 -0.157872 -0.08126
338.07639 -0.156626 -0.08339
338.16919 -0.155351 -0.08550
338.26200 -0.154048 -0.08759
338.35480 -0.152715 -0.08966
338.44760 -0.151354 -0.09171
338.54040 -0.149965 -0.09375
338.63320 -0.148548 -0.09576
338.72600 -0.147104 -0.09776
338.81880 -0.145632 -0.09973
338.91161 -0.144133 -0.10168
339.00441 -0.142607 -0.10362
339.09721 -0.141055 -0.10553
339.19001 -0.139477 -0.10742
339.28281 -0.137873 -0.10928
339.37561 -0.136243 -0.11113
339.46842 -0.134589 -0.11295
339.56122 -0.132909 -0.11474
339.65402 -0.131205 -0.11652
339.74682 -0.129477 -0.11827
339.83962 -0.127725 -0.11999
339.93242 -0.125949 -0.12169
340.02523 -0.124150 -0.12337
340.11803 -0.122329 -0.12502
340.21083 -0.120485 -0.12664
340.30363 -0.118619 -0.12824
340.39643 -0.116731 -0.12981
340.48923 -0.114822 -0.13136
340.58204 -0.112892 -0.13288
340.67484 -0.110942 -0.13437
340.76764 -0.108971 -0.13584
340.86044 -0.106981 -0.13727
340.95324 -0.104971 -0.13868
341.04604 -0.102942 -0.14006
341.13885 -0.100894 -0.14142
341.23165 -0.098828 -0.14274
341.32445 -0.096745 -0.14403
341.41725 -0.094644 -0.14530
341.51005 -0.092526 -0.14654
341.60285 -0.090392 -0.14774
341.69566 -0.088241 -0.14892
341.78846 -0.086074 -0.15007
341.88126 -0.083893 -0.15118
341.97406 -0.081696 -0.15227
342.06686 -0.079485 -0.15332
342.15966 -0.077260 -0.15435
342.25247 -0.075021 -0.15534
342.34527 -0.072769 -0.15630
342.43807 -0.070505 -0.15723
342.53087 -0.068228 -0.15813
342.62367 -0.065939 -0.15900
342.71647 -0.063639 -0.15983
342.80928 -0.061328 -0.16064
342.90208 -0.059007 -0.16141
342.99488 -0.056676 -0.16215
343.08768 -0.054335 -0.16285
343.18048 -0.051985 -0.16352
343.27328 -0.049626 -0.16416
343.36609 -0.047259 -0.16477
343.45889 -0.044884 -0.16535
343.55169 -0.042502 -0.16589
343.64449 -0.040114 -0.16639
343.73729 -0.037719 -0.16687
343.83009 -0.035318 -0.16731
343.92290 -0.032911 -0.16772
344.01570 -0.030500 -0.16809
344.10850 -0.028085 -0.16843
344.20130 -0.025665 -0.16874
344.29410 -0.023242 -0.16901
344.38690 -0.020816 -0.16925
344.47971 -0.018387 -0.16946
344.57251 -0.015956 -0.16963
344.66531 -0.013523 -0.16977
344.75811 -0.011090 -0.16987
344.85091 -0.008656 -0.16994
344.94371 -0.006221 -0.16998
345.03652 -0.003787 -0.16998
345.12932 -0.001353 -0.16995
345.22212 0.001079 -0.16988
345.31492 0.003510 -0.16978
345.40772 0.005938 -0.16965
345.50052 0.008364 -0.16948
345.59332 0.010786 -0.16928
345.68613 0.013205 -0.16905
345.77893 0.015620 -0.16878
345.87173 0.018031 -0.16848
345.96453 0.020436 -0.16814
346.05733 0.022836 -0.16777
346.15013 0.025230 -0.16737
346.24294 0.027618 -0.16693
346.33574 0.029999 -0.16646
346.42854 0.032372 -0.16596
346.52134 0.034738 -0.16543
346.61414 0.037095 -0.16486
346.70694 0.039444 -0.16426
346.79975 0.041784 -0.16363
346.89255 0.044114 -0.16296
346.98535 0.046434 -0.16226
347.07815 0.048743 -0.16153
347.17095 0.051041 -0.16077
347.26375 0.053328 -0.15998
347.35656 0.055604 -0.15915
347.44936 0.057866 -0.15829
347.54216 0.060116 -0.15740
347.63496 0.062353 -0.15648
347.72776 0.064576 -0.15553
347.82056 0.066785 -0.15455
347.91337 0.068980 -0.15353
348.00617 0.071160 -0.15249
348.09897 0.073324 -0.15142
348.19177 0.075473 -0.15031
348.28457 0.077606 -0.14918
348.37737 0.079721 -0.14802
348.47018 0.081821 -0.14682
348.56298 0.083902 -0.14560
348.65578 0.085966 -0.14435
348.74858 0.088011 -0.14307
348.84138 0.090038 -0.14176
348.93418 0.092046 -0.14042
349.02699 0.094034 -0.13906
349.11979 0.096003 -0.13767
349.21259 0.097951 -0.13625
349.30539 0.099879 -0.13480
349.39819 0.101786 -0.13333
349.49099 0.103672 -0.13183
349.58380 0.105536 -0.13031
349.67660 0.107378 -0.12875
349.76940 0.109197 -0.12718
349.86220 0.110994 -0.12558
349.95500 0.112768 -0.12395
350.04780 0.114518 -0.12230
350.14061 0.116245 -0.12062
350.23341 0.117947 -0.11892
350.32621 0.119625 -0.11720
350.41901 0.121279 -0.11545
350.51181 0.122907 -0.11368
350.60461 0.124509 -0.11189
350.69742 0.126086 -0.11007
350.79022 0.127637 -0.10823
350.88302 0.129162 -0.10638
350.97582 0.130660 -0.10450
351.06862 0.132131 -0.10260
351.16142 0.133575 -0.10068
351.25423 0.134991 -0.09874
351.34703 0.136380 -0.09678
351.43983 0.137740 -0.09480
351.53263 0.139073 -0.09280
351.62543 0.140376 -0.09078
351.71823 0.141651 -0.08875
351.81104 0.142897 -0.08669
351.90384 0.144113 -0.08462
351.99664 0.145300 -0.08254
352.08944 0.146457 -0.08043
352.18224 0.147585 -0.07831
352.27504 0.148681 -0.07618
352.36784 0.149748 -0.07403
352.46065 0.150784 -0.07186
352.55345 0.151789 -0.06968
352.64625 0.152763 -0.06749
352.73905 0.153705 -0.06528
352.83185 0.154617 -0.06306
352.92465 0.155496 -0.06083
353.01746 0.156344 -0.05859
353.11026 0.157160 -0.05633
353.20306 0.157944 -0.05406
353.29586 0.158695 -0.05178
353.38866 0.159415 -0.04950
353.48146 0.160101 -0.04720
353.57427 0.160755 -0.04489
353.66707 0.161376 -0.04257
353.75987 0.161964 -0.04024
353.85267 0.162520 -0.03791
353.94547 0.163041 -0.03557
354.03827 0.163530 -0.03322
354.13108 0.163986 -0.03086
354.22388 0.164408 -0.02850
354.31668 0.164796 -0.02613
354.40948 0.165151 -0.02376
354.50228 0.165472 -0.02138
354.59508 0.165759 -0.01900
354.68789 0.166013 -0.01661
354.78069 0.166232 -0.01422
354.87349 0.166418 -0.01183
354.96629 0.166570 -0.00943
355.05909 0.166688 -0.00703
355.15189 0.166772 -0.00464
355.24470 0.166822 -0.00223
355.33750 0.166838 0.00017
355.43030 0.166820 0.00257
355.52310 0.166768 0.00497
355.61590 0.166681 0.00737
355.70870 0.166561 0.00977
355.80151 0.166407 0.01217
355.89431 0.166219 0.01456
355.98711 0.165997 0.01695
356.07991 0.165741 0.01934
356.17271 0.165451 0.02173
356.26551 0.165128 0.02411
356.35832 0.164771 0.02649
356.45112 0.164380 0.02886
356.54392 0.163956 0.03123
356.63672 0.163498 0.03359
356.72952 0.163006 0.03594
356.82232 0.162482 0.03829
356.91513 0.161924 0.04063
357.00793 0.161333 0.04297
357.10073 0.160709 0.04529
357.19353 0.160052 0.04761
357.28633 0.159363 0.04991
357.37913 0.158641 0.05221
357.47194 0.157886 0.05450
357.56474 0.157099 0.05677
357.65754 0.156280 0.05904
357.75034 0.155429 0.06129
357.84314 0.154546 0.06353
357.93594 0.153631 0.06576
358.02875 0.152685 0.06798
358.12155 0.151708 0.07018
358.21435 0.150699 0.07237
358.30715 0.149660 0.07455
358.39995 0.148589 0.07671
358.49275 0.147488 0.07886
358.58556 0.146357 0.08099
358.67836 0.145196 0.08311
358.77116 0.144005 0.08521
358.86396 0.142784 0.08729
358.95676 0.141534 0.08935
359.04956 0.140254 0.09140
359.14236 0.138946 0.09343
359.23517 0.137609 0.09545
359.32797 0.136243 0.09744
359.42077 0.134850 0.09941
359.51357 0.133428 0.10137
359.60637 0.131979 0.10331
359.69917 0.130503 0.10522
359.79198 0.128999 0.10712
359.88478 0.127469 0.10899
359.97758 0.125912 0.11084
360.07038 0.124330 0.11267
360.16318 0.122721 0.11448
360.25598 0.121087 0.11627
360.34879 0.119427 0.11803
360.44159 0.117743 0.11977
360.53439 0.116034 0.12149
360.62719 0.114301 0.12318
360.71999 0.112544 0.12485
360.81279 0.110763 0.12650
360.90560 0.108959 0.12812
360.99840 0.107133 0.12971
361.09120 0.105283 0.13128
361.18400 0.103412 0.13282
361.27680 0.101519 0.13434
361.36960 0.099604 0.13583
361.46241 0.097669 0.13730
361.55521 0.095712 0.13873
361.64801 0.093736 0.14014
361.74081 0.091739 0.14153
361.83361 0.089723 0.14288
361.92641 0.087688 0.14421
362.01922 0.085634 0.14551
362.11202 0.083562 0.14677
362.20482 0.081472 0.14802
362.29762 0.079364 0.14923
362.39042 0.077239 0.15041
362.48322 0.075098 0.15156
362.57603 0.072940 0.15268
362.66883 0.070766 0.15378
362.76163 0.068577 0.15484
362.85443 0.066373 0.15587
362.94723 0.064154 0.15687
363.04003 0.061921 0.15784
363.13284 0.059675 0.15878
363.22564 0.057415 0.15969
363.31844 0.055142 0.16056
363.41124 0.052857 0.16141
363.50404 0.050560 0.16222
363.59684 0.048251 0.16300
363.68965 0.045931 0.16375
363.78245 0.043601 0.16446
363.87525 0.041261 0.16515
363.96805 0.038911 0.16580
364.06085 0.036551 0.16642
364.15365 0.034183 0.16700
364.24646 0.031807 0.16755
364.33926 0.029422 0.16807
364.43206 0.027031 0.16856
364.52486 0.024632 0.16901
364.61766 0.022227 0.16943
364.71046 0.019816 0.16981
364.80327 0.017400 0.17016
364.89607 0.014978 0.17048
364.98887 0.012552 0.17076
365.08167 0.010122 0.17101
365.17447 0.007688 0.17123
365.26727 0.005251 0.17141
365.36008 0.002812 0.17156
365.45288 0.000370 0.17167
365.54568 -0.002073 0.17175
365.63848 -0.004518 0.17179
365.73128 -0.006963 0.17180
365.82408 -0.009409 0.17178
365.91688 -0.011854 0.17172
366.00969 -0.014299 0.17163
366.10249 -0.016743 0.17150
366.19529 -0.019185 0.17134
366.28809 -0.021624 0.17115
366.38089 -0.024061 0.17092
366.47369 -0.026496 0.17066
366.56650 -0.028926 0.17036
366.65930 -0.031353 0.17003
366.75210 -0.033774 0.16967
366.84490 -0.036191 0.16927
366.93770 -0.038603 0.16884
367.03050 -0.041008 0.16837
367.12331 -0.043407 0.16787
367.21611 -0.045800 0.16734
367.30891 -0.048184 0.16677
367.40171 -0.050561 0.16617
367.49451 -0.052930 0.16553
367.58731 -0.055290 0.16487
367.68012 -0.057640 0.16417
367.77292 -0.059981 0.16343
367.86572 -0.062312 0.16267
367.95852 -0.064632 0.16187
368.05132 -0.066941 0.16104
368.14412 -0.069239 0.16017
368.23693 -0.071524 0.15928
368.32973 -0.073798 0.15835
368.42253 -0.076058 0.15739
368.51533 -0.078305 0.15640
368.60813 -0.080538 0.15537
368.70093 -0.082756 0.15432
368.79374 -0.084961 0.15323
368.88654 -0.087150 0.15211
368.97934 -0.089323 0.15097
369.07214 -0.091481 0.14979
369.16494 -0.093622 0.14858
369.25774 -0.095746 0.14734
369.35055 -0.097854 0.14607
369.44335 -0.099943 0.14477
369.53615 -0.102015 0.14345
369.62895 -0.104068 0.14209
369.72175 -0.106102 0.14070
369.81455 -0.108116 0.13929
369.90736 -0.110111 0.13784
370.00016 -0.112086 0.13637
370.09296 -0.114041 0.13487
370.18576 -0.115974 0.13335
370.27856 -0.117887 0.13179
370.37136 -0.119777 0.13021
370.46417 -0.121646 0.12860
370.55697 -0.123492 0.12697
370.64977 -0.125315 0.12531
370.74257 -0.127116 0.12362
370.83537 -0.128893 0.12191
370.92817 -0.130645 0.12017
371.02098 -0.132374 0.11841
371.11378 -0.134078 0.11662
371.20658 -0.135758 0.11481
371.29938 -0.137412 0.11298
371.39218 -0.139040 0.11112
371.48498 -0.140643 0.10924
371.57779 -0.142219 0.10733
371.67059 -0.143769 0.10541
371.76339 -0.145292 0.10346
371.85619 -0.146788 0.10149
371.94899 -0.148256 0.09950
372.04179 -0.149697 0.09748
372.13460 -0.151109 0.09545
372.22740 -0.152493 0.09340
372.32020 -0.153849 0.09132
372.41300 -0.155176 0.08923
372.50580 -0.156473 0.08712
372.59860 -0.157741 0.08499
372.69140 -0.158979 0.08284
372.78421 -0.160188 0.08067
372.87701 -0.161366 0.07849
372.96981 -0.162514 0.07629
373.06261 -0.163631 0.07407
373.15541 -0.164717 0.07184
373.24821 -0.165772 0.06959
373.34102 -0.166795 0.06733
373.43382 -0.167787 0.06505
373.52662 -0.168748 0.06275
373.61942 -0.169676 0.06045
373.71222 -0.170572 0.05812
373.80502 -0.171436 0.05579
373.89783 -0.172267 0.05344
373.99063 -0.173065 0.05108
374.08343 -0.173831 0.04871
374.17623 -0.174563 0.04633
374.26903 -0.175262 0.04394
374.36183 -0.175928 0.04153
374.45464 -0.176561 0.03912
374.54744 -0.177159 0.03670
374.64024 -0.177724 0.03426
374.73304 -0.178255 0.03182
374.82584 -0.178752 0.02937
374.91864 -0.179215 0.02692
375.01145 -0.179644 0.02445
375.10425 -0.180038 0.02198
375.19705 -0.180397 0.01951
375.28985 -0.180723 0.01703
375.38265 -0.181013 0.01454
375.47545 -0.181269 0.01205
375.56826 -0.181490 0.00955
375.66106 -0.181676 0.00705
375.75386 -0.181828 0.00454
375.84666 -0.181944 0.00204
375.93946 -0.182026 -0.00047
376.03226 -0.182072 -0.00298
376.12507 -0.182084 -0.00550
376.21787 -0.182060 -0.00801
376.31067 -0.182002 -0.01052
376.40347 -0.181908 -0.01304
376.49627 -0.181780 -0.01555
376.58907 -0.181616 -0.01806
376.68188 -0.181417 -0.02057
376.77468 -0.181183 -0.02308
376.86748 -0.180914 -0.02559
376.96028 -0.180611 -0.02809
377.05308 -0.180272 -0.03059
377.14588 -0.179898 -0.03309
377.23869 -0.179490 -0.03558
377.33149 -0.179047 -0.03807
377.42429 -0.178569 -0.04055
377.51709 -0.178057 -0.04303
377.60989 -0.177510 -0.04550
377.70269 -0.176928 -0.04796
377.79550 -0.176312 -0.05042
377.88830 -0.175662 -0.05286
377.98110 -0.174978 -0.05530
378.07390 -0.174260 -0.05774
378.16670 -0.173508 -0.06016
378.25950 -0.172722 -0.06257
378.35231 -0.171903 -0.06497
378.44511 -0.171050 -0.06737
378.53791 -0.170163 -0.06975
378.63071 -0.169243 -0.07212
378.72351 -0.168291 -0.07447
378.81631 -0.167305 -0.07682
378.90912 -0.166287 -0.07915
379.00192 -0.165236 -0.08147
379.09472 -0.164153 -0.08378
379.18752 -0.163038 -0.08607
379.28032 -0.161890 -0.08835
379.37312 -0.160711 -0.09061
379.46592 -0.159501 -0.09286
379.55873 -0.158259 -0.09509
379.65153 -0.156985 -0.09730
379.74433 -0.155682 -0.09950
379.83713 -0.154347 -0.10168
379.92993 -0.152982 -0.10384
380.02273 -0.151587 -0.10599
380.11554 -0.150161 -0.10811
380.20834 -0.148707 -0.11022
380.30114 -0.147223 -0.11231
380.39394 -0.145709 -0.11438
380.48674 -0.144167 -0.11643
380.57954 -0.142596 -0.11845
380.67235 -0.140997 -0.12046
380.76515 -0.139370 -0.12245
380.85795 -0.137715 -0.12441
380.95075 -0.136033 -0.12635
381.04355 -0.134324 -0.12827
381.13635 -0.132588 -0.13017
381.22916 -0.130825 -0.13204
381.32196 -0.129037 -0.13389
381.41476 -0.127222 -0.13572
381.50756 -0.125383 -0.13752
381.60036 -0.123518 -0.13930
381.69316 -0.121628 -0.14105
381.78597 -0.119713 -0.14278
381.87877 -0.117775 -0.14448
381.97157 -0.115813 -0.14616
382.06437 -0.113827 -0.14781
382.15717 -0.111819 -0.14943
382.24997 -0.109787 -0.15103
382.34278 -0.107734 -0.15259
382.43558 -0.105659 -0.15413
382.52838 -0.103562 -0.15565
382.62118 -0.101444 -0.15713
382.71398 -0.099305 -0.15859
382.80678 -0.097146 -0.16002
382.89959 -0.094967 -0.16142
382.99239 -0.092768 -0.16278
383.08519 -0.090551 -0.16412
383.17799 -0.088314 -0.16543
383.27079 -0.086060 -0.16671
383.36359 -0.083787 -0.16796
383.45640 -0.081497 -0.16918
383.54920 -0.079190 -0.17037
383.64200 -0.076867 -0.17153
383.73480 -0.074527 -0.17265
383.82760 -0.072172 -0.17375
383.92040 -0.069801 -0.17481
384.01321 -0.067415 -0.17584
384.10601 -0.065015 -0.17684
384.19881 -0.062602 -0.17780
384.29161 -0.060174 -0.17873
384.38441 -0.057734 -0.17963
384.47721 -0.055281 -0.18050
384.57002 -0.052816 -0.18133
384.66282 -0.050339 -0.18214
384.75562 -0.047851 -0.18290
384.84842 -0.045352 -0.18364
384.94122 -0.042843 -0.18434
385.03402 -0.040324 -0.18500
385.12683 -0.037796 -0.18563
385.21963 -0.035259 -0.18623
385.31243 -0.032713 -0.18679
385.40523 -0.030160 -0.18732
385.49803 -0.027600 -0.18782
385.59083 -0.025032 -0.18828
385.68364 -0.022458 -0.18870
385.77644 -0.019877 -0.18909
385.86924 -0.017292 -0.18945
385.96204 -0.014701 -0.18977
386.05484 -0.012106 -0.19005
386.14764 -0.009507 -0.19030
386.24044 -0.006905 -0.19051
386.33325 -0.004299 -0.19069
386.42605 -0.001690 -0.19084
386.51885 0.000920 -0.19095
386.61165 0.003532 -0.19102
386.70445 0.006145 -0.19106
386.79725 0.008759 -0.19106
386.89006 0.011373 -0.19103
386.98286 0.013986 -0.19096
387.07566 0.016598 -0.19085
387.16846 0.019209 -0.19071
387.26126 0.021818 -0.19054
387.35406 0.024425 -0.19033
387.44687 0.027030 -0.19008
387.53967 0.029630 -0.18980
387.63247 0.032227 -0.18948
387.72527 0.034819 -0.18913
387.81807 0.037407 -0.18875
387.91087 0.039989 -0.18832
388.00368 0.042566 -0.18787
388.09648 0.045136 -0.18737
388.18928 0.047700 -0.18685
388.28208 0.050256 -0.18628
388.37488 0.052805 -0.18569
388.46768 0.055345 -0.18506
388.56049 0.057877 -0.18439
388.65329 0.060399 -0.18369
388.74609 0.062912 -0.18296
388.83889 0.065415 -0.18219
388.93169 0.067907 -0.18138
389.02449 0.070388 -0.18055
389.11730 0.072857 -0.17968
389.21010 0.075315 -0.17877
389.30290 0.077760 -0.17784
389.39570 0.080192 -0.17687
389.48850 0.082610 -0.17586
389.58130 0.085015 -0.17483
389.67411 0.087405 -0.17376
389.76691 0.089781 -0.17265
389.85971 0.092141 -0.17152
389.95251 0.094486 -0.17035
390.04531 0.096815 -0.16916
390.13811 0.099127 -0.16793
390.23092 0.101422 -0.16666
390.32372 0.103700 -0.16537
390.41652 0.105959 -0.16405
390.50932 0.108201 -0.16269
390.60212 0.110423 -0.16131
390.69492 0.112627 -0.15989
390.78773 0.114811 -0.15845
390.88053 0.116975 -0.15698
390.97333 0.119119 -0.15547
391.06613 0.121241 -0.15394
391.15893 0.123343 -0.15238
391.25173 0.125423 -0.15078
391.34454 0.127481 -0.14916
391.43734 0.129517 -0.14752
391.53014 0.131529 -0.14584
391.62294 0.133519 -0.14414
391.71574 0.135485 -0.14241
391.80854 0.137427 -0.14065
391.90135 0.139345 -0.13887
391.99415 0.141238 -0.13706
392.08695 0.143107 -0.13523
392.17975 0.144949 -0.13337
392.27255 0.146766 -0.13148
392.36535 0.148557 -0.12957
392.45816 0.150322 -0.12764
392.55096 0.152060 -0.12568
392.64376 0.153771 -0.12370
392.73656 0.155454 -0.12169
392.82936 0.157110 -0.11966
392.92216 0.158737 -0.11761
393.01496 0.160336 -0.11554
393.10777 0.161907 -0.11344
393.20057 0.163448 -0.11133
393.29337 0.164961 -0.10919
393.38617 0.166443 -0.10703
393.47897 0.167896 -0.10485
393.57177 0.169319 -0.10266
393.66458 0.170711 -0.10044
393.75738 0.172073 -0.09820
393.85018 0.173404 -0.09595
393.94298 0.174703 -0.09367
394.03578 0.175971 -0.09138
394.12858 0.177208 -0.08908
394.22139 0.178412 -0.08675
394.31419 0.179585 -0.08441
394.40699 0.180725 -0.08205
394.49979 0.181832 -0.07968
394.59259 0.182907 -0.07729
394.68539 0.183948 -0.07489
394.77820 0.184957 -0.07247
394.87100 0.185932 -0.07004
394.96380 0.186873 -0.06759
395.05660 0.187781 -0.06514
395.14940 0.188655 -0.06267
395.24220 0.189494 -0.06019
395.33501 0.190300 -0.05769
395.42781 0.191071 -0.05519
395.52061 0.191807 -0.05268
395.61341 0.192508 -0.05015
395.70621 0.193175 -0.04762
395.79901 0.193807 -0.04508
395.89182 0.194403 -0.04252
395.98462 0.194965 -0.03996
396.07742 0.195490 -0.03740
396.17022 0.195981 -0.03482
396.26302 0.196436 -0.03224
396.35582 0.196855 -0.02965
396.44863 0.197239 -0.02706
396.54143 0.197587 -0.02446
396.63423 0.197898 -0.02186
396.72703 0.198174 -0.01925
396.81983 0.198414 -0.01664
396.91263 0.198618 -0.01402
397.00544 0.198786 -0.01140
397.09824 0.198918 -0.00878
397.19104 0.199014 -0.00616
397.28384 0.199073 -0.00354
397.37664 0.199096 -0.00092
397.46944 0.199083 0.00171
397.56225 0.199034 0.00433
397.65505 0.198949 0.00696
397.74785 0.198827 0.00958
397.84065 0.198670 0.01220
397.93345 0.198476 0.01482
398.02625 0.198246 0.01743
398.11906 0.197980 0.02005
398.21186 0.197678 0.02266
398.30466 0.197340 0.02526
398.39746 0.196966 0.02786
398.49026 0.196557 0.03046
398.58306 0.196111 0.03305
398.67587 0.195630 0.03563
398.76867 0.195114 0.03821
398.86147 0.194562 0.04078
398.95427 0.193974 0.04334
399.04707 0.193351 0.04590
399.13987 0.192693 0.04844
399.23268 0.192000 0.05098
399.32548 0.191272 0.05351
399.41828 0.190510 0.05603
399.51108 0.189712 0.05854
399.60388 0.188881 0.06103
399.69668 0.188014 0.06352
399.78949 0.187114 0.06599
399.88229 0.186180 0.06845
399.97509 0.185211 0.07090
400.06789 0.184209 0.07334
400.16069 0.183174 0.07576
400.25349 0.182106 0.07817
400.34629 0.181004 0.08056
400.43910 0.179869 0.08294
400.53190 0.178702 0.08531
400.62470 0.177502 0.08765
400.71750 0.176271 0.08998
400.81030 0.175007 0.09230
400.90310 0.173711 0.09460
400.99591 0.172384 0.09687
401.08871 0.171025 0.09914
401.18151 0.169636 0.10138
401.27431 0.168216 0.10360
401.36711 0.166765 0.10581
401.45991 0.165285 0.10799
401.55272 0.163774 0.11016
401.64552 0.162233 0.11230
401.73832 0.160664 0.11443
401.83112 0.159065 0.11653
401.92392 0.157437 0.11861
402.01672 0.155781 0.12067
402.10953 0.154097 0.12270
402.20233 0.152385 0.12472
402.29513 0.150646 0.12671
402.38793 0.148879 0.12867
402.48073 0.147086 0.13061
402.57353 0.145266 0.13253
402.66634 0.143419 0.13442
402.75914 0.141547 0.13629
402.85194 0.139650 0.13813
402.94474 0.137728 0.13995
403.03754 0.135780 0.14174
403.13034 0.133809 0.14351
403.22315 0.131813 0.14524
403.31595 0.129794 0.14695
403.40875 0.127751 0.14863
403.50155 0.125686 0.15029
403.59435 0.123598 0.15192
403.68715 0.121488 0.15351
403.77996 0.119356 0.15508
403.87276 0.117203 0.15662
403.96556 0.115030 0.15814
404.05836 0.112836 0.15962
404.15116 0.110621 0.16107
404.24396 0.108387 0.16249
404.33677 0.106134 0.16388
404.42957 0.103862 0.16525
404.52237 0.101572 0.16658
404.61517 0.099264 0.16787
404.70797 0.096938 0.16914
404.80077 0.094596 0.17038
404.89358 0.092236 0.17158
404.98638 0.089861 0.17275
405.07918 0.087470 0.17389
405.17198 0.085063 0.17500
405.26478 0.082642 0.17608
405.35758 0.080206 0.17712
405.45039 0.077757 0.17813
405.54319 0.075294 0.17910
405.63599 0.072818 0.18005
405.72879 0.070330 0.18095
405.82159 0.067829 0.18183
405.91439 0.065317 0.18267
406.00720 0.062794 0.18348
406.10000 0.060261 0.18425
406.19280 0.057717 0.18499
406.28560 0.055164 0.18569
406.37840 0.052601 0.18636
406.47120 0.050030 0.18699
406.56401 0.047450 0.18759
406.65681 0.044863 0.18816
406.74961 0.042269 0.18869
406.84241 0.039668 0.18918
406.93521 0.037061 0.18964
407.02801 0.034448 0.19006
407.12081 0.031829 0.19045
407.21362 0.029206 0.19081
407.30642 0.026579 0.19112
407.39922 0.023948 0.19140
407.49202 0.021314 0.19165
407.58482 0.018677 0.19186
407.67762 0.016037 0.19203
407.77043 0.013396 0.19217
407.86323 0.010754 0.19228
407.95603 0.008111 0.19234
408.04883 0.005467 0.19237
408.14163 0.002824 0.19237
408.23443 0.000182 0.19233
408.32724 -0.002460 0.19225
408.42004 -0.005099 0.19214
408.51284 -0.007737 0.19199
408.60564 -0.010371 0.19181
408.69844 -0.013002 0.19159
408.79124 -0.015630 0.19134
408.88405 -0.018254 0.19105
408.97685 -0.020872 0.19072
409.06965 -0.023486 0.19036
409.16245 -0.026094 0.18997
409.25525 -0.028695 0.18953
409.34805 -0.031290 0.18907
409.44086 -0.033878 0.18857
409.53366 -0.036459 0.18803
409.62646 -0.039031 0.18746
409.71926 -0.041594 0.18685
409.81206 -0.044148 0.18621
409.90486 -0.046693 0.18554
409.99767 -0.049228 0.18483
410.09047 -0.051752 0.18408
410.18327 -0.054265 0.18331
410.27607 -0.056767 0.18249
410.36887 -0.059256 0.18165
410.46167 -0.061733 0.18077
410.55448 -0.064198 0.17986
410.64728 -0.066649 0.17891
410.74008 -0.069086 0.17793
410.83288 -0.071509 0.17692
410.92568 -0.073917 0.17588
411.01848 -0.076310 0.17480
411.11129 -0.078687 0.17369
411.20409 -0.081049 0.17255
411.29689 -0.083393 0.17138
411.38969 -0.085721 0.17018
411.48249 -0.088031 0.16894
411.57529 -0.090324 0.16768
411.66810 -0.092598 0.16638
411.76090 -0.094853 0.16505
411.85370 -0.097090 0.16369
411.94650 -0.099307 0.16230
412.03930 -0.101503 0.16089
412.13210 -0.103680 0.15944
412.22491 -0.105836 0.15796
412.31771 -0.107970 0.15646
412.41051 -0.110083 0.15493
412.50331 -0.112174 0.15336
412.59611 -0.114243 0.15177
412.68891 -0.116289 0.15016
412.78172 -0.118311 0.14851
412.87452 -0.120311 0.14684
412.96732 -0.122286 0.14514
413.06012 -0.124237 0.14342
413.15292 -0.126163 0.14166
413.24572 -0.128065 0.13989
413.33853 -0.129941 0.13809
413.43133 -0.131791 0.13626
413.52413 -0.133616 0.13441
413.61693 -0.135414 0.13253
413.70973 -0.137185 0.13063
413.80253 -0.138929 0.12871
413.89533 -0.140646 0.12676
413.98814 -0.142336 0.12479
414.08094 -0.143997 0.12280
414.17374 -0.145630 0.12079
414.26654 -0.147234 0.11875
414.35934 -0.148809 0.11670
414.45214 -0.150356 0.11462
414.54495 -0.151873 0.11252
414.63775 -0.153360 0.11040
414.73055 -0.154817 0.10827
414.82335 -0.156243 0.10611
414.91615 -0.157639 0.10393
415.00895 -0.159005 0.10174
415.10176 -0.160339 0.09953
415.19456 -0.161642 0.09730
415.28736 -0.162913 0.09505
415.38016 -0.164153 0.09279
415.47296 -0.165360 0.09051
415.56576 -0.166536 0.08822
415.65857 -0.167679 0.08591
415.75137 -0.168789 0.08358
415.84417 -0.169866 0.08124
415.93697 -0.170911 0.07889
416.02977 -0.171922 0.07653
416.12257 -0.172900 0.07415
416.21538 -0.173844 0.07175
416.30818 -0.174754 0.06935
416.40098 -0.175630 0.06694
416.49378 -0.176473 0.06451
416.58658 -0.177281 0.06207
416.67938 -0.178055 0.05962
416.77219 -0.178794 0.05717
416.86499 -0.179498 0.05470
416.95779 -0.180168 0.05223
417.05059 -0.180803 0.04974
417.14339 -0.181403 0.04725
417.23619 -0.181968 0.04475
417.32900 -0.182498 0.04225
417.42180 -0.182992 0.03974
417.51460 -0.183451 0.03722
417.60740 -0.183875 0.03469
417.70020 -0.184263 0.03217
417.79300 -0.184615 0.02964
417.88581 -0.184932 0.02710
417.97861 -0.185214 0.02456
418.07141 -0.185459 0.02202
418.16421 -0.185669 0.01947
418.25701 -0.185843 0.01693
418.34981 -0.185981 0.01438
418.44262 -0.186084 0.01183
418.53542 -0.186150 0.00928
418.62822 -0.186181 0.00673
418.72102 -0.186176 0.00418
418.81382 -0.186136 0.00163
418.90662 -0.186059 -0.00091
418.99943 -0.185947 -0.00346
419.09223 -0.185799 -0.00600
419.18503 -0.185616 -0.00854
419.27783 -0.185397 -0.01107
419.37063 -0.185142 -0.01360
419.46343 -0.184852 -0.01613
419.55624 -0.184526 -0.01865
419.64904 -0.184165 -0.02117
419.74184 -0.183769 -0.02368
419.83464 -0.183338 -0.02618
419.92744 -0.182872 -0.02868
420.02024 -0.182370 -0.03117
420.11305 -0.181834 -0.03365
420.20585 -0.181263 -0.03613
420.29865 -0.180658 -0.03859
420.39145 -0.180018 -0.04105
420.48425 -0.179343 -0.04349
420.57705 -0.178635 -0.04593
420.66985 -0.177892 -0.04835
420.76266 -0.177116 -0.05076
420.85546 -0.176306 -0.05316
420.94826 -0.175462 -0.05555
421.04106 -0.174585 -0.05793
421.13386 -0.173675 -0.06029
421.22666 -0.172731 -0.06265
421.31947 -0.171755 -0.06498
421.41227 -0.170747 -0.06730
421.50507 -0.169706 -0.06961
421.59787 -0.168632 -0.07190
421.69067 -0.167527 -0.07418
421.78347 -0.166390 -0.07644
421.87628 -0.165222 -0.07868
421.96908 -0.164022 -0.08091
422.06188 -0.162792 -0.08312
422.15468 -0.161530 -0.08531
422.24748 -0.160239 -0.08748
422.34028 -0.158917 -0.08963
422.43309 -0.157564 -0.09177
422.52589 -0.156183 -0.09388
422.61869 -0.154772 -0.09598
422.71149 -0.153331 -0.09805
422.80429 -0.151862 -0.10011
422.89709 -0.150365 -0.10214
422.98990 -0.148839 -0.10415
423.08270 -0.147285 -0.10614
423.17550 -0.145704 -0.10811
423.26830 -0.144095 -0.11005
423.36110 -0.142460 -0.11197
423.45390 -0.140798 -0.11387
423.54671 -0.139109 -0.11574
423.63951 -0.137395 -0.11759
423.73231 -0.135655 -0.11942
423.82511 -0.133890 -0.12122
423.91791 -0.132100 -0.12299
424.01071 -0.130285 -0.12474
424.10352 -0.128446 -0.12646
424.19632 -0.126583 -0.12816
424.28912 -0.124698 -0.12983
424.38192 -0.122789 -0.13148
424.47472 -0.120857 -0.13309
424.56752 -0.118903 -0.13468
424.66033 -0.116927 -0.13624
424.75313 -0.114930 -0.13778
424.84593 -0.112911 -0.13928
424.93873 -0.110872 -0.14076
425.03153 -0.108813 -0.14220
425.12433 -0.106734 -0.14362
425.21714 -0.104635 -0.14501
425.30994 -0.102517 -0.14637
425.40274 -0.100381 -0.14770
425.49554 -0.098227 -0.14900
425.58834 -0.096055 -0.15027
425.68114 -0.093865 -0.15150
425.77395 -0.091659 -0.15271
425.86675 -0.089436 -0.15388
425.95955 -0.087198 -0.15503
426.05235 -0.084943 -0.15614
426.14515 -0.082674 -0.15722
426.23795 -0.080390 -0.15827
426.33076 -0.078092 -0.15928
426.42356 -0.075780 -0.16027
426.51636 -0.073455 -0.16122
426.60916 -0.071117 -0.16213
426.70196 -0.068767 -0.16302
426.79476 -0.066405 -0.16387
426.88757 -0.064031 -0.16469
426.98037 -0.061647 -0.16547
427.07317 -0.059252 -0.16622
427.16597 -0.056848 -0.16694
427.25877 -0.054434 -0.16763
427.35157 -0.052010 -0.16828
427.44437 -0.049579 -0.16889
427.53718 -0.047139 -0.16947
427.62998 -0.044692 -0.17002
427.72278 -0.042237 -0.17053
427.81558 -0.039776 -0.17101
427.90838 -0.037309 -0.17145
428.00118 -0.034837 -0.17186
428.09399 -0.032359 -0.17223
428.18679 -0.029877 -0.17257
428.27959 -0.027390 -0.17288
428.37239 -0.024900 -0.17315
428.46519 -0.022407 -0.17338
428.55799 -0.019911 -0.17358
428.65080 -0.017413 -0.17375
428.74360 -0.014914 -0.17387
428.83640 -0.012413 -0.17397
428.92920 -0.009912 -0.17403
429.02200 -0.007410 -0.17405
429.11480 -0.004909 -0.17404
429.20761 -0.002409 -0.17399
429.30041 0.000090 -0.17391
429.39321 0.002587 -0.17380
429.48601 0.005082 -0.17364
429.57881 0.007574 -0.17346
429.67161 0.010063 -0.17324
429.76442 0.012548 -0.17298
429.85722 0.015028 -0.17269
429.95002 0.017504 -0.17236
430.04282 0.019974 -0.17200
430.13562 0.022439 -0.17161
430.22842 0.024897 -0.17118
430.32123 0.027349 -0.17072
430.41403 0.029793 -0.17022
430.50683 0.032230 -0.16969
430.59963 0.034658 -0.16912
430.69243 0.037078 -0.16852
430.78523 0.039488 -0.16789
430.87804 0.041889 -0.16722
430.97084 0.044280 -0.16652
431.06364 0.046660 -0.16578
431.15644 0.049029 -0.16501
431.24924 0.051386 -0.16421
431.34204 0.053732 -0.16338
431.43485 0.056065 -0.16251
431.52765 0.058385 -0.16161
431.62045 0.060692 -0.16068
431.71325 0.062984 -0.15972
431.80605 0.065263 -0.15872
431.89885 0.067526 -0.15769
431.99166 0.069775 -0.15663
432.08446 0.072008 -0.15554
432.17726 0.074225 -0.15442
432.27006 0.076425 -0.15327
432.36286 0.078608 -0.15209
432.45566 0.080774 -0.15087
432.54847 0.082922 -0.14963
432.64127 0.085051 -0.14835
432.73407 0.087162 -0.14705
432.82687 0.089254 -0.14572
432.91967 0.091327 -0.14436
433.01247 0.093379 -0.14297
433.10528 0.095411 -0.14155
433.19808 0.097423 -0.14010
433.29088 0.099413 -0.13862
433.38368 0.101381 -0.13712
433.47648 0.103328 -0.13559
433.56928 0.105253 -0.13403
433.66209 0.107155 -0.13245
433.75489 0.109033 -0.13084
433.84769 0.110888 -0.12920
433.94049 0.112720 -0.12754
434.03329 0.114527 -0.12585
434.12609 0.116310 -0.12414
434.21889 0.118068 -0.12240
434.31170 0.119801 -0.12064
434.40450 0.121508 -0.11885
434.49730 0.123189 -0.11704
434.59010 0.124844 -0.11521
434.68290 0.126472 -0.11335
434.77570 0.128074 -0.11147
434.86851 0.129648 -0.10957
434.96131 0.131195 -0.10765
435.05411 0.132714 -0.10571
435.14691 0.134205 -0.10374
435.23971 0.135667 -0.10175
435.33251 0.137101 -0.09975
435.42532 0.138505 -0.09772
435.51812 0.139881 -0.09568
435.61092 0.141227 -0.09361
435.70372 0.142543 -0.09153
435.79652 0.143829 -0.08943
435.88932 0.145084 -0.08731
435.98213 0.146310 -0.08518
436.07493 0.147504 -0.08302
436.16773 0.148667 -0.08086
436.26053 0.149799 -0.07867
436.35333 0.150899 -0.07647
436.44613 0.151968 -0.07425
436.53894 0.153005 -0.07202
436.63174 0.154010 -0.06978
436.72454 0.154982 -0.06752
436.81734 0.155922 -0.06525
436.91014 0.156829 -0.06297
437.00294 0.157703 -0.06067
437.09575 0.158544 -0.05836
437.18855 0.159352 -0.05604
437.28135 0.160126 -0.05371
437.37415 0.160867 -0.05137
437.46695 0.161574 -0.04902
437.55975 0.162248 -0.04665
437.65256 0.162887 -0.04428
437.74536 0.163493 -0.04191
437.83816 0.164064 -0.03952
437.93096 0.164600 -0.03712
438.02376 0.165103 -0.03472
438.11656 0.165571 -0.03231
438.20937 0.166004 -0.02990
438.30217 0.166402 -0.02748
438.39497 0.166766 -0.02505
438.48777 0.167095 -0.02262
438.58057 0.167389 -0.02019
438.67337 0.167648 -0.01775
438.76618 0.167872 -0.01531
438.85898 0.168061 -0.01286
438.95178 0.168214 -0.01041
439.04458 0.168333 -0.00797
439.13738 0.168416 -0.00552
439.23018 0.168465 -0.00307
439.32299 0.168478 -0.00061
439.41579 0.168455 0.00184
439.50859 0.168398 0.00429
439.60139 0.168306 0.00674
439.69419 0.168178 0.00918
439.78699 0.168015 0.01163
439.87980 0.167817 0.01407
439.97260 0.167585 0.01651
440.06540 0.167317 0.01895
440.15820 0.167014 0.02138
440.25100 0.166676 0.02381
440.34380 0.166303 0.02623
440.43661 0.165896 0.02864
440.52941 0.165454 0.03106
440.62221 0.164978 0.03346
440.71501 0.164466 0.03586
440.80781 0.163921 0.03824
440.90061 0.163341 0.04063
440.99341 0.162727 0.04300
441.08622 0.162080 0.04536
441.17902 0.161398 0.04772
441.27182 0.160682 0.05006
441.36462 0.159933 0.05240
441.45742 0.159150 0.05472
441.55022 0.158334 0.05703
441.64303 0.157485 0.05933
441.73583 0.156603 0.06162
441.82863 0.155688 0.06389
441.92143 0.154741 0.06616
442.01423 0.153761 0.06840
442.10703 0.152749 0.07064
442.19984 0.151704 0.07286
442.29264 0.150628 0.07506
442.38544 0.149520 0.07725
442.47824 0.148381 0.07942
442.57104 0.147211 0.08158
442.66384 0.146010 0.08372
442.75665 0.144778 0.08584
442.84945 0.143516 0.08795
442.94225 0.142223 0.09004
443.03505 0.140901 0.09211
443.12785 0.139549 0.09416
443.22065 0.138167 0.09619
443.31346 0.136756 0.09820
443.40626 0.135317 0.10019
443.49906 0.133849 0.10216
443.59186 0.132353 0.10411
443.68466 0.130829 0.10604
443.77746 0.129277 0.10794
443.87027 0.127697 0.10983
443.96307 0.126091 0.11169
444.05587 0.124458 0.11353
444.14867 0.122799 0.11534
444.24147 0.121113 0.11713
444.33427 0.119402 0.11890
444.42708 0.117666 0.12064
444.51988 0.115904 0.12236
444.61268 0.114118 0.12406
444.70548 0.112308 0.12573
444.79828 0.110473 0.12737
444.89108 0.108615 0.12898
444.98389 0.106734 0.13058
445.07669 0.104830 0.13214
445.16949 0.102903 0.13367
445.26229 0.100955 0.13518
445.35509 0.098984 0.13667
445.44789 0.096993 0.13812
445.54070 0.094980 0.13954
445.63350 0.092947 0.14094
445.72630 0.090894 0.14231
445.81910 0.088821 0.14365
445.91190 0.086730 0.14496
446.00470 0.084619 0.14624
446.09751 0.082489 0.14749
446.19031 0.080342 0.14870
446.28311 0.078178 0.14989
446.37591 0.075996 0.15105
446.46871 0.073797 0.15218
446.56151 0.071583 0.15328
446.65432 0.069352 0.15434
446.74712 0.067106 0.15537
446.83992 0.064845 0.15637
446.93272 0.062570 0.15734
447.02552 0.060281 0.15828
447.11832 0.057978 0.15919
447.21113 0.055662 0.16006
447.30393 0.053333 0.16090
447.39673 0.050993 0.16170
447.48953 0.048641 0.16248
447.58233 0.046277 0.16322
447.67513 0.043903 0.16392
447.76793 0.041519 0.16459
447.86074 0.039124 0.16523
447.95354 0.036721 0.16584
448.04634 0.034309 0.16641
448.13914 0.031888 0.16695
448.23194 0.029460 0.16745
448.32474 0.027024 0.16792
448.41755 0.024581 0.16835
448.51035 0.022132 0.16875
448.60315 0.019677 0.16911
448.69595 0.017217 0.16944
448.78875 0.014752 0.16974
448.88155 0.012283 0.17000
448.97436 0.009809 0.17022
449.06716 0.007332 0.17041
449.15996 0.004853 0.17057
449.25276 0.002371 0.17069
449.34556 -0.000113 0.17077
449.43836 -0.002599 0.17082
449.53117 -0.005085 0.17083
449.62397 -0.007572 0.17081
449.71677 -0.010058 0.17076
449.80957 -0.012544 0.17067
449.90237 -0.015029 0.17054
449.99517 -0.017512 0.17038
450.08798 -0.019993 0.17018
450.18078 -0.022472 0.16995
450.27358 -0.024947 0.16968
450.36638 -0.027419 0.16938
450.45918 -0.029886 0.16904
450.55198 -0.032349 0.16867
450.64479 -0.034807 0.16826
450.73759 -0.037259 0.16782
450.83039 -0.039705 0.16734
450.92319 -0.042145 0.16683
451.01599 -0.044577 0.16628
451.10879 -0.047002 0.16570
451.20160 -0.049419 0.16509
451.29440 -0.051827 0.16444
451.38720 -0.054227 0.16376
451.48000 -0.056616 0.16304
451.57280 -0.058996 0.16229
451.66560 -0.061365 0.16150
451.75841 -0.063723 0.16069
451.85121 -0.066070 0.15983
451.94401 -0.068405 0.15895
452.03681 -0.070727 0.15803
452.12961 -0.073036 0.15708
452.22241 -0.075332 0.15610
452.31522 -0.077615 0.15508
452.40802 -0.079883 0.15403
452.50082 -0.082136 0.15295
452.59362 -0.084374 0.15184
452.68642 -0.086596 0.15069
452.77922 -0.088802 0.14952
452.87203 -0.090992 0.14831
452.96483 -0.093165 0.14707
453.05763 -0.095320 0.14580
453.15043 -0.097457 0.14450
453.24323 -0.099576 0.14317
453.33603 -0.101676 0.14181
453.42884 -0.103758 0.14042
453.52164 -0.105819 0.13900
453.61444 -0.107860 0.13755
453.70724 -0.109881 0.13607
453.80004 -0.111881 0.13456
453.89284 -0.113860 0.13303
453.98565 -0.115817 0.13146
454.07845 -0.117752 0.12987
454.17125 -0.119665 0.12825
454.26405 -0.121554 0.12661
454.35685 -0.123420 0.12493
454.44965 -0.125263 0.12323
454.54245 -0.127082 0.12151
454.63526 -0.128876 0.11976
454.72806 -0.130646 0.11798
454.82086 -0.132390 0.11618
454.91366 -0.134109 0.11435
455.00646 -0.135802 0.11250
455.09926 -0.137468 0.11062
455.19207 -0.139109 0.10872
455.28487 -0.140722 0.10680
455.37767 -0.142308 0.10485
455.47047 -0.143867 0.10288
455.56327 -0.145397 0.10089
455.65607 -0.146900 0.09888
455.74888 -0.148374 0.09684
455.84168 -0.149819 0.09478
455.93448 -0.151235 0.09271
456.02728 -0.152621 0.09061
456.12008 -0.153978 0.08849
456.21288 -0.155305 0.08636
456.30569 -0.156602 0.08420
456.39849 -0.157868 0.08203
456.49129 -0.159103 0.07983
456.58409 -0.160307 0.07762
456.67689 -0.161480 0.07540
456.76969 -0.162621 0.07315
456.86250 -0.163730 0.07089
456.95530 -0.164808 0.06861
457.04810 -0.165853 0.06632
457.14090 -0.166865 0.06401
457.23370 -0.167845 0.06169
457.32650 -0.168792 0.05936
457.41931 -0.169705 0.05700
457.51211 -0.170586 0.05464
457.60491 -0.171433 0.05226
457.69771 -0.172246 0.04988
457.79051 -0.173025 0.04748
457.88331 -0.173770 0.04506
457.97612 -0.174481 0.04264
458.06892 -0.175157 0.04021
458.16172 -0.175799 0.03776
458.25452 -0.176406 0.03531
458.34732 -0.176978 0.03285
458.44012 -0.177516 0.03038
458.53293 -0.178018 0.02790
458.62573 -0.178485 0.02541
458.71853 -0.178917 0.02292
458.81133 -0.179313 0.02042
458.90413 -0.179674 0.01791
458.99693 -0.179999 0.01540
459.08974 -0.180289 0.01288
459.18254 -0.180542 0.01036
459.27534 -0.180760 0.00784
459.36814 -0.180942 0.00531
459.46094 -0.181088 0.00278
459.55374 -0.181198 0.00024
459.64655 -0.181272 -0.00230
459.73935 -0.181310 -0.00483
459.83215 -0.181312 -0.00737
459.92495 -0.181278 -0.00991
460.01775 -0.181207 -0.01245
460.11055 -0.181101 -0.01499
460.20336 -0.180958 -0.01753
460.29616 -0.180779 -0.02007
460.38896 -0.180564 -0.02261
460.48176 -0.180313 -0.02514
460.57456 -0.180026 -0.02767
460.66736 -0.179703 -0.03020
460.76017 -0.179344 -0.03272
460.85297 -0.178949 -0.03524
460.94577 -0.178518 -0.03775
461.03857 -0.178052 -0.04026
461.13137 -0.177549 -0.04276
461.22417 -0.177011 -0.04526
461.31697 -0.176438 -0.04775
461.40978 -0.175829 -0.05023
461.50258 -0.175184 -0.05270
461.59538 -0.174505 -0.05516
461.68818 -0.173790 -0.05762
461.78098 -0.173040 -0.06007
461.87378 -0.172256 -0.06250
461.96659 -0.171436 -0.06493
462.05939 -0.170582 -0.06735
462.15219 -0.169694 -0.06975
462.24499 -0.168771 -0.07214
462.33779 -0.167815 -0.07452
462.43059 -0.166824 -0.07689
462.52340 -0.165799 -0.07924
462.61620 -0.164741 -0.08158
462.70900 -0.163650 -0.08391
462.80180 -0.162525 -0.08622
462.89460 -0.161367 -0.08852
462.98740 -0.160177 -0.09080
463.08021 -0.158953 -0.09306
463.17301 -0.157698 -0.09531
463.26581 -0.156410 -0.09754
463.35861 -0.155091 -0.09975
463.45141 -0.153740 -0.10195
463.54421 -0.152357 -0.10413
463.63702 -0.150944 -0.10629
463.72982 -0.149499 -0.10843
463.82262 -0.148024 -0.11055
463.91542 -0.146519 -0.11265
464.00822 -0.144983 -0.11473
464.10102 -0.143418 -0.11679
464.19383 -0.141823 -0.11882
464.28663 -0.140199 -0.12084
464.37943 -0.138546 -0.12283
464.47223 -0.136865 -0.12480
464.56503 -0.135155 -0.12675
464.65783 -0.133418 -0.12868
464.75064 -0.131653 -0.13058
464.84344 -0.129860 -0.13246
464.93624 -0.128041 -0.13431
465.02904 -0.126195 -0.13614
465.12184 -0.124323 -0.13794
465.21464 -0.122425 -0.13972
465.30745 -0.120501 -0.14147
465.40025 -0.118552 -0.14320
465.49305 -0.116579 -0.14489
465.58585 -0.114581 -0.14657
465.67865 -0.112559 -0.14821
465.77145 -0.110513 -0.14983
465.86426 -0.108444 -0.15142
465.95706 -0.106352 -0.15298
466.04986 -0.104238 -0.15451
466.14266 -0.102102 -0.15601
466.23546 -0.099944 -0.15748
466.32826 -0.097764 -0.15893
466.42107 -0.095564 -0.16034
466.51387 -0.093343 -0.16173
466.60667 -0.091103 -0.16308
466.69947 -0.088843 -0.16440
466.79227 -0.086563 -0.16569
466.88507 -0.084265 -0.16696
466.97788 -0.081949 -0.16819
467.07068 -0.079615 -0.16938
467.16348 -0.077263 -0.17055
467.25628 -0.074895 -0.17168
467.34908 -0.072510 -0.17278
467.44188 -0.070109 -0.17385
467.53469 -0.067692 -0.17489
467.62749 -0.065261 -0.17589
467.72029 -0.062815 -0.17686
467.81309 -0.060354 -0.17779
467.90589 -0.057880 -0.17869
467.99869 -0.055393 -0.17956
468.09149 -0.052893 -0.18039
468.18430 -0.050381 -0.18119
468.27710 -0.047857 -0.18196
468.36990 -0.045322 -0.18269
468.46270 -0.042776 -0.18338
468.55550 -0.040219 -0.18404
468.64830 -0.037653 -0.18466
468.74111 -0.035077 -0.18525
468.83391 -0.032493 -0.18581
468.92671 -0.029900 -0.18633
469.01951 -0.027300 -0.18681
469.11231 -0.024692 -0.18726
469.20511 -0.022078 -0.18767
469.29792 -0.019457 -0.18804
469.39072 -0.016830 -0.18838
469.48352 -0.014198 -0.18869
469.57632 -0.011562 -0.18895
469.66912 -0.008921 -0.18918
469.76192 -0.006276 -0.18938
469.85473 -0.003628 -0.18954
469.94753 -0.000977 -0.18966
470.04033 0.001676 -0.18974
470.13313 0.004331 -0.18979
470.22593 0.006987 -0.18981
470.31873 0.009643 -0.18978
470.41154 0.012300 -0.18972
470.50434 0.014956 -0.18962
470.59714 0.017612 -0.18949
470.68994 0.020266 -0.18932
470.78274 0.022918 -0.18911
470.87554 0.025568 -0.18887
470.96835 0.028215 -0.18859
471.06115 0.030858 -0.18827
471.15395 0.033498 -0.18792
471.24675 0.036133 -0.18753
471.33955 0.038763 -0.18711
471.43235 0.041387 -0.18665
471.52516 0.044006 -0.18615
471.61796 0.046618 -0.18562
471.71076 0.049223 -0.18505
471.80356 0.051820 -0.18444
471.89636 0.054410 -0.18380
471.98916 0.056990 -0.18312
472.08197 0.059562 -0.18241
472.17477 0.062125 -0.18166
472.26757 0.064677 -0.18088
472.36037 0.067218 -0.18006
472.45317 0.069749 -0.17921
472.54597 0.072268 -0.17832
472.63878 0.074775 -0.17740
472.73158 0.077270 -0.17645
472.82438 0.079751 -0.17545
472.91718 0.082219 -0.17443
473.00998 0.084674 -0.17337
473.10278 0.087113 -0.17228
473.19559 0.089538 -0.17115
473.28839 0.091947 -0.16999
473.38119 0.094341 -0.16880
473.47399 0.096718 -0.16757
473.56679 0.099078 -0.16631
473.65959 0.101421 -0.16502
473.75240 0.103747 -0.16370
473.84520 0.106054 -0.16234
473.93800 0.108342 -0.16096
474.03080 0.110611 -0.15954
474.12360 0.112861 -0.15809
474.21640 0.115091 -0.15661
474.30921 0.117301 -0.15510
474.40201 0.119489 -0.15356
474.49481 0.121657 -0.15198
474.58761 0.123802 -0.15038
474.68041 0.125926 -0.14875
474.77321 0.128027 -0.14709
474.86602 0.130105 -0.14540
474.95882 0.132160 -0.14368
475.05162 0.134190 -0.14194
475.14442 0.136197 -0.14017
475.23722 0.138179 -0.13836
475.33002 0.140137 -0.13654
475.42282 0.142068 -0.13468
475.51563 0.143975 -0.13280
475.60843 0.145855 -0.13089
475.70123 0.147708 -0.12896
475.79403 0.149535 -0.12700
475.88683 0.151335 -0.12501
475.97963 0.153107 -0.12300
476.07244 0.154851 -0.12097
476.16524 0.156567 -0.11891
476.25804 0.158254 -0.11683
476.35084 0.159913 -0.11473
476.44364 0.161542 -0.11260
476.53644 0.163142 -0.11045
476.62925 0.164712 -0.10828
476.72205 0.166251 -0.10609
476.81485 0.167760 -0.10387
476.90765 0.169238 -0.10164
477.00045 0.170686 -0.09938
477.09325 0.172101 -0.09711
477.18606 0.173486 -0.09481
477.27886 0.174838 -0.09250
477.37166 0.176158 -0.09017
477.46446 0.177445 -0.08782
477.55726 0.178700 -0.08545
477.65006 0.179922 -0.08307
477.74287 0.181111 -0.08066
477.83567 0.182266 -0.07825
477.92847 0.183387 -0.07581
478.02127 0.184475 -0.07337
478.11407 0.185528 -0.07090
478.20687 0.186548 -0.06842
478.29968 0.187532 -0.06593
478.39248 0.188482 -0.06343
478.48528 0.189397 -0.06091
478.57808 0.190277 -0.05838
478.67088 0.191121 -0.05584
478.76368 0.191930 -0.05328
478.85649 0.192704 -0.05072
478.94929 0.193441 -0.04814
479.04209 0.194143 -0.04555
479.13489 0.194808 -0.04296
479.22769 0.195438 -0.04036
479.32049 0.196031 -0.03774
479.41330 0.196587 -0.03512
479.50610 0.197107 -0.03249
479.59890 0.197590 -0.02986
479.69170 0.198037 -0.02722
479.78450 0.198446 -0.02457
479.87730 0.198819 -0.02191
479.97011 0.199155 -0.01926
480.06291 0.199453 -0.01659
480.15571 0.199714 -0.01393
480.24851 0.199938 -0.01126
480.34131 0.200125 -0.00858
480.43411 0.200274 -0.00591
480.52692 0.200386 -0.00323
480.61972 0.200461 -0.00055
480.71252 0.200498 0.00213
480.80532 0.200498 0.00481
480.89812 0.200460 0.00749
480.99092 0.200385 0.01017
481.08373 0.200272 0.01284
481.17653 0.200122 0.01552
481.26933 0.199935 0.01819
481.36213 0.199710 0.02087
481.45493 0.199448 0.02353
481.54773 0.199148 0.02620
481.64054 0.198812 0.02886
481.73334 0.198438 0.03151
481.82614 0.198027 0.03416
481.91894 0.197579 0.03681
482.01174 0.197094 0.03944
482.10454 0.196572 0.04207
482.19734 0.196013 0.04470
482.29015 0.195418 0.04731
482.38295 0.194786 0.04992
482.47575 0.194118 0.05252
482.56855 0.193413 0.05511
482.66135 0.192673 0.05768
482.75415 0.191896 0.06025
482.84696 0.191083 0.06281
482.93976 0.190235 0.06536
483.03256 0.189350 0.06789
483.12536 0.188431 0.07041
483.21816 0.187476 0.07292
483.31096 0.186486 0.07542
483.40377 0.185461 0.07790
483.49657 0.184402 0.08037
483.58937 0.183308 0.08282
483.68217 0.182180 0.08526
483.77497 0.181017 0.08768
483.86777 0.179821 0.09008
483.96058 0.178591 0.09247
484.05338 0.177328 0.09484
484.14618 0.176032 0.09720
484.23898 0.174703 0.09954
484.33178 0.173341 0.10185
484.42458 0.171946 0.10415
484.51739 0.170520 0.10643
484.61019 0.169061 0.10869
484.70299 0.167571 0.11093
484.79579 0.166050 0.11315
484.88859 0.164498 0.11535
484.98139 0.162915 0.11752
485.07420 0.161302 0.11968
485.16700 0.159658 0.12181
485.25980 0.157985 0.12392
485.35260 0.156282 0.12600
485.44540 0.154551 0.12806
485.53820 0.152790 0.13010
485.63101 0.151001 0.13211
485.72381 0.149183 0.13410
485.81661 0.147338 0.13607
485.90941 0.145466 0.13800
486.00221 0.143567 0.13991
486.09501 0.141640 0.14180
486.18782 0.139688 0.14366
486.28062 0.137709 0.14549
486.37342 0.135705 0.14730
486.46622 0.133676 0.14907
486.55902 0.131622 0.15082
486.65182 0.129543 0.15254
486.74463 0.127441 0.15423
486.83743 0.125315 0.15589
486.93023 0.123166 0.15753
487.02303 0.120994 0.15913
487.11583 0.118799 0.16070
487.20863 0.116583 0.16225
487.30144 0.114345 0.16376
487.39424 0.112086 0.16524
487.48704 0.109807 0.16669
487.57984 0.107507 0.16811
487.67264 0.105187 0.16949
487.76544 0.102848 0.17085
487.85825 0.100491 0.17217
487.95105 0.098115 0.17346
488.04385 0.095720 0.17472
488.13665 0.093309 0.17594
488.22945 0.090880 0.17713
488.32225 0.088435 0.17829
488.41506 0.085974 0.17941
488.50786 0.083497 0.18050
488.60066 0.081005 0.18156
488.69346 0.078499 0.18258
488.78626 0.075978 0.18356
488.87906 0.073444 0.18452
488.97186 0.070896 0.18543
489.06467 0.068335 0.18631
489.15747 0.065763 0.18716
489.25027 0.063179 0.18797
489.34307 0.060583 0.18875
489.43587 0.057977 0.18948
489.52867 0.055361 0.19019
489.62148 0.052735 0.19086
489.71428 0.050100 0.19149
489.80708 0.047456 0.19208
489.89988 0.044804 0.19264
489.99268 0.042144 0.19316
490.08548 0.039477 0.19365
490.17829 0.036803 0.19410
490.27109 0.034124 0.19451
490.36389 0.031439 0.19488
490.45669 0.028748 0.19522
490.54949 0.026054 0.19552
490.64229 0.023355 0.19579
490.73510 0.020652 0.19601
490.82790 0.017947 0.19620
490.92070 0.015239 0.19636
491.01350 0.012529 0.19647
491.10630 0.009818 0.19655
491.19910 0.007106 0.19659
491.29191 0.004393 0.19660
491.38471 0.001681 0.19656
491.47751 -0.001031 0.19649
491.57031 -0.003741 0.19638
491.66311 -0.006450 0.19624
491.75591 -0.009156 0.19606
491.84872 -0.011860 0.19584
491.94152 -0.014561 0.19558
492.03432 -0.017257 0.19529
492.12712 -0.019949 0.19496
492.21992 -0.022637 0.19459
492.31272 -0.025319 0.19419
492.40553 -0.027995 0.19375
492.49833 -0.030665 0.19327
492.59113 -0.033328 0.19276
492.68393 -0.035983 0.19221
492.77673 -0.038630 0.19162
492.86953 -0.041269 0.19100
492.96234 -0.043899 0.19034
493.05514 -0.046520 0.18964
493.14794 -0.049130 0.18891
493.24074 -0.051730 0.18815
493.33354 -0.054319 0.18735
493.42634 -0.056897 0.18651
493.51915 -0.059462 0.18564
493.61195 -0.062015 0.18473
493.70475 -0.064555 0.18379
493.79755 -0.067082 0.18281
493.89035 -0.069595 0.18180
493.98315 -0.072093 0.18076
494.07596 -0.074576 0.17968
494.16876 -0.077044 0.17856
494.26156 -0.079496 0.17742
494.35436 -0.081932 0.17624
494.44716 -0.084351 0.17502
494.53996 -0.086752 0.17378
494.63277 -0.089136 0.17250
494.72557 -0.091502 0.17119
494.81837 -0.093849 0.16985
494.91117 -0.096176 0.16847
495.00397 -0.098485 0.16706
495.09677 -0.100773 0.16563
495.18958 -0.103041 0.16416
495.28238 -0.105288 0.16266
495.37518 -0.107513 0.16113
495.46798 -0.109717 0.15957
495.56078 -0.111899 0.15798
495.65358 -0.114058 0.15636
495.74638 -0.116194 0.15471
495.83919 -0.118307 0.15303
495.93199 -0.120396 0.15133
496.02479 -0.122461 0.14959
496.11759 -0.124501 0.14783
496.21039 -0.126516 0.14604
496.30319 -0.128506 0.14423
496.39600 -0.130470 0.14238
496.48880 -0.132407 0.14051
496.58160 -0.134319 0.13862
496.67440 -0.136203 0.13670
496.76720 -0.138060 0.13475
496.86000 -0.139890 0.13278
496.95281 -0.141692 0.13078
497.04561 -0.143465 0.12876
497.13841 -0.145210 0.12672
497.23121 -0.146925 0.12465
497.32401 -0.148612 0.12256
497.41681 -0.150269 0.12045
497.50962 -0.151896 0.11832
497.60242 -0.153492 0.11616
497.69522 -0.155059 0.11398
497.78802 -0.156594 0.11179
497.88082 -0.158098 0.10957
497.97362 -0.159571 0.10733
498.06643 -0.161012 0.10507
498.15923 -0.162421 0.10280
498.25203 -0.163798 0.10050
498.34483 -0.165143 0.09819
498.43763 -0.166454 0.09586
498.53043 -0.167733 0.09351
498.62324 -0.168979 0.09114
498.71604 -0.170191 0.08876
498.80884 -0.171369 0.08637
498.90164 -0.172514 0.08395
498.99444 -0.173624 0.08153
499.08724 -0.174700 0.07909
499.18005 -0.175742 0.07663
499.27285 -0.176749 0.07416
499.36565 -0.177721 0.07168
499.45845 -0.178657 0.06919
499.55125 -0.179559 0.06668
499.64405 -0.180425 0.06417
499.73686 -0.181256 0.06164
499.82966 -0.182051 0.05910
499.92246 -0.182810 0.05655
500.01526 -0.183533 0.05399
500.10806 -0.184219 0.05143
500.20086 -0.184870 0.04885
500.29367 -0.185484 0.04627
500.38647 -0.186062 0.04368
500.47927 -0.186603 0.04108
500.57207 -0.187107 0.03848
500.66487 -0.187575 0.03587
500.75767 -0.188006 0.03326
500.85048 -0.188400 0.03064
500.94328 -0.188757 0.02801
501.03608 -0.189077 0.02539
501.12888 -0.189360 0.02275
501.22168 -0.189605 0.02012
501.31448 -0.189814 0.01749
501.40729 -0.189985 0.01485
501.50009 -0.190119 0.01221
501.59289 -0.190216 0.00957
501.68569 -0.190276 0.00693
501.77849 -0.190298 0.00429
501.87129 -0.190283 0.00166
501.96410 -0.190231 -0.00098
502.05690 -0.190142 -0.00361
502.14970 -0.190015 -0.00625
502.24250 -0.189852 -0.00888
502.33530 -0.189651 -0.01150
502.42810 -0.189414 -0.01412
502.52090 -0.189139 -0.01674
502.61371 -0.188828 -0.01935
502.70651 -0.188480 -0.02196
502.79931 -0.188095 -0.02456
502.89211 -0.187673 -0.02715
502.98491 -0.187215 -0.02974
503.07771 -0.186720 -0.03232
503.17052 -0.186189 -0.03489
503.26332 -0.185622 -0.03745
503.35612 -0.185019 -0.04000
503.44892 -0.184380 -0.04254
503.54172 -0.183705 -0.04508
503.63452 -0.182995 -0.04760
503.72733 -0.182248 -0.05011
503.82013 -0.181467 -0.05261
503.91293 -0.180650 -0.05510
504.00573 -0.179799 -0.05757
504.09853 -0.178912 -0.06003
504.19133 -0.177991 -0.06248
504.28414 -0.177036 -0.06492
504.37694 -0.176046 -0.06734
504.46974 -0.175022 -0.06974
504.56254 -0.173965 -0.07213
504.65534 -0.172874 -0.07450
504.74814 -0.171749 -0.07686
504.84095 -0.170592 -0.07920
504.93375 -0.169401 -0.08152
505.02655 -0.168178 -0.08382
505.11935 -0.166923 -0.08611
505.21215 -0.165635 -0.08838
505.30495 -0.164316 -0.09062
505.39776 -0.162965 -0.09285
505.49056 -0.161583 -0.09506
505.58336 -0.160170 -0.09725
505.67616 -0.158726 -0.09942
505.76896 -0.157252 -0.10156
505.86176 -0.155748 -0.10369
505.95457 -0.154213 -0.10579
506.04737 -0.152650 -0.10787
506.14017 -0.151057 -0.10992
506.23297 -0.149436 -0.11196
506.32577 -0.147786 -0.11397
506.41857 -0.146108 -0.11595
506.51138 -0.144402 -0.11791
506.60418 -0.142669 -0.11985
506.69698 -0.140909 -0.12176
506.78978 -0.139122 -0.12364
506.88258 -0.137308 -0.12550
506.97538 -0.135469 -0.12733
507.06819 -0.133604 -0.12914
507.16099 -0.131714 -0.13091
507.25379 -0.129799 -0.13266
507.34659 -0.127860 -0.13439
507.43939 -0.125896 -0.13608
507.53219 -0.123909 -0.13775
507.62500 -0.121899 -0.13938
507.71780 -0.119866 -0.14099
507.81060 -0.117811 -0.14257
507.90340 -0.115734 -0.14412
507.99620 -0.113635 -0.14564
508.08900 -0.111515 -0.14713
508.18181 -0.109374 -0.14858
508.27461 -0.107213 -0.15001
508.36741 -0.105033 -0.15141
508.46021 -0.102833 -0.15277
508.55301 -0.100614 -0.15410
508.64581 -0.098377 -0.15540
508.73862 -0.096121 -0.15667
508.83142 -0.093848 -0.15791
508.92422 -0.091559 -0.15911
509.01702 -0.089252 -0.16028
509.10982 -0.086930 -0.16142
509.20262 -0.084592 -0.16252
509.29542 -0.082238 -0.16359
509.38823 -0.079870 -0.16463
509.48103 -0.077488 -0.16563
509.57383 -0.075092 -0.16660
509.66663 -0.072683 -0.16753
509.75943 -0.070261 -0.16843
509.85223 -0.067827 -0.16929
509.94504 -0.065380 -0.17012
510.03784 -0.062923 -0.17092
510.13064 -0.060455 -0.17167
510.22344 -0.057977 -0.17240
510.31624 -0.055489 -0.17309
510.40904 -0.052992 -0.17374
510.50185 -0.050486 -0.17436
510.59465 -0.047972 -0.17494
510.68745 -0.045450 -0.17548
510.78025 -0.042921 -0.17599
510.87305 -0.040386 -0.17646
510.96585 -0.037844 -0.17690
511.05866 -0.035296 -0.17730
511.15146 -0.032744 -0.17767
511.24426 -0.030186 -0.17799
511.33706 -0.027625 -0.17828
511.42986 -0.025060 -0.17854
511.52266 -0.022492 -0.17876
511.61547 -0.019922 -0.17894
511.70827 -0.017349 -0.17908
511.80107 -0.014775 -0.17919
511.89387 -0.012200 -0.17926
511.98667 -0.009625 -0.17930
512.07947 -0.007050 -0.17930
512.17228 -0.004475 -0.17926
512.26508 -0.001902 -0.17919
512.35788 0.000670 -0.17907
512.45068 0.003240 -0.17893
512.54348 0.005807 -0.17874
512.63628 0.008370 -0.17852
512.72909 0.010931 -0.17826
512.82189 0.013486 -0.17797
512.91469 0.016037 -0.17764
513.00749 0.018583 -0.17727
513.10029 0.021123 -0.17687
513.19309 0.023656 -0.17643
513.28590 0.026183 -0.17596
513.37870 0.028702 -0.17545
513.47150 0.031214 -0.17491
513.56430 0.033717 -0.17432
513.65710 0.036211 -0.17371
513.74990 0.038695 -0.17306
513.84271 0.041171 -0.17237
513.93551 0.043635 -0.17165
514.02831 0.046089 -0.17089
514.12111 0.048531 -0.17010
514.21391 0.050961 -0.16927
514.30671 0.053379 -0.16841
514.39952 0.055784 -0.16752
514.49232 0.058176 -0.16659
514.58512 0.060554 -0.16563
514.67792 0.062917 -0.16463
514.77072 0.065266 -0.16360
514.86352 0.067599 -0.16254
514.95633 0.069917 -0.16145
515.04913 0.072219 -0.16032
515.14193 0.074503 -0.15916
515.23473 0.076771 -0.15796
515.32753 0.079021 -0.15674
515.42033 0.081253 -0.15548
515.51314 0.083467 -0.15420
515.60594 0.085661 -0.15288
515.69874 0.087836 -0.15153
515.79154 0.089991 -0.15015
515.88434 0.092126 -0.14874
515.97714 0.094241 -0.14730
516.06994 0.096334 -0.14583
516.16275 0.098405 -0.14433
516.25555 0.100455 -0.14280
516.34835 0.102482 -0.14124
516.44115 0.104486 -0.13966
516.53395 0.106467 -0.13805
516.62675 0.108425 -0.13640
516.71956 0.110359 -0.13474
516.81236 0.112268 -0.13304
516.90516 0.114152 -0.13132
516.99796 0.116011 -0.12957
517.09076 0.117845 -0.12779
517.18356 0.119652 -0.12599
517.27637 0.121434 -0.12417
517.36917 0.123189 -0.12232
517.46197 0.124916 -0.12044
517.55477 0.126617 -0.11854
517.64757 0.128289 -0.11662
517.74037 0.129934 -0.11467
517.83318 0.131550 -0.11271
517.92598 0.133138 -0.11071
518.01878 0.134697 -0.10870
518.11158 0.136226 -0.10667
518.20438 0.137726 -0.10461
518.29718 0.139195 -0.10253
518.38999 0.140635 -0.10043
518.48279 0.142044 -0.09832
518.57559 0.143422 -0.09618
518.66839 0.144769 -0.09402
518.76119 0.146085 -0.09185
518.85399 0.147369 -0.08966
518.94680 0.148622 -0.08745
519.03960 0.149842 -0.08522
519.13240 0.151030 -0.08298
519.22520 0.152185 -0.08071
519.31800 0.153307 -0.07844
519.41080 0.154396 -0.07615
519.50361 0.155453 -0.07384
519.59641 0.156475 -0.07152
519.68921 0.157464 -0.06918
519.78201 0.158419 -0.06684
519.87481 0.159340 -0.06447
519.96761 0.160226 -0.06210
520.06042 0.161078 -0.05971
520.15322 0.161896 -0.05732
520.24602 0.162678 -0.05491
520.33882 0.163426 -0.05249
520.43162 0.164138 -0.05006
520.52442 0.164816 -0.04762
520.61723 0.165458 -0.04517
520.71003 0.166064 -0.04272
520.80283 0.166635 -0.04025
520.89563 0.167170 -0.03778
520.98843 0.167670 -0.03530
521.08123 0.168133 -0.03282
521.17404 0.168560 -0.03033
521.26684 0.168952 -0.02783
521.35964 0.169307 -0.02533
521.45244 0.169625 -0.02283
521.54524 0.169908 -0.02032
521.63804 0.170154 -0.01781
521.73085 0.170364 -0.01529
521.82365 0.170537 -0.01277
521.91645 0.170674 -0.01025
522.00925 0.170774 -0.00773
522.10205 0.170837 -0.00521
522.19485 0.170864 -0.00269
522.28766 0.170855 -0.00017
522.38046 0.170809 0.00235
522.47326 0.170726 0.00487
522.56606 0.170607 0.00739
522.65886 0.170452 0.00990
522.75166 0.170260 0.01242
522.84446 0.170032 0.01493
522.93727 0.169767 0.01743
523.03007 0.169466 0.01993
523.12287 0.169129 0.02243
523.21567 0.168755 0.02492
523.30847 0.168346 0.02740
523.40127 0.167900 0.02988
523.49408 0.167419 0.03235
523.58688 0.166902 0.03481
523.67968 0.166349 0.03726
523.77248 0.165761 0.03971
523.86528 0.165137 0.04215
523.95808 0.164477 0.04457
524.05089 0.163783 0.04699
524.14369 0.163054 0.04940
524.23649 0.162289 0.05179
524.32929 0.161490 0.05418
524.42209 0.160657 0.05655
524.51489 0.159789 0.05891
524.60770 0.158887 0.06126
524.70050 0.157951 0.06359
524.79330 0.156981 0.06591
524.88610 0.155977 0.06821
524.97890 0.154940 0.07050
525.07170 0.153870 0.07278
525.16451 0.152767 0.07503
525.25731 0.151631 0.07728
525.35011 0.150462 0.07950
525.44291 0.149262 0.08171
525.53571 0.148029 0.08390
525.62851 0.146765 0.08607
525.72132 0.145469 0.08822
525.81412 0.144141 0.09036
525.90692 0.142783 0.09247
525.99972 0.141395 0.09456
526.09252 0.139975 0.09664
526.18532 0.138526 0.09869
526.27813 0.137047 0.10072
526.37093 0.135538 0.10273
526.46373 0.134001 0.10472
526.55653 0.132434 0.10668
526.64933 0.130839 0.10863
526.74213 0.129216 0.11055
526.83494 0.127565 0.11244
526.92774 0.125886 0.11431
527.02054 0.124180 0.11616
527.11334 0.122447 0.11798
527.20614 0.120688 0.11977
527.29894 0.118903 0.12155
527.39175 0.117092 0.12329
527.48455 0.115256 0.12501
527.57735 0.113395 0.12670
527.67015 0.111509 0.12836
527.76295 0.109599 0.13000
527.85575 0.107665 0.13161
527.94856 0.105707 0.13319
528.04136 0.103727 0.13474
528.13416 0.101724 0.13626
528.22696 0.099699 0.13776
528.31976 0.097653 0.13922
528.41256 0.095584 0.14066
528.50537 0.093495 0.14206
528.59817 0.091386 0.14344
528.69097 0.089256 0.14478
528.78377 0.087107 0.14609
528.87657 0.084939 0.14737
528.96937 0.082752 0.14862
529.06218 0.080546 0.14984
529.15498 0.078323 0.15103
529.24778 0.076083 0.15218
529.34058 0.073826 0.15331
529.43338 0.071552 0.15439
529.52618 0.069263 0.15545
529.61898 0.066958 0.15647
529.71179 0.064638 0.15746
529.80459 0.062303 0.15842
529.89739 0.059955 0.15934
529.99019 0.057593 0.16023
530.08299 0.055218 0.16108
530.17579 0.052830 0.16190
530.26860 0.050430 0.16269
530.36140 0.048019 0.16344
530.45420 0.045597 0.16415
530.54700 0.043164 0.16483
530.63980 0.040721 0.16548
530.73260 0.038268 0.16609
530.82541 0.035807 0.16666
530.91821 0.033337 0.16720
531.01101 0.030859 0.16770
531.10381 0.028373 0.16817
531.19661 0.025881 0.16860
531.28941 0.023382 0.16900
531.38222 0.020877 0.16936
531.47502 0.018366 0.16968
531.56782 0.015851 0.16997
531.66062 0.013331 0.17022
531.75342 0.010808 0.17043
531.84622 0.008281 0.17061
531.93903 0.005751 0.17075
532.03183 0.003219 0.17085
532.12463 0.000686 0.17092
532.21743 -0.001849 0.17095
532.31023 -0.004385 0.17095
532.40303 -0.006921 0.17091
532.49584 -0.009456 0.17083
532.58864 -0.011991 0.17071
532.68144 -0.014524 0.17056
532.77424 -0.017055 0.17037
532.86704 -0.019584 0.17015
532.95984 -0.022110 0.16989
533.05265 -0.024632 0.16959
533.14545 -0.027151 0.16926
533.23825 -0.029664 0.16889
533.33105 -0.032173 0.16848
533.42385 -0.034676 0.16804
533.51665 -0.037173 0.16756
533.60946 -0.039663 0.16705
533.70226 -0.042146 0.16649
533.79506 -0.044622 0.16591
533.88786 -0.047089 0.16529
533.98066 -0.049547 0.16463
534.07346 -0.051997 0.16394
534.16627 -0.054436 0.16321
534.25907 -0.056866 0.16244
534.35187 -0.059284 0.16165
534.44467 -0.061691 0.16081
534.53747 -0.064087 0.15994
534.63027 -0.066470 0.15904
534.72308 -0.068841 0.15810
534.81588 -0.071198 0.15713
534.90868 -0.073541 0.15613
535.00148 -0.075870 0.15509
535.09428 -0.078185 0.15402
535.18708 -0.080484 0.15291
535.27989 -0.082767 0.15177
535.37269 -0.085035 0.15060
535.46549 -0.087285 0.14939
535.55829 -0.089519 0.14816
535.65109 -0.091735 0.14689
535.74389 -0.093932 0.14559
535.83670 -0.096112 0.14425
535.92950 -0.098272 0.14289
536.02230 -0.100413 0.14150
536.11510 -0.102534 0.14007
536.20790 -0.104634 0.13861
536.30070 -0.106714 0.13712
536.39350 -0.108773 0.13561
536.48631 -0.110810 0.13406
536.57911 -0.112825 0.13248
536.67191 -0.114817 0.13088
536.76471 -0.116786 0.12925
536.85751 -0.118732 0.12758
536.95031 -0.120654 0.12589
537.04312 -0.122553 0.12417
537.13592 -0.124426 0.12243
537.22872 -0.126274 0.12066
537.32152 -0.128098 0.11886
537.41432 -0.129895 0.11703
537.50712 -0.131666 0.11518
537.59993 -0.133411 0.11330
537.69273 -0.135129 0.11140
537.78553 -0.136819 0.10947
537.87833 -0.138482 0.10752
537.97113 -0.140117 0.10555
538.06393 -0.141724 0.10355
538.15674 -0.143302 0.10152
538.24954 -0.144851 0.09948
538.34234 -0.146370 0.09741
538.43514 -0.147860 0.09532
538.52794 -0.149320 0.09321
538.62074 -0.150750 0.09108
538.71355 -0.152149 0.08893
538.80635 -0.153517 0.08675
538.89915 -0.154854 0.08456
538.99195 -0.156160 0.08235
539.08475 -0.157433 0.08012
539.17755 -0.158675 0.07787
539.27036 -0.159884 0.07560
539.36316 -0.161061 0.07331
539.45596 -0.162205 0.07101
539.54876 -0.163316 0.06869
539.64156 -0.164393 0.06636
539.73436 -0.165437 0.06401
539.82717 -0.166447 0.06164
539.91997 -0.167423 0.05926
540.01277 -0.168365 0.05687
540.10557 -0.169272 0.05446
540.19837 -0.170144 0.05204
540.29117 -0.170982 0.04960
540.38398 -0.171785 0.04715
540.47678 -0.172552 0.04470
540.56958 -0.173284 0.04223
540.66238 -0.173981 0.03975
540.75518 -0.174641 0.03725
540.84798 -0.175266 0.03475
540.94079 -0.175855 0.03224
541.03359 -0.176408 0.02973
541.12639 -0.176924 0.02720
541.21919 -0.177404 0.02467
541.31199 -0.177847 0.02212
541.40479 -0.178254 0.01958
541.49760 -0.178624 0.01702
541.59040 -0.178957 0.01446
541.68320 -0.179253 0.01190
541.77600 -0.179512 0.00933
541.86880 -0.179734 0.00676
541.96160 -0.179919 0.00418
542.05441 -0.180066 0.00160
542.14721 -0.180177 -0.00098
542.24001 -0.180250 -0.00357
542.33281 -0.180285 -0.00615
542.42561 -0.180284 -0.00874
542.51841 -0.180245 -0.01132
542.61122 -0.180168 -0.01391
542.70402 -0.180055 -0.01650
542.79682 -0.179903 -0.01908
542.88962 -0.179715 -0.02166
542.98242 -0.179489 -0.02424
543.07522 -0.179226 -0.02682
543.16802 -0.178925 -0.02939
543.26083 -0.178587 -0.03196
543.35363 -0.178212 -0.03453
543.44643 -0.177800 -0.03709
543.53923 -0.177351 -0.03964
543.63203 -0.176865 -0.04219
543.72483 -0.176342 -0.04473
543.81764 -0.175782 -0.04727
543.91044 -0.175185 -0.04979
544.00324 -0.174552 -0.05231
544.09604 -0.173882 -0.05482
544.18884 -0.173176 -0.05732
544.28164 -0.172433 -0.05981
544.37445 -0.171654 -0.06229
544.46725 -0.170839 -0.06476
544.56005 -0.169989 -0.06722
544.65285 -0.169103 -0.06967
544.74565 -0.168181 -0.07210
544.83845 -0.167223 -0.07453
544.93126 -0.166231 -0.07693
545.02406 -0.165203 -0.07933
545.11686 -0.164141 -0.08171
545.20966 -0.163044 -0.08407
545.30246 -0.161913 -0.08642
545.39526 -0.160747 -0.08876
545.48807 -0.159548 -0.09108
545.58087 -0.158314 -0.09338
545.67367 -0.157048 -0.09566
545.76647 -0.155748 -0.09793
545.85927 -0.154414 -0.10018
545.95207 -0.153049 -0.10241
546.04488 -0.151650 -0.10462
546.13768 -0.150219 -0.10681
546.23048 -0.148757 -0.10898
546.32328 -0.147262 -0.11113
546.41608 -0.145736 -0.11326
546.50888 -0.144179 -0.11537
546.60169 -0.142592 -0.11745
546.69449 -0.140973 -0.11952
546.78729 -0.139325 -0.12156
546.88009 -0.137646 -0.12358
546.97289 -0.135939 -0.12557
547.06569 -0.134201 -0.12754
547.15850 -0.132435 -0.12949
547.25130 -0.130641 -0.13141
547.34410 -0.128818 -0.13331
547.43690 -0.126967 -0.13518
547.52970 -0.125089 -0.13702
547.62250 -0.123184 -0.13884
547.71531 -0.121252 -0.14063
547.80811 -0.119294 -0.14240
547.90091 -0.117310 -0.14413
547.99371 -0.115300 -0.14584
548.08651 -0.113265 -0.14752
548.17931 -0.111205 -0.14917
548.27212 -0.109121 -0.15080
548.36492 -0.107013 -0.15239
548.45772 -0.104881 -0.15396
548.55052 -0.102726 -0.15549
548.64332 -0.100548 -0.15699
548.73612 -0.098348 -0.15847
548.82893 -0.096127 -0.15991
548.92173 -0.093883 -0.16132
549.01453 -0.091619 -0.16270
549.10733 -0.089335 -0.16405
549.20013 -0.087030 -0.16536
549.29293 -0.084706 -0.16664
549.38574 -0.082362 -0.16789
549.47854 -0.080000 -0.16911
549.57134 -0.077619 -0.17029
549.66414 -0.075221 -0.17145
549.75694 -0.072806 -0.17256
549.84974 -0.070373 -0.17364
549.94255 -0.067925 -0.17469
550.03535 -0.065460 -0.17571
550.12815 -0.062981 -0.17669
550.22095 -0.060486 -0.17763
550.31375 -0.057977 -0.17854
550.40655 -0.055454 -0.17941
550.49935 -0.052918 -0.18025
550.59216 -0.050369 -0.18105
550.68496 -0.047808 -0.18182
550.77776 -0.045235 -0.18255
550.87056 -0.042650 -0.18324
550.96336 -0.040055 -0.18390
551.05616 -0.037450 -0.18452
551.14897 -0.034834 -0.18511
551.24177 -0.032210 -0.18566
551.33457 -0.029577 -0.18617
551.42737 -0.026936 -0.18664
551.52017 -0.024287 -0.18708
551.61297 -0.021631 -0.18748
551.70578 -0.018968 -0.18784
551.79858 -0.016299 -0.18816
551.89138 -0.013625 -0.18845
551.98418 -0.010945 -0.18870
552.07698 -0.008262 -0.18891
552.16978 -0.005574 -0.18908
552.26259 -0.002883 -0.18922
552.35539 -0.000189 -0.18932
552.44819 0.002507 -0.18938
552.54099 0.005205 -0.18940
552.63379 0.007904 -0.18938
552.72659 0.010603 -0.18933
552.81940 0.013303 -0.18923
552.91220 0.016003 -0.18910
553.00500 0.018701 -0.18894
553.09780 0.021398 -0.18873
553.19060 0.024093 -0.18849
553.28340 0.026785 -0.18820
553.37621 0.029474 -0.18788
553.46901 0.032160 -0.18752
553.56181 0.034841 -0.18713
553.65461 0.037517 -0.18670
553.74741 0.040189 -0.18622
553.84021 0.042854 -0.18572
553.93302 0.045513 -0.18517
554.02582 0.048165 -0.18458
554.11862 0.050809 -0.18396
554.21142 0.053446 -0.18331
554.30422 0.056074 -0.18261
554.39702 0.058693 -0.18188
554.48983 0.061303 -0.18111
554.58263 0.063902 -0.18030
554.67543 0.066491 -0.17946
554.76823 0.069068 -0.17858
554.86103 0.071634 -0.17766
554.95383 0.074187 -0.17671
555.04664 0.076729 -0.17573
555.13944 0.079256 -0.17470
555.23224 0.081770 -0.17364
555.32504 0.084270 -0.17255
555.41784 0.086755 -0.17142
555.51064 0.089224 -0.17026
555.60345 0.091678 -0.16906
555.69625 0.094116 -0.16782
555.78905 0.096537 -0.16656
555.88185 0.098940 -0.16525
555.97465 0.101326 -0.16392
556.06745 0.103693 -0.16255
556.16026 0.106043 -0.16115
556.25306 0.108372 -0.15971
556.34586 0.110682 -0.15824
556.43866 0.112972 -0.15674
556.53146 0.115241 -0.15521
556.62426 0.117489 -0.15365
556.71707 0.119716 -0.15205
556.80987 0.121921 -0.15042
556.90267 0.124103 -0.14876
556.99547 0.126263 -0.14707
557.08827 0.128399 -0.14535
557.18107 0.130511 -0.14360
557.27387 0.132599 -0.14183
557.36668 0.134663 -0.14002
557.45948 0.136701 -0.13818
557.55228 0.138714 -0.13631
557.64508 0.140702 -0.13442
557.73788 0.142662 -0.13250
557.83068 0.144597 -0.13055
557.92349 0.146504 -0.12857
558.01629 0.148384 -0.12657
558.10909 0.150235 -0.12454
558.20189 0.152059 -0.12248
558.29469 0.153854 -0.12040
558.38749 0.155620 -0.11829
558.48030 0.157357 -0.11616
558.57310 0.159064 -0.11401
558.66590 0.160741 -0.11183
558.75870 0.162387 -0.10962
558.85150 0.164003 -0.10740
558.94430 0.165588 -0.10515
559.03711 0.167142 -0.10288
559.12991 0.168663 -0.10059
559.22271 0.170153 -0.09827
559.31551 0.171610 -0.09594
559.40831 0.173035 -0.09358
559.50111 0.174426 -0.09121
559.59392 0.175785 -0.08881
559.68672 0.177110 -0.08640
559.77952 0.178401 -0.08397
559.87232 0.179658 -0.08152
559.96512 0.180881 -0.07905
560.05792 0.182069 -0.07657
560.15073 0.183223 -0.07407
560.24353 0.184341 -0.07155
560.33633 0.185424 -0.06902
560.42913 0.186471 -0.06647
560.52193 0.187483 -0.06391
560.61473 0.188459 -0.06133
560.70754 0.189399 -0.05874
560.80034 0.190302 -0.05614
560.89314 0.191169 -0.05352
560.98594 0.191999 -0.05089
561.07874 0.192792 -0.04826
561.17154 0.193548 -0.04561
561.26435 0.194266 -0.04295
561.35715 0.194948 -0.04028
561.44995 0.195591 -0.03760
561.54275 0.196197 -0.03491
561.63555 0.196766 -0.03221
561.72835 0.197296 -0.02951
561.82116 0.197788 -0.02680
561.91396 0.198242 -0.02408
562.00676 0.198658 -0.02135
562.09956 0.199035 -0.01862
562.19236 0.199374 -0.01589
562.28516 0.199674 -0.01315
562.37797 0.199936 -0.01040
562.47077 0.200159 -0.00766
562.56357 0.200344 -0.00491
562.65637 0.200489 -0.00216
562.74917 0.200596 0.00060
562.84197 0.200664 0.00335
562.93478 0.200693 0.00611
563.02758 0.200683 0.00887
563.12038 0.200634 0.01162
563.21318 0.200547 0.01438
563.30598 0.200420 0.01713
563.39878 0.200255 0.01988
563.49159 0.200050 0.02263
563.58439 0.199807 0.02538
563.67719 0.199526 0.02812
563.76999 0.199205 0.03086
563.86279 0.198846 0.03359
563.95559 0.198448 0.03632
564.04839 0.198011 0.03904
564.14120 0.197536 0.04175
564.23400 0.197023 0.04446
564.32680 0.196472 0.04716
564.41960 0.195882 0.04985
564.51240 0.195254 0.05254
564.60520 0.194588 0.05521
564.69801 0.193884 0.05788
564.79081 0.193143 0.06053
564.88361 0.192364 0.06318
564.97641 0.191548 0.06581
565.06921 0.190694 0.06843
565.16201 0.189803 0.07104
565.25482 0.188876 0.07364
565.34762 0.187911 0.07622
565.44042 0.186910 0.07879
565.53322 0.185873 0.08134
565.62602 0.184799 0.08388
565.71882 0.183689 0.08641
565.81163 0.182544 0.08892
565.90443 0.181363 0.09141
565.99723 0.180147 0.09388
566.09003 0.178896 0.09634
566.18283 0.177609 0.09878
566.27563 0.176289 0.10120
566.36844 0.174933 0.10361
566.46124 0.173544 0.10599
566.55404 0.172121 0.10835
566.64684 0.170665 0.11069
566.73964 0.169175 0.11302
566.83244 0.167652 0.11532
566.92525 0.166097 0.11760
567.01805 0.164509 0.11985
567.11085 0.162890 0.12209
567.20365 0.161238 0.12430
567.29645 0.159555 0.12649
567.38925 0.157841 0.12865
567.48206 0.156097 0.13079
567.57486 0.154322 0.13291
567.66766 0.152516 0.13500
567.76046 0.150682 0.13706
567.85326 0.148818 0.13910
567.94606 0.146925 0.14111
568.03887 0.145003 0.14309
568.13167 0.143053 0.14505
568.22447 0.141075 0.14698
568.31727 0.139070 0.14888
568.41007 0.137038 0.15075
568.50287 0.134979 0.15260
568.59568 0.132894 0.15441
568.68848 0.130783 0.15620
568.78128 0.128647 0.15795
568.87408 0.126486 0.15968
568.96688 0.124300 0.16137
569.05968 0.122090 0.16304
569.15249 0.119857 0.16467
569.24529 0.117600 0.16627
569.33809 0.115320 0.16784
569.43089 0.113018 0.16937
569.52369 0.110695 0.17088
569.61649 0.108349 0.17235
569.70930 0.105983 0.17378
569.80210 0.103596 0.17519
569.89490 0.101190 0.17656
569.98770 0.098763 0.17789
570.08050 0.096318 0.17919
570.17330 0.093854 0.18046
570.26611 0.091372 0.18169
570.35891 0.088872 0.18289
570.45171 0.086356 0.18405
570.54451 0.083822 0.18518
570.63731 0.081273 0.18627
570.73011 0.078708 0.18732
570.82291 0.076128 0.18834
570.91572 0.073533 0.18932
571.00852 0.070925 0.19027
571.10132 0.068303 0.19118
571.19412 0.065667 0.19205
571.28692 0.063020 0.19288
571.37972 0.060360 0.19368
571.47253 0.057689 0.19444
571.56533 0.055007 0.19516
571.65813 0.052315 0.19584
571.75093 0.049612 0.19649
571.84373 0.046901 0.19710
571.93653 0.044181 0.19767
572.02934 0.041452 0.19820
572.12214 0.038716 0.19869
572.21494 0.035973 0.19915
572.30774 0.033223 0.19956
572.40054 0.030468 0.19994
572.49334 0.027706 0.20028
572.58615 0.024940 0.20058
572.67895 0.022169 0.20084
572.77175 0.019395 0.20106
572.86455 0.016617 0.20124
572.95735 0.013837 0.20138
573.05015 0.011055 0.20149
573.14296 0.008270 0.20155
573.23576 0.005485 0.20158
573.32856 0.002699 0.20156
573.42136 -0.000086 0.20151
573.51416 -0.002871 0.20142
573.60696 -0.005655 0.20129
573.69977 -0.008437 0.20112
573.79257 -0.011217 0.20091
573.88537 -0.013994 0.20066
573.97817 -0.016768 0.20038
574.07097 -0.019537 0.20005
574.16377 -0.022302 0.19969
574.25658 -0.025063 0.19928
574.34938 -0.027817 0.19884
574.44218 -0.030566 0.19836
574.53498 -0.033307 0.19784
574.62778 -0.036042 0.19729
574.72058 -0.038768 0.19669
574.81339 -0.041487 0.19606
574.90619 -0.044196 0.19538
574.99899 -0.046896 0.19467
575.09179 -0.049586 0.19393
575.18459 -0.052266 0.19314
575.27739 -0.054935 0.19232
575.37020 -0.057592 0.19146
575.46300 -0.060237 0.19056
575.55580 -0.062869 0.18963
575.64860 -0.065488 0.18866
575.74140 -0.068094 0.18765
575.83420 -0.070685 0.18661
575.92701 -0.073262 0.18553
576.01981 -0.075823 0.18441
576.11261 -0.078369 0.18326
576.20541 -0.080898 0.18208
576.29821 -0.083411 0.18085
576.39101 -0.085907 0.17960
576.48382 -0.088385 0.17831
576.57662 -0.090844 0.17698
576.66942 -0.093285 0.17562
576.76222 -0.095707 0.17423
576.85502 -0.098109 0.17280
576.94782 -0.100490 0.17134
577.04063 -0.102852 0.16984
577.13343 -0.105192 0.16832
577.22623 -0.107510 0.16676
577.31903 -0.109807 0.16516
577.41183 -0.112081 0.16354
577.50463 -0.114332 0.16189
577.59743 -0.116559 0.16020
577.69024 -0.118763 0.15848
577.78304 -0.120943 0.15674
577.87584 -0.123097 0.15496
577.96864 -0.125227 0.15315
578.06144 -0.127331 0.15132
578.15424 -0.129409 0.14945
578.24705 -0.131461 0.14756
578.33985 -0.133486 0.14564
578.43265 -0.135484 0.14369
578.52545 -0.137454 0.14171
578.61825 -0.139396 0.13971
578.71105 -0.141310 0.13767
578.80386 -0.143195 0.13562
578.89666 -0.145051 0.13353
578.98946 -0.146878 0.13143
579.08226 -0.148674 0.12929
579.17506 -0.150441 0.12713
579.26786 -0.152177 0.12495
579.36067 -0.153882 0.12275
579.45347 -0.155555 0.12052
579.54627 -0.157198 0.11827
579.63907 -0.158808 0.11599
579.73187 -0.160386 0.11370
579.82467 -0.161931 0.11138
579.91748 -0.163444 0.10904
580.01028 -0.164924 0.10668
580.10308 -0.166370 0.10430
580.19588 -0.167782 0.10190
580.28868 -0.169161 0.09949
580.38148 -0.170505 0.09705
580.47429 -0.171815 0.09460
580.56709 -0.173090 0.09213
580.65989 -0.174330 0.08964
580.75269 -0.175535 0.08713
580.84549 -0.176704 0.08461
580.93829 -0.177838 0.08208
581.03110 -0.178936 0.07953
581.12390 -0.179997 0.07696
581.21670 -0.181022 0.07438
581.30950 -0.182011 0.07179
581.40230 -0.182963 0.06918
581.49510 -0.183878 0.06656
581.58791 -0.184756 0.06393
581.68071 -0.185596 0.06129
581.77351 -0.186399 0.05864
581.86631 -0.187165 0.05598
581.95911 -0.187893 0.05331
582.05191 -0.188583 0.05063
582.14472 -0.189235 0.04794
582.23752 -0.189849 0.04524
582.33032 -0.190424 0.04253
582.42312 -0.190962 0.03982
582.51592 -0.191461 0.03710
582.60872 -0.191921 0.03438
582.70153 -0.192343 0.03165
582.79433 -0.192726 0.02891
582.88713 -0.193070 0.02617
582.97993 -0.193376 0.02343
583.07273 -0.193642 0.02069
583.16553 -0.193870 0.01794
583.25834 -0.194059 0.01519
583.35114 -0.194209 0.01244
583.44394 -0.194320 0.00968
583.53674 -0.194392 0.00693
583.62954 -0.194425 0.00418
583.72234 -0.194419 0.00143
583.81515 -0.194374 -0.00132
583.90795 -0.194290 -0.00407
584.00075 -0.194167 -0.00682
584.09355 -0.194005 -0.00956
584.18635 -0.193805 -0.01230
584.27915 -0.193565 -0.01503
584.37195 -0.193287 -0.01776
584.46476 -0.192970 -0.02049
584.55756 -0.192615 -0.02321
584.65036 -0.192221 -0.02592
584.74316 -0.191789 -0.02863
584.83596 -0.191318 -0.03133
584.92876 -0.190809 -0.03402
585.02157 -0.190262 -0.03670
585.11437 -0.189678 -0.03937
585.20717 -0.189055 -0.04204
585.29997 -0.188394 -0.04469
585.39277 -0.187697 -0.04733
585.48557 -0.186961 -0.04996
585.57838 -0.186189 -0.05258
585.67118 -0.185379 -0.05519
585.76398 -0.184533 -0.05778
585.85678 -0.183650 -0.06037
585.94958 -0.182730 -0.06293
586.04238 -0.181774 -0.06549
586.13519 -0.180782 -0.06802
586.22799 -0.179754 -0.07055
586.32079 -0.178690 -0.07305
586.41359 -0.177591 -0.07554
586.50639 -0.176457 -0.07802
586.59919 -0.175288 -0.08047
586.69200 -0.174084 -0.08291
586.78480 -0.172846 -0.08533
586.87760 -0.171573 -0.08773
586.97040 -0.170267 -0.09011
587.06320 -0.168927 -0.09247
587.15600 -0.167554 -0.09481
587.24881 -0.166147 -0.09713
587.34161 -0.164708 -0.09943
587.43441 -0.163237 -0.10171
587.52721 -0.161733 -0.10396
587.62001 -0.160198 -0.10620
587.71281 -0.158631 -0.10840
587.80562 -0.157032 -0.11059
587.89842 -0.155404 -0.11275
587.99122 -0.153744 -0.11489
588.08402 -0.152055 -0.11700
588.17682 -0.150336 -0.11909
588.26962 -0.148587 -0.12115
588.36243 -0.146809 -0.12318
588.45523 -0.145003 -0.12519
588.54803 -0.143169 -0.12717
588.64083 -0.141306 -0.12913
588.73363 -0.139417 -0.13105
588.82643 -0.137500 -0.13295
588.91924 -0.135556 -0.13482
589.01204 -0.133586 -0.13666
589.10484 -0.131590 -0.13847
589.19764 -0.129569 -0.14026
589.29044 -0.127523 -0.14201
589.38324 -0.125453 -0.14373
589.47605 -0.123358 -0.14542
589.56885 -0.121239 -0.14708
589.66165 -0.119097 -0.14871
589.75445 -0.116933 -0.15031
589.84725 -0.114746 -0.15187
589.94005 -0.112537 -0.15341
590.03286 -0.110307 -0.15491
590.12566 -0.108056 -0.15637
590.21846 -0.105784 -0.15781
590.31126 -0.103492 -0.15921
590.40406 -0.101181 -0.16058
590.49686 -0.098851 -0.16191
590.58967 -0.096502 -0.16321
590.68247 -0.094136 -0.16447
590.77527 -0.091751 -0.16570
590.86807 -0.089350 -0.16690
590.96087 -0.086932 -0.16806
591.05367 -0.084498 -0.16918
591.14647 -0.082049 -0.17027
591.23928 -0.079584 -0.17132
591.33208 -0.077105 -0.17234
591.42488 -0.074612 -0.17332
591.51768 -0.072106 -0.17426
591.61048 -0.069586 -0.17517
591.70328 -0.067054 -0.17604
591.79609 -0.064511 -0.17687
591.88889 -0.061956 -0.17767
591.98169 -0.059390 -0.17842
592.07449 -0.056814 -0.17914
592.16729 -0.054228 -0.17983
592.26009 -0.051633 -0.18047
592.35290 -0.049029 -0.18108
592.44570 -0.046417 -0.18165
592.53850 -0.043798 -0.18218
592.63130 -0.041172 -0.18268
592.72410 -0.038539 -0.18313
592.81690 -0.035900 -0.18355
592.90971 -0.033256 -0.18393
593.00251 -0.030607 -0.18427
593.09531 -0.027954 -0.18457
593.18811 -0.025297 -0.18483
593.28091 -0.022638 -0.18505
593.37371 -0.019975 -0.18524
593.46652 -0.017310 -0.18539
593.55932 -0.014644 -0.18549
593.65212 -0.011977 -0.18556
593.74492 -0.009310 -0.18559
593.83772 -0.006643 -0.18558
593.93052 -0.003977 -0.18554
594.02333 -0.001312 -0.18545
594.11613 0.001351 -0.18533
594.20893 0.004012 -0.18516
594.30173 0.006670 -0.18496
594.39453 0.009324 -0.18472
594.48733 0.011974 -0.18444
594.58014 0.014620 -0.18413
594.67294 0.017260 -0.18377
594.76574 0.019894 -0.18338
594.85854 0.022522 -0.18295
594.95134 0.025144 -0.18248
595.04414 0.027757 -0.18197
595.13695 0.030364 -0.18143
595.22975 0.032961 -0.18084
595.32255 0.035550 -0.18022
595.41535 0.038128 -0.17957
595.50815 0.040697 -0.17887
595.60095 0.043255 -0.17814
595.69376 0.045802 -0.17737
595.78656 0.048338 -0.17656
595.87936 0.050861 -0.17572
595.97216 0.053371 -0.17484
596.06496 0.055868 -0.17393
596.15776 0.058351 -0.17298
596.25057 0.060820 -0.17199
596.34337 0.063274 -0.17097
596.43617 0.065712 -0.16991
596.52897 0.068135 -0.16882
596.62177 0.070542 -0.16769
596.71457 0.072931 -0.16653
596.80738 0.075303 -0.16534
596.90018 0.077658 -0.16411
596.99298 0.079994 -0.16284
597.08578 0.082311 -0.16154
597.17858 0.084609 -0.16021
597.27138 0.086886 -0.15885
597.36419 0.089144 -0.15745
597.45699 0.091381 -0.15602
597.54979 0.093597 -0.15456
597.64259 0.095791 -0.15307
597.73539 0.097963 -0.15155
597.82819 0.100112 -0.14999
597.92099 0.102239 -0.14841
598.01380 0.104342 -0.14679
598.10660 0.106421 -0.14515
598.19940 0.108475 -0.14347
598.29220 0.110505 -0.14176
598.38500 0.112510 -0.14003
598.47780 0.114489 -0.13827
598.57061 0.116442 -0.13648
598.66341 0.118369 -0.13466
598.75621 0.120269 -0.13281
598.84901 0.122141 -0.13094
598.94181 0.123986 -0.12904
599.03461 0.125803 -0.12711
599.12742 0.127592 -0.12516
599.22022 0.129352 -0.12319
599.31302 0.131083 -0.12118
599.40582 0.132784 -0.11916
599.49862 0.134455 -0.11711
599.59142 0.136097 -0.11503
599.68423 0.137708 -0.11293
599.77703 0.139288 -0.11081
599.86983 0.140836 -0.10867
599.96263 0.142354 -0.10651
600.05543 0.143839 -0.10432
600.14823 0.145293 -0.10212
600.24104 0.146714 -0.09989
600.33384 0.148102 -0.09764
600.42664 0.149457 -0.09537
600.51944 0.150779 -0.09309
600.61224 0.152068 -0.09079
600.70504 0.153322 -0.08846
600.79785 0.154543 -0.08612
600.89065 0.155729 -0.08377
600.98345 0.156881 -0.08139
601.07625 0.157998 -0.07901
601.16905 0.159080 -0.07660
601.26185 0.160126 -0.07418
601.35466 0.161138 -0.07175
601.44746 0.162113 -0.06930
601.54026 0.163052 -0.06684
601.63306 0.163956 -0.06437
601.72586 0.164823 -0.06188
601.81866 0.165654 -0.05938
601.91147 0.166448 -0.05687
602.00427 0.167206 -0.05435
602.09707 0.167926 -0.05182
602.18987 0.168610 -0.04928
602.28267 0.169256 -0.04673
602.37547 0.169865 -0.04417
602.46828 0.170436 -0.04161
602.56108 0.170970 -0.03903
602.65388 0.171466 -0.03645
602.74668 0.171924 -0.03387
602.83948 0.172345 -0.03127
602.93228 0.172727 -0.02868
603.02509 0.173072 -0.02607
603.11789 0.173378 -0.02347
603.21069 0.173647 -0.02086
603.30349 0.173877 -0.01824
603.39629 0.174068 -0.01563
603.48909 0.174222 -0.01301
603.58190 0.174337 -0.01039
603.67470 0.174414 -0.00777
603.76750 0.174452 -0.00515
603.86030 0.174453 -0.00253
603.95310 0.174414 0.00009
604.04590 0.174338 0.00271
604.13871 0.174223 0.00532
604.23151 0.174070 0.00793
604.32431 0.173879 0.01054
604.41711 0.173649 0.01315
604.50991 0.173381 0.01575
604.60271 0.173076 0.01835
604.69551 0.172732 0.02094
604.78832 0.172350 0.02353
604.88112 0.171931 0.02611
604.97392 0.171473 0.02868
605.06672 0.170978 0.03125
605.15952 0.170446 0.03380
605.25232 0.169876 0.03635
605.34513 0.169269 0.03889
605.43793 0.168624 0.04142
605.53073 0.167943 0.04394
605.62353 0.167225 0.04645
605.71633 0.166470 0.04895
605.80913 0.165679 0.05143
605.90194 0.164851 0.05391
605.99474 0.163987 0.05637
606.08754 0.163087 0.05881
606.18034 0.162151 0.06124
606.27314 0.161179 0.06366
606.36594 0.160173 0.06607
606.45875 0.159131 0.06845
606.55155 0.158054 0.07082
606.64435 0.156942 0.07318
606.73715 0.155796 0.07552
606.82995 0.154616 0.07784
606.92275 0.153401 0.08014
607.01556 0.152153 0.08242
607.10836 0.150872 0.08469
607.20116 0.149557 0.08693
607.29396 0.148210 0.08916
607.38676 0.146830 0.09136
607.47956 0.145417 0.09355
607.57237 0.143973 0.09571
607.66517 0.142497 0.09785
607.75797 0.140990 0.09997
607.85077 0.139451 0.10206
607.94357 0.137882 0.10414
608.03637 0.136283 0.10619
608.12918 0.134653 0.10821
608.22198 0.132994 0.11021
608.31478 0.131306 0.11218
608.40758 0.129588 0.11413
608.50038 0.127843 0.11606
608.59318 0.126069 0.11795
608.68599 0.124267 0.11982
608.77879 0.122437 0.12167
608.87159 0.120581 0.12348
608.96439 0.118698 0.12527
609.05719 0.116789 0.12703
609.14999 0.114854 0.12876
609.24280 0.112893 0.13047
609.33560 0.110908 0.13214
609.42840 0.108898 0.13378
609.52120 0.106864 0.13540
609.61400 0.104806 0.13698
609.70680 0.102725 0.13853
609.79961 0.100622 0.14005
609.89241 0.098496 0.14154
609.98521 0.096348 0.14300
610.07801 0.094178 0.14443
610.17081 0.091988 0.14582
610.26361 0.089777 0.14718
610.35642 0.087546 0.14851
610.44922 0.085296 0.14980
610.54202 0.083027 0.15106
610.63482 0.080739 0.15229
610.72762 0.078433 0.15348
610.82042 0.076110 0.15464
610.91323 0.073769 0.15577
611.00603 0.071412 0.15686
611.09883 0.069039 0.15791
611.19163 0.066650 0.15893
611.28443 0.064246 0.15991
611.37723 0.061828 0.16086
611.47003 0.059396 0.16177
611.56284 0.056950 0.16265
611.65564 0.054492 0.16349
611.74844 0.052021 0.16429
611.84124 0.049538 0.16506
611.93404 0.047044 0.16578
612.02684 0.044539 0.16648
612.11965 0.042023 0.16713
612.21245 0.039498 0.16775
612.30525 0.036964 0.16833
612.39805 0.034421 0.16887
612.49085 0.031871 0.16938
612.58365 0.029312 0.16984
612.67646 0.026747 0.17027
612.76926 0.024175 0.17067
612.86206 0.021597 0.17102
612.95486 0.019014 0.17133
613.04766 0.016427 0.17161
613.14046 0.013835 0.17185
613.23327 0.011239 0.17205
613.32607 0.008640 0.17221
613.41887 0.006039 0.17233
613.51167 0.003436 0.17242
613.60447 0.000832 0.17246
613.69727 -0.001774 0.17247
613.79008 -0.004380 0.17244
613.88288 -0.006985 0.17237
613.97568 -0.009589 0.17226
614.06848 -0.012192 0.17211
614.16128 -0.014793 0.17193
614.25408 -0.017392 0.17170
614.34689 -0.019987 0.17144
614.43969 -0.022579 0.17114
614.53249 -0.025167 0.17080
614.62529 -0.027749 0.17042
614.71809 -0.030327 0.17001
614.81089 -0.032898 0.16956
614.90370 -0.035463 0.16906
614.99650 -0.038021 0.16853
615.08930 -0.040572 0.16797
615.18210 -0.043114 0.16736
615.27490 -0.045647 0.16672
615.36770 -0.048172 0.16604
615.46051 -0.050687 0.16532
615.55331 -0.053191 0.16457
615.64611 -0.055684 0.16378
615.73891 -0.058166 0.16295
615.83171 -0.060636 0.16208
615.92451 -0.063094 0.16118
616.01732 -0.065538 0.16024
616.11012 -0.067969 0.15927
616.20292 -0.070386 0.15826
616.29572 -0.072788 0.15721
616.38852 -0.075176 0.15613
616.48132 -0.077547 0.15502
616.57413 -0.079903 0.15386
616.66693 -0.082241 0.15268
616.75973 -0.084563 0.15146
616.85253 -0.086866 0.15020
616.94533 -0.089152 0.14891
617.03813 -0.091419 0.14759
617.13094 -0.093667 0.14623
617.22374 -0.095895 0.14484
617.31654 -0.098103 0.14342
617.40934 -0.100290 0.14197
617.50214 -0.102456 0.14048
617.59494 -0.104600 0.13896
617.68775 -0.106723 0.13741
617.78055 -0.108823 0.13583
617.87335 -0.110899 0.13421
617.96615 -0.112953 0.13257
618.05895 -0.114982 0.13090
618.15175 -0.116987 0.12919
618.24455 -0.118967 0.12746
618.33736 -0.120923 0.12570
618.43016 -0.122852 0.12390
618.52296 -0.124755 0.12208
618.61576 -0.126632 0.12024
618.70856 -0.128482 0.11836
618.80136 -0.130304 0.11646
618.89417 -0.132099 0.11452
618.98697 -0.133866 0.11257
619.07977 -0.135604 0.11058
619.17257 -0.137313 0.10858
619.26537 -0.138993 0.10654
619.35817 -0.140643 0.10448
619.45098 -0.142264 0.10240
619.54378 -0.143854 0.10029
619.63658 -0.145413 0.09816
619.72938 -0.146941 0.09601
619.82218 -0.148437 0.09383
619.91498 -0.149902 0.09163
620.00779 -0.151335 0.08941
620.10059 -0.152735 0.08717
620.19339 -0.154103 0.08491
620.28619 -0.155437 0.08263
620.37899 -0.156738 0.08033
620.47179 -0.158006 0.07800
620.56460 -0.159240 0.07566
620.65740 -0.160439 0.07331
620.75020 -0.161604 0.07093
620.84300 -0.162734 0.06854
620.93580 -0.163829 0.06613
621.02860 -0.164889 0.06370
621.12141 -0.165914 0.06126
621.21421 -0.166902 0.05880
621.30701 -0.167855 0.05633
621.39981 -0.168772 0.05384
621.49261 -0.169652 0.05134
621.58541 -0.170496 0.04883
621.67822 -0.171302 0.04631
621.77102 -0.172072 0.04377
621.86382 -0.172805 0.04122
621.95662 -0.173500 0.03866
622.04942 -0.174158 0.03609
622.14222 -0.174778 0.03351
622.23503 -0.175361 0.03092
622.32783 -0.175905 0.02832
622.42063 -0.176411 0.02572
622.51343 -0.176879 0.02310
622.60623 -0.177309 0.02048
622.69903 -0.177701 0.01786
622.79184 -0.178053 0.01522
622.88464 -0.178368 0.01258
622.97744 -0.178643 0.00994
623.07024 -0.178880 0.00729
623.16304 -0.179077 0.00464
623.25584 -0.179236 0.00199
623.34865 -0.179356 -0.00067
623.44145 -0.179437 -0.00333
623.53425 -0.179478 -0.00599
623.62705 -0.179481 -0.00865
623.71985 -0.179445 -0.01131
623.81265 -0.179369 -0.01397
623.90546 -0.179254 -0.01663
623.99826 -0.179100 -0.01929
624.09106 -0.178908 -0.02195
624.18386 -0.178675 -0.02460
624.27666 -0.178404 -0.02725
624.36946 -0.178094 -0.02990
624.46227 -0.177745 -0.03254
624.55507 -0.177357 -0.03518
624.64787 -0.176930 -0.03781
624.74067 -0.176465 -0.04043
624.83347 -0.175961 -0.04305
624.92627 -0.175418 -0.04566
625.01908 -0.174836 -0.04827
625.11188 -0.174216 -0.05086
625.20468 -0.173558 -0.05345
625.29748 -0.172862 -0.05603
625.39028 -0.172128 -0.05860
625.48308 -0.171355 -0.06115
625.57588 -0.170545 -0.06370
625.66869 -0.169698 -0.06623
625.76149 -0.168813 -0.06876
625.85429 -0.167890 -0.07127
625.94709 -0.166931 -0.07376
626.03989 -0.165935 -0.07624
626.13269 -0.164902 -0.07871
626.22550 -0.163832 -0.08116
626.31830 -0.162726 -0.08360
626.41110 -0.161584 -0.08602
626.50390 -0.160406 -0.08843
626.59670 -0.159193 -0.09082
626.68950 -0.157944 -0.09319
626.78231 -0.156660 -0.09554
626.87511 -0.155341 -0.09787
626.96791 -0.153988 -0.10019
627.06071 -0.152600 -0.10248
627.15351 -0.151178 -0.10476
627.24631 -0.149722 -0.10701
627.33912 -0.148233 -0.10924
627.43192 -0.146711 -0.11145
627.52472 -0.145155 -0.11364
627.61752 -0.143567 -0.11581
627.71032 -0.141947 -0.11795
627.80312 -0.140295 -0.12007
627.89593 -0.138611 -0.12217
627.98873 -0.136897 -0.12424
628.08153 -0.135151 -0.12629
628.17433 -0.133374 -0.12831
628.26713 -0.131568 -0.13031
628.35993 -0.129732 -0.13228
628.45274 -0.127866 -0.13422
628.54554 -0.125971 -0.13613
628.63834 -0.124047 -0.13802
628.73114 -0.122095 -0.13988
628.82394 -0.120116 -0.14171
628.91674 -0.118108 -0.14352
629.00955 -0.116074 -0.14529
629.10235 -0.114013 -0.14704
629.19515 -0.111926 -0.14875
629.28795 -0.109813 -0.15043
629.38075 -0.107675 -0.15209
629.47355 -0.105512 -0.15371
629.56636 -0.103324 -0.15530
629.65916 -0.101112 -0.15686
629.75196 -0.098877 -0.15839
629.84476 -0.096618 -0.15988
629.93756 -0.094337 -0.16134
630.03036 -0.092034 -0.16277
630.12317 -0.089709 -0.16417
630.21597 -0.087363 -0.16553
630.30877 -0.084996 -0.16685
630.40157 -0.082609 -0.16815
630.49437 -0.080203 -0.16940
630.58717 -0.077777 -0.17063
630.67998 -0.075332 -0.17181
630.77278 -0.072869 -0.17297
630.86558 -0.070388 -0.17408
630.95838 -0.067890 -0.17516
631.05118 -0.065376 -0.17621
631.14398 -0.062845 -0.17721
631.23679 -0.060298 -0.17818
631.32959 -0.057737 -0.17912
631.42239 -0.055161 -0.18001
631.51519 -0.052571 -0.18087
631.60799 -0.049968 -0.18169
631.70079 -0.047351 -0.18248
631.79360 -0.044722 -0.18322
631.88640 -0.042082 -0.18393
631.97920 -0.039430 -0.18460
632.07200 -0.036767 -0.18522
632.16480 -0.034094 -0.18582
632.25760 -0.031412 -0.18637
632.35040 -0.028720 -0.18688
632.44321 -0.026020 -0.18735
632.53601 -0.023312 -0.18779
632.62881 -0.020597 -0.18818
632.72161 -0.017875 -0.18854
632.81441 -0.015147 -0.18886
632.90721 -0.012413 -0.18913
633.00002 -0.009674 -0.18937
633.09282 -0.006930 -0.18956
633.18562 -0.004183 -0.18972
633.27842 -0.001432 -0.18984
633.37122 0.001322 -0.18991
633.46402 0.004077 -0.18995
633.55683 0.006835 -0.18995
633.64963 0.009593 -0.18990
633.74243 0.012352 -0.18982
633.83523 0.015110 -0.18970
633.92803 0.017868 -0.18953
634.02083 0.020625 -0.18933
634.11364 0.023379 -0.18908
634.20644 0.026132 -0.18880
634.29924 0.028881 -0.18847
634.39204 0.031626 -0.18811
634.48484 0.034367 -0.18770
634.57764 0.037104 -0.18726
634.67045 0.039835 -0.18678
634.76325 0.042560 -0.18625
634.85605 0.045279 -0.18569
634.94885 0.047990 -0.18509
635.04165 0.050694 -0.18444
635.13445 0.053390 -0.18376
635.22726 0.056077 -0.18304
635.32006 0.058754 -0.18228
635.41286 0.061421 -0.18148
635.50566 0.064078 -0.18064
635.59846 0.066724 -0.17976
635.69126 0.069358 -0.17885
635.78407 0.071980 -0.17790
635.87687 0.074589 -0.17690
635.96967 0.077184 -0.17587
636.06247 0.079766 -0.17481
636.15527 0.082334 -0.17370
636.24807 0.084886 -0.17256
636.34088 0.087423 -0.17138
636.43368 0.089944 -0.17016
636.52648 0.092448 -0.16891
636.61928 0.094935 -0.16762
636.71208 0.097404 -0.16629
636.80488 0.099856 -0.16493
636.89769 0.102288 -0.16353
636.99049 0.104701 -0.16210
637.08329 0.107095 -0.16063
637.17609 0.109468 -0.15913
637.26889 0.111820 -0.15759
637.36169 0.114151 -0.15602
637.45450 0.116461 -0.15442
637.54730 0.118748 -0.15278
637.64010 0.121012 -0.15111
637.73290 0.123253 -0.14940
637.82570 0.125470 -0.14766
637.91850 0.127663 -0.14589
638.01131 0.129832 -0.14409
638.10411 0.131975 -0.14226
638.19691 0.134092 -0.14039
638.28971 0.136184 -0.13850
638.38251 0.138249 -0.13657
638.47531 0.140287 -0.13461
638.56812 0.142297 -0.13263
638.66092 0.144280 -0.13061
638.75372 0.146234 -0.12857
638.84652 0.148160 -0.12650
638.93932 0.150057 -0.12440
639.03212 0.151924 -0.12227
639.12492 0.153761 -0.12012
639.21773 0.155568 -0.11793
639.31053 0.157344 -0.11573
639.40333 0.159089 -0.11349
639.49613 0.160802 -0.11123
639.58893 0.162483 -0.10895
639.68173 0.164133 -0.10664
639.77454 0.165750 -0.10431
639.86734 0.167333 -0.10195
639.96014 0.168884 -0.09957
640.05294 0.170401 -0.09717
640.14574 0.171883 -0.09475
640.23854 0.173332 -0.09230
640.33135 0.174746 -0.08984
640.42415 0.176125 -0.08735
640.51695 0.177469 -0.08484
640.60975 0.178777 -0.08232
640.70255 0.180050 -0.07977
640.79535 0.181286 -0.07721
640.88816 0.182486 -0.07463
640.98096 0.183649 -0.07203
641.07376 0.184776 -0.06941
641.16656 0.185865 -0.06678
641.25936 0.186917 -0.06413
641.35216 0.187931 -0.06147
641.44497 0.188907 -0.05879
641.53777 0.189846 -0.05610
641.63057 0.190746 -0.05339
641.72337 0.191607 -0.05067
641.81617 0.192430 -0.04794
641.90897 0.193214 -0.04520
642.00178 0.193959 -0.04245
642.09458 0.194664 -0.03968
642.18738 0.195331 -0.03690
642.28018 0.195957 -0.03412
642.37298 0.196544 -0.03132
642.46578 0.197091 -0.02852
642.55859 0.197599 -0.02571
642.65139 0.198066 -0.02289
642.74419 0.198492 -0.02007
642.83699 0.198879 -0.01724
642.92979 0.199225 -0.01440
643.02259 0.199531 -0.01156
643.11540 0.199796 -0.00871
643.20820 0.200020 -0.00586
643.30100 0.200204 -0.00301
643.39380 0.200347 -0.00015
643.48660 0.200449 0.00270
643.57940 0.200510 0.00556
643.67221 0.200530 0.00842
643.76501 0.200510 0.01128
643.85781 0.200448 0.01414
643.95061 0.200346 0.01700
644.04341 0.200202 0.01986
644.13621 0.200018 0.02271
644.22902 0.199793 0.02557
644.32182 0.199527 0.02842
644.41462 0.199220 0.03126
644.50742 0.198873 0.03410
644.60022 0.198484 0.03694
644.69302 0.198056 0.03977
644.78583 0.197586 0.04259
644.87863 0.197076 0.04541
644.97143 0.196526 0.04822
645.06423 0.195936 0.05102
645.15703 0.195305 0.05381
645.24983 0.194634 0.05659
645.34264 0.193923 0.05937
645.43544 0.193173 0.06213
645.52824 0.192383 0.06488
645.62104 0.191553 0.06762
645.71384 0.190684 0.07035
645.80664 0.189776 0.07307
645.89944 0.188829 0.07577
645.99225 0.187843 0.07846
646.08505 0.186818 0.08113
646.17785 0.185755 0.08379
646.27065 0.184654 0.08643
646.36345 0.183514 0.08906
646.45625 0.182337 0.09167
646.54906 0.181123 0.09427
646.64186 0.179871 0.09684
646.73466 0.178582 0.09940
646.82746 0.177256 0.10194
646.92026 0.175894 0.10446
647.01306 0.174496 0.10696
647.10587 0.173061 0.10944
647.19867 0.171591 0.11190
647.29147 0.170085 0.11433
647.38427 0.168545 0.11675
647.47707 0.166969 0.11914
647.56987 0.165359 0.12151
647.66268 0.163715 0.12386
647.75548 0.162037 0.12618
647.84828 0.160326 0.12848
647.94108 0.158582 0.13075
648.03388 0.156804 0.13300
648.12668 0.154995 0.13522
648.21949 0.153153 0.13741
648.31229 0.151280 0.13958
648.40509 0.149375 0.14172
648.49789 0.147440 0.14384
648.59069 0.145474 0.14592
648.68349 0.143478 0.14798
648.77630 0.141452 0.15001
648.86910 0.139397 0.15200
648.96190 0.137313 0.15397
649.05470 0.135201 0.15591
649.14750 0.133060 0.15782
649.24030 0.130892 0.15969
649.33311 0.128697 0.16154
649.42591 0.126475 0.16335
649.51871 0.124228 0.16513
649.61151 0.121954 0.16688
649.70431 0.119655 0.16859
649.79711 0.117331 0.17027
649.88992 0.114983 0.17192
649.98272 0.112611 0.17353
650.07552 0.110216 0.17511
650.16832 0.107798 0.17665
650.26112 0.105357 0.17816
650.35392 0.102895 0.17963
650.44673 0.100411 0.18107
650.53953 0.097906 0.18247
650.63233 0.095382 0.18384
650.72513 0.092837 0.18517
650.81793 0.090273 0.18646
650.91073 0.087690 0.18771
651.00354 0.085089 0.18893
651.09634 0.082470 0.19010
651.18914 0.079835 0.19124
651.28194 0.077182 0.19235
651.37474 0.074514 0.19341
651.46754 0.071830 0.19443
651.56035 0.069131 0.19542
651.65315 0.066418 0.19637
651.74595 0.063691 0.19727
651.83875 0.060951 0.19814
651.93155 0.058198 0.19897
652.02435 0.055433 0.19976
652.11716 0.052656 0.20051
652.20996 0.049868 0.20121
652.30276 0.047070 0.20188
652.39556 0.044263 0.20251
652.48836 0.041446 0.20309
652.58116 0.038620 0.20364
652.67396 0.035786 0.20414
652.76677 0.032945 0.20460
652.85957 0.030097 0.20502
652.95237 0.027243 0.20540
653.04517 0.024383 0.20574
653.13797 0.021518 0.20604
653.23077 0.018649 0.20630
653.32358 0.015775 0.20651
653.41638 0.012898 0.20668
653.50918 0.010019 0.20681
653.60198 0.007138 0.20690
653.69478 0.004255 0.20695
653.78758 0.001371 0.20696
653.88039 -0.001513 0.20692
653.97319 -0.004397 0.20684
654.06599 -0.007280 0.20672
654.15879 -0.010161 0.20656
654.25159 -0.013041 0.20636
654.34439 -0.015917 0.20611
654.43720 -0.018791 0.20583
654.53000 -0.021660 0.20550
654.62280 -0.024525 0.20513
654.71560 -0.027385 0.20472
654.80840 -0.030239 0.20426
654.90120 -0.033086 0.20377
654.99401 -0.035927 0.20324
655.08681 -0.038761 0.20266
655.17961 -0.041586 0.20204
655.27241 -0.044402 0.20139
655.36521 -0.047210 0.20069
655.45801 -0.050007 0.19995
655.55082 -0.052795 0.19917
655.64362 -0.055571 0.19835
655.73642 -0.058335 0.19749
655.82922 -0.061087 0.19659
655.92202 -0.063827 0.19565
656.01482 -0.066553 0.19467
656.10763 -0.069266 0.19366
656.20043 -0.071963 0.19260
656.29323 -0.074646 0.19150
656.38603 -0.077313 0.19037
656.47883 -0.079965 0.18919
656.57163 -0.082599 0.18798
656.66444 -0.085217 0.18673
656.75724 -0.087816 0.18545
656.85004 -0.090397 0.18412
656.94284 -0.092959 0.18276
657.03564 -0.095502 0.18136
657.12844 -0.098025 0.17993
657.22125 -0.100527 0.17846
657.31405 -0.103009 0.17695
657.40685 -0.105469 0.17540
657.49965 -0.107907 0.17383
657.59245 -0.110322 0.17221
657.68525 -0.112714 0.17057
657.77806 -0.115083 0.16888
657.87086 -0.117428 0.16717
657.96366 -0.119748 0.16542
658.05646 -0.122043 0.16363
658.14926 -0.124313 0.16182
658.24206 -0.126557 0.15997
658.33487 -0.128774 0.15809
658.42767 -0.130965 0.15618
658.52047 -0.133128 0.15423
658.61327 -0.135263 0.15226
658.70607 -0.137370 0.15025
658.79887 -0.139448 0.14822
658.89168 -0.141498 0.14615
658.98448 -0.143517 0.14406
659.07728 -0.145507 0.14193
659.17008 -0.147466 0.13978
659.26288 -0.149395 0.13760
659.35568 -0.151292 0.13540
659.44848 -0.153157 0.13316
659.54129 -0.154991 0.13090
659.63409 -0.156792 0.12861
659.72689 -0.158561 0.12630
659.81969 -0.160296 0.12397
659.91249 -0.161998 0.12160
660.00529 -0.163666 0.11922
660.09810 -0.165300 0.11681
660.19090 -0.166900 0.11438
660.28370 -0.168464 0.11192
660.37650 -0.169994 0.10944
660.46930 -0.171487 0.10694
660.56210 -0.172945 0.10443
660.65491 -0.174367 0.10188
660.74771 -0.175753 0.09932
660.84051 -0.177102 0.09674
660.93331 -0.178414 0.09415
661.02611 -0.179688 0.09153
661.11891 -0.180925 0.08889
661.21172 -0.182125 0.08624
661.30452 -0.183286 0.08357
661.39732 -0.184409 0.08089
661.49012 -0.185493 0.07819
661.58292 -0.186539 0.07547
661.67572 -0.187546 0.07274
661.76853 -0.188514 0.07000
661.86133 -0.189442 0.06724
661.95413 -0.190331 0.06447
662.04693 -0.191180 0.06169
662.13973 -0.191989 0.05890
662.23253 -0.192759 0.05610
662.32534 -0.193488 0.05328
662.41814 -0.194176 0.05046
662.51094 -0.194824 0.04762
662.60374 -0.195432 0.04478
662.69654 -0.195999 0.04193
662.78934 -0.196525 0.03907
662.88215 -0.197010 0.03621
662.97495 -0.197454 0.03334
663.06775 -0.197856 0.03046
663.16055 -0.198218 0.02758
663.25335 -0.198538 0.02470
663.34615 -0.198817 0.02181
663.43896 -0.199054 0.01892
663.53176 -0.199250 0.01602
663.62456 -0.199405 0.01313
663.71736 -0.199518 0.01023
663.81016 -0.199589 0.00733
663.90296 -0.199619 0.00443
663.99577 -0.199608 0.00154
664.08857 -0.199555 -0.00136
664.18137 -0.199460 -0.00425
664.27417 -0.199324 -0.00715
664.36697 -0.199146 -0.01004
664.45977 -0.198927 -0.01292
664.55258 -0.198667 -0.01580
664.64538 -0.198365 -0.01868
664.73818 -0.198022 -0.02155
664.83098 -0.197638 -0.02442
664.92378 -0.197213 -0.02728
665.01658 -0.196748 -0.03013
665.10939 -0.196241 -0.03297
665.20219 -0.195693 -0.03581
665.29499 -0.195105 -0.03863
665.38779 -0.194477 -0.04145
665.48059 -0.193808 -0.04426
665.57339 -0.193099 -0.04705
665.66620 -0.192350 -0.04984
665.75900 -0.191561 -0.05261
665.85180 -0.190732 -0.05537
665.94460 -0.189864 -0.05811
666.03740 -0.188957 -0.06085
666.13020 -0.188010 -0.06357
666.22300 -0.187025 -0.06627
666.31581 -0.186001 -0.06896
666.40861 -0.184939 -0.07163
666.50141 -0.183838 -0.07429
666.59421 -0.182700 -0.07692
666.68701 -0.181523 -0.07955
666.77981 -0.180310 -0.08215
666.87262 -0.179059 -0.08473
666.96542 -0.177771 -0.08730
667.05822 -0.176447 -0.08984
667.15102 -0.175086 -0.09237
667.24382 -0.173689 -0.09487
667.33662 -0.172257 -0.09735
667.42943 -0.170789 -0.09981
667.52223 -0.169286 -0.10225
667.61503 -0.167748 -0.10466
667.70783 -0.166176 -0.10705
667.80063 -0.164570 -0.10942
667.89343 -0.162930 -0.11176
667.98624 -0.161257 -0.11408
668.07904 -0.159551 -0.11637
668.17184 -0.157812 -0.11864
668.26464 -0.156041 -0.12087
668.35744 -0.154238 -0.12309
668.45024 -0.152403 -0.12527
668.54305 -0.150538 -0.12743
668.63585 -0.148642 -0.12956
668.72865 -0.146715 -0.13166
668.82145 -0.144759 -0.13373
668.91425 -0.142774 -0.13577
669.00705 -0.140759 -0.13778
669.09986 -0.138716 -0.13976
669.19266 -0.136645 -0.14171
669.28546 -0.134546 -0.14363
669.37826 -0.132420 -0.14552
669.47106 -0.130268 -0.14737
669.56386 -0.128089 -0.14919
669.65667 -0.125884 -0.15098
669.74947 -0.123655 -0.15274
669.84227 -0.121400 -0.15446
669.93507 -0.119121 -0.15615
670.02787 -0.116819 -0.15780
670.12067 -0.114493 -0.15942
670.21348 -0.112144 -0.16101
670.30628 -0.109773 -0.16256
670.39908 -0.107380 -0.16407
670.49188 -0.104966 -0.16555
670.58468 -0.102531 -0.16699
670.67748 -0.100077 -0.16839
670.77029 -0.097602 -0.16976
670.86309 -0.095108 -0.17109
670.95589 -0.092596 -0.17238
671.04869 -0.090066 -0.17364
671.14149 -0.087518 -0.17486
671.23429 -0.084954 -0.17604
671.32710 -0.082372 -0.17718
671.41990 -0.079776 -0.17828
671.51270 -0.077164 -0.17934
671.60550 -0.074537 -0.18037
671.69830 -0.071897 -0.18135
671.79110 -0.069242 -0.18230
671.88391 -0.066575 -0.18320
671.97671 -0.063896 -0.18407
672.06951 -0.061204 -0.18490
672.16231 -0.058502 -0.18568
672.25511 -0.055789 -0.18643
672.34791 -0.053066 -0.18713
672.44072 -0.050334 -0.18780
672.53352 -0.047592 -0.18842
672.62632 -0.044843 -0.18900
672.71912 -0.042086 -0.18954
672.81192 -0.039322 -0.19004
672.90472 -0.036552 -0.19050
672.99752 -0.033775 -0.19092
673.09033 -0.030993 -0.19129
673.18313 -0.028207 -0.19163
673.27593 -0.025417 -0.19192
673.36873 -0.022624 -0.19217
673.46153 -0.019828 -0.19238
673.55433 -0.017029 -0.19255
673.64714 -0.014229 -0.19268
673.73994 -0.011428 -0.19276
673.83274 -0.008627 -0.19281
673.92554 -0.005826 -0.19281
674.01834 -0.003026 -0.19277
674.11114 -0.000227 -0.19269
674.20395 0.002570 -0.19256
674.29675 0.005363 -0.19240
674.38955 0.008154 -0.19219
674.48235 0.010941 -0.19194
674.57515 0.013723 -0.19165
674.66795 0.016500 -0.19132
674.76076 0.019271 -0.19095
674.85356 0.022036 -0.19054
674.94636 0.024794 -0.19009
675.03916 0.027544 -0.18959
675.13196 0.030286 -0.18905
675.22476 0.033020 -0.18848
675.31757 0.035744 -0.18786
675.41037 0.038459 -0.18720
675.50317 0.041162 -0.18651
675.59597 0.043855 -0.18577
675.68877 0.046536 -0.18499
675.78157 0.049205 -0.18417
675.87438 0.051861 -0.18332
675.96718 0.054503 -0.18242
676.05998 0.057132 -0.18148
676.15278 0.059746 -0.18051
676.24558 0.062344 -0.17950
676.33838 0.064927 -0.17845
676.43119 0.067494 -0.17736
676.52399 0.070044 -0.17623
676.61679 0.072576 -0.17506
676.70959 0.075091 -0.17386
676.80239 0.077587 -0.17262
676.89519 0.080064 -0.17135
676.98800 0.082522 -0.17003
677.08080 0.084959 -0.16868
677.17360 0.087376 -0.16730
677.26640 0.089772 -0.16588
677.35920 0.092145 -0.16442
677.45200 0.094497 -0.16293
677.54481 0.096826 -0.16140
677.63761 0.099132 -0.15984
677.73041 0.101414 -0.15825
677.82321 0.103672 -0.15662
677.91601 0.105905 -0.15496
678.00881 0.108114 -0.15327
678.10162 0.110296 -0.15154
678.19442 0.112452 -0.14978
678.28722 0.114582 -0.14799
678.38002 0.116684 -0.14617
678.47282 0.118760 -0.14432
678.56562 0.120807 -0.14243
678.65843 0.122825 -0.14052
678.75123 0.124815 -0.13858
678.84403 0.126776 -0.13661
678.93683 0.128706 -0.13461
679.02963 0.130607 -0.13258
679.12243 0.132477 -0.13052
679.21524 0.134316 -0.12844
679.30804 0.136124 -0.12633
679.40084 0.137900 -0.12419
679.49364 0.139644 -0.12203
679.58644 0.141356 -0.11984
679.67924 0.143034 -0.11763
679.77204 0.144679 -0.11539
679.86485 0.146291 -0.11313
679.95765 0.147869 -0.11084
680.05045 0.149413 -0.10854
680.14325 0.150921 -0.10621
680.23605 0.152395 -0.10385
680.32885 0.153834 -0.10148
680.42166 0.155237 -0.09909
680.51446 0.156604 -0.09667
680.60726 0.157935 -0.09424
680.70006 0.159230 -0.09178
680.79286 0.160488 -0.08931
680.88566 0.161708 -0.08682
680.97847 0.162892 -0.08431
681.07127 0.164038 -0.08179
681.16407 0.165146 -0.07925
681.25687 0.166217 -0.07669
681.34967 0.167248 -0.07412
681.44247 0.168242 -0.07153
681.53528 0.169197 -0.06893
681.62808 0.170113 -0.06632
681.72088 0.170990 -0.06369
681.81368 0.171827 -0.06105
681.90648 0.172625 -0.05840
681.99928 0.173384 -0.05573
682.09209 0.174103 -0.05306
682.18489 0.174782 -0.05038
682.27769 0.175421 -0.04768
682.37049 0.176019 -0.04498
682.46329 0.176577 -0.04227
682.55609 0.177095 -0.03956
682.64890 0.177572 -0.03683
682.74170 0.178009 -0.03410
682.83450 0.178405 -0.03136
682.92730 0.178760 -0.02862
683.02010 0.179074 -0.02588
683.11290 0.179347 -0.02313
683.20571 0.179580 -0.02037
683.29851 0.179771 -0.01762
683.39131 0.179921 -0.01486
683.48411 0.180030 -0.01210
683.57691 0.180097 -0.00934
683.66971 0.180124 -0.00658
683.76252 0.180110 -0.00382
683.85532 0.180054 -0.00106
683.94812 0.179957 0.00170
684.04092 0.179820 0.00445
684.13372 0.179641 0.00720
684.22652 0.179421 0.00995
684.31933 0.179160 0.01270
684.41213 0.178858 0.01544
684.50493 0.178516 0.01817
684.59773 0.178133 0.02090
684.69053 0.177709 0.02362
684.78333 0.177244 0.02634
684.87614 0.176740 0.02904
684.96894 0.176195 0.03174
685.06174 0.175609 0.03443
685.15454 0.174984 0.03711
685.24734 0.174319 0.03978
685.34014 0.173614 0.04244
685.43295 0.172870 0.04509
685.52575 0.172086 0.04772
685.61855 0.171263 0.05034
685.71135 0.170400 0.05295
685.80415 0.169500 0.05555
685.89695 0.168560 0.05813
685.98976 0.167582 0.06070
686.08256 0.166566 0.06325
686.17536 0.165512 0.06578
686.26816 0.164420 0.06830
686.36096 0.163291 0.07080
686.45376 0.162124 0.07329
686.54656 0.160921 0.07575
686.63937 0.159681 0.07820
686.73217 0.158404 0.08062
686.82497 0.157092 0.08303
686.91777 0.155743 0.08542
687.01057 0.154360 0.08778
687.10337 0.152941 0.09013
687.19618 0.151487 0.09245
687.28898 0.149998 0.09475
687.38178 0.148476 0.09702
687.47458 0.146920 0.09927
687.56738 0.145330 0.10150
687.66018 0.143707 0.10370
687.75299 0.142051 0.10588
687.84579 0.140363 0.10804
687.93859 0.138643 0.11016
688.03139 0.136892 0.11226
688.12419 0.135109 0.11433
688.21699 0.133295 0.11638
688.30980 0.131451 0.11840
688.40260 0.129577 0.12038
688.49540 0.127674 0.12234
688.58820 0.125741 0.12427
688.68100 0.123780 0.12617
688.77380 0.121791 0.12804
688.86661 0.119773 0.12988
688.95941 0.117729 0.13169
689.05221 0.115657 0.13347
689.14501 0.113560 0.13521
689.23781 0.111436 0.13693
689.33061 0.109287 0.13861
689.42342 0.107113 0.14025
689.51622 0.104914 0.14187
689.60902 0.102692 0.14345
689.70182 0.100446 0.14499
689.79462 0.098177 0.14651
689.88742 0.095886 0.14798
689.98023 0.093573 0.14942
690.07303 0.091238 0.15083
690.16583 0.088883 0.15220
690.25863 0.086507 0.15353
690.35143 0.084112 0.15483
690.44423 0.081697 0.15609
690.53704 0.079264 0.15732
690.62984 0.076812 0.15850
690.72264 0.074343 0.15965
690.81544 0.071857 0.16076
690.90824 0.069355 0.16183
691.00104 0.066836 0.16287
691.09385 0.064302 0.16387
691.18665 0.061754 0.16482
691.27945 0.059191 0.16574
691.37225 0.056615 0.16662
691.46505 0.054026 0.16746
691.55785 0.051425 0.16826
691.65066 0.048811 0.16902
691.74346 0.046186 0.16974
691.83626 0.043551 0.17042
691.92906 0.040906 0.17106
692.02186 0.038251 0.17166
692.11466 0.035588 0.17222
692.20747 0.032916 0.17274
692.30027 0.030237 0.17321
692.39307 0.027550 0.17365
692.48587 0.024858 0.17405
692.57867 0.022159 0.17440
692.67147 0.019456 0.17471
692.76428 0.016747 0.17498
692.85708 0.014035 0.17521
692.94988 0.011320 0.17540
693.04268 0.008602 0.17555
693.13548 0.005881 0.17566
693.22828 0.003160 0.17572
693.32108 0.000437 0.17574
693.41389 -0.002286 0.17572
693.50669 -0.005008 0.17566
693.59949 -0.007729 0.17556
693.69229 -0.010449 0.17542
693.78509 -0.013166 0.17523
693.87789 -0.015880 0.17501
693.97070 -0.018592 0.17474
694.06350 -0.021298 0.17443
694.15630 -0.024000 0.17408
694.24910 -0.026697 0.17369
694.34190 -0.029388 0.17325
694.43470 -0.032072 0.17278
694.52751 -0.034749 0.17227
694.62031 -0.037418 0.17171
694.71311 -0.040079 0.17111
694.80591 -0.042730 0.17048
694.89871 -0.045372 0.16980
694.99151 -0.048004 0.16908
695.08432 -0.050625 0.16832
695.17712 -0.053235 0.16752
695.26992 -0.055832 0.16668
695.36272 -0.058417 0.16581
695.45552 -0.060988 0.16489
695.54832 -0.063546 0.16393
695.64113 -0.066089 0.16294
695.73393 -0.068618 0.16190
695.82673 -0.071130 0.16083
695.91953 -0.073627 0.15972
696.01233 -0.076107 0.15857
696.10513 -0.078569 0.15738
696.19794 -0.081014 0.15616
696.29074 -0.083440 0.15490
696.38354 -0.085847 0.15360
696.47634 -0.088235 0.15226
696.56914 -0.090602 0.15089
696.66194 -0.092949 0.14948
696.75475 -0.095275 0.14804
696.84755 -0.097579 0.14656
696.94035 -0.099860 0.14504
697.03315 -0.102119 0.14349
697.12595 -0.104355 0.14191
697.21875 -0.106567 0.14029
697.31156 -0.108754 0.13864
697.40436 -0.110917 0.13695
697.49716 -0.113054 0.13523
697.58996 -0.115165 0.13348
697.68276 -0.117250 0.13170
697.77556 -0.119309 0.12988
697.86837 -0.121340 0.12803
697.96117 -0.123343 0.12615
698.05397 -0.125318 0.12425
698.14677 -0.127264 0.12231
698.23957 -0.129181 0.12034
698.33237 -0.131069 0.11834
698.42518 -0.132926 0.11631
698.51798 -0.134753 0.11426
698.61078 -0.136549 0.11217
698.70358 -0.138314 0.11006
698.79638 -0.140047 0.10793
698.88918 -0.141748 0.10576
698.98199 -0.143416 0.10357
699.07479 -0.145052 0.10135
699.16759 -0.146654 0.09911
699.26039 -0.148222 0.09685
699.35319 -0.149756 0.09456
699.44599 -0.151256 0.09225
699.53880 -0.152721 0.08991
699.63160 -0.154151 0.08755
699.72440 -0.155546 0.08517
699.81720 -0.156904 0.08277
699.91000 -0.158227 0.08034
700.00280 -0.159513 0.07790
700.09561 -0.160762 0.07544
700.18841 -0.161974 0.07296
700.28121 -0.163149 0.07046
700.37401 -0.164286 0.06794
700.46681 -0.165386 0.06540
700.55961 -0.166447 0.06285
700.65241 -0.167469 0.06028
700.74522 -0.168454 0.05769
700.83802 -0.169399 0.05509
700.93082 -0.170305 0.05247
701.02362 -0.171171 0.04984
701.11642 -0.171998 0.04720
701.20922 -0.172785 0.04455
701.30203 -0.173532 0.04188
701.39483 -0.174239 0.03920
701.48763 -0.174906 0.03651
701.58043 -0.175532 0.03381
701.67323 -0.176117 0.03110
701.76603 -0.176662 0.02838
701.85884 -0.177165 0.02565
701.95164 -0.177628 0.02291
702.04444 -0.178049 0.02017
702.13724 -0.178429 0.01742
702.23004 -0.178767 0.01466
702.32284 -0.179064 0.01190
702.41565 -0.179319 0.00913
702.50845 -0.179532 0.00636
702.60125 -0.179704 0.00359
702.69405 -0.179834 0.00081
702.78685 -0.179921 -0.00197
702.87965 -0.179967 -0.00475
702.97246 -0.179971 -0.00753
703.06526 -0.179933 -0.01031
703.15806 -0.179853 -0.01310
703.25086 -0.179731 -0.01588
703.34366 -0.179566 -0.01866
703.43646 -0.179360 -0.02143
703.52927 -0.179112 -0.02421
703.62207 -0.178822 -0.02698
703.71487 -0.178490 -0.02975
703.80767 -0.178117 -0.03251
703.90047 -0.177701 -0.03527
703.99327 -0.177244 -0.03802
704.08608 -0.176745 -0.04076
704.17888 -0.176205 -0.04350
704.27168 -0.175623 -0.04623
704.36448 -0.175000 -0.04895
704.45728 -0.174336 -0.05166
704.55008 -0.173630 -0.05436
704.64289 -0.172884 -0.05705
704.73569 -0.172097 -0.05973
704.82849 -0.171270 -0.06240
704.92129 -0.170402 -0.06506
705.01409 -0.169494 -0.06770
705.10689 -0.168545 -0.07033
705.19970 -0.167557 -0.07295
705.29250 -0.166529 -0.07555
705.38530 -0.165462 -0.07813
705.47810 -0.164355 -0.08070
705.57090 -0.163210 -0.08326
705.66370 -0.162025 -0.08579
705.75651 -0.160802 -0.08831
705.84931 -0.159541 -0.09081
705.94211 -0.158242 -0.09329
706.03491 -0.156905 -0.09576
706.12771 -0.155531 -0.09820
706.22051 -0.154120 -0.10062
706.31332 -0.152671 -0.10302
706.40612 -0.151186 -0.10540
706.49892 -0.149665 -0.10776
706.59172 -0.148108 -0.11009
706.68452 -0.146516 -0.11240
706.77732 -0.144888 -0.11469
706.87013 -0.143225 -0.11695
706.96293 -0.141528 -0.11919
707.05573 -0.139797 -0.12140
707.14853 -0.138032 -0.12358
707.24133 -0.136233 -0.12574
707.33413 -0.134402 -0.12787
707.42693 -0.132538 -0.12998
707.51974 -0.130641 -0.13206
707.61254 -0.128713 -0.13410
707.70534 -0.126754 -0.13612
707.79814 -0.124763 -0.13811
707.89094 -0.122743 -0.14007
707.98374 -0.120692 -0.14200
708.07655 -0.118611 -0.14390
708.16935 -0.116501 -0.14577
708.26215 -0.114363 -0.14760
708.35495 -0.112196 -0.14940
708.44775 -0.110002 -0.15117
708.54055 -0.107780 -0.15291
708.63336 -0.105531 -0.15462
708.72616 -0.103257 -0.15629
708.81896 -0.100956 -0.15792
708.91176 -0.098630 -0.15952
709.00456 -0.096280 -0.16109
709.09736 -0.093905 -0.16262
709.19017 -0.091506 -0.16411
709.28297 -0.089084 -0.16557
709.37577 -0.086640 -0.16699
709.46857 -0.084173 -0.16838
709.56137 -0.081685 -0.16973
709.65417 -0.079176 -0.17104
709.74698 -0.076646 -0.17231
709.83978 -0.074096 -0.17354
709.93258 -0.071527 -0.17474
710.02538 -0.068940 -0.17590
710.11818 -0.066334 -0.17701
710.21098 -0.063710 -0.17809
710.30379 -0.061069 -0.17913
710.39659 -0.058412 -0.18013
710.48939 -0.055739 -0.18109
710.58219 -0.053051 -0.18201
710.67499 -0.050348 -0.18288
710.76779 -0.047632 -0.18372
710.86060 -0.044901 -0.18452
710.95340 -0.042158 -0.18527
711.04620 -0.039402 -0.18598
711.13900 -0.036635 -0.18665
711.23180 -0.033857 -0.18728
711.32460 -0.031069 -0.18787
711.41741 -0.028271 -0.18841
711.51021 -0.025463 -0.18892
711.60301 -0.022648 -0.18938
711.69581 -0.019824 -0.18980
711.78861 -0.016993 -0.19017
711.88141 -0.014156 -0.19050
711.97422 -0.011312 -0.19079
712.06702 -0.008463 -0.19104
712.15982 -0.005610 -0.19124
712.25262 -0.002753 -0.19140
712.34542 0.000108 -0.19151
712.43822 0.002972 -0.19159
712.53103 0.005838 -0.19162
712.62383 0.008705 -0.19160
712.71663 0.011573 -0.19154
712.80943 0.014441 -0.19144
712.90223 0.017308 -0.19130
712.99503 0.020174 -0.19111
713.08784 0.023039 -0.19088
713.18064 0.025902 -0.19060
713.27344 0.028761 -0.19029
713.36624 0.031616 -0.18992
713.45904 0.034467 -0.18952
713.55184 0.037313 -0.18907
713.64465 0.040154 -0.18858
713.73745 0.042988 -0.18804
713.83025 0.045815 -0.18747
713.92305 0.048634 -0.18684
714.01585 0.051445 -0.18618
714.10865 0.054248 -0.18547
714.20145 0.057041 -0.18473
714.29426 0.059823 -0.18393
714.38706 0.062595 -0.18310
714.47986 0.065356 -0.18222
714.57266 0.068104 -0.18131
714.66546 0.070840 -0.18035
714.75826 0.073562 -0.17935
714.85107 0.076271 -0.17830
714.94387 0.078965 -0.17722
715.03667 0.081644 -0.17609
715.12947 0.084307 -0.17493
715.22227 0.086953 -0.17372
715.31507 0.089583 -0.17248
715.40788 0.092195 -0.17119
715.50068 0.094789 -0.16986
715.59348 0.097364 -0.16850
715.68628 0.099920 -0.16709
715.77908 0.102456 -0.16565
715.87188 0.104971 -0.16416
715.96469 0.107465 -0.16264
716.05749 0.109937 -0.16108
716.15029 0.112388 -0.15949
716.24309 0.114815 -0.15785
716.33589 0.117219 -0.15618
716.42869 0.119598 -0.15447
716.52150 0.121954 -0.15273
716.61430 0.124284 -0.15095
716.70710 0.126589 -0.14913
716.79990 0.128867 -0.14728
716.89270 0.131119 -0.14540
716.98550 0.133344 -0.14348
717.07831 0.135541 -0.14152
717.17111 0.137710 -0.13953
717.26391 0.139850 -0.13751
717.35671 0.141961 -0.13546
717.44951 0.144042 -0.13337
717.54231 0.146093 -0.13125
717.63512 0.148113 -0.12910
717.72792 0.150103 -0.12692
717.82072 0.152060 -0.12471
717.91352 0.153986 -0.12247
718.00632 0.155878 -0.12020
718.09912 0.157738 -0.11790
718.19193 0.159565 -0.11557
718.28473 0.161358 -0.11322
718.37753 0.163116 -0.11083
718.47033 0.164840 -0.10842
718.56313 0.166528 -0.10599
718.65593 0.168181 -0.10352
718.74874 0.169799 -0.10103
718.84154 0.171380 -0.09852
718.93434 0.172924 -0.09598
719.02714 0.174431 -0.09342
719.11994 0.175901 -0.09084
719.21274 0.177333 -0.08823
719.30555 0.178728 -0.08560
719.39835 0.180083 -0.08295
719.49115 0.181400 -0.08028
719.58395 0.182678 -0.07758
719.67675 0.183917 -0.07487
719.76955 0.185115 -0.07214
719.86236 0.186274 -0.06939
719.95516 0.187393 -0.06662
720.04796 0.188471 -0.06383
720.14076 0.189508 -0.06103
720.23356 0.190505 -0.05821
720.32636 0.191459 -0.05538
720.41917 0.192373 -0.05253
720.51197 0.193245 -0.04966
720.60477 0.194074 -0.04679
720.69757 0.194862 -0.04390
720.79037 0.195607 -0.04099
720.88317 0.196309 -0.03808
720.97597 0.196969 -0.03515
721.06878 0.197585 -0.03222
721.16158 0.198159 -0.02927
721.25438 0.198689 -0.02632
721.34718 0.199176 -0.02335
721.43998 0.199619 -0.02038
721.53278 0.200019 -0.01740
721.62559 0.200375 -0.01442
721.71839 0.200687 -0.01143
721.81119 0.200955 -0.00843
721.90399 0.201179 -0.00543
721.99679 0.201358 -0.00242
722.08959 0.201494 0.00058
722.18240 0.201585 0.00360
722.27520 0.201632 0.00661
722.36800 0.201635 0.00962
722.46080 0.201593 0.01264
722.55360 0.201507 0.01565
722.64640 0.201376 0.01867
722.73921 0.201201 0.02168
722.83201 0.200981 0.02469
722.92481 0.200718 0.02770
723.01761 0.200409 0.03070
723.11041 0.200057 0.03370
723.20321 0.199660 0.03669
723.29602 0.199219 0.03968
723.38882 0.198734 0.04267
723.48162 0.198205 0.04564
723.57442 0.197633 0.04861
723.66722 0.197016 0.05157
723.76002 0.196355 0.05453
723.85283 0.195651 0.05747
723.94563 0.194904 0.06040
724.03843 0.194113 0.06332
724.13123 0.193279 0.06623
724.22403 0.192402 0.06913
724.31683 0.191483 0.07202
724.40964 0.190520 0.07489
724.50244 0.189515 0.07775
724.59524 0.188468 0.08059
724.68804 0.187379 0.08342
724.78084 0.186248 0.08623
724.87364 0.185076 0.08903
724.96645 0.183862 0.09180
725.05925 0.182607 0.09456
725.15205 0.181311 0.09731
725.24485 0.179975 0.10003
725.33765 0.178598 0.10273
725.43045 0.177182 0.10542
725.52326 0.175725 0.10808
725.61606 0.174229 0.11072
725.70886 0.172694 0.11334
725.80166 0.171121 0.11593
725.89446 0.169509 0.11850
725.98726 0.167859 0.12105
726.08007 0.166171 0.12358
726.17287 0.164445 0.12607
726.26567 0.162683 0.12855
726.35847 0.160884 0.13099
726.45127 0.159049 0.13341
726.54407 0.157178 0.13581
726.63688 0.155271 0.13817
726.72968 0.153329 0.14051
726.82248 0.151353 0.14282
726.91528 0.149343 0.14510
727.00808 0.147298 0.14734
727.10088 0.145221 0.14956
727.19369 0.143110 0.15175
727.28649 0.140967 0.15390
727.37929 0.138792 0.15603
727.47209 0.136585 0.15812
727.56489 0.134348 0.16018
727.65769 0.132079 0.16220
727.75049 0.129781 0.16419
727.84330 0.127453 0.16615
727.93610 0.125096 0.16807
728.02890 0.122711 0.16996
728.12170 0.120297 0.17181
728.21450 0.117857 0.17362
728.30730 0.115389 0.17540
728.40011 0.112894 0.17714
728.49291 0.110374 0.17885
728.58571 0.107828 0.18051
728.67851 0.105258 0.18214
728.77131 0.102663 0.18373
728.86411 0.100045 0.18528
728.95692 0.097403 0.18679
729.04972 0.094739 0.18826
729.14252 0.092054 0.18970
729.23532 0.089347 0.19109
729.32812 0.086619 0.19244
729.42092 0.083871 0.19375
729.51373 0.081103 0.19502
729.60653 0.078317 0.19625
729.69933 0.075512 0.19743
729.79213 0.072690 0.19858
729.88493 0.069850 0.19968
729.97773 0.066994 0.20074
730.07054 0.064122 0.20175
730.16334 0.061235 0.20272
730.25614 0.058334 0.20365
730.34894 0.055419 0.20454
730.44174 0.052490 0.20538
730.53454 0.049549 0.20618
730.62735 0.046596 0.20693
730.72015 0.043631 0.20764
730.81295 0.040656 0.20831
730.90575 0.037671 0.20893
730.99855 0.034677 0.20950
731.09135 0.031674 0.21003
731.18416 0.028663 0.21052
731.27696 0.025644 0.21096
731.36976 0.022619 0.21135
731.46256 0.019589 0.21170
731.55536 0.016552 0.21201
731.64816 0.013512 0.21227
731.74097 0.010466 0.21248
731.83377 0.007418 0.21264
731.92657 0.004368 0.21276
732.01937 0.001315 0.21284
732.11217 -0.001738 0.21287
732.20497 -0.004793 0.21285
732.29778 -0.007847 0.21279
732.39058 -0.010900 0.21268
732.48338 -0.013952 0.21252
732.57618 -0.017002 0.21232
732.66898 -0.020049 0.21208
732.76178 -0.023092 0.21178
732.85459 -0.026131 0.21144
732.94739 -0.029165 0.21106
733.04019 -0.032194 0.21063
733.13299 -0.035216 0.21015
733.22579 -0.038231 0.20963
733.31859 -0.041239 0.20907
733.41140 -0.044238 0.20846
733.50420 -0.047229 0.20780
733.59700 -0.050209 0.20710
733.68980 -0.053180 0.20635
733.78260 -0.056139 0.20556
733.87540 -0.059087 0.20472
733.96821 -0.062023 0.20384
734.06101 -0.064945 0.20292
734.15381 -0.067854 0.20195
734.24661 -0.070749 0.20093
734.33941 -0.073629 0.19988
734.43221 -0.076493 0.19878
734.52501 -0.079341 0.19764
734.61782 -0.082172 0.19645
734.71062 -0.084986 0.19522
734.80342 -0.087781 0.19395
734.89622 -0.090558 0.19264
734.98902 -0.093315 0.19128
735.08182 -0.096052 0.18989
735.17463 -0.098769 0.18845
735.26743 -0.101465 0.18697
735.36023 -0.104138 0.18545
735.45303 -0.106789 0.18389
735.54583 -0.109417 0.18229
735.63863 -0.112022 0.18066
735.73144 -0.114602 0.17898
735.82424 -0.117157 0.17726
735.91704 -0.119687 0.17551
736.00984 -0.122191 0.17371
736.10264 -0.124668 0.17188
736.19544 -0.127119 0.17001
736.28825 -0.129542 0.16811
736.38105 -0.131936 0.16617
736.47385 -0.134302 0.16419
736.56665 -0.136638 0.16217
736.65945 -0.138945 0.16013
736.75225 -0.141221 0.15804
736.84506 -0.143467 0.15592
736.93786 -0.145681 0.15377
737.03066 -0.147863 0.15159
737.12346 -0.150013 0.14937
737.21626 -0.152130 0.14712
737.30906 -0.154213 0.14484
737.40187 -0.156263 0.14252
737.49467 -0.158279 0.14018
737.58747 -0.160260 0.13780
737.68027 -0.162205 0.13540
737.77307 -0.164115 0.13297
737.86587 -0.165989 0.13050
737.95868 -0.167827 0.12801
738.05148 -0.169627 0.12550
738.14428 -0.171391 0.12295
738.23708 -0.173116 0.12038
738.32988 -0.174803 0.11778
738.42268 -0.176452 0.11516
738.51549 -0.178063 0.11251
738.60829 -0.179633 0.10984
738.70109 -0.181164 0.10714
738.79389 -0.182656 0.10442
738.88669 -0.184107 0.10168
738.97949 -0.185517 0.09892
739.07230 -0.186886 0.09614
739.16510 -0.188215 0.09333
739.25790 -0.189501 0.09051
739.35070 -0.190746 0.08767
739.44350 -0.191948 0.08480
739.53630 -0.193108 0.08192
739.62911 -0.194226 0.07903
739.72191 -0.195300 0.07611
739.81471 -0.196332 0.07318
739.90751 -0.197319 0.07024
740.00031 -0.198264 0.06728
740.09311 -0.199164 0.06430
740.18592 -0.200020 0.06132
740.27872 -0.200832 0.05831
740.37152 -0.201600 0.05530
740.46432 -0.202323 0.05228
740.55712 -0.203001 0.04924
740.64992 -0.203634 0.04620
740.74273 -0.204222 0.04315
740.83553 -0.204764 0.04008
740.92833 -0.205262 0.03701
741.02113 -0.205714 0.03394
741.11393 -0.206120 0.03085
741.20673 -0.206480 0.02776
741.29953 -0.206795 0.02467
741.39234 -0.207064 0.02157
741.48514 -0.207287 0.01846
741.57794 -0.207464 0.01536
741.67074 -0.207595 0.01225
741.76354 -0.207680 0.00914
741.85634 -0.207719 0.00603
741.94915 -0.207712 0.00292
742.04195 -0.207659 -0.00020
742.13475 -0.207560 -0.00331
742.22755 -0.207415 -0.00641
742.32035 -0.207223 -0.00952
742.41315 -0.206986 -0.01262
742.50596 -0.206703 -0.01572
742.59876 -0.206374 -0.01881
742.69156 -0.205999 -0.02190
742.78436 -0.205578 -0.02498
742.87716 -0.205112 -0.02806
742.96996 -0.204601 -0.03113
743.06277 -0.204044 -0.03419
743.15557 -0.203441 -0.03724
743.24837 -0.202794 -0.04028
743.34117 -0.202102 -0.04331
743.43397 -0.201365 -0.04633
743.52677 -0.200583 -0.04934
743.61958 -0.199757 -0.05234
743.71238 -0.198886 -0.05532
743.80518 -0.197971 -0.05829
743.89798 -0.197013 -0.06125
743.99078 -0.196011 -0.06419
744.08358 -0.194965 -0.06712
744.17639 -0.193876 -0.07003
744.26919 -0.192745 -0.07292
744.36199 -0.191570 -0.07579
744.45479 -0.190354 -0.07865
744.54759 -0.189095 -0.08149
744.64039 -0.187794 -0.08430
744.73320 -0.186452 -0.08710
744.82600 -0.185068 -0.08988
744.91880 -0.183644 -0.09263
745.01160 -0.182179 -0.09537
745.10440 -0.180673 -0.09808
745.19720 -0.179128 -0.10076
745.29001 -0.177543 -0.10343
745.38281 -0.175919 -0.10607
745.47561 -0.174257 -0.10868
745.56841 -0.172555 -0.11127
745.66121 -0.170816 -0.11383
745.75401 -0.169039 -0.11637
745.84682 -0.167225 -0.11887
745.93962 -0.165374 -0.12135
746.03242 -0.163487 -0.12380
746.12522 -0.161563 -0.12622
746.21802 -0.159605 -0.12862
746.31082 -0.157611 -0.13098
746.40363 -0.155582 -0.13331
746.49643 -0.153520 -0.13561
746.58923 -0.151423 -0.13788
746.68203 -0.149294 -0.14011
746.77483 -0.147132 -0.14231
746.86763 -0.144938 -0.14448
746.96044 -0.142711 -0.14662
747.05324 -0.140454 -0.14872
747.14604 -0.138166 -0.15078
747.23884 -0.135848 -0.15282
747.33164 -0.133501 -0.15481
747.42444 -0.131125 -0.15677
747.51725 -0.128719 -0.15869
747.61005 -0.126286 -0.16058
747.70285 -0.123826 -0.16242
747.79565 -0.121339 -0.16423
747.88845 -0.118826 -0.16600
747.98125 -0.116287 -0.16774
748.07405 -0.113723 -0.16943
748.16686 -0.111134 -0.17108
748.25966 -0.108522 -0.17270
748.35246 -0.105886 -0.17427
748.44526 -0.103228 -0.17581
748.53806 -0.100548 -0.17730
748.63086 -0.097846 -0.17875
748.72367 -0.095123 -0.18016
748.81647 -0.092381 -0.18153
748.90927 -0.089619 -0.18285
749.00207 -0.086838 -0.18413
749.09487 -0.084038 -0.18537
749.18767 -0.081222 -0.18657
749.28048 -0.078388 -0.18772
749.37328 -0.075538 -0.18883
749.46608 -0.072672 -0.18990
749.55888 -0.069792 -0.19092
749.65168 -0.066897 -0.19190
749.74448 -0.063989 -0.19283
749.83729 -0.061067 -0.19372
749.93009 -0.058134 -0.19456
750.02289 -0.055189 -0.19536
750.11569 -0.052233 -0.19611
750.20849 -0.049267 -0.19682
750.30129 -0.046291 -0.19748
750.39410 -0.043307 -0.19809
750.48690 -0.040314 -0.19866
750.57970 -0.037314 -0.19919
750.67250 -0.034308 -0.19966
750.76530 -0.031295 -0.20009
750.85810 -0.028277 -0.20048
750.95091 -0.025255 -0.20082
751.04371 -0.022228 -0.20111
751.13651 -0.019199 -0.20135
751.22931 -0.016167 -0.20155
751.32211 -0.013133 -0.20170
751.41491 -0.010098 -0.20181
751.50772 -0.007063 -0.20187
751.60052 -0.004028 -0.20188
751.69332 -0.000994 -0.20184
751.78612 0.002038 -0.20176
751.87892 0.005068 -0.20163
751.97172 0.008094 -0.20146
752.06453 0.011117 -0.20124
752.15733 0.014135 -0.20097
752.25013 0.017147 -0.20066
752.34293 0.020154 -0.20029
752.43573 0.023153 -0.19989
752.52853 0.026146 -0.19943
752.62134 0.029130 -0.19893
752.71414 0.032106 -0.19839
752.80694 0.035072 -0.19780
752.89974 0.038028 -0.19716
752.99254 0.040973 -0.19648
753.08534 0.043906 -0.19575
753.17815 0.046827 -0.19498
753.27095 0.049735 -0.19416
753.36375 0.052630 -0.19330
753.45655 0.055510 -0.19239
753.54935 0.058375 -0.19144
753.64215 0.061224 -0.19045
753.73496 0.064058 -0.18941
753.82776 0.066874 -0.18833
753.92056 0.069672 -0.18720
754.01336 0.072452 -0.18603
754.10616 0.075213 -0.18482
754.19896 0.077955 -0.18357
754.29177 0.080677 -0.18227
754.38457 0.083377 -0.18094
754.47737 0.086056 -0.17956
754.57017 0.088713 -0.17814
754.66297 0.091347 -0.17668
754.75577 0.093957 -0.17517
754.84857 0.096544 -0.17363
754.94138 0.099106 -0.17205
755.03418 0.101642 -0.17043
755.12698 0.104153 -0.16877
755.21978 0.106638 -0.16707
755.31258 0.109095 -0.16534
755.40538 0.111525 -0.16356
755.49819 0.113927 -0.16175
755.59099 0.116300 -0.15990
755.68379 0.118644 -0.15802
755.77659 0.120958 -0.15610
755.86939 0.123241 -0.15414
755.96219 0.125494 -0.15215
756.05500 0.127715 -0.15013
756.14780 0.129905 -0.14807
756.24060 0.132061 -0.14597
756.33340 0.134185 -0.14385
756.42620 0.136276 -0.14169
756.51900 0.138332 -0.13950
756.61181 0.140354 -0.13728
756.70461 0.142341 -0.13503
756.79741 0.144293 -0.13274
756.89021 0.146208 -0.13043
756.98301 0.148088 -0.12809
757.07581 0.149930 -0.12572
757.16862 0.151736 -0.12332
757.26142 0.153504 -0.12089
757.35422 0.155234 -0.11844
757.44702 0.156925 -0.11596
757.53982 0.158578 -0.11345
757.63262 0.160191 -0.11092
757.72543 0.161765 -0.10836
757.81823 0.163299 -0.10578
757.91103 0.164792 -0.10318
758.00383 0.166245 -0.10055
758.09663 0.167657 -0.09791
758.18943 0.169027 -0.09524
758.28224 0.170356 -0.09255
758.37504 0.171643 -0.08984
758.46784 0.172887 -0.08711
758.56064 0.174089 -0.08436
758.65344 0.175248 -0.08159
758.74624 0.176364 -0.07881
758.83905 0.177436 -0.07601
758.93185 0.178465 -0.07319
759.02465 0.179450 -0.07036
759.11745 0.180390 -0.06751
759.21025 0.181287 -0.06465
759.30305 0.182139 -0.06177
759.39586 0.182946 -0.05888
759.48866 0.183708 -0.05599
759.58146 0.184425 -0.05307
759.67426 0.185096 -0.05015
759.76706 0.185722 -0.04722
759.85986 0.186303 -0.04428
759.95267 0.186838 -0.04133
760.04547 0.187327 -0.03837
760.13827 0.187770 -0.03541
760.23107 0.188167 -0.03244
760.32387 0.188518 -0.02946
760.41667 0.188822 -0.02648
760.50948 0.189080 -0.02350
760.60228 0.189292 -0.02051
760.69508 0.189458 -0.01752
760.78788 0.189577 -0.01453
760.88068 0.189649 -0.01153
760.97348 0.189675 -0.00854
761.06629 0.189655 -0.00554
761.15909 0.189588 -0.00255
761.25189 0.189474 0.00044
761.34469 0.189315 0.00343
761.43749 0.189108 0.00642
761.53029 0.188856 0.00940
761.62309 0.188557 0.01238
761.71590 0.188212 0.01535
761.80870 0.187821 0.01832
761.90150 0.187384 0.02128
761.99430 0.186901 0.02424
762.08710 0.186372 0.02718
762.17990 0.185798 0.03012
762.27271 0.185178 0.03304
762.36551 0.184512 0.03596
762.45831 0.183802 0.03886
762.55111 0.183046 0.04176
762.64391 0.182246 0.04464
762.73671 0.181401 0.04751
762.82952 0.180512 0.05036
762.92232 0.179578 0.05320
763.01512 0.178601 0.05602
763.10792 0.177580 0.05883
763.20072 0.176515 0.06162
763.29352 0.175407 0.06440
763.38633 0.174256 0.06716
763.47913 0.173063 0.06989
763.57193 0.171827 0.07261
763.66473 0.170549 0.07531
763.75753 0.169230 0.07799
763.85033 0.167869 0.08065
763.94314 0.166466 0.08328
764.03594 0.165024 0.08589
764.12874 0.163540 0.08848
764.22154 0.162017 0.09105
764.31434 0.160454 0.09359
764.40714 0.158852 0.09610
764.49995 0.157211 0.09859
764.59275 0.155531 0.10106
764.68555 0.153814 0.10350
764.77835 0.152059 0.10590
764.87115 0.150266 0.10829
764.96395 0.148437 0.11064
765.05676 0.146572 0.11296
765.14956 0.144670 0.11526
765.24236 0.142734 0.11752
765.33516 0.140762 0.11975
765.42796 0.138756 0.12195
765.52076 0.136716 0.12412
765.61357 0.134642 0.12625
765.70637 0.132536 0.12836
765.79917 0.130397 0.13043
765.89197 0.128227 0.13246
765.98477 0.126025 0.13446
766.07757 0.123792 0.13643
766.17038 0.121529 0.13836
766.26318 0.119236 0.14025
766.35598 0.116915 0.14211
766.44878 0.114564 0.14393
766.54158 0.112186 0.14571
766.63438 0.109780 0.14745
766.72719 0.107347 0.14916
766.81999 0.104889 0.15083
766.91279 0.102404 0.15245
767.00559 0.099895 0.15404
767.09839 0.097361 0.15559
767.19119 0.094804 0.15710
767.28400 0.092223 0.15856
767.37680 0.089620 0.15999
767.46960 0.086995 0.16137
767.56240 0.084349 0.16272
767.65520 0.081683 0.16402
767.74800 0.078996 0.16527
767.84081 0.076291 0.16649
767.93361 0.073566 0.16766
768.02641 0.070825 0.16879
768.11921 0.068065 0.16987
768.21201 0.065290 0.17091
768.30481 0.062498 0.17191
768.39761 0.059692 0.17286
768.49042 0.056870 0.17377
768.58322 0.054036 0.17463
768.67602 0.051188 0.17545
768.76882 0.048328 0.17622
768.86162 0.045456 0.17694
768.95442 0.042574 0.17762
769.04723 0.039681 0.17826
769.14003 0.036779 0.17885
769.23283 0.033868 0.17939
769.32563 0.030949 0.17988
769.41843 0.028023 0.18033
769.51123 0.025090 0.18073
769.60404 0.022151 0.18109
769.69684 0.019208 0.18140
769.78964 0.016260 0.18166
769.88244 0.013308 0.18187
769.97524 0.010353 0.18204
770.06804 0.007397 0.18216
770.16085 0.004438 0.18223
770.25365 0.001480 0.18225
770.34645 -0.001479 0.18223
770.43925 -0.004437 0.18216
770.53205 -0.007393 0.18205
770.62485 -0.010347 0.18188
770.71766 -0.013299 0.18167
770.81046 -0.016246 0.18141
770.90326 -0.019189 0.18111
770.99606 -0.022126 0.18076
771.08886 -0.025058 0.18036
771.18166 -0.027982 0.17991
771.27447 -0.030900 0.17942
771.36727 -0.033809 0.17888
771.46007 -0.036710 0.17829
771.55287 -0.039600 0.17766
771.64567 -0.042480 0.17698
771.73847 -0.045350 0.17626
771.83128 -0.048207 0.17548
771.92408 -0.051052 0.17467
772.01688 -0.053884 0.17381
772.10968 -0.056701 0.17290
772.20248 -0.059504 0.17195
772.29528 -0.062292 0.17095
772.38809 -0.065064 0.16991
772.48089 -0.067818 0.16882
772.57369 -0.070556 0.16769
772.66649 -0.073275 0.16651
772.75929 -0.075975 0.16530
772.85209 -0.078655 0.16403
772.94490 -0.081316 0.16273
773.03770 -0.083955 0.16138
773.13050 -0.086573 0.15999
773.22330 -0.089169 0.15856
773.31610 -0.091742 0.15709
773.40890 -0.094291 0.15557
773.50171 -0.096816 0.15402
773.59451 -0.099316 0.15242
773.68731 -0.101791 0.15078
773.78011 -0.104239 0.14911
773.87291 -0.106661 0.14739
773.96571 -0.109055 0.14564
774.05852 -0.111422 0.14384
774.15132 -0.113759 0.14201
774.24412 -0.116068 0.14014
774.33692 -0.118346 0.13824
774.42972 -0.120595 0.13629
774.52252 -0.122812 0.13431
774.61533 -0.124998 0.13230
774.70813 -0.127152 0.13025
774.80093 -0.129273 0.12816
774.89373 -0.131361 0.12604
774.98653 -0.133415 0.12389
775.07933 -0.135435 0.12170
775.17214 -0.137421 0.11948
775.26494 -0.139370 0.11723
775.35774 -0.141284 0.11495
775.45054 -0.143162 0.11264
775.54334 -0.145003 0.11029
775.63614 -0.146806 0.10792
775.72894 -0.148572 0.10552
775.82175 -0.150300 0.10308
775.91455 -0.151989 0.10062
776.00735 -0.153639 0.09814
776.10015 -0.155249 0.09562
776.19295 -0.156819 0.09308
776.28575 -0.158349 0.09051
776.37856 -0.159838 0.08792
776.47136 -0.161286 0.08531
776.56416 -0.162692 0.08267
776.65696 -0.164056 0.08001
776.74976 -0.165378 0.07732
776.84256 -0.166657 0.07462
776.93537 -0.167893 0.07189
777.02817 -0.169086 0.06914
777.12097 -0.170235 0.06637
777.21377 -0.171340 0.06359
777.30657 -0.172401 0.06078
777.39937 -0.173417 0.05796
777.49218 -0.174388 0.05512
777.58498 -0.175315 0.05227
777.67778 -0.176195 0.04940
777.77058 -0.177030 0.04651
777.86338 -0.177819 0.04362
777.95618 -0.178562 0.04070
778.04899 -0.179259 0.03778
778.14179 -0.179909 0.03484
778.23459 -0.180512 0.03190
778.32739 -0.181069 0.02894
778.42019 -0.181578 0.02597
778.51299 -0.182040 0.02300
778.60580 -0.182455 0.02001
778.69860 -0.182822 0.01702
778.79140 -0.183142 0.01402
778.88420 -0.183413 0.01102
778.97700 -0.183637 0.00801
779.06980 -0.183813 0.00500
779.16261 -0.183941 0.00198
779.25541 -0.184021 -0.00104
779.34821 -0.184053 -0.00406
779.44101 -0.184037 -0.00708
779.53381 -0.183972 -0.01010
779.62661 -0.183860 -0.01312
779.71942 -0.183699 -0.01614
779.81222 -0.183490 -0.01916
779.90502 -0.183233 -0.02218
779.99782 -0.182927 -0.02519
780.09062 -0.182574 -0.02820
780.18342 -0.182172 -0.03120
780.27623 -0.181723 -0.03420
780.36903 -0.181226 -0.03719
780.46183 -0.180681 -0.04018
780.55463 -0.180088 -0.04315
780.64743 -0.179448 -0.04612
780.74023 -0.178760 -0.04908
780.83304 -0.178025 -0.05202
780.92584 -0.177243 -0.05496
781.01864 -0.176414 -0.05788
781.11144 -0.175538 -0.06079
781.20424 -0.174616 -0.06369
781.29704 -0.173647 -0.06658
781.38985 -0.172632 -0.06945
781.48265 -0.171571 -0.07230
781.57545 -0.170465 -0.07514
781.66825 -0.169313 -0.07796
781.76105 -0.168116 -0.08076
781.85385 -0.166874 -0.08354
781.94666 -0.165587 -0.08631
782.03946 -0.164256 -0.08905
782.13226 -0.162881 -0.09178
782.22506 -0.161462 -0.09448
782.31786 -0.160000 -0.09716
782.41066 -0.158494 -0.09982
782.50346 -0.156946 -0.10245
782.59627 -0.155356 -0.10506
782.68907 -0.153724 -0.10765
782.78187 -0.152050 -0.11021
782.87467 -0.150335 -0.11274
782.96747 -0.148580 -0.11525
783.06027 -0.146784 -0.11773
783.15308 -0.144947 -0.12018
783.24588 -0.143072 -0.12260
783.33868 -0.141157 -0.12500
783.43148 -0.139204 -0.12736
783.52428 -0.137213 -0.12969
783.61708 -0.135184 -0.13199
783.70989 -0.133118 -0.13426
783.80269 -0.131015 -0.13649
783.89549 -0.128877 -0.13870
783.98829 -0.126702 -0.14087
784.08109 -0.124493 -0.14300
784.17389 -0.122249 -0.14510
784.26670 -0.119970 -0.14716
784.35950 -0.117659 -0.14919
784.45230 -0.115314 -0.15118
784.54510 -0.112938 -0.15314
784.63790 -0.110529 -0.15505
784.73070 -0.108089 -0.15693
784.82351 -0.105619 -0.15877
784.91631 -0.103118 -0.16057
785.00911 -0.100589 -0.16233
785.10191 -0.098031 -0.16405
785.19471 -0.095444 -0.16573
785.28751 -0.092830 -0.16737
785.38032 -0.090189 -0.16897
785.47312 -0.087522 -0.17052
785.56592 -0.084830 -0.17204
785.65872 -0.082112 -0.17351
785.75152 -0.079371 -0.17493
785.84432 -0.076606 -0.17632
785.93713 -0.073818 -0.17766
786.02993 -0.071008 -0.17895
786.12273 -0.068177 -0.18020
786.21553 -0.065325 -0.18140
786.30833 -0.062453 -0.18256
786.40113 -0.059561 -0.18367
786.49394 -0.056651 -0.18474
786.58674 -0.053723 -0.18576
786.67954 -0.050778 -0.18673
786.77234 -0.047817 -0.18766
786.86514 -0.044840 -0.18854
786.95794 -0.041848 -0.18937
787.05075 -0.038842 -0.19015
787.14355 -0.035822 -0.19089
787.23635 -0.032790 -0.19158
787.32915 -0.029746 -0.19221
787.42195 -0.026691 -0.19280
787.51475 -0.023626 -0.19334
787.60756 -0.020551 -0.19383
787.70036 -0.017467 -0.19427
787.79316 -0.014376 -0.19467
787.88596 -0.011277 -0.19501
787.97876 -0.008171 -0.19530
788.07156 -0.005060 -0.19554
788.16437 -0.001944 -0.19574
788.25717 0.001176 -0.19588
788.34997 0.004299 -0.19597
788.44277 0.007425 -0.19601
788.53557 0.010552 -0.19600
788.62837 0.013681 -0.19594
788.72118 0.016810 -0.19583
788.81398 0.019937 -0.19567
788.90678 0.023064 -0.19546
788.99958 0.026188 -0.19520
789.09238 0.029309 -0.19489
789.18518 0.032425 -0.19453
789.27798 0.035538 -0.19411
789.37079 0.038645 -0.19365
789.46359 0.041745 -0.19314
789.55639 0.044839 -0.19257
789.64919 0.047924 -0.19196
789.74199 0.051001 -0.19130
789.83479 0.054069 -0.19058
789.92760 0.057126 -0.18982
790.02040 0.060172 -0.18901
790.11320 0.063207 -0.18815
790.20600 0.066228 -0.18723
790.29880 0.069237 -0.18627
790.39160 0.072231 -0.18526
790.48441 0.075210 -0.18420
790.57721 0.078173 -0.18310
790.67001 0.081120 -0.18194
790.76281 0.084050 -0.18074
790.85561 0.086961 -0.17949
790.94841 0.089854 -0.17819
791.04122 0.092728 -0.17684
791.13402 0.095580 -0.17545
791.22682 0.098412 -0.17401
791.31962 0.101222 -0.17253
791.41242 0.104010 -0.17100
791.50522 0.106774 -0.16942
791.59803 0.109514 -0.16780
791.69083 0.112230 -0.16613
791.78363 0.114920 -0.16442
791.87643 0.117584 -0.16266
791.96923 0.120221 -0.16086
792.06203 0.122830 -0.15902
792.15484 0.125412 -0.15714
792.24764 0.127964 -0.15521
792.34044 0.130487 -0.15324
792.43324 0.132979 -0.15123
792.52604 0.135440 -0.14917
792.61884 0.137870 -0.14708
792.71165 0.140268 -0.14495
792.80445 0.142632 -0.14277
792.89725 0.144963 -0.14056
792.99005 0.147260 -0.13831
793.08285 0.149522 -0.13602
793.17565 0.151749 -0.13369
793.26846 0.153940 -0.13133
793.36126 0.156094 -0.12893
793.45406 0.158211 -0.12649
793.54686 0.160290 -0.12402
793.63966 0.162330 -0.12152
793.73246 0.164332 -0.11898
793.82527 0.166295 -0.11640
793.91807 0.168217 -0.11380
794.01087 0.170099 -0.11116
794.10367 0.171940 -0.10849
794.19647 0.173739 -0.10579
794.28927 0.175496 -0.10306
794.38208 0.177211 -0.10030
794.47488 0.178882 -0.09751
794.56768 0.180510 -0.09469
794.66048 0.182094 -0.09185
794.75328 0.183634 -0.08897
794.84608 0.185129 -0.08608
794.93889 0.186579 -0.08315
795.03169 0.187983 -0.08020
795.12449 0.189340 -0.07723
795.21729 0.190652 -0.07423
795.31009 0.191916 -0.07122
795.40289 0.193133 -0.06818
795.49570 0.194303 -0.06511
795.58850 0.195425 -0.06203
795.68130 0.196498 -0.05893
795.77410 0.197523 -0.05581
795.86690 0.198499 -0.05267
795.95970 0.199425 -0.04952
796.05250 0.200302 -0.04634
796.14531 0.201130 -0.04316
796.23811 0.201907 -0.03995
796.33091 0.202634 -0.03674
796.42371 0.203310 -0.03351
796.51651 0.203936 -0.03027
796.60931 0.204511 -0.02701
796.70212 0.205034 -0.02375
796.79492 0.205507 -0.02047
796.88772 0.205927 -0.01719
796.98052 0.206296 -0.01390
797.07332 0.206613 -0.01059
797.16612 0.206878 -0.00729
797.25893 0.207092 -0.00398
797.35173 0.207252 -0.00066
797.44453 0.207361 0.00266
797.53733 0.207417 0.00599
797.63013 0.207421 0.00932
797.72293 0.207372 0.01265
797.81574 0.207271 0.01598
797.90854 0.207117 0.01931
798.00134 0.206911 0.02264
798.09414 0.206652 0.02597
798.18694 0.206340 0.02929
798.27974 0.205976 0.03262
798.37255 0.205560 0.03593
798.46535 0.205090 0.03925
798.55815 0.204569 0.04255
798.65095 0.203995 0.04586
798.74375 0.203369 0.04915
798.83655 0.202691 0.05243
798.92936 0.201961 0.05571
799.02216 0.201179 0.05897
799.11496 0.200345 0.06223
799.20776 0.199460 0.06547
799.30056 0.198524 0.06870
799.39336 0.197536 0.07192
799.48617 0.196497 0.07512
799.57897 0.195407 0.07830
799.67177 0.194267 0.08148
799.76457 0.193077 0.08463
799.85737 0.191836 0.08777
799.95017 0.190546 0.09089
800.04298 0.189206 0.09398
800.13578 0.187817 0.09706
800.22858 0.186379 0.10012
800.32138 0.184892 0.10316
800.41418 0.183358 0.10617
800.50698 0.181775 0.10916
800.59979 0.180144 0.11213
800.69259 0.178467 0.11507
800.78539 0.176742 0.11799
800.87819 0.174972 0.12088
800.97099 0.173155 0.12375
801.06379 0.171292 0.12658
801.15660 0.169385 0.12939
801.24940 0.167432 0.13217
801.34220 0.165436 0.13491
801.43500 0.163395 0.13763
801.52780 0.161311 0.14032
801.62060 0.159185 0.14297
801.71341 0.157015 0.14559
801.80621 0.154805 0.14818
801.89901 0.152553 0.15073
801.99181 0.150260 0.15325
802.08461 0.147926 0.15573
802.17741 0.145554 0.15818
802.27022 0.143141 0.16059
802.36302 0.140691 0.16296
802.45582 0.138202 0.16529
802.54862 0.135677 0.16759
802.64142 0.133114 0.16984
802.73422 0.130516 0.17206
802.82702 0.127881 0.17423
802.91983 0.125212 0.17637
803.01263 0.122509 0.17846
803.10543 0.119772 0.18051
803.19823 0.117003 0.18251
803.29103 0.114201 0.18447
803.38383 0.111367 0.18639
803.47664 0.108503 0.18827
803.56944 0.105609 0.19009
803.66224 0.102685 0.19188
803.75504 0.099733 0.19361
803.84784 0.096752 0.19530
803.94064 0.093745 0.19695
804.03345 0.090710 0.19854
804.12625 0.087651 0.20009
804.21905 0.084566 0.20159
804.31185 0.081457 0.20304
804.40465 0.078325 0.20444
804.49745 0.075170 0.20579
804.59026 0.071992 0.20709
804.68306 0.068794 0.20834
804.77586 0.065576 0.20954
804.86866 0.062339 0.21069
804.96146 0.059082 0.21179
805.05426 0.055808 0.21283
805.14707 0.052516 0.21382
805.23987 0.049209 0.21477
805.33267 0.045886 0.21565
805.42547 0.042549 0.21649
805.51827 0.039198 0.21727
805.61107 0.035834 0.21800
805.70388 0.032458 0.21867
805.79668 0.029071 0.21929
805.88948 0.025674 0.21986
805.98228 0.022268 0.22037
806.07508 0.018853 0.22083
806.16788 0.015430 0.22123
806.26069 0.012000 0.22158
806.35349 0.008565 0.22187
806.44629 0.005124 0.22211
806.53909 0.001679 0.22229
806.63189 -0.001769 0.22242
806.72469 -0.005219 0.22249
806.81750 -0.008671 0.22251
806.91030 -0.012124 0.22247
807.00310 -0.015576 0.22238
807.09590 -0.019027 0.22223
807.18870 -0.022476 0.22202
807.28150 -0.025923 0.22176
807.37431 -0.029365 0.22144
807.46711 -0.032803 0.22107
807.55991 -0.036235 0.22064
807.65271 -0.039661 0.22016
807.74551 -0.043079 0.21962
807.83831 -0.046489 0.21903
807.93112 -0.049890 0.21838
808.02392 -0.053281 0.21768
808.11672 -0.056661 0.21692
808.20952 -0.060029 0.21611
808.30232 -0.063385 0.21524
808.39512 -0.066727 0.21432
808.48793 -0.070055 0.21334
808.58073 -0.073367 0.21231
808.67353 -0.076664 0.21123
808.76633 -0.079943 0.21009
808.85913 -0.083204 0.20890
808.95193 -0.086447 0.20766
809.04474 -0.089670 0.20636
809.13754 -0.092873 0.20501
809.23034 -0.096055 0.20361
809.32314 -0.099214 0.20216
809.41594 -0.102350 0.20066
809.50874 -0.105463 0.19910
809.60154 -0.108551 0.19750
809.69435 -0.111614 0.19584
809.78715 -0.114650 0.19414
809.87995 -0.117660 0.19238
809.97275 -0.120641 0.19058
810.06555 -0.123594 0.18872
810.15835 -0.126518 0.18682
810.25116 -0.129412 0.18487
810.34396 -0.132274 0.18288
810.43676 -0.135105 0.18083
810.52956 -0.137903 0.17874
810.62236 -0.140668 0.17661
810.71516 -0.143399 0.17443
810.80797 -0.146096 0.17220
810.90077 -0.148757 0.16993
810.99357 -0.151381 0.16762
811.08637 -0.153969 0.16526
811.17917 -0.156520 0.16286
811.27197 -0.159032 0.16042
811.36478 -0.161505 0.15794
811.45758 -0.163939 0.15542
811.55038 -0.166332 0.15285
811.64318 -0.168684 0.15025
811.73598 -0.170995 0.14761
811.82878 -0.173264 0.14493
811.92159 -0.175490 0.14221
812.01439 -0.177672 0.13946
812.10719 -0.179811 0.13667
812.19999 -0.181905 0.13384
812.29279 -0.183953 0.13098
812.38559 -0.185956 0.12809
812.47840 -0.187913 0.12516
812.57120 -0.189823 0.12220
812.66400 -0.191685 0.11920
812.75680 -0.193499 0.11618
812.84960 -0.195265 0.11313
812.94240 -0.196982 0.11004
813.03521 -0.198650 0.10693
813.12801 -0.200268 0.10379
813.22081 -0.201835 0.10063
813.31361 -0.203352 0.09743
813.40641 -0.204818 0.09421
813.49921 -0.206232 0.09097
813.59202 -0.207594 0.08770
813.68482 -0.208903 0.08441
813.77762 -0.210160 0.08110
813.87042 -0.211364 0.07777
813.96322 -0.212514 0.07441
814.05602 -0.213610 0.07104
814.14883 -0.214652 0.06765
814.24163 -0.215639 0.06424
814.33443 -0.216572 0.06081
814.42723 -0.217450 0.05737
814.52003 -0.218272 0.05391
814.61283 -0.219039 0.05043
814.70564 -0.219750 0.04695
814.79844 -0.220405 0.04345
814.89124 -0.221004 0.03994
814.98404 -0.221546 0.03642
815.07684 -0.222032 0.03289
815.16964 -0.222461 0.02935
815.26245 -0.222832 0.02580
815.35525 -0.223147 0.02225
815.44805 -0.223405 0.01869
815.54085 -0.223605 0.01512
815.63365 -0.223748 0.01155
815.72645 -0.223834 0.00798
815.81926 -0.223862 0.00440
815.91206 -0.223832 0.00083
816.00486 -0.223745 -0.00275
816.09766 -0.223600 -0.00633
816.19046 -0.223398 -0.00990
816.28326 -0.223138 -0.01347
816.37606 -0.222820 -0.01704
816.46887 -0.222445 -0.02061
816.56167 -0.222012 -0.02417
816.65447 -0.221522 -0.02772
816.74727 -0.220975 -0.03127
816.84007 -0.220371 -0.03481
816.93287 -0.219710 -0.03834
817.02568 -0.218991 -0.04185
817.11848 -0.218216 -0.04536
817.21128 -0.217385 -0.04886
817.30408 -0.216497 -0.05234
817.39688 -0.215553 -0.05581
817.48968 -0.214553 -0.05927
817.58249 -0.213497 -0.06271
817.67529 -0.212385 -0.06613
817.76809 -0.211219 -0.06954
817.86089 -0.209997 -0.07293
817.95369 -0.208721 -0.07630
818.04649 -0.207391 -0.07964
818.13930 -0.206006 -0.08297
818.23210 -0.204568 -0.08628
818.32490 -0.203077 -0.08956
818.41770 -0.201532 -0.09282
818.51050 -0.199935 -0.09605
818.60330 -0.198286 -0.09926
818.69611 -0.196585 -0.10245
818.78891 -0.194832 -0.10560
818.88171 -0.193029 -0.10873
818.97451 -0.191176 -0.11183
819.06731 -0.189272 -0.11490
819.16011 -0.187319 -0.11794
819.25292 -0.185316 -0.12094
819.34572 -0.183266 -0.12392
819.43852 -0.181167 -0.12686
819.53132 -0.179021 -0.12977
819.62412 -0.176828 -0.13264
819.71692 -0.174589 -0.13548
819.80973 -0.172303 -0.13828
819.90253 -0.169973 -0.14105
819.99533 -0.167598 -0.14377
820.08813 -0.165179 -0.14646
820.18093 -0.162717 -0.14911
820.27373 -0.160213 -0.15172
820.36654 -0.157666 -0.15429
820.45934 -0.155078 -0.15682
820.55214 -0.152449 -0.15931
820.64494 -0.149780 -0.16175
820.73774 -0.147072 -0.16415
820.83054 -0.144325 -0.16651
820.92335 -0.141540 -0.16882
821.01615 -0.138718 -0.17108
821.10895 -0.135860 -0.17330
821.20175 -0.132967 -0.17547
821.29455 -0.130038 -0.17760
821.38735 -0.127075 -0.17968
821.48016 -0.124079 -0.18171
821.57296 -0.121050 -0.18369
821.66576 -0.117990 -0.18562
821.75856 -0.114899 -0.18750
821.85136 -0.111778 -0.18933
821.94416 -0.108627 -0.19111
822.03697 -0.105448 -0.19284
822.12977 -0.102242 -0.19451
822.22257 -0.099008 -0.19613
822.31537 -0.095750 -0.19770
822.40817 -0.092466 -0.19922
822.50097 -0.089158 -0.20068
822.59378 -0.085826 -0.20209
822.68658 -0.082473 -0.20344
822.77938 -0.079098 -0.20474
822.87218 -0.075703 -0.20598
822.96498 -0.072288 -0.20717
823.05778 -0.068854 -0.20830
823.15058 -0.065403 -0.20937
823.24339 -0.061935 -0.21039
823.33619 -0.058451 -0.21135
823.42899 -0.054953 -0.21225
823.52179 -0.051440 -0.21309
823.61459 -0.047915 -0.21388
823.70739 -0.044377 -0.21461
823.80020 -0.040828 -0.21528
823.89300 -0.037270 -0.21589
823.98580 -0.033702 -0.21644
824.07860 -0.030126 -0.21693
824.17140 -0.026543 -0.21737
824.26420 -0.022954 -0.21774
824.35701 -0.019360 -0.21805
824.44981 -0.015761 -0.21831
824.54261 -0.012160 -0.21850
824.63541 -0.008556 -0.21864
824.72821 -0.004951 -0.21872
824.82101 -0.001346 -0.21873
824.91382 0.002259 -0.21869
825.00662 0.005862 -0.21858
825.09942 0.009462 -0.21842
825.19222 0.013058 -0.21820
825.28502 0.016649 -0.21791
825.37782 0.020234 -0.21757
825.47063 0.023813 -0.21717
825.56343 0.027384 -0.21671
825.65623 0.030947 -0.21618
825.74903 0.034499 -0.21560
825.84183 0.038041 -0.21496
825.93463 0.041570 -0.21426
826.02744 0.045088 -0.21350
826.12024 0.048591 -0.21269
826.21304 0.052080 -0.21181
826.30584 0.055553 -0.21088
826.39864 0.059010 -0.20988
826.49144 0.062448 -0.20883
826.58425 0.065869 -0.20773
826.67705 0.069269 -0.20656
826.76985 0.072650 -0.20534
826.86265 0.076008 -0.20406
826.95545 0.079344 -0.20273
827.04825 0.082657 -0.20134
827.14106 0.085946 -0.19989
827.23386 0.089209 -0.19839
827.32666 0.092446 -0.19684
827.41946 0.095656 -0.19523
827.51226 0.098838 -0.19356
827.60506 0.101991 -0.19185
827.69787 0.105114 -0.19007
827.79067 0.108206 -0.18825
827.88347 0.111267 -0.18638
827.97627 0.114296 -0.18445
828.06907 0.117291 -0.18247
828.16187 0.120251 -0.18045
828.25468 0.123177 -0.17837
828.34748 0.126067 -0.17624
828.44028 0.128920 -0.17407
828.53308 0.131735 -0.17184
828.62588 0.134513 -0.16957
828.71868 0.137250 -0.16725
828.81149 0.139949 -0.16489
828.90429 0.142606 -0.16248
828.99709 0.145221 -0.16003
829.08989 0.147795 -0.15753
829.18269 0.150325 -0.15498
829.27549 0.152811 -0.15240
829.36830 0.155253 -0.14977
829.46110 0.157650 -0.14710
829.55390 0.160001 -0.14439
829.64670 0.162305 -0.14165
829.73950 0.164561 -0.13886
829.83230 0.166770 -0.13603
829.92510 0.168930 -0.13317
830.01791 0.171041 -0.13027
830.11071 0.173102 -0.12733
830.20351 0.175113 -0.12436
830.29631 0.177072 -0.12135
830.38911 0.178980 -0.11832
830.48191 0.180835 -0.11524
830.57472 0.182638 -0.11214
830.66752 0.184387 -0.10901
830.76032 0.186082 -0.10585
830.85312 0.187723 -0.10265
830.94592 0.189308 -0.09943
831.03872 0.190839 -0.09619
831.13153 0.192314 -0.09291
831.22433 0.193732 -0.08961
831.31713 0.195093 -0.08629
831.40993 0.196398 -0.08295
831.50273 0.197644 -0.07958
831.59553 0.198833 -0.07619
831.68834 0.199964 -0.07278
831.78114 0.201035 -0.06935
831.87394 0.202048 -0.06590
831.96674 0.203001 -0.06244
832.05954 0.203895 -0.05895
832.15234 0.204729 -0.05546
832.24515 0.205502 -0.05195
832.33795 0.206215 -0.04842
832.43075 0.206867 -0.04488
832.52355 0.207459 -0.04134
832.61635 0.207989 -0.03778
832.70915 0.208458 -0.03421
832.80196 0.208865 -0.03064
832.89476 0.209211 -0.02705
832.98756 0.209495 -0.02346
833.08036 0.209717 -0.01987
833.17316 0.209877 -0.01627
833.26596 0.209975 -0.01267
833.35877 0.210011 -0.00907
833.45157 0.209984 -0.00547
833.54437 0.209896 -0.00186
833.63717 0.209745 0.00174
833.72997 0.209532 0.00534
833.82277 0.209257 0.00893
833.91558 0.208920 0.01252
834.00838 0.208521 0.01611
834.10118 0.208060 0.01969
834.19398 0.207537 0.02326
834.28678 0.206952 0.02682
834.37958 0.206306 0.03037
834.47239 0.205598 0.03391
834.56519 0.204829 0.03744
834.65799 0.203999 0.04096
834.75079 0.203108 0.04446
834.84359 0.202157 0.04795
834.93639 0.201145 0.05142
835.02920 0.200073 0.05487
835.12200 0.198941 0.05830
835.21480 0.197750 0.06172
835.30760 0.196500 0.06511
835.40040 0.195190 0.06848
835.49320 0.193823 0.07183
835.58601 0.192397 0.07516
835.67881 0.190913 0.07846
835.77161 0.189372 0.08174
835.86441 0.187775 0.08499
835.95721 0.186121 0.08821
836.05001 0.184411 0.09141
836.14282 0.182645 0.09457
836.23562 0.180825 0.09771
836.32842 0.178950 0.10081
836.42122 0.177021 0.10388
836.51402 0.175039 0.10691
836.60682 0.173004 0.10992
836.69962 0.170917 0.11288
836.79243 0.168778 0.11582
836.88523 0.166588 0.11871
836.97803 0.164348 0.12156
837.07083 0.162058 0.12438
837.16363 0.159719 0.12716
837.25643 0.157331 0.12989
837.34924 0.154896 0.13259
837.44204 0.152414 0.13524
837.53484 0.149886 0.13785
837.62764 0.147312 0.14042
837.72044 0.144693 0.14294
837.81324 0.142031 0.14541
837.90605 0.139325 0.14784
837.99885 0.136577 0.15022
838.09165 0.133787 0.15255
838.18445 0.130956 0.15484
838.27725 0.128086 0.15707
838.37005 0.125176 0.15926
838.46286 0.122228 0.16139
838.55566 0.119243 0.16347
838.64846 0.116222 0.16550
838.74126 0.113165 0.16748
838.83406 0.110073 0.16940
838.92686 0.106948 0.17127
839.01967 0.103790 0.17308
839.11247 0.100600 0.17484
839.20527 0.097379 0.17654
839.29807 0.094129 0.17819
839.39087 0.090850 0.17978
839.48367 0.087542 0.18131
839.57648 0.084208 0.18278
839.66928 0.080848 0.18420
839.76208 0.077463 0.18555
839.85488 0.074054 0.18684
839.94768 0.070623 0.18808
840.04048 0.067170 0.18925
840.13329 0.063696 0.19037
840.22609 0.060203 0.19142
840.31889 0.056691 0.19241
840.41169 0.053162 0.19333
840.50449 0.049616 0.19420
840.59729 0.046055 0.19500
840.69010 0.042480 0.19574
840.78290 0.038892 0.19642
840.87570 0.035292 0.19703
840.96850 0.031681 0.19757
841.06130 0.028061 0.19806
841.15410 0.024432 0.19848
841.24691 0.020796 0.19883
841.33971 0.017153 0.19912
841.43251 0.013505 0.19935
841.52531 0.009854 0.19951
841.61811 0.006199 0.19960
841.71091 0.002543 0.19963
841.80372 -0.001114 0.19959
841.89652 -0.004770 0.19949
841.98932 -0.008424 0.19933
842.08212 -0.012075 0.19909
842.17492 -0.015722 0.19880
842.26772 -0.019364 0.19843
842.36053 -0.023000 0.19800
842.45333 -0.026628 0.19751
842.54613 -0.030247 0.19695
842.63893 -0.033856 0.19633
842.73173 -0.037454 0.19564
842.82453 -0.041040 0.19489
842.91734 -0.044612 0.19407
843.01014 -0.048170 0.19319
843.10294 -0.051712 0.19224
843.19574 -0.055237 0.19123
843.28854 -0.058744 0.19015
843.38134 -0.062232 0.18902
843.47414 -0.065700 0.18781
843.56695 -0.069147 0.18655
843.65975 -0.072570 0.18522
843.75255 -0.075970 0.18384
843.84535 -0.079345 0.18239
843.93815 -0.082695 0.18087
844.03095 -0.086017 0.17930
844.12376 -0.089311 0.17767
844.21656 -0.092576 0.17597
844.30936 -0.095811 0.17422
844.40216 -0.099014 0.17241
844.49496 -0.102184 0.17054
844.58776 -0.105321 0.16861
844.68057 -0.108424 0.16663
844.77337 -0.111491 0.16458
844.86617 -0.114521 0.16248
844.95897 -0.117514 0.16033
845.05177 -0.120467 0.15812
845.14457 -0.123381 0.15586
845.23738 -0.126255 0.15354
845.33018 -0.129086 0.15117
845.42298 -0.131875 0.14874
845.51578 -0.134620 0.14627
845.60858 -0.137321 0.14374
845.70138 -0.139976 0.14117
845.79419 -0.142584 0.13854
845.88699 -0.145146 0.13587
845.97979 -0.147658 0.13315
846.07259 -0.150122 0.13038
846.16539 -0.152535 0.12757
846.25819 -0.154898 0.12471
846.35100 -0.157209 0.12180
846.44380 -0.159468 0.11885
846.53660 -0.161673 0.11587
846.62940 -0.163823 0.11283
846.72220 -0.165919 0.10976
846.81500 -0.167959 0.10665
846.90781 -0.169943 0.10350
847.00061 -0.171869 0.10031
847.09341 -0.173737 0.09709
847.18621 -0.175547 0.09383
847.27901 -0.177297 0.09053
847.37181 -0.178987 0.08721
847.46462 -0.180617 0.08384
847.55742 -0.182186 0.08045
847.65022 -0.183692 0.07703
847.74302 -0.185136 0.07358
847.83582 -0.186517 0.07010
847.92862 -0.187834 0.06659
848.02143 -0.189088 0.06305
848.11423 -0.190276 0.05950
848.20703 -0.191400 0.05591
848.29983 -0.192458 0.05231
848.39263 -0.193449 0.04868
848.48543 -0.194375 0.04504
848.57824 -0.195233 0.04137
848.67104 -0.196024 0.03769
848.76384 -0.196747 0.03399
848.85664 -0.197403 0.03027
848.94944 -0.197990 0.02655
849.04224 -0.198508 0.02280
849.13505 -0.198957 0.01905
849.22785 -0.199337 0.01529
849.32065 -0.199648 0.01151
849.41345 -0.199889 0.00773
849.50625 -0.200060 0.00394
849.59905 -0.200161 0.00015
849.69186 -0.200192 -0.00365
849.78466 -0.200152 -0.00745
849.87746 -0.200043 -0.01125
849.97026 -0.199862 -0.01505
850.06306 -0.199611 -0.01885
850.15586 -0.199290 -0.02265
850.24867 -0.198897 -0.02645
850.34147 -0.198435 -0.03024
850.43427 -0.197901 -0.03402
850.52707 -0.197297 -0.03780
850.61987 -0.196623 -0.04156
850.71267 -0.195879 -0.04532
850.80547 -0.195064 -0.04907
850.89828 -0.194179 -0.05280
850.99108 -0.193224 -0.05652
851.08388 -0.192200 -0.06023
851.17668 -0.191106 -0.06391
851.26948 -0.189943 -0.06758
851.36228 -0.188711 -0.07123
851.45509 -0.187410 -0.07487
851.54789 -0.186041 -0.07847
851.64069 -0.184604 -0.08206
851.73349 -0.183099 -0.08562
851.82629 -0.181528 -0.08916
851.91909 -0.179889 -0.09267
852.01190 -0.178184 -0.09615
852.10470 -0.176413 -0.09960
852.19750 -0.174577 -0.10302
852.29030 -0.172675 -0.10641
852.38310 -0.170710 -0.10977
852.47590 -0.168680 -0.11309
852.56871 -0.166587 -0.11638
852.66151 -0.164432 -0.11963
852.75431 -0.162214 -0.12284
852.84711 -0.159935 -0.12601
852.93991 -0.157596 -0.12914
853.03271 -0.155196 -0.13224
853.12552 -0.152737 -0.13528
853.21832 -0.150219 -0.13829
853.31112 -0.147643 -0.14125
853.40392 -0.145011 -0.14416
853.49672 -0.142322 -0.14703
853.58952 -0.139577 -0.14985
853.68233 -0.136778 -0.15262
853.77513 -0.133925 -0.15534
853.86793 -0.131020 -0.15801
853.96073 -0.128062 -0.16062
854.05353 -0.125053 -0.16319
854.14633 -0.121994 -0.16569
854.23914 -0.118886 -0.16814
854.33194 -0.115730 -0.17054
854.42474 -0.112527 -0.17288
854.51754 -0.109277 -0.17516
854.61034 -0.105983 -0.17738
854.70314 -0.102644 -0.17954
854.79595 -0.099262 -0.18164
854.88875 -0.095838 -0.18368
854.98155 -0.092374 -0.18565
855.07435 -0.088870 -0.18756
855.16715 -0.085328 -0.18941
855.25995 -0.081748 -0.19119
855.35276 -0.078132 -0.19290
855.44556 -0.074481 -0.19455
855.53836 -0.070796 -0.19613
855.63116 -0.067079 -0.19764
855.72396 -0.063331 -0.19909
855.81676 -0.059552 -0.20046
855.90957 -0.055745 -0.20176
856.00237 -0.051910 -0.20300
856.09517 -0.048049 -0.20416
856.18797 -0.044164 -0.20524
856.28077 -0.040254 -0.20626
856.37357 -0.036323 -0.20720
856.46638 -0.032370 -0.20807
856.55918 -0.028398 -0.20887
856.65198 -0.024408 -0.20959
856.74478 -0.020402 -0.21023
856.83758 -0.016380 -0.21080
856.93038 -0.012344 -0.21129
857.02319 -0.008295 -0.21171
857.11599 -0.004235 -0.21205
857.20879 -0.000166 -0.21231
857.30159 0.003912 -0.21250
857.39439 0.007996 -0.21261
857.48719 0.012086 -0.21264
857.57999 0.016180 -0.21259
857.67280 0.020277 -0.21246
857.76560 0.024374 -0.21226
857.85840 0.028470 -0.21198
857.95120 0.032565 -0.21161
858.04400 0.036656 -0.21118
858.13680 0.040743 -0.21066
858.22961 0.044823 -0.21006
858.32241 0.048895 -0.20938
858.41521 0.052957 -0.20863
858.50801 0.057009 -0.20780
858.60081 0.061048 -0.20688
858.69361 0.065074 -0.20589
858.78642 0.069084 -0.20482
858.87922 0.073077 -0.20368
858.97202 0.077051 -0.20245
859.06482 0.081006 -0.20115
859.15762 0.084939 -0.19977
859.25042 0.088850 -0.19832
859.34323 0.092736 -0.19678
859.43603 0.096596 -0.19517
859.52883 0.100429 -0.19349
859.62163 0.104233 -0.19172
859.71443 0.108007 -0.18989
859.80723 0.111749 -0.18798
859.90004 0.115458 -0.18599
859.99284 0.119132 -0.18393
860.08564 0.122770 -0.18180
860.17844 0.126370 -0.17959
860.27124 0.129931 -0.17732
860.36404 0.133452 -0.17497
860.45685 0.136932 -0.17255
860.54965 0.140368 -0.17006
860.64245 0.143759 -0.16750
860.73525 0.147104 -0.16487
860.82805 0.150402 -0.16217
860.92085 0.153651 -0.15941
861.01366 0.156851 -0.15658
861.10646 0.159998 -0.15369
861.19926 0.163093 -0.15073
861.29206 0.166134 -0.14770
861.38486 0.169120 -0.14462
861.47766 0.172049 -0.14147
861.57047 0.174921 -0.13826
861.66327 0.177733 -0.13500
861.75607 0.180485 -0.13167
861.84887 0.183175 -0.12829
861.94167 0.185803 -0.12484
862.03447 0.188366 -0.12135
862.12728 0.190865 -0.11780
862.22008 0.193298 -0.11419
862.31288 0.195663 -0.11054
862.40568 0.197960 -0.10683
862.49848 0.200188 -0.10307
862.59128 0.202345 -0.09927
862.68409 0.204431 -0.09542
862.77689 0.206444 -0.09152
862.86969 0.208383 -0.08758
862.96249 0.210248 -0.08359
863.05529 0.212038 -0.07957
863.14809 0.213751 -0.07550
863.24090 0.215387 -0.07139
863.33370 0.216945 -0.06725
863.42650 0.218425 -0.06307
863.51930 0.219824 -0.05885
863.61210 0.221143 -0.05461
863.70490 0.222381 -0.05033
863.79771 0.223536 -0.04602
863.89051 0.224609 -0.04168
863.98331 0.225599 -0.03731
864.07611 0.226505 -0.03292
864.16891 0.227326 -0.02851
864.26171 0.228061 -0.02407
864.35451 0.228711 -0.01961
864.44732 0.229275 -0.01513
864.54012 0.229752 -0.01064
864.63292 0.230141 -0.00613
864.72572 0.230443 -0.00160
864.81852 0.230657 0.00294
864.91132 0.230782 0.00748
865.00413 0.230819 0.01204
865.09693 0.230766 0.01661
865.18973 0.230623 0.02118
865.28253 0.230391 0.02575
865.37533 0.230070 0.03033
865.46813 0.229658 0.03491
865.56094 0.229155 0.03948
865.65374 0.228563 0.04406
865.74654 0.227880 0.04863
865.83934 0.227106 0.05319
865.93214 0.226242 0.05774
866.02494 0.225288 0.06228
866.11775 0.224243 0.06682
866.21055 0.223108 0.07133
866.30335 0.221882 0.07584
866.39615 0.220567 0.08032
866.48895 0.219161 0.08479
866.58175 0.217666 0.08923
866.67456 0.216082 0.09366
866.76736 0.214409 0.09805
866.86016 0.212647 0.10243
866.95296 0.210796 0.10677
867.04576 0.208858 0.11108
867.13856 0.206832 0.11537
867.23137 0.204719 0.11962
867.32417 0.202520 0.12383
867.41697 0.200235 0.12801
867.50977 0.197865 0.13215
867.60257 0.195409 0.13624
867.69537 0.192870 0.14030
867.78818 0.190247 0.14431
867.88098 0.187542 0.14828
867.97378 0.184755 0.15220
868.06658 0.181887 0.15606
868.15938 0.178939 0.15988
868.25218 0.175911 0.16365
868.34499 0.172805 0.16736
868.43779 0.169621 0.17102
868.53059 0.166361 0.17462
868.62339 0.163025 0.17816
868.71619 0.159615 0.18164
868.80899 0.156132 0.18505
868.90180 0.152576 0.18841
868.99460 0.148949 0.19169
869.08740 0.145252 0.19491
869.18020 0.141487 0.19807
869.27300 0.137654 0.20115
869.36580 0.133755 0.20416
869.45861 0.129791 0.20709
869.55141 0.125763 0.20996
869.64421 0.121674 0.21274
869.73701 0.117524 0.21545
869.82981 0.113314 0.21808
869.92261 0.109047 0.22064
870.01542 0.104723 0.22311
870.10822 0.100345 0.22549
870.20102 0.095913 0.22780
870.29382 0.091430 0.23001
870.38662 0.086897 0.23215
870.47942 0.082316 0.23419
870.57223 0.077687 0.23615
870.66503 0.073014 0.23801
870.75783 0.068298 0.23979
870.85063 0.063540 0.24147
870.94343 0.058743 0.24306
871.03623 0.053908 0.24456
871.12903 0.049037 0.24596
871.22184 0.044131 0.24726
871.31464 0.039193 0.24847
871.40744 0.034225 0.24958
871.50024 0.029229 0.25059
871.59304 0.024205 0.25151
871.68584 0.019158 0.25232
871.77865 0.014087 0.25303
871.87145 0.008997 0.25364
871.96425 0.003887 0.25415
872.05705 -0.001238 0.25456
872.14985 -0.006378 0.25486
872.24265 -0.011531 0.25506
872.33546 -0.016694 0.25515
872.42826 -0.021865 0.25514
872.52106 -0.027041 0.25503
872.61386 -0.032222 0.25481
872.70666 -0.037404 0.25448
872.79946 -0.042586 0.25405
872.89227 -0.047766 0.25351
872.98507 -0.052940 0.25287
873.07787 -0.058107 0.25211
873.17067 -0.063266 0.25126
873.26347 -0.068412 0.25029
873.35627 -0.073545 0.24922
873.44908 -0.078663 0.24804
873.54188 -0.083761 0.24675
873.63468 -0.088840 0.24536
873.72748 -0.093896 0.24386
873.82028 -0.098927 0.24226
873.91308 -0.103931 0.24055
874.00589 -0.108906 0.23873
874.09869 -0.113848 0.23681
874.19149 -0.118757 0.23479
874.28429 -0.123630 0.23266
874.37709 -0.128465 0.23042
874.46989 -0.133259 0.22809
874.56270 -0.138010 0.22564
874.65550 -0.142716 0.22310
874.74830 -0.147375 0.22046
874.84110 -0.151984 0.21771
874.93390 -0.156542 0.21487
875.02670 -0.161046 0.21193
875.11951 -0.165494 0.20888
875.21231 -0.169883 0.20575
875.30511 -0.174212 0.20251
875.39791 -0.178478 0.19918
875.49071 -0.182680 0.19576
875.58351 -0.186815 0.19224
875.67632 -0.190881 0.18863
875.76912 -0.194876 0.18493
875.86192 -0.198798 0.18114
875.95472 -0.202644 0.17726
876.04752 -0.206414 0.17330
876.14032 -0.210105 0.16924
876.23313 -0.213714 0.16511
876.32593 -0.217241 0.16089
876.41873 -0.220682 0.15660
876.51153 -0.224037 0.15222
876.60433 -0.227302 0.14777
876.69713 -0.230477 0.14324
876.78994 -0.233561 0.13863
876.88274 -0.236549 0.13395
876.97554 -0.239442 0.12920
877.06834 -0.242237 0.12439
877.16114 -0.244932 0.11950
877.25394 -0.247527 0.11455
877.34675 -0.250019 0.10954
877.43955 -0.252407 0.10447
877.53235 -0.254689 0.09934
877.62515 -0.256863 0.09415
877.71795 -0.258929 0.08890
877.81075 -0.260885 0.08361
877.90355 -0.262730 0.07826
877.99636 -0.264461 0.07286
878.08916 -0.266079 0.06742
878.18196 -0.267580 0.06194
878.27476 -0.268966 0.05641
878.36756 -0.270233 0.05084
878.46036 -0.271382 0.04524
878.55317 -0.272411 0.03961
878.64597 -0.273319 0.03394
878.73877 -0.274104 0.02824
878.83157 -0.274767 0.02252
878.92437 -0.275307 0.01678
879.01717 -0.275721 0.01101
879.10998 -0.276011 0.00522
879.20278 -0.276175 -0.00058
879.29558 -0.276212 -0.00640
879.38838 -0.276121 -0.01222
879.48118 -0.275903 -0.01806
879.57398 -0.275557 -0.02390
879.66679 -0.275082 -0.02974
879.75959 -0.274479 -0.03558
879.85239 -0.273746 -0.04142
879.94519 -0.272883 -0.04725
880.03799 -0.271891 -0.05307
880.13079 -0.270769 -0.05888
880.22360 -0.269517 -0.06468
880.31640 -0.268135 -0.07046
880.40920 -0.266623 -0.07622
880.50200 -0.264982 -0.08195
880.59480 -0.263212 -0.08766
880.68760 -0.261312 -0.09334
880.78041 -0.259283 -0.09899
880.87321 -0.257126 -0.10460
880.96601 -0.254841 -0.11018
881.05881 -0.252428 -0.11571
881.15161 -0.249889 -0.12120
881.24441 -0.247223 -0.12665
881.33722 -0.244432 -0.13204
881.43002 -0.241517 -0.13738
881.52282 -0.238477 -0.14267
881.61562 -0.235315 -0.14790
881.70842 -0.232031 -0.15306
881.80122 -0.228626 -0.15817
881.89403 -0.225101 -0.16320
881.98683 -0.221458 -0.16817
882.07963 -0.217698 -0.17306
882.17243 -0.213823 -0.17788
882.26523 -0.209833 -0.18262
882.35803 -0.205730 -0.18728
882.45084 -0.201515 -0.19185
882.54364 -0.197191 -0.19634
882.63644 -0.192760 -0.20074
882.72924 -0.188222 -0.20505
882.82204 -0.183579 -0.20926
882.91484 -0.178834 -0.21337
883.00765 -0.173988 -0.21739
883.10045 -0.169045 -0.22130
883.19325 -0.164005 -0.22511
883.28605 -0.158870 -0.22881
883.37885 -0.153644 -0.23239
883.47165 -0.148328 -0.23587
883.56446 -0.142924 -0.23923
883.65726 -0.137437 -0.24248
883.75006 -0.131866 -0.24561
883.84286 -0.126216 -0.24861
883.93566 -0.120489 -0.25149
884.02846 -0.114687 -0.25424
884.12127 -0.108813 -0.25687
884.21407 -0.102871 -0.25937
884.30687 -0.096863 -0.26173
884.39967 -0.090791 -0.26396
884.49247 -0.084659 -0.26606
884.58527 -0.078471 -0.26801
884.67807 -0.072228 -0.26983
884.77088 -0.065934 -0.27151
884.86368 -0.059592 -0.27304
884.95648 -0.053207 -0.27443
885.04928 -0.046780 -0.27568
885.14208 -0.040315 -0.27677
885.23488 -0.033816 -0.27772
885.32769 -0.027286 -0.27852
885.42049 -0.020728 -0.27917
885.51329 -0.014147 -0.27967
885.60609 -0.007546 -0.28001
885.69889 -0.000928 -0.28020
885.79169 0.005704 -0.28024
885.88450 0.012345 -0.28012
885.97730 0.018991 -0.27984
886.07010 0.025639 -0.27941
886.16290 0.032285 -0.27882
886.25570 0.038926 -0.27807
886.34850 0.045557 -0.27716
886.44131 0.052175 -0.27610
886.53411 0.058775 -0.27487
886.62691 0.065354 -0.27349
886.71971 0.071907 -0.27195
886.81251 0.078431 -0.27025
886.90531 0.084923 -0.26840
886.99812 0.091377 -0.26638
887.09092 0.097790 -0.26421
887.18372 0.104158 -0.26188
887.27652 0.110477 -0.25940
887.36932 0.116742 -0.25676
887.46212 0.122950 -0.25396
887.55493 0.129098 -0.25101
887.64773 0.135180 -0.24791
887.74053 0.141192 -0.24466
887.83333 0.147132 -0.24125
887.92613 0.152994 -0.23770
888.01893 0.158775 -0.23400
888.11174 0.164471 -0.23015
888.20454 0.170078 -0.22616
888.29734 0.175592 -0.22203
888.39014 0.181009 -0.21776
888.48294 0.186325 -0.21334
888.57574 0.191537 -0.20879
888.66855 0.196641 -0.20411
888.76135 0.201633 -0.19929
888.85415 0.206508 -0.19434
888.94695 0.211265 -0.18927
889.03975 0.215898 -0.18407
889.13255 0.220405 -0.17875
889.22536 0.224782 -0.17331
889.31816 0.229024 -0.16776
889.41096 0.233130 -0.16209
889.50376 0.237096 -0.15631
889.59656 0.240918 -0.15042
889.68936 0.244593 -0.14443
889.78217 0.248118 -0.13834
889.87497 0.251490 -0.13216
889.96777 0.254706 -0.12588
890.06057 0.257763 -0.11951
890.15337 0.260659 -0.11306
890.24617 0.263390 -0.10652
890.33898 0.265954 -0.09991
890.43178 0.268348 -0.09323
890.52458 0.270570 -0.08647
890.61738 0.272617 -0.07966
890.71018 0.274488 -0.07278
890.80298 0.276180 -0.06584
890.89579 0.277691 -0.05886
890.98859 0.279019 -0.05182
891.08139 0.280162 -0.04475
891.17419 0.281119 -0.03764
891.26699 0.281888 -0.03049
891.35979 0.282468 -0.02332
891.45259 0.282857 -0.01613
891.54540 0.283054 -0.00891
891.63820 0.283058 -0.00169
891.73100 0.282869 0.00554
891.82380 0.282484 0.01278
891.91660 0.281905 0.02001
892.00940 0.281129 0.02723
892.10221 0.280157 0.03444
892.19501 0.278989 0.04163
892.28781 0.277624 0.04880
892.38061 0.276063 0.05593
892.47341 0.274306 0.06303
892.56621 0.272353 0.07009
892.65902 0.270205 0.07711
892.75182 0.267862 0.08407
892.84462 0.265326 0.09097
892.93742 0.262597 0.09781
893.03022 0.259676 0.10459
893.12302 0.256565 0.11128
893.21583 0.253266 0.11790
893.30863 0.249780 0.12444
893.40143 0.246109 0.13088
893.49423 0.242255 0.13723
893.58703 0.238220 0.14348
893.67983 0.234006 0.14962
893.77264 0.229617 0.15564
893.86544 0.225054 0.16155
893.95824 0.220321 0.16734
894.05104 0.215421 0.17300
894.14384 0.210357 0.17853
894.23664 0.205132 0.18391
894.32945 0.199749 0.18916
894.42225 0.194214 0.19426
894.51505 0.188529 0.19920
894.60785 0.182698 0.20399
894.70065 0.176726 0.20861
894.79345 0.170617 0.21307
894.88626 0.164375 0.21736
894.97906 0.158006 0.22147
895.07186 0.151514 0.22540
895.16466 0.144904 0.22915
895.25746 0.138181 0.23270
895.35026 0.131351 0.23607
895.44307 0.124418 0.23924
895.53587 0.117389 0.24222
895.62867 0.110270 0.24499
895.72147 0.103066 0.24755
895.81427 0.095783 0.24991
895.90707 0.088427 0.25205
895.99988 0.081004 0.25399
896.09268 0.073521 0.25570
896.18548 0.065984 0.25719
896.27828 0.058400 0.25847
896.37108 0.050776 0.25952
896.46388 0.043118 0.26034
896.55669 0.035432 0.26094
896.64949 0.027726 0.26131
896.74229 0.020008 0.26146
896.83509 0.012284 0.26137
896.92789 0.004560 0.26105
897.02069 -0.003155 0.26050
897.11350 -0.010855 0.25972
897.20630 -0.018532 0.25871
897.29910 -0.026179 0.25746
897.39190 -0.033788 0.25599
897.48470 -0.041352 0.25428
897.57750 -0.048865 0.25235
897.67031 -0.056318 0.25019
897.76311 -0.063704 0.24780
897.85591 -0.071016 0.24519
897.94871 -0.078246 0.24235
898.04151 -0.085388 0.23929
898.13431 -0.092433 0.23602
898.22711 -0.099375 0.23252
898.31992 -0.106208 0.22882
898.41272 -0.112922 0.22491
898.50552 -0.119512 0.22078
898.59832 -0.125971 0.21646
898.69112 -0.132291 0.21194
898.78392 -0.138466 0.20722
898.87673 -0.144491 0.20232
898.96953 -0.150357 0.19722
899.06233 -0.156059 0.19195
899.15513 -0.161591 0.18650
899.24793 -0.166946 0.18088
899.34073 -0.172118 0.17510
899.43354 -0.177104 0.16916
899.52634 -0.181895 0.16306
899.61914 -0.186487 0.15682
899.71194 -0.190875 0.15044
899.80474 -0.195054 0.14392
899.89754 -0.199020 0.13728
899.99035 -0.202768 0.13052
900.08315 -0.206293 0.12364
900.17595 -0.209591 0.11666
900.26875 -0.212659 0.10958
900.36155 -0.215494 0.10241
900.45435 -0.218091 0.09516
900.54716 -0.220448 0.08783
900.63996 -0.222563 0.08044
900.73276 -0.224432 0.07299
900.82556 -0.226054 0.06549
900.91836 -0.227427 0.05794
901.01116 -0.228548 0.05037
901.10397 -0.229418 0.04276
901.19677 -0.230035 0.03515
901.28957 -0.230397 0.02752
901.38237 -0.230506 0.01990
901.47517 -0.230361 0.01229
901.56797 -0.229961 0.00470
901.66078 -0.229309 -0.00287
901.75358 -0.228404 -0.01040
901.84638 -0.227248 -0.01788
901.93918 -0.225843 -0.02531
902.03198 -0.224190 -0.03268
902.12478 -0.222291 -0.03997
902.21759 -0.220150 -0.04719
902.31039 -0.217768 -0.05432
902.40319 -0.215150 -0.06135
902.49599 -0.212299 -0.06827
902.58879 -0.209218 -0.07509
902.68159 -0.205911 -0.08178
902.77440 -0.202383 -0.08834
902.86720 -0.198640 -0.09476
902.96000 -0.194685 -0.10104
903.05280 -0.190524 -0.10717
903.14560 -0.186162 -0.11314
903.23840 -0.181606 -0.11894
903.33121 -0.176861 -0.12457
903.42401 -0.171934 -0.13002
903.51681 -0.166832 -0.13529
903.60961 -0.161562 -0.14036
903.70241 -0.156130 -0.14523
903.79521 -0.150544 -0.14990
903.88802 -0.144810 -0.15437
903.98082 -0.138939 -0.15861
904.07362 -0.132936 -0.16264
904.16642 -0.126811 -0.16645
904.25922 -0.120571 -0.17003
904.35202 -0.114225 -0.17338
904.44483 -0.107781 -0.17650
904.53763 -0.101248 -0.17938
904.63043 -0.094636 -0.18202
904.72323 -0.087952 -0.18441
904.81603 -0.081207 -0.18656
904.90883 -0.074408 -0.18847
905.00163 -0.067565 -0.19013
905.09444 -0.060687 -0.19154
905.18724 -0.053785 -0.19270
905.28004 -0.046866 -0.19360
905.37284 -0.039940 -0.19426
905.46564 -0.033016 -0.19467
905.55844 -0.026103 -0.19483
905.65125 -0.019211 -0.19475
905.74405 -0.012349 -0.19441
905.83685 -0.005525 -0.19384
905.92965 0.001251 -0.19302
906.02245 0.007970 -0.19196
906.11525 0.014624 -0.19066
906.20806 0.021205 -0.18913
906.30086 0.027704 -0.18736
906.39366 0.034111 -0.18537
906.48646 0.040420 -0.18316
906.57926 0.046622 -0.18073
906.67206 0.052709 -0.17809
906.76487 0.058675 -0.17523
906.85767 0.064511 -0.17218
906.95047 0.070211 -0.16892
907.04327 0.075767 -0.16547
907.13607 0.081172 -0.16184
907.22887 0.086421 -0.15803
907.32168 0.091508 -0.15404
907.41448 0.096426 -0.14989
907.50728 0.101169 -0.14558
907.60008 0.105733 -0.14111
907.69288 0.110112 -0.13650
907.78568 0.114303 -0.13176
907.87849 0.118300 -0.12688
907.97129 0.122098 -0.12188
908.06409 0.125696 -0.11676
908.15689 0.129088 -0.11154
908.24969 0.132272 -0.10623
908.34249 0.135246 -0.10082
908.43530 0.138006 -0.09533
908.52810 0.140551 -0.08977
908.62090 0.142879 -0.08414
908.71370 0.144987 -0.07846
908.80650 0.146877 -0.07273
908.89930 0.148545 -0.06696
908.99211 0.149993 -0.06116
909.08491 0.151219 -0.05533
909.17771 0.152225 -0.04950
909.27051 0.153010 -0.04366
909.36331 0.153576 -0.03782
909.45611 0.153924 -0.03199
909.54892 0.154055 -0.02618
909.64172 0.153971 -0.02040
909.73452 0.153674 -0.01466
909.82732 0.153166 -0.00896
909.92012 0.152452 -0.00331
910.01292 0.151532 0.00228
910.10573 0.150411 0.00781
910.19853 0.149093 0.01326
910.29133 0.147581 0.01863
910.38413 0.145879 0.02391
910.47693 0.143991 0.02910
910.56973 0.141923 0.03419
910.66254 0.139678 0.03917
910.75534 0.137263 0.04403
910.84814 0.134681 0.04878
910.94094 0.131940 0.05340
911.03374 0.129044 0.05790
911.12654 0.125999 0.06225
911.21935 0.122811 0.06647
911.31215 0.119486 0.07054
911.40495 0.116031 0.07447
911.49775 0.112452 0.07824
911.59055 0.108756 0.08185
911.68335 0.104949 0.08530
911.77615 0.101037 0.08859
911.86896 0.097029 0.09172
911.96176 0.092930 0.09467
912.05456 0.088748 0.09745
912.14736 0.084490 0.10005
912.24016 0.080163 0.10249
912.33296 0.075773 0.10474
912.42577 0.071329 0.10681
912.51857 0.066837 0.10871
912.61137 0.062304 0.11042
912.70417 0.057738 0.11195
912.79697 0.053146 0.11331
912.88977 0.048534 0.11448
912.98258 0.043910 0.11547
913.07538 0.039280 0.11628
913.16818 0.034652 0.11691
913.26098 0.030032 0.11737
913.35378 0.025427 0.11765
913.44658 0.020844 0.11775
913.53939 0.016288 0.11768
913.63219 0.011768 0.11744
913.72499 0.007288 0.11704
913.81779 0.002855 0.11646
913.91059 -0.001526 0.11573
914.00339 -0.005847 0.11484
914.09620 -0.010105 0.11379
914.18900 -0.014293 0.11258
914.28180 -0.018405 0.11123
914.37460 -0.022437 0.10974
914.46740 -0.026384 0.10810
914.56020 -0.030240 0.10633
914.65301 -0.034002 0.10442
914.74581 -0.037665 0.10239
914.83861 -0.041224 0.10023
914.93141 -0.044676 0.09795
915.02421 -0.048017 0.09556
915.11701 -0.051243 0.09307
915.20982 -0.054351 0.09046
915.30262 -0.057338 0.08777
915.39542 -0.060201 0.08497
915.48822 -0.062937 0.08209
915.58102 -0.065544 0.07913
915.67382 -0.068019 0.07609
915.76663 -0.070362 0.07298
915.85943 -0.072568 0.06981
915.95223 -0.074638 0.06657
916.04503 -0.076570 0.06328
916.13783 -0.078363 0.05994
916.23063 -0.080016 0.05656
916.32344 -0.081528 0.05314
916.41624 -0.082899 0.04969
916.50904 -0.084129 0.04622
916.60184 -0.085217 0.04272
916.69464 -0.086165 0.03921
916.78744 -0.086972 0.03568
916.88025 -0.087639 0.03216
916.97305 -0.088167 0.02863
917.06585 -0.088557 0.02512
917.15865 -0.088810 0.02161
917.25145 -0.088928 0.01812
917.34425 -0.088913 0.01465
917.43706 -0.088766 0.01121
917.52986 -0.088489 0.00780
917.62266 -0.088084 0.00443
917.71546 -0.087555 0.00109
917.80826 -0.086902 -0.00219
917.90106 -0.086130 -0.00543
917.99387 -0.085240 -0.00861
918.08667 -0.084236 -0.01174
918.17947 -0.083120 -0.01480
918.27227 -0.081897 -0.01780
918.36507 -0.080569 -0.02073
918.45787 -0.079140 -0.02359
918.55067 -0.077613 -0.02637
918.64348 -0.075993 -0.02907
918.73628 -0.074282 -0.03169
918.82908 -0.072484 -0.03422
918.92188 -0.070605 -0.03667
919.01468 -0.068646 -0.03903
919.10748 -0.066614 -0.04129
919.20029 -0.064510 -0.04346
919.29309 -0.062337 -0.04549
919.38589 -0.060098 -0.04735
919.47869 -0.057809 -0.04911
919.57149 -0.055476 -0.05077
919.66429 -0.053101 -0.05234
919.75710 -0.050689 -0.05380
919.84990 -0.048243 -0.05517
919.94270 -0.045769 -0.05643
920.03550 -0.043270 -0.05759
920.12830 -0.040749 -0.05865
920.22110 -0.038212 -0.05961
920.31391 -0.035661 -0.06047
920.40671 -0.033101 -0.06123
920.49951 -0.030535 -0.06189
920.59231 -0.027968 -0.06245
920.68511 -0.025403 -0.06291
920.77791 -0.022843 -0.06327
920.87072 -0.020292 -0.06354
920.96352 -0.017755 -0.06371
921.05632 -0.015233 -0.06379
921.14912 -0.012732 -0.06378
921.24192 -0.010253 -0.06367
921.33472 -0.007800 -0.06348
921.42753 -0.005376 -0.06319
921.52033 -0.002984 -0.06283
921.61313 -0.000628 -0.06237
921.70593 0.001691 -0.06184
921.79873 0.003969 -0.06123
921.89153 0.006203 -0.06054
921.98434 0.008393 -0.05977
922.07714 0.010533 -0.05893
922.16994 0.012624 -0.05802
922.26274 0.014662 -0.05704
922.35554 0.016645 -0.05600
922.44834 0.018572 -0.05489
922.54115 0.020440 -0.05372
922.63395 0.022248 -0.05250
922.72675 0.023994 -0.05122
922.81955 0.025677 -0.04988
922.91235 0.027295 -0.04850
923.00515 0.028847 -0.04707
923.09796 0.030332 -0.04560
923.19076 0.031749 -0.04409
923.28356 0.033097 -0.04253
923.37636 0.034375 -0.04095
923.46916 0.035583 -0.03933
923.56196 0.036719 -0.03768
923.65477 0.037784 -0.03600
923.74757 0.038777 -0.03430
923.84037 0.039697 -0.03258
923.93317 0.040546 -0.03084
924.02597 0.041322 -0.02908
924.11877 0.042026 -0.02732
924.21158 0.042657 -0.02554
924.30438 0.043217 -0.02375
924.39718 0.043706 -0.02196
924.48998 0.044123 -0.02017
924.58278 0.044470 -0.01838
924.67558 0.044748 -0.01659
924.76839 0.044956 -0.01481
924.86119 0.045096 -0.01304
924.95399 0.045170 -0.01127
925.04679 0.045176 -0.00953
925.13959 0.045118 -0.00779
925.23239 0.044996 -0.00607
925.32520 0.044811 -0.00438
925.41800 0.044564 -0.00270
925.51080 0.044258 -0.00105
925.60360 0.043893 0.00057
925.69640 0.043470 0.00217
925.78920 0.042992 0.00374
925.88200 0.042460 0.00528
925.97481 0.041876 0.00678
926.06761 0.041241 0.00825
926.16041 0.040557 0.00968
926.25321 0.039826 0.01107
926.34601 0.039050 0.01243
926.43881 0.038231 0.01374
926.53162 0.037370 0.01502
926.62442 0.036469 0.01625
926.71722 0.035531 0.01743
926.81002 0.034557 0.01857
926.90282 0.033549 0.01967
926.99562 0.032510 0.02072
927.08843 0.031441 0.02172
927.18123 0.030344 0.02268
927.27403 0.029222 0.02358
927.36683 0.028076 0.02444
927.45963 0.026909 0.02524
927.55243 0.025722 0.02600
927.64524 0.024518 0.02671
927.73804 0.023298 0.02736
927.83084 0.022065 0.02797
927.92364 0.020821 0.02852
928.01644 0.019567 0.02903
928.10924 0.018306 0.02948
928.20205 0.017039 0.02988
928.29485 0.015769 0.03024
928.38765 0.014496 0.03054
928.48045 0.013225 0.03080
928.57325 0.011955 0.03100
928.66605 0.010688 0.03116
928.75886 0.009428 0.03127
928.85166 0.008174 0.03134
928.94446 0.006930 0.03135
929.03726 0.005696 0.03132
929.13006 0.004475 0.03125
929.22286 0.003267 0.03113
929.31567 0.002074 0.03097
929.40847 0.000899 0.03076
929.50127 -0.000259 0.03052
929.59407 -0.001397 0.03023
929.68687 -0.002514 0.02991
929.77967 -0.003608 0.02955
929.87248 -0.004680 0.02915
929.96528 -0.005727 0.02871
930.05808 -0.006748 0.02824
930.15088 -0.007742 0.02774
930.24368 -0.008709 0.02720
930.33648 -0.009647 0.02664
930.42929 -0.010556 0.02604
930.52209 -0.011434 0.02542
930.61489 -0.012280 0.02477
930.70769 -0.013095 0.02410
930.80049 -0.013878 0.02340
930.89329 -0.014627 0.02268
930.98610 -0.015343 0.02193
931.07890 -0.016024 0.02117
931.17170 -0.016671 0.02039
931.26450 -0.017283 0.01959
931.35730 -0.017860 0.01878
931.45010 -0.018401 0.01796
931.54291 -0.018906 0.01712
931.63571 -0.019376 0.01627
931.72851 -0.019809 0.01541
931.82131 -0.020207 0.01454
931.91411 -0.020568 0.01366
932.00691 -0.020893 0.01278
932.09972 -0.021183 0.01190
932.19252 -0.021437 0.01101
932.28532 -0.021656 0.01012
932.37812 -0.021839 0.00923
932.47092 -0.021987 0.00835
932.56372 -0.022101 0.00746
932.65652 -0.022181 0.00658
932.74933 -0.022227 0.00570
932.84213 -0.022240 0.00483
932.93493 -0.022220 0.00397
933.02773 -0.022168 0.00312
933.12053 -0.022085 0.00227
933.21333 -0.021971 0.00144
933.30614 -0.021826 0.00061
933.39894 -0.021653 -0.00020
933.49174 -0.021450 -0.00099
933.58454 -0.021219 -0.00178
933.67734 -0.020961 -0.00254
933.77014 -0.020677 -0.00329
933.86295 -0.020367 -0.00403
933.95575 -0.020033 -0.00474
934.04855 -0.019675 -0.00544
934.14135 -0.019294 -0.00611
934.23415 -0.018891 -0.00677
934.32695 -0.018467 -0.00741
934.41976 -0.018023 -0.00802
934.51256 -0.017560 -0.00862
934.60536 -0.017079 -0.00919
934.69816 -0.016581 -0.00973
934.79096 -0.016067 -0.01026
934.88376 -0.015538 -0.01076
934.97657 -0.014995 -0.01124
935.06937 -0.014439 -0.01169
935.16217 -0.013871 -0.01212
935.25497 -0.013292 -0.01252
935.34777 -0.012703 -0.01290
935.44057 -0.012106 -0.01325
935.53338 -0.011500 -0.01358
935.62618 -0.010888 -0.01388
935.71898 -0.010269 -0.01416
935.81178 -0.009646 -0.01441
935.90458 -0.009020 -0.01464
935.99738 -0.008390 -0.01484
936.09019 -0.007758 -0.01502
936.18299 -0.007126 -0.01517
936.27579 -0.006493 -0.01530
936.36859 -0.005862 -0.01540
936.46139 -0.005232 -0.01548
936.55419 -0.004605 -0.01553
936.64700 -0.003982 -0.01556
936.73980 -0.003363 -0.01557
936.83260 -0.002750 -0.01556
936.92540 -0.002142 -0.01552
937.01820 -0.001542 -0.01546
937.11100 -0.000949 -0.01538
937.20381 -0.000365 -0.01527
937.29661 0.000210 -0.01515
937.38941 0.000776 -0.01501
937.48221 0.001331 -0.01484
937.57501 0.001874 -0.01466
937.66781 0.002406 -0.01446
937.76062 0.002926 -0.01424
937.85342 0.003432 -0.01400
937.94622 0.003926 -0.01375
938.03902 0.004405 -0.01348
938.13182 0.004870 -0.01320
938.22462 0.005320 -0.01290
938.31743 0.005754 -0.01259
938.41023 0.006173 -0.01226
938.50303 0.006576 -0.01193
938.59583 0.006963 -0.01158
938.68863 0.007333 -0.01121
938.78143 0.007686 -0.01084
938.87424 0.008022 -0.01046
938.96704 0.008341 -0.01007
939.05984 0.008642 -0.00967
939.15264 0.008925 -0.00927
939.24544 0.009190 -0.00885
939.33824 0.009438 -0.00843
939.43104 0.009668 -0.00801
939.52385 0.009879 -0.00758
939.61665 0.010073 -0.00715
939.70945 0.010248 -0.00671
939.80225 0.010406 -0.00627
939.89505 0.010545 -0.00583
939.98785 0.010667 -0.00539
940.08066 0.010771 -0.00495
940.17346 0.010858 -0.00451
940.26626 0.010927 -0.00406
940.35906 0.010979 -0.00362
940.45186 0.011014 -0.00319
940.54466 0.011033 -0.00275
940.63747 0.011034 -0.00232
940.73027 0.011020 -0.00189
940.82307 0.010989 -0.00147
940.91587 0.010943 -0.00105
941.00867 0.010882 -0.00064
941.10147 0.010806 -0.00023
941.19428 0.010715 0.00017
941.28708 0.010610 0.00057
941.37988 0.010491 0.00095
941.47268 0.010359 0.00133
941.56548 0.010213 0.00170
941.65828 0.010055 0.00206
941.75109 0.009886 0.00241
941.84389 0.009704 0.00276
941.93669 0.009511 0.00309
942.02949 0.009308 0.00341
942.12229 0.009094 0.00372
942.21509 0.008870 0.00403
942.30790 0.008637 0.00432
942.40070 0.008396 0.00460
942.49350 0.008146 0.00486
942.58630 0.007888 0.00512
942.67910 0.007624 0.00536
942.77190 0.007352 0.00560
942.86471 0.007074 0.00582
942.95751 0.006791 0.00602
943.05031 0.006502 0.00622
943.14311 0.006209 0.00640
943.23591 0.005911 0.00657
943.32871 0.005610 0.00673
943.42152 0.005306 0.00687
943.51432 0.004999 0.00701
943.60712 0.004690 0.00713
943.69992 0.004379 0.00724
943.79272 0.004067 0.00733
943.88552 0.003754 0.00741
943.97833 0.003441 0.00748
944.07113 0.003129 0.00754
944.16393 0.002817 0.00759
944.25673 0.002506 0.00762
944.34953 0.002197 0.00764
944.44233 0.001889 0.00766
944.53514 0.001585 0.00765
944.62794 0.001283 0.00764
944.72074 0.000984 0.00762
944.81354 0.000689 0.00759
944.90634 0.000398 0.00754
944.99914 0.000111 0.00749
945.09195 -0.000171 0.00742
945.18475 -0.000449 0.00735
945.27755 -0.000720 0.00726
945.37035 -0.000986 0.00717
945.46315 -0.001246 0.00707
945.55595 -0.001500 0.00696
945.64876 -0.001748 0.00684
945.74156 -0.001988 0.00671
945.83436 -0.002222 0.00657
945.92716 -0.002448 0.00643
946.01996 -0.002667 0.00628
946.11276 -0.002879 0.00613
946.20556 -0.003082 0.00596
946.29837 -0.003278 0.00579
946.39117 -0.003465 0.00562
946.48397 -0.003644 0.00544
946.57677 -0.003815 0.00525
946.66957 -0.003978 0.00507
946.76237 -0.004131 0.00487
946.85518 -0.004276 0.00467
946.94798 -0.004413 0.00447
947.04078 -0.004540 0.00427
947.13358 -0.004659 0.00406
947.22638 -0.004769 0.00385
947.31918 -0.004870 0.00364
947.41199 -0.004962 0.00343
947.50479 -0.005045 0.00321
947.59759 -0.005120 0.00300
947.69039 -0.005186 0.00278
947.78319 -0.005243 0.00256
947.87599 -0.005291 0.00235
947.96880 -0.005331 0.00213
948.06160 -0.005362 0.00191
948.15440 -0.005385 0.00170
948.24720 -0.005400 0.00148
948.34000 -0.005406 0.00127
948.43280 -0.005405 0.00106
948.52561 -0.005395 0.00085
948.61841 -0.005378 0.00064
948.71121 -0.005353 0.00044
948.80401 -0.005321 0.00023
948.89681 -0.005282 0.00003
948.98961 -0.005235 -0.00016
949.08242 -0.005182 -0.00035
949.17522 -0.005121 -0.00054
949.26802 -0.005055 -0.00073
949.36082 -0.004982 -0.00091
949.45362 -0.004903 -0.00108
949.54642 -0.004818 -0.00125
949.63923 -0.004728 -0.00142
949.73203 -0.004632 -0.00158
949.82483 -0.004531 -0.00174
949.91763 -0.004425 -0.00189
950.01043 -0.004314 -0.00204
950.10323 -0.004199 -0.00218
950.19604 -0.004080 -0.00231
950.28884 -0.003956 -0.00244
950.38164 -0.003829 -0.00257
950.47444 -0.003699 -0.00268
950.56724 -0.003565 -0.00280
950.66004 -0.003429 -0.00290
950.75285 -0.003289 -0.00300
950.84565 -0.003147 -0.00310
950.93845 -0.003003 -0.00319
951.03125 -0.002857 -0.00327
951.12405 -0.002709 -0.00334
951.21685 -0.002560 -0.00341
951.30966 -0.002409 -0.00348
951.40246 -0.002258 -0.00353
951.49526 -0.002106 -0.00359
951.58806 -0.001953 -0.00363
951.68086 -0.001800 -0.00367
951.77366 -0.001646 -0.00370
951.86647 -0.001493 -0.00373
951.95927 -0.001341 -0.00375
952.05207 -0.001188 -0.00377
952.14487 -0.001037 -0.00378
952.23767 -0.000887 -0.00378
952.33047 -0.000738 -0.00378
952.42328 -0.000590 -0.00377
952.51608 -0.000444 -0.00376
952.60888 -0.000300 -0.00374
952.70168 -0.000157 -0.00372
952.79448 -0.000017 -0.00369
952.88728 0.000121 -0.00366
952.98008 0.000256 -0.00362
953.07289 0.000389 -0.00358
953.16569 0.000519 -0.00353
953.25849 0.000646 -0.00348
953.35129 0.000770 -0.00343
953.44409 0.000891 -0.00337
953.53689 0.001009 -0.00331
953.62970 0.001123 -0.00324
953.72250 0.001233 -0.00317
953.81530 0.001340 -0.00309
953.90810 0.001444 -0.00302
954.00090 0.001543 -0.00294
954.09370 0.001639 -0.00285
954.18651 0.001730 -0.00277
954.27931 0.001818 -0.00268
954.37211 0.001901 -0.00259
954.46491 0.001980 -0.00249
954.55771 0.002056 -0.00240
954.65051 0.002126 -0.00230
954.74332 0.002193 -0.00220
954.83612 0.002255 -0.00210
954.92892 0.002313 -0.00200
955.02172 0.002367 -0.00190
955.11452 0.002416 -0.00179
955.20732 0.002461 -0.00169
955.30013 0.002502 -0.00158
955.39293 0.002538 -0.00147
955.48573 0.002570 -0.00137
955.57853 0.002598 -0.00126
955.67133 0.002621 -0.00115
955.76413 0.002640 -0.00105
955.85694 0.002656 -0.00094
955.94974 0.002667 -0.00083
956.04254 0.002674 -0.00073
956.13534 0.002676 -0.00062
956.22814 0.002675 -0.00052
956.32094 0.002670 -0.00042
956.41375 0.002662 -0.00031
956.50655 0.002649 -0.00021
956.59935 0.002633 -0.00011
956.69215 0.002613 -0.00001
956.78495 0.002590 0.00008
956.87775 0.002564 0.00018
956.97056 0.002534 0.00027
957.06336 0.002501 0.00036
957.15616 0.002465 0.00045
957.24896 0.002425 0.00054
957.34176 0.002383 0.00062
957.43456 0.002339 0.00070
957.52737 0.002291 0.00078
957.62017 0.002241 0.00086
957.71297 0.002189 0.00093
957.80577 0.002134 0.00101
957.89857 0.002077 0.00108
957.99137 0.002018 0.00114
958.08418 0.001956 0.00121
958.17698 0.001893 0.00127
958.26978 0.001829 0.00133
958.36258 0.001763 0.00138
958.45538 0.001695 0.00143
958.54818 0.001626 0.00148
958.64099 0.001555 0.00153
958.73379 0.001484 0.00157
958.82659 0.001411 0.00161
958.91939 0.001338 0.00165
959.01219 0.001264 0.00169
959.10499 0.001189 0.00172
959.19780 0.001114 0.00175
959.29060 0.001039 0.00177
959.38340 0.000963 0.00179
959.47620 0.000887 0.00181
959.56900 0.000811 0.00183
959.66180 0.000735 0.00184
959.75460 0.000659 0.00185
959.84741 0.000584 0.00186
959.94021 0.000509 0.00186
960.03301 0.000434 0.00187
960.12581 0.000360 0.00187
960.21861 0.000287 0.00186
960.31141 0.000214 0.00186
960.40422 0.000143 0.00185
960.49702 0.000072 0.00183
960.58982 0.000002 0.00182
960.68262 -0.000066 0.00180
960.77542 -0.000133 0.00178
960.86822 -0.000199 0.00176
960.96103 -0.000264 0.00174
961.05383 -0.000327 0.00171
961.14663 -0.000388 0.00169
961.23943 -0.000448 0.00166
961.33223 -0.000506 0.00162
961.42503 -0.000563 0.00159
961.51784 -0.000618 0.00156
961.61064 -0.000671 0.00152
961.70344 -0.000722 0.00148
961.79624 -0.000771 0.00144
961.88904 -0.000819 0.00140
961.98184 -0.000864 0.00135
962.07465 -0.000907 0.00131
962.16745 -0.000948 0.00126
962.26025 -0.000988 0.00122
962.35305 -0.001025 0.00117
962.44585 -0.001059 0.00112
962.53865 -0.001092 0.00107
962.63146 -0.001123 0.00102
962.72426 -0.001151 0.00097
962.81706 -0.001178 0.00092
962.90986 -0.001202 0.00087
963.00266 -0.001224 0.00081
963.09546 -0.001244 0.00076
963.18827 -0.001261 0.00071
963.28107 -0.001277 0.00065
963.37387 -0.001290 0.00060
963.46667 -0.001301 0.00055
963.55947 -0.001310 0.00049
963.65227 -0.001317 0.00044
963.74508 -0.001322 0.00039
963.83788 -0.001325 0.00033
963.93068 -0.001326 0.00028
964.02348 -0.001325 0.00023
964.11628 -0.001322 0.00018
964.20908 -0.001317 0.00013
964.30189 -0.001311 0.00008
964.39469 -0.001302 0.00003
964.48749 -0.001292 -0.00002
964.58029 -0.001280 -0.00007
964.67309 -0.001266 -0.00012
964.76589 -0.001250 -0.00016
964.85870 -0.001233 -0.00021
964.95150 -0.001215 -0.00025
965.04430 -0.001195 -0.00029
965.13710 -0.001173 -0.00034
965.22990 -0.001150 -0.00038
965.32270 -0.001126 -0.00042
965.41551 -0.001101 -0.00045
965.50831 -0.001074 -0.00049
965.60111 -0.001046 -0.00053
965.69391 -0.001018 -0.00056
965.78671 -0.000988 -0.00059
965.87951 -0.000957 -0.00062
965.97232 -0.000925 -0.00065
966.06512 -0.000892 -0.00068
966.15792 -0.000859 -0.00071
966.25072 -0.000825 -0.00074
966.34352 -0.000790 -0.00076
966.43632 -0.000755 -0.00078
966.52912 -0.000719 -0.00080
966.62193 -0.000682 -0.00082
966.71473 -0.000645 -0.00084
966.80753 -0.000608 -0.00086
966.90033 -0.000571 -0.00087
966.99313 -0.000533 -0.00089
967.08593 -0.000495 -0.00090
967.17874 -0.000458 -0.00091
967.27154 -0.000420 -0.00092
967.36434 -0.000382 -0.00092
967.45714 -0.000344 -0.00093
967.54994 -0.000306 -0.00093
967.64274 -0.000268 -0.00094
967.73555 -0.000231 -0.00094
967.82835 -0.000194 -0.00094
967.92115 -0.000157 -0.00094
968.01395 -0.000121 -0.00094
968.10675 -0.000085 -0.00093
968.19955 -0.000049 -0.00093
968.29236 -0.000014 -0.00092
968.38516 0.000020 -0.00091
968.47796 0.000054 -0.00090
968.57076 0.000087 -0.00089
968.66356 0.000120 -0.00088
968.75636 0.000152 -0.00087
968.84917 0.000183 -0.00086
968.94197 0.000213 -0.00084
969.03477 0.000243 -0.00083
969.12757 0.000271 -0.00081
969.22037 0.000299 -0.00079
969.31317 0.000326 -0.00077
969.40598 0.000352 -0.00076
969.49878 0.000377 -0.00074
969.59158 0.000401 -0.00071
969.68438 0.000424 -0.00069
969.77718 0.000446 -0.00067
969.86998 0.000467 -0.00065
969.96279 0.000487 -0.00063
970.05559 0.000506 -0.00060
970.14839 0.000524 -0.00058
970.24119 0.000541 -0.00055
970.33399 0.000556 -0.00053
970.42679 0.000571 -0.00050
970.51960 0.000585 -0.00048
970.61240 0.000597 -0.00045
970.70520 0.000608 -0.00042
970.79800 0.000619 -0.00040
970.89080 0.000628 -0.00037
970.98360 0.000636 -0.00035
971.07641 0.000643 -0.00032
971.16921 0.000649 -0.00029
971.26201 0.000654 -0.00027
971.35481 0.000658 -0.00024
971.44761 0.000661 -0.00021
971.54041 0.000663 -0.00019
971.63322 0.000664 -0.00016
971.72602 0.000664 -0.00013
971.81882 0.000663 -0.00011
971.91162 0.000661 -0.00008
972.00442 0.000658 -0.00006
972.09722 0.000654 -0.00003
972.19003 0.000649 -0.00001
972.28283 0.000643 0.00002
972.37563 0.000637 0.00004
972.46843 0.000629 0.00006
972.56123 0.000621 0.00009
972.65403 0.000612 0.00011
972.74684 0.000603 0.00013
972.83964 0.000592 0.00015
972.93244 0.000581 0.00017
973.02524 0.000569 0.00019
973.11804 0.000557 0.00021
973.21084 0.000544 0.00023
973.30364 0.000530 0.00025
973.39645 0.000516 0.00026
973.48925 0.000502 0.00028
973.58205 0.000487 0.00030
973.67485 0.000471 0.00031
973.76765 0.000455 0.00033
973.86045 0.000439 0.00034
973.95326 0.000422 0.00035
974.04606 0.000405 0.00037
974.13886 0.000387 0.00038
974.23166 0.000370 0.00039
974.32446 0.000352 0.00040
974.41726 0.000333 0.00041
974.51007 0.000315 0.00042
974.60287 0.000297 0.00042
974.69567 0.000278 0.00043
974.78847 0.000259 0.00044
974.88127 0.000240 0.00044
974.97407 0.000222 0.00045
975.06688 0.000203 0.00045
975.15968 0.000184 0.00045
975.25248 0.000165 0.00046
975.34528 0.000147 0.00046
975.43808 0.000128 0.00046
975.53088 0.000110 0.00046
975.62369 0.000091 0.00046
975.71649 0.000073 0.00046
975.80929 0.000055 0.00046
975.90209 0.000037 0.00046
975.99489 0.000020 0.00045
976.08769 0.000003 0.00045
976.18050 -0.000014 0.00044
976.27330 -0.000031 0.00044
976.36610 -0.000047 0.00043
976.45890 -0.000063 0.00043
976.55170 -0.000079 0.00042
976.64450 -0.000094 0.00042
976.73731 -0.000109 0.00041
976.83011 -0.000123 0.00040
976.92291 -0.000137 0.00039
977.01571 -0.000150 0.00038
977.10851 -0.000163 0.00037
977.20131 -0.000176 0.00036
977.29412 -0.000188 0.00035
977.38692 -0.000200 0.00034
977.47972 -0.000211 0.00033
977.57252 -0.000222 0.00032
977.66532 -0.000232 0.00031
977.75812 -0.000242 0.00030
977.85093 -0.000251 0.00029
977.94373 -0.000259 0.00028
978.03653 -0.000267 0.00026
978.12933 -0.000275 0.00025
978.22213 -0.000282 0.00024
978.31493 -0.000289 0.00023
978.40774 -0.000294 0.00021
978.50054 -0.000300 0.00020
978.59334 -0.000305 0.00019
978.68614 -0.000309 0.00017
978.77894 -0.000313 0.00016
978.87174 -0.000316 0.00015
978.96455 -0.000319 0.00013
979.05735 -0.000321 0.00012
979.15015 -0.000323 0.00011
979.24295 -0.000324 0.00009
979.33575 -0.000325 0.00008
979.42855 -0.000325 0.00007
979.52136 -0.000325 0.00006
979.61416 -0.000324 0.00004
979.70696 -0.000323 0.00003
979.79976 -0.000322 0.00002
979.89256 -0.000320 0.00001
979.98536 -0.000317 -0.00001
980.07816 -0.000314 -0.00002
980.17097 -0.000311 -0.00003
980.26377 -0.000307 -0.00004
980.35657 -0.000303 -0.00005
980.44937 -0.000298 -0.00006
980.54217 -0.000294 -0.00007
980.63497 -0.000288 -0.00008
980.72778 -0.000283 -0.00009
980.82058 -0.000277 -0.00010
980.91338 -0.000271 -0.00011
981.00618 -0.000264 -0.00012
981.09898 -0.000257 -0.00013
981.19178 -0.000250 -0.00014
981.28459 -0.000243 -0.00015
981.37739 -0.000235 -0.00016
981.47019 -0.000228 -0.00016
981.56299 -0.000220 -0.00017
981.65579 -0.000211 -0.00018
981.74859 -0.000203 -0.00018
981.84140 -0.000195 -0.00019
981.93420 -0.000186 -0.00019
982.02700 -0.000177 -0.00020
982.11980 -0.000168 -0.00020
982.21260 -0.000159 -0.00021
982.30540 -0.000150 -0.00021
982.39821 -0.000141 -0.00022
982.49101 -0.000132 -0.00022
982.58381 -0.000122 -0.00022
982.67661 -0.000113 -0.00023
982.76941 -0.000104 -0.00023
982.86221 -0.000094 -0.00023
982.95502 -0.000085 -0.00023
983.04782 -0.000076 -0.00023
983.14062 -0.000067 -0.00023
983.23342 -0.000057 -0.00023
983.32622 -0.000048 -0.00023
983.41902 -0.000039 -0.00023
983.51183 -0.000030 -0.00023
983.60463 -0.000021 -0.00023
983.69743 -0.000013 -0.00023
983.79023 -0.000004 -0.00023
983.88303 0.000004 -0.00023
983.97583 0.000013 -0.00023
984.06864 0.000021 -0.00022
984.16144 0.000029 -0.00022
984.25424 0.000037 -0.00022
984.34704 0.000045 -0.00021
984.43984 0.000052 -0.00021
984.53264 0.000059 -0.00021
984.62545 0.000067 -0.00020
984.71825 0.000073 -0.00020
984.81105 0.000080 -0.00019
984.90385 0.000087 -0.00019
984.99665 0.000093 -0.00018
985.08945 0.000099 -0.00018
985.18226 0.000104 -0.00017
985.27506 0.000110 -0.00017
985.36786 0.000115 -0.00016
985.46066 0.000120 -0.00016
985.55346 0.000125 -0.00015
985.64626 0.000129 -0.00015
985.73907 0.000134 -0.00014
985.83187 0.000138 -0.00013
985.92467 0.000141 -0.00013
986.01747 0.000145 -0.00012
986.11027 0.000148 -0.00012
986.20307 0.000151 -0.00011
986.29588 0.000153 -0.00010
986.38868 0.000156 -0.00010
986.48148 0.000158 -0.00009
986.57428 0.000160 -0.00008
986.66708 0.000161 -0.00008
986.75988 0.000163 -0.00007
986.85268 0.000164 -0.00006
986.94549 0.000164 -0.00006
987.03829 0.000165 -0.00005
987.13109 0.000165 -0.00004
987.22389 0.000165 -0.00004
987.31669 0.000165 -0.00003
987.40949 0.000165 -0.00002
987.50230 0.000164 -0.00002
987.59510 0.000163 -0.00001
987.68790 0.000162 -0.00000
987.78070 0.000161 0.00000
987.87350 0.000159 0.00001
987.96630 0.000157 0.00001
988.05911 0.000156 0.00002
988.15191 0.000153 0.00002
988.24471 0.000151 0.00003
988.33751 0.000149 0.00003
988.43031 0.000146 0.00004
988.52311 0.000143 0.00005
988.61592 0.000140 0.00005
988.70872 0.000137 0.00005
988.80152 0.000133 0.00006
988.89432 0.000130 0.00006
988.98712 0.000126 0.00007
989.07992 0.000123 0.00007
989.17273 0.000119 0.00008
989.26553 0.000115 0.00008
989.35833 0.000111 0.00008
989.45113 0.000107 0.00009
989.54393 0.000102 0.00009
989.63673 0.000098 0.00009
989.72954 0.000094 0.00010
989.82234 0.000089 0.00010
989.91514 0.000085 0.00010
990.00794 0.000080 0.00010
990.10074 0.000076 0.00010
990.19354 0.000071 0.00011
990.28635 0.000066 0.00011
990.37915 0.000062 0.00011
990.47195 0.000057 0.00011
990.56475 0.000052 0.00011
990.65755 0.000048 0.00011
990.75035 0.000043 0.00011
990.84316 0.000038 0.00011
990.93596 0.000034 0.00011
991.02876 0.000029 0.00011
991.12156 0.000024 0.00011
991.21436 0.000020 0.00011
991.30716 0.000015 0.00011
991.39997 0.000011 0.00011
991.49277 0.000006 0.00011
991.58557 0.000002 0.00011
991.67837 -0.000002 0.00011
991.77117 -0.000006 0.00011
991.86397 -0.000010 0.00011
991.95678 -0.000014 0.00011
992.04958 -0.000018 0.00011
992.14238 -0.000022 0.00010
992.23518 -0.000026 0.00010
992.32798 -0.000030 0.00010
992.42078 -0.000033 0.00010
992.51359 -0.000037 0.00010
992.60639 -0.000040 0.00009
992.69919 -0.000043 0.00009
992.79199 -0.000046 0.00009
992.88479 -0.000049 0.00009
992.97759 -0.000052 0.00008
993.07040 -0.000055 0.00008
993.16320 -0.000057 0.00008
993.25600 -0.000060 0.00007
993.34880 -0.000062 0.00007
993.44160 -0.000064 0.00007
993.53440 -0.000066 0.00007
993.62720 -0.000068 0.00006
993.72001 -0.000070 0.00006
993.81281 -0.000072 0.00006
993.90561 -0.000073 0.00005
993.99841 -0.000075 0.00005
994.09121 -0.000076 0.00005
994.18401 -0.000077 0.00004
994.27682 -0.000078 0.00004
994.36962 -0.000079 0.00004
994.46242 -0.000080 0.00003
994.55522 -0.000080 0.00003
994.64802 -0.000081 0.00003
994.74082 -0.000081 0.00002
994.83363 -0.000081 0.00002
994.92643 -0.000081 0.00002
995.01923 -0.000081 0.00001
995.11203 -0.000081 0.00001
995.20483 -0.000081 0.00001
995.29763 -0.000080 0.00000
995.39044 -0.000080 0.00000
995.48324 -0.000079 -0.00000
995.57604 -0.000079 -0.00001
995.66884 -0.000078 -0.00001
995.76164 -0.000077 -0.00001
995.85444 -0.000076 -0.00001
995.94725 -0.000075 -0.00002
996.04005 -0.000073 -0.00002
996.13285 -0.000072 -0.00002
996.22565 -0.000071 -0.00002
996.31845 -0.000069 -0.00003
996.41125 -0.000068 -0.00003
996.50406 -0.000066 -0.00003
996.59686 -0.000064 -0.00003
996.68966 -0.000062 -0.00004
996.78246 -0.000061 -0.00004
996.87526 -0.000059 -0.00004
996.96806 -0.000057 -0.00004
997.06087 -0.000055 -0.00004
997.15367 -0.000053 -0.00005
997.24647 -0.000050 -0.00005
997.33927 -0.000048 -0.00005
997.43207 -0.000046 -0.00005
997.52487 -0.000044 -0.00005
997.61768 -0.000042 -0.00005
997.71048 -0.000039 -0.00005
997.80328 -0.000037 -0.00006
997.89608 -0.000035 -0.00006
997.98888 -0.000032 -0.00006
998.08168 -0.000030 -0.00006
998.17449 -0.000028 -0.00006
998.26729 -0.000025 -0.00006
998.36009 -0.000023 -0.00006
998.45289 -0.000021 -0.00006
998.54569 -0.000018 -0.00006
998.63849 -0.000016 -0.00006
998.73130 -0.000014 -0.00006
998.82410 -0.000011 -0.00006
998.91690 -0.000009 -0.00006
999.00970 -0.000007 -0.00006
999.10250 -0.000004 -0.00006
999.19530 -0.000002 -0.00006
999.28811 -0.000000 -0.00006
999.38091 0.000002 -0.00006
999.47371 0.000004 -0.00006
999.56651 0.000006 -0.00006
999.65931 0.000008 -0.00006
999.75211 0.000010 -0.00006
999.84492 0.000012 -0.00006
999.93772 0.000014 -0.00005
1000.03052 0.000016 -0.00005
1000.12332 0.000018 -0.00005
1000.21612 0.000019 -0.00005
1000.30892 0.000021 -0.00005
1000.40173 0.000023 -0.00005
1000.49453 0.000024 -0.00005
1000.58733 0.000026 -0.00005
1000.68013 0.000027 -0.00005
1000.77293 0.000029 -0.00004
1000.86573 0.000030 -0.00004
1000.95853 0.000031 -0.00004
1001.05134 0.000032 -0.00004
1001.14414 0.000034 -0.00004
1001.23694 0.000035 -0.00004
1001.32974 0.000036 -0.00003
1001.42254 0.000036 -0.00003
1001.51534 0.000037 -0.00003
1001.60815 0.000038 -0.00003
1001.70095 0.000039 -0.00003
1001.79375 0.000039 -0.00003
1001.88655 0.000040 -0.00002
1001.97935 0.000041 -0.00002
1002.07215 0.000041 -0.00002
1002.16496 0.000041 -0.00002
1002.25776 0.000042 -0.00002
1002.35056 0.000042 -0.00002
1002.44336 0.000042 -0.00001
1002.53616 0.000042 -0.00001
1002.62896 0.000042 -0.00001
1002.72177 0.000042 -0.00001
1002.81457 0.000042 -0.00001
1002.90737 0.000042 -0.00001
1003.00017 0.000042 -0.00001
1003.09297 0.000042 -0.00000
1003.18577 0.000041 -0.00000
1003.27858 0.000041 -0.00000
1003.37138 0.000041 0.00000
1003.46418 0.000040 0.00000
1003.55698 0.000040 0.00000
1003.64978 0.000039 0.00001
1003.74258 0.000039 0.00001
1003.83539 0.000038 0.00001
1003.92819 0.000037 0.00001
1004.02099 0.000036 0.00001
1004.11379 0.000036 0.00001
1004.20659 0.000035 0.00001
1004.29939 0.000034 0.00001
1004.39220 0.000033 0.00002
1004.48500 0.000032 0.00002
1004.57780 0.000031 0.00002
1004.67060 0.000030 0.00002
1004.76340 0.000029 0.00002
1004.85620 0.000028 0.00002
1004.94901 0.000027 0.00002
1005.04181 0.000026 0.00002
1005.13461 0.000025 0.00002
1005.22741 0.000024 0.00002
1005.32021 0.000023 0.00002
1005.41301 0.000022 0.00002
1005.50582 0.000021 0.00002
1005.59862 0.000019 0.00003
1005.69142 0.000018 0.00003
1005.78422 0.000017 0.00003
1005.87702 0.000016 0.00003
1005.96982 0.000015 0.00003
1006.06263 0.000013 0.00003
1006.15543 0.000012 0.00003
1006.24823 0.000011 0.00003
1006.34103 0.000010 0.00003
1006.43383 0.000009 0.00003
1006.52663 0.000008 0.00003
1006.61944 0.000006 0.00003
1006.71224 0.000005 0.00003
1006.80504 0.000004 0.00003
1006.89784 0.000003 0.00003
1006.99064 0.000002 0.00003
1007.08344 0.000001 0.00003
1007.17625 -0.000000 0.00003
1007.26905 -0.000001 0.00003
1007.36185 -0.000002 0.00003
1007.45465 -0.000003 0.00003
1007.54745 -0.000004 0.00003
1007.64025 -0.000005 0.00003
1007.73305 -0.000006 0.00002
1007.82586 -0.000007 0.00002
1007.91866 -0.000008 0.00002
1008.01146 -0.000009 0.00002
1008.10426 -0.000010 0.00002
1008.19706 -0.000010 0.00002
1008.28986 -0.000011 0.00002
1008.38267 -0.000012 0.00002
1008.47547 -0.000013 0.00002
1008.56827 -0.000013 0.00002
1008.66107 -0.000014 0.00002
1008.75387 -0.000015 0.00002
1008.84667 -0.000015 0.00002
1008.93948 -0.000016 0.00002
1009.03228 -0.000016 0.00002
1009.12508 -0.000017 0.00001
1009.21788 -0.000017 0.00001
1009.31068 -0.000018 0.00001
1009.40348 -0.000018 0.00001
1009.49629 -0.000018 0.00001
1009.58909 -0.000019 0.00001
1009.68189 -0.000019 0.00001
1009.77469 -0.000019 0.00001
1009.86749 -0.000019 0.00001
1009.96029 -0.000020 0.00001
1010.05310 -0.000020 0.00001
1010.14590 -0.000020 0.00001
1010.23870 -0.000020 0.00000
1010.33150 -0.000020 0.00000
1010.42430 -0.000020 0.00000
1010.51710 -0.000020 0.00000
1010.60991 -0.000020 0.00000
1010.70271 -0.000020 0.00000
1010.79551 -0.000020 0.00000
1010.88831 -0.000020 -0.00000
1010.98111 -0.000019 -0.00000
1011.07391 -0.000019 -0.00000
1011.16672 -0.000019 -0.00000
1011.25952 -0.000019 -0.00000
1011.35232 -0.000019 -0.00000
1011.44512 -0.000018 -0.00001
1011.53792 -0.000018 -0.00001
1011.63072 -0.000018 -0.00001
1011.72353 -0.000017 -0.00001
1011.81633 -0.000017 -0.00001
1011.90913 -0.000017 -0.00001
1012.00193 -0.000016 -0.00001
1012.09473 -0.000016 -0.00001
1012.18753 -0.000015 -0.00001
1012.28034 -0.000015 -0.00001
1012.37314 -0.000014 -0.00001
1012.46594 -0.000014 -0.00001
1012.55874 -0.000013 -0.00001
1012.65154 -0.000013 -0.00001
1012.74434 -0.000012 -0.00001
1012.83715 -0.000012 -0.00001
1012.92995 -0.000011 -0.00001
1013.02275 -0.000011 -0.00001
1013.11555 -0.000010 -0.00001
1013.20835 -0.000009 -0.00001
1013.30115 -0.000009 -0.00001
1013.39396 -0.000008 -0.00001
1013.48676 -0.000008 -0.00002
1013.57956 -0.000007 -0.00002
1013.67236 -0.000007 -0.00002
1013.76516 -0.000006 -0.00002
1013.85796 -0.000005 -0.00002
1013.95077 -0.000005 -0.00002
1014.04357 -0.000004 -0.00002
1014.13637 -0.000004 -0.00002
1014.22917 -0.000003 -0.00002
1014.32197 -0.000002 -0.00002
1014.41477 -0.000002 -0.00002
1014.50757 -0.000001 -0.00002
1014.60038 -0.000001 -0.00002
1014.69318 -0.000000 -0.00002
1014.78598 0.000000 -0.00002
1014.87878 0.000001 -0.00002
1014.97158 0.000002 -0.00002
1015.06438 0.000002 -0.00002
1015.15719 0.000003 -0.00002
1015.24999 0.000003 -0.00001
1015.34279 0.000004 -0.00001
1015.43559 0.000004 -0.00001
1015.52839 0.000005 -0.00001
1015.62119 0.000005 -0.00001
1015.71400 0.000005 -0.00001
1015.80680 0.000006 -0.00001
1015.89960 0.000006 -0.00001
1015.99240 0.000007 -0.00001
1016.08520 0.000007 -0.00001
1016.17800 0.000007 -0.00001
1016.27081 0.000008 -0.00001
1016.36361 0.000008 -0.00001
1016.45641 0.000008 -0.00001
1016.54921 0.000009 -0.00001
1016.64201 0.000009 -0.00001
1016.73481 0.000009 -0.00001
1016.82762 0.000010 -0.00001
1016.92042 0.000010 -0.00001
1017.01322 0.000010 -0.00001
1017.10602 0.000010 -0.00001
1017.19882 0.000010 -0.00001
1017.29162 0.000011 -0.00001
1017.38443 0.000011 -0.00001
1017.47723 0.000011 -0.00001
1017.57003 0.000011 -0.00001
1017.66283 0.000011 -0.00001
1017.75563 0.000011 -0.00001
1017.84843 0.000011 -0.00000
1017.94124 0.000011 -0.00000
1018.03404 0.000011 -0.00000
1018.12684 0.000011 -0.00000
1018.21964 0.000011 -0.00000
1018.31244 0.000011 -0.00000
1018.40524 0.000011 -0.00000
1018.49805 0.000011 -0.00000
1018.59085 0.000011 -0.00000
1018.68365 0.000011 -0.00000
1018.77645 0.000011 -0.00000
1018.86925 0.000011 -0.00000
1018.96205 0.000011 -0.00000
1019.05486 0.000011 0.00000
1019.14766 0.000010 0.00000
1019.24046 0.000010 0.00000
1019.33326 0.000010 0.00000
1019.42606 0.000010 0.00000
1019.51886 0.000010 0.00000
1019.61167 0.000010 0.00000
1019.70447 0.000009 0.00000
1019.79727 0.000009 0.00000
1019.89007 0.000009 0.00000
1019.98287 0.000009 0.00000
1020.07567 0.000008 0.00000
1020.16848 0.000008 0.00000
1020.26128 0.000008 0.00000
1020.35408 0.000008 0.00000
1020.44688 0.000007 0.00000
1020.53968 0.000007 0.00000
1020.63248 0.000007 0.00001
1020.72529 0.000007 0.00001
1020.81809 0.000006 0.00001
1020.91089 0.000006 0.00001
1021.00369 0.000006 0.00001
1021.09649 0.000005 0.00001
1021.18929 0.000005 0.00001
1021.28209 0.000005 0.00001
1021.37490 0.000004 0.00001
1021.46770 0.000004 0.00001
1021.56050 0.000004 0.00001
1021.65330 0.000004 0.00001
1021.74610 0.000003 0.00001
1021.83890 0.000003 0.00001
1021.93171 0.000003 0.00001
1022.02451 0.000002 0.00001
1022.11731 0.000002 0.00001
1022.21011 0.000002 0.00001
1022.30291 0.000001 0.00001
1022.39571 0.000001 0.00001
1022.48852 0.000001 0.00001
1022.58132 0.000001 0.00001
1022.67412 0.000000 0.00001
1022.76692 -0.000000 0.00001
1022.85972 -0.000000 0.00001
1022.95252 -0.000001 0.00001
1023.04533 -0.000001 0.00001
1023.13813 -0.000001 0.00001
1023.23093 -0.000001 0.00001
1023.32373 -0.000002 0.00001
1023.41653 -0.000002 0.00001
1023.50933 -0.000002 0.00001
1023.60214 -0.000002 0.00001
1023.69494 -0.000002 0.00001
1023.78774 -0.000003 0.00000
1023.88054 -0.000003 0.00000
1023.97334 -0.000003 0.00000
1024.06614 -0.000003 0.00000
1024.15895 -0.000003 0.00000
1024.25175 -0.000003 0.00000
1024.34455 -0.000004 0.00000
1024.43735 -0.000004 0.00000
1024.53015 -0.000004 0.00000
1024.62295 -0.000004 0.00000
1024.71576 -0.000004 0.00000
1024.80856 -0.000004 0.00000
1024.90136 -0.000004 0.00000
1024.99416 -0.000004 0.00000
1025.08696 -0.000005 0.00000
1025.17976 -0.000005 0.00000
1025.27257 -0.000005 0.00000
1025.36537 -0.000005 0.00000
1025.45817 -0.000005 0.00000
1025.55097 -0.000005 0.00000
1025.64377 -0.000005 0.00000
1025.73657 -0.000005 0.00000
1025.82938 -0.000005 0.00000
1025.92218 -0.000005 0.00000
1026.01498 -0.000005 0.00000
1026.10778 -0.000005 -0.00000
1026.20058 -0.000005 -0.00000
1026.29338 -0.000005 -0.00000
1026.38619 -0.000005 -0.00000
1026.47899 -0.000005 -0.00000
1026.57179 -0.000005 -0.00000
1026.66459 -0.000005 -0.00000
1026.75739 -0.000005 -0.00000
1026.85019 -0.000004 -0.00000
1026.94300 -0.000004 -0.00000
1027.03580 -0.000004 -0.00000
1027.12860 -0.000004 -0.00000
1027.22140 -0.000004 -0.00000
1027.31420 -0.000004 -0.00000
1027.40700 -0.000004 -0.00000
1027.49981 -0.000004 -0.00000
1027.59261 -0.000004 -0.00000
1027.68541 -0.000004 -0.00000
1027.77821 -0.000004 -0.00000
1027.87101 -0.000003 -0.00000
1027.96381 -0.000003 -0.00000
1028.05661 -0.000003 -0.00000
1028.14942 -0.000003 -0.00000
1028.24222 -0.000003 -0.00000
1028.33502 -0.000003 -0.00000
1028.42782 -0.000003 -0.00000
1028.52062 -0.000002 -0.00000
1028.61342 -0.000002 -0.00000
1028.70623 -0.000002 -0.00000
1028.79903 -0.000002 -0.00000
1028.89183 -0.000002 -0.00000
1028.98463 -0.000002 -0.00000
1029.07743 -0.000002 -0.00000
1029.17023 -0.000001 -0.00000
1029.26304 -0.000001 -0.00000
1029.35584 -0.000001 -0.00000
1029.44864 -0.000001 -0.00000
1029.54144 -0.000001 -0.00000
1029.63424 -0.000001 -0.00000
1029.72704 -0.000000 -0.00000
1029.81985 -0.000000 -0.00000
1029.91265 -0.000000 -0.00000
1030.00545 0.000000 -0.00000
1030.09825 0.000000 -0.00000
1030.19105 0.000000 -0.00000
1030.28385 0.000000 -0.00000
1030.37666 0.000001 -0.00000
1030.46946 0.000001 -0.00000
1030.56226 0.000001 -0.00000
1030.65506 0.000001 -0.00000
1030.74786 0.000001 -0.00000
1030.84066 0.000001 -0.00000
1030.93347 0.000001 -0.00000
1031.02627 0.000001 -0.00000
1031.11907 0.000002 -0.00000
1031.21187 0.000002 -0.00000
1031.30467 0.000002 -0.00000
1031.39747 0.000002 -0.00000
1031.49028 0.000002 -0.00000
1031.58308 0.000002 -0.00000
1031.67588 0.000002 -0.00000
1031.76868 0.000002 -0.00000
1031.86148 0.000002 -0.00000
1031.95428 0.000002 -0.00000
1032.04709 0.000003 -0.00000
1032.13989 0.000003 -0.00000
1032.23269 0.000003 -0.00000
1032.32549 0.000003 -0.00000
1032.41829 0.000003 -0.00000
1032.51109 0.000003 -0.00000
1032.60390 0.000003 -0.00000
1032.69670 0.000003 -0.00000
1032.78950 0.000003 -0.00000
1032.88230 0.000003 -0.00000
1032.97510 0.000003 -0.00000
1033.06790 0.000003 -0.00000
1033.16071 0.000003 -0.00000
1033.25351 0.000003 -0.00000
1033.34631 0.000003 -0.00000
1033.43911 0.000003 -0.00000
1033.53191 0.000003 -0.00000
1033.62471 0.000003 -0.00000
1033.71752 0.000003 -0.00000
1033.81032 0.000003 -0.00000
1033.90312 0.000003 -0.00000
1033.99592 0.000003 -0.00000
1034.08872 0.000003 -0.00000
1034.18152 0.000003 -0.00000
1034.27433 0.000003 -0.00000
1034.36713 0.000003 -0.00000
1034.45993 0.000003 -0.00000
1034.55273 0.000003 -0.00000
1034.64553 0.000003 -0.00000
1034.73833 0.000003 -0.00000
1034.83113 0.000003 -0.00000
1034.92394 0.000003 -0.00000
1035.01674 0.000003 -0.00000
1035.10954 0.000003 0.00000
1035.20234 0.000003 0.00000
1035.29514 0.000003 0.00000
1035.38794 0.000003 0.00000
1035.48075 0.000003 0.00000
1035.57355 0.000002 0.00000
1035.66635 0.000002 0.00000
1035.75915 0.000002 0.00000
1035.85195 0.000002 0.00000
1035.94475 0.000002 0.00000
1036.03756 0.000002 0.00000
1036.13036 0.000002 0.00000
1036.22316 0.000002 0.00000
1036.31596 0.000002 0.00000
1036.40876 0.000002 0.00000
1036.50156 0.000002 0.00000
1036.59437 0.000002 0.00000
1036.68717 0.000002 0.00000
1036.77997 0.000001 0.00000
1036.87277 0.000001 0.00000
1036.96557 0.000001 0.00000
1037.05837 0.000001 0.00000
1037.15118 0.000001 0.00000
1037.24398 0.000001 0.00000
1037.33678 0.000001 0.00000
1037.42958 0.000001 0.00000
1037.52238 0.000001 0.00000
1037.61518 0.000001 0.00000
1037.70799 0.000001 0.00000
1037.80079 0.000001 0.00000
1037.89359 0.000001 0.00000
1037.98639 0.000000 0.00000
1038.07919 0.000000 0.00000
1038.17199 0.000000 0.00000
1038.26480 0.000000 0.00000
1038.35760 0.000000 0.00000
1038.45040 0.000000 0.00000
1038.54320 0.000000 0.00000
1038.63600 -0.000000 0.00000
1038.72880 -0.000000 0.00000
1038.82161 -0.000000 0.00000
1038.91441 -0.000000 0.00000
1039.00721 -0.000000 0.00000
1039.10001 -0.000000 0.00000
1039.19281 -0.000000 0.00000
1039.28561 -0.000000 0.00000
1039.37842 -0.000000 0.00000
1039.47122 -0.000001 0.00000
1039.56402 -0.000001 0.00000
1039.65682 -0.000001 0.00000
1039.74962 -0.000001 0.00000
1039.84242 -0.000001 0.00000
1039.93523 -0.000001 0.00000
1040.02803 -0.000001 0.00000
1040.12083 -0.000001 0.00000
1040.21363 -0.000001 0.00000
1040.30643 -0.000001 0.00000
1040.39923 -0.000001 0.00000
1040.49204 -0.000001 0.00000
1040.58484 -0.000001 0.00000
1040.67764 -0.000001 0.00000
1040.77044 -0.000001 0.00000
1040.86324 -0.000001 -0.00000
1040.95604 -0.000001 -0.00000
1041.04885 -0.000001 -0.00000
1041.14165 -0.000001 -0.00000
1041.23445 -0.000001 -0.00000
1041.32725 -0.000001 -0.00000
1041.42005 -0.000001 -0.00000
1041.51285 -0.000001 -0.00000
1041.60565 -0.000001 -0.00000
1041.69846 -0.000001 -0.00000
1041.79126 -0.000001 -0.00000
1041.88406 -0.000001 -0.00000
1041.97686 -0.000001 -0.00000
1042.06966 -0.000001 -0.00000
1042.16246 -0.000001 -0.00000
1042.25527 -0.000001 -0.00000
1042.34807 -0.000001 -0.00000
1042.44087 -0.000001 -0.00000
1042.53367 -0.000001 -0.00000
1042.62647 -0.000001 -0.00000
1042.71927 -0.000001 -0.00000
1042.81208 -0.000001 -0.00000
1042.90488 -0.000001 -0.00000
1042.99768 -0.000001 -0.00000
1043.09048 -0.000001 -0.00000
1043.18328 -0.000001 -0.00000
1043.27608 -0.000001 -0.00000
1043.36889 -0.000001 -0.00000
1043.46169 -0.000001 -0.00000
1043.55449 -0.000001 -0.00000
1043.64729 -0.000001 -0.00000
1043.74009 -0.000001 -0.00000
1043.83289 -0.000000 -0.00000
1043.92570 -0.000000 -0.00000
1044.01850 -0.000000 -0.00000
1044.11130 -0.000000 -0.00000
1044.20410 -0.000000 -0.00000
1044.29690 -0.000000 -0.00000
1044.38970 -0.000000 -0.00000
1044.48251 -0.000000 -0.00000
1044.57531 -0.000000 -0.00000
1044.66811 -0.000000 -0.00000
1044.76091 -0.000000 -0.00000
1044.85371 -0.000000 -0.00000
1044.94651 -0.000000 -0.00000
1045.03932 0.000000 -0.00000
1045.13212 0.000000 -0.00000
1045.22492 0.000000 -0.00000
1045.31772 0.000000 -0.00000
1045.41052 0.000000 -0.00000
1045.50332 0.000000 -0.00000
1045.59613 0.000000 -0.00000
1045.68893 0.000000 -0.00000
1045.78173 0.000000 -0.00000
1045.87453 0.000000 -0.00000
1045.96733 0.000000 -0.00000
1046.06013 0.000000 -0.00000
1046.15294 0.000000 -0.00000
1046.24574 0.000001 -0.00000
1046.33854 0.000001 -0.00000
1046.43134 0.000001 -0.00000
1046.52414 0.000001 -0.00000
1046.61694 0.000001 -0.00000
1046.70975 0.000001 -0.00000
1046.80255 0.000001 -0.00000
1046.89535 0.000001 -0.00000
1046.98815 0.000001 -0.00000
1047.08095 0.000001 -0.00000
1047.17375 0.000001 -0.00000
1047.26656 0.000001 -0.00000
1047.35936 0.000001 -0.00000
1047.45216 0.000001 -0.00000
1047.54496 0.000001 -0.00000
1047.63776 0.000001 -0.00000
1047.73056 0.000001 -0.00000
1047.82337 0.000001 -0.00000
1047.91617 0.000001 -0.00000
1048.00897 0.000001 -0.00000
1048.10177 0.000001 -0.00000
1048.19457 0.000001 -0.00000
1048.28737 0.000001 -0.00000
1048.38017 0.000001 -0.00000
1048.47298 0.000001 -0.00000
1048.56578 0.000001 -0.00000
1048.65858 0.000001 -0.00000
1048.75138 0.000001 -0.00000
1048.84418 0.000001 -0.00000
1048.93698 0.000001 -0.00000
1049.02979 0.000001 -0.00000
1049.12259 0.000001 -0.00000
1049.21539 0.000001 -0.00000
1049.30819 0.000001 -0.00000
1049.40099 0.000001 -0.00000
1049.49379 0.000001 -0.00000
1049.58660 0.000001 -0.00000
1049.67940 0.000001 -0.00000
1049.77220 0.000001 -0.00000
1049.86500 0.000001 -0.00000
1049.95780 0.000001 -0.00000
1050.05060 0.000001 -0.00000
1050.14341 0.000001 -0.00000
1050.23621 0.000001 -0.00000
1050.32901 0.000001 -0.00000
1050.42181 0.000001 -0.00000
1050.51461 0.000001 -0.00000
1050.60741 0.000001 -0.00000
1050.70022 0.000001 -0.00000
1050.79302 0.000001 -0.00000
1050.88582 0.000001 -0.00000
1050.97862 0.000001 -0.00000
1051.07142 0.000001 -0.00000
1051.16422 0.000001 -0.00000
1051.25703 0.000001 -0.00000
1051.34983 0.000001 -0.00000
1051.44263 0.000001 -0.00000
1051.53543 0.000001 -0.00000
1051.62823 0.000001 -0.00000
1051.72103 0.000001 -0.00000
1051.81384 0.000001 -0.00000
1051.90664 0.000001 -0.00000
1051.99944 0.000001 -0.00000
1052.09224 0.000001 -0.00000
1052.18504 0.000001 -0.00000
1052.27784 0.000001 -0.00000
1052.37065 0.000001 -0.00000
1052.46345 0.000001 0.00000
1052.55625 0.000001 0.00000
1052.64905 0.000001 0.00000
1052.74185 0.000001 0.00000
1052.83465 0.000001 0.00000
1052.92746 0.000000 0.00000
1053.02026 0.000000 0.00000
1053.11306 0.000000 0.00000
1053.20586 0.000000 0.00000
1053.29866 0.000000 0.00000
1053.39146 0.000000 0.00000
1053.48427 0.000000 0.00000
1053.57707 0.000000 0.00000
1053.66987 0.000000 0.00000
1053.76267 0.000000 -0.00000
1053.85547 0.000000 -0.00000
1053.94827 0.000000 -0.00000
1054.04108 0.000000 -0.00000
1054.13388 0.000000 -0.00000
1054.22668 0.000000 -0.00000
1054.31948 0.000000 -0.00000
1054.41228 0.000000 -0.00000
1054.50508 0.000000 -0.00000
1054.59789 0.000000 -0.00000
1054.69069 0.000000 -0.00000
1054.78349 0.000000 -0.00000
1054.87629 0.000000 -0.00000
1054.96909 0.000000 -0.00000
1055.06189 0.000000 -0.00000
1055.15469 0.000000 -0.00000
1055.24750 0.000000 -0.00000
1055.34030 0.000000 -0.00000
1055.43310 0.000000 -0.00000
1055.52590 0.000000 -0.00000
1055.61870 0.000000 -0.00000
1055.71150 0.000000 -0.00000
1055.80431 0.000000 -0.00000
1055.89711 -0.000000 -0.00000
1055.98991 -0.000000 -0.00000
1056.08271 -0.000000 -0.00000
1056.17551 -0.000000 -0.00000
1056.26831 -0.000000 -0.00000
1056.36112 -0.000000 -0.00000
1056.45392 -0.000000 -0.00000
1056.54672 -0.000000 -0.00000
1056.63952 -0.000000 -0.00000
1056.73232 -0.000000 -0.00000
1056.82512 -0.000000 -0.00000
1056.91793 -0.000000 -0.00000
1057.01073 -0.000000 -0.00000
1057.10353 -0.000000 -0.00000
1057.19633 -0.000000 -0.00000
1057.28913 -0.000000 -0.00000
1057.38193 -0.000000 -0.00000
1057.47474 -0.000000 -0.00000
1057.56754 -0.000000 -0.00000
1057.66034 -0.000000 -0.00000
1057.75314 -0.000000 -0.00000
1057.84594 -0.000000 -0.00000
1057.93874 -0.000000 -0.00000
1058.03155 -0.000000 -0.00000
1058.12435 -0.000000 -0.00000
1058.21715 -0.000000 -0.00000
1058.30995 0.000000 -0.00000
1058.40275 0.000000 -0.00000
1058.49555 0.000000 -0.00000
1058.58836 0.000000 -0.00000
1058.68116 0.000000 -0.00000
1058.77396 0.000000 -0.00000
1058.86676 0.000000 -0.00000
1058.95956 0.000000 -0.00000
1059.05236 0.000000 -0.00000
1059.14517 0.000000 -0.00000
1059.23797 0.000000 -0.00000
1059.33077 0.000000 -0.00000
1059.42357 0.000000 -0.00000
1059.51637 0.000000 -0.00000
1059.60917 0.000000 -0.00000
1059.70198 0.000000 -0.00000
1059.79478 0.000000 -0.00000
1059.88758 0.000000 -0.00000
1059.98038 0.000000 -0.00000
1060.07318 0.000000 -0.00000
1060.16598 0.000000 -0.00000
1060.25879 0.000000 -0.00000
1060.35159 0.000000 -0.00000
1060.44439 0.000000 -0.00000
1060.53719 0.000000 -0.00000
1060.62999 0.000000 -0.00000
1060.72279 0.000000 -0.00000
1060.81560 0.000000 -0.00000
1060.90840 0.000000 -0.00000
1061.00120 0.000000 -0.00000
1061.09400 0.000000 -0.00000
1061.18680 0.000000 -0.00000
1061.27960 0.000000 -0.00000
1061.37241 0.000000 -0.00000
1061.46521 0.000000 -0.00000
1061.55801 0.000000 -0.00000
1061.65081 0.000000 -0.00000
1061.74361 0.000000 -0.00000
1061.83641 0.000000 -0.00000
1061.92921 0.000000 -0.00000
1062.02202 0.000000 -0.00000
1062.11482 0.000000 -0.00000
1062.20762 0.000000 -0.00000
1062.30042 0.000000 -0.00000
1062.39322 0.000000 -0.00000
1062.48602 0.000000 -0.00000
1062.57883 0.000000 -0.00000
1062.67163 0.000000 -0.00000
1062.76443 0.000000 -0.00000
1062.85723 0.000000 -0.00000
1062.95003 0.000000 -0.00000
1063.04283 0.000000 -0.00000
1063.13564 0.000000 -0.00000
1063.22844 0.000000 -0.00000
1063.32124 0.000000 -0.00000
1063.41404 0.000000 -0.00000
1063.50684 0.000000 -0.00000
1063.59964 0.000000 -0.00000
1063.69245 0.000000 -0.00000
1063.78525 0.000000 -0.00000
1063.87805 0.000000 -0.00000
1063.97085 0.000000 -0.00000
1064.06365 0.000000 -0.00000
1064.15645 0.000000 -0.00000
1064.24926 0.000000 -0.00000
1064.34206 0.000000 -0.00000
1064.43486 0.000000 -0.00000
1064.52766 0.000000 -0.00000
1064.62046 0.000000 -0.00000
1064.71326 0.000000 -0.00000
1064.80607 0.000000 -0.00000
1064.89887 0.000000 -0.00000
1064.99167 0.000000 -0.00000
1065.08447 0.000000 -0.00000
1065.17727 0.000000 -0.00000
1065.27007 0.000000 -0.00000
1065.36288 0.000000 -0.00000
1065.45568 0.000000 -0.00000
1065.54848 0.000000 -0.00000
1065.64128 0.000000 -0.00000
1065.73408 0.000000 -0.00000
1065.82688 0.000000 -0.00000
1065.91969 0.000000 -0.00000
1066.01249 0.000000 -0.00000
1066.10529 0.000000 -0.00000
1066.19809 0.000000 -0.00000
1066.29089 0.000000 -0.00000
1066.38369 0.000000 -0.00000
1066.47650 0.000000 -0.00000
1066.56930 0.000000 -0.00000
1066.66210 0.000000 -0.00000
1066.75490 0.000000 -0.00000
1066.84770 0.000000 -0.00000
1066.94050 0.000000 -0.00000
1067.03331 0.000000 -0.00000
1067.12611 0.000000 -0.00000
1067.21891 0.000000 -0.00000
1067.31171 0.000000 -0.00000
1067.40451 0.000000 -0.00000
1067.49731 0.000000 -0.00000
1067.59012 0.000000 -0.00000
1067.68292 0.000000 -0.00000
1067.77572 0.000000 -0.00000
1067.86852 0.000000 -0.00000
1067.96132 0.000000 -0.00000
1068.05412 0.000000 -0.00000
1068.14693 0.000000 -0.00000
1068.23973 0.000000 -0.00000
1068.33253 0.000000 -0.00000
1068.42533 0.000000 -0.00000
1068.51813 0.000000 -0.00000
1068.61093 0.000000 -0.00000
1068.70373 0.000000 -0.00000
1068.79654 0.000000 -0.00000
1068.88934 0.000000 -0.00000
1068.98214 0.000000 -0.00000
1069.07494 0.000000 -0.00000
1069.16774 0.000000 -0.00000
1069.26054 0.000000 -0.00000
1069.35335 0.000000 -0.00000
1069.44615 0.000000 -0.00000
1069.53895 0.000000 -0.00000
1069.63175 0.000000 -0.00000
1069.72455 0.000000 -0.00000
1069.81735 0.000000 -0.00000
1069.91016 0.000000 -0.00000
1070.00296 0.000000 -0.00000
1070.09576 0.000000 -0.00000
1070.18856 0.000000 -0.00000
1070.28136 0.000000 -0.00000
1070.37416 0.000000 -0.00000
1070.46697 0.000000 -0.00000
1070.55977 0.000000 -0.00000
1070.65257 0.000000 -0.00000
1070.74537 0.000000 -0.00000
1070.83817 0.000000 -0.00000
1070.93097 0.000000 -0.00000
1071.02378 0.000000 -0.00000
1071.11658 0.000000 -0.00000
1071.20938 0.000000 -0.00000
1071.30218 0.000000 -0.00000
1071.39498 0.000000 -0.00000
1071.48778 0.000000 -0.00000
1071.58059 0.000000 -0.00000
1071.67339 0.000000 -0.00000
1071.76619 0.000000 -0.00000
1071.85899 0.000000 -0.00000
1071.95179 0.000000 -0.00000
1072.04459 0.000000 -0.00000
1072.13740 0.000000 -0.00000
1072.23020 0.000000 -0.00000
1072.32300 0.000000 -0.00000
1072.41580 0.000000 -0.00000
1072.50860 0.000000 -0.00000
1072.60140 0.000000 -0.00000
1072.69421 0.000000 -0.00000
1072.78701 0.000000 -0.00000
1072.87981 0.000000 -0.00000
1072.97261 0.000000 -0.00000
1073.06541 0.000000 -0.00000
1073.15821 0.000000 -0.00000
1073.25102 0.000000 -0.00000
1073.34382 0.000000 -0.00000
1073.43662 0.000000 -0.00000
1073.52942 0.000000 -0.00000
1073.62222 0.000000 -0.00000
1073.71502 0.000000 -0.00000
1073.80783 0.000000 -0.00000
1073.90063 0.000000 -0.00000
1073.99343 0.000000 -0.00000
1074.08623 0.000000 -0.00000
1074.17903 0.000000 -0.00000
1074.27183 0.000000 -0.00000
1074.36464 0.000000 -0.00000
1074.45744 0.000000 -0.00000
1074.55024 0.000000 -0.00000
1074.64304 0.000000 -0.00000
1074.73584 0.000000 -0.00000
1074.82864 0.000000 -0.00000
1074.92145 0.000000 -0.00000
1075.01425 0.000000 -0.00000
1075.10705 0.000000 -0.00000
1075.19985 0.000000 -0.00000
1075.29265 0.000000 -0.00000
1075.38545 0.000000 -0.00000
1075.47826 0.000000 -0.00000
1075.57106 0.000000 -0.00000
1075.66386 0.000000 -0.00000
1075.75666 0.000000 -0.00000
1075.84946 0.000000 -0.00000
1075.94226 0.000000 -0.00000
1076.03506 0.000000 -0.00000
1076.12787 0.000000 -0.00000
1076.22067 0.000000 -0.00000
1076.31347 0.000000 -0.00000
1076.40627 0.000000 -0.00000
1076.49907 0.000000 -0.00000
1076.59187 0.000000 -0.00000
1076.68468 0.000000 -0.00000
1076.77748 0.000000 -0.00000
1076.87028 0.000000 -0.00000
1076.96308 0.000000 -0.00000
1077.05588 0.000000 -0.00000
1077.14868 0.000000 -0.00000
1077.24149 0.000000 -0.00000
1077.33429 0.000000 -0.00000
1077.42709 0.000000 -0.00000
1077.51989 0.000000 -0.00000
1077.61269 0.000000 -0.00000
1077.70549 0.000000 -0.00000
1077.79830 0.000000 -0.00000
1077.89110 0.000000 -0.00000
1077.98390 0.000000 -0.00000
1078.07670 0.000000 -0.00000
1078.16950 0.000000 -0.00000
1078.26230 0.000000 -0.00000
1078.35511 0.000000 -0.00000
1078.44791 0.000000 -0.00000
1078.54071 0.000000 -0.00000
1078.63351 0.000000 -0.00000
1078.72631 0.000000 -0.00000
1078.81911 0.000000 -0.00000
1078.91192 0.000000 -0.00000
1079.00472 0.000000 -0.00000
1079.09752 0.000000 -0.00000
1079.19032 0.000000 -0.00000
1079.28312 0.000000 -0.00000
1079.37592 0.000000 -0.00000
1079.46873 0.000000 -0.00000
1079.56153 0.000000 -0.00000
1079.65433 0.000000 -0.00000
1079.74713 0.000000 -0.00000
1079.83993 0.000000 -0.00000
1079.93273 0.000000 -0.00000
1080.02554 0.000000 -0.00000
1080.11834 0.000000 -0.00000
1080.21114 0.000000 -0.00000
1080.30394 0.000000 -0.00000
1080.39674 0.000000 -0.00000
1080.48954 0.000000 -0.00000
1080.58235 0.000000 -0.00000
1080.67515 0.000000 -0.00000
1080.76795 0.000000 -0.00000
1080.86075 0.000000 -0.00000
1080.95355 0.000000 -0.00000
1081.04635 0.000000 -0.00000
1081.13916 0.000000 -0.00000
1081.23196 0.000000 -0.00000
1081.32476 0.000000 -0.00000
1081.41756 0.000000 -0.00000
1081.51036 0.000000 -0.00000
1081.60316 0.000000 -0.00000
1081.69597 0.000000 -0.00000
1081.78877 0.000000 -0.00000
1081.88157 0.000000 -0.00000
1081.97437 0.000000 -0.00000
1082.06717 0.000000 -0.00000
1082.15997 0.000000 -0.00000
1082.25278 0.000000 -0.00000
1082.34558 0.000000 -0.00000
1082.43838 0.000000 -0.00000
1082.53118 0.000000 -0.00000
1082.62398 0.000000 -0.00000
1082.71678 0.000000 -0.00000
1082.80958 0.000000 -0.00000
1082.90239 0.000000 -0.00000
1082.99519 0.000000 -0.00000
1083.08799 0.000000 -0.00000
1083.18079 0.000000 -0.00000
1083.27359 0.000000 -0.00000
1083.36639 0.000000 -0.00000
1083.45920 0.000000 -0.00000
1083.55200 0.000000 -0.00000
1083.64480 0.000000 -0.00000
1083.73760 0.000000 -0.00000
1083.83040 0.000000 -0.00000
1083.92320 0.000000 -0.00000
1084.01601 0.000000 -0.00000
1084.10881 0.000000 -0.00000
1084.20161 0.000000 -0.00000
1084.29441 0.000000 -0.00000
1084.38721 0.000000 -0.00000
1084.48001 0.000000 -0.00000
1084.57282 0.000000 -0.00000
1084.66562 0.000000 -0.00000
1084.75842 0.000000 -0.00000
1084.85122 0.000000 -0.00000
1084.94402 0.000000 -0.00000
1085.03682 0.000000 -0.00000
1085.12963 0.000000 -0.00000
1085.22243 0.000000 -0.00000
1085.31523 0.000000 -0.00000
1085.40803 0.000000 -0.00000
1085.50083 0.000000 -0.00000
1085.59363 0.000000 -0.00000
1085.68644 0.000000 -0.00000
1085.77924 0.000000 -0.00000
1085.87204 0.000000 -0.00000
1085.96484 0.000000 -0.00000
1086.05764 0.000000 -0.00000
1086.15044 0.000000 -0.00000
1086.24325 0.000000 -0.00000
1086.33605 0.000000 -0.00000
1086.42885 0.000000 -0.00000
1086.52165 0.000000 -0.00000
1086.61445 0.000000 -0.00000
1086.70725 0.000000 -0.00000
1086.80006 0.000000 -0.00000
1086.89286 0.000000 -0.00000
1086.98566 0.000000 -0.00000
1087.07846 0.000000 -0.00000
1087.17126 0.000000 -0.00000
1087.26406 0.000000 -0.00000
1087.35687 0.000000 -0.00000
1087.44967 0.000000 -0.00000
1087.54247 0.000000 -0.00000
1087.63527 0.000000 -0.00000
1087.72807 0.000000 -0.00000
1087.82087 0.000000 -0.00000
1087.91368 0.000000 -0.00000
1088.00648 0.000000 -0.00000
1088.09928 0.000000 -0.00000
1088.19208 0.000000 -0.00000
1088.28488 0.000000 -0.00000
1088.37768 0.000000 -0.00000
1088.47049 0.000000 -0.00000
1088.56329 0.000000 -0.00000
1088.65609 0.000000 -0.00000
1088.74889 0.000000 -0.00000
1088.84169 0.000000 -0.00000
1088.93449 0.000000 -0.00000
1089.02730 0.000000 -0.00000
1089.12010 0.000000 -0.00000
1089.21290 0.000000 -0.00000
1089.30570 0.000000 -0.00000
1089.39850 0.000000 -0.00000
1089.49130 0.000000 -0.00000
1089.58410 0.000000 -0.00000
1089.67691 0.000000 -0.00000
1089.76971 0.000000 -0.00000
1089.86251 0.000000 -0.00000
1089.95531 0.000000 -0.00000
1090.04811 0.000000 -0.00000
1090.14091 0.000000 -0.00000
1090.23372 0.000000 -0.00000
1090.32652 0.000000 -0.00000
1090.41932 0.000000 -0.00000
1090.51212 0.000000 -0.00000
1090.60492 0.000000 -0.00000
1090.69772 0.000000 -0.00000
1090.79053 0.000000 -0.00000
1090.88333 0.000000 -0.00000
1090.97613 0.000000 -0.00000
1091.06893 0.000000 -0.00000
1091.16173 0.000000 -0.00000
1091.25453 0.000000 -0.00000
1091.34734 0.000000 -0.00000
1091.44014 0.000000 -0.00000
1091.53294 0.000000 -0.00000
1091.62574 0.000000 -0.00000
1091.71854 0.000000 -0.00000
1091.81134 0.000000 -0.00000
1091.90415 0.000000 -0.00000
1091.99695 0.000000 -0.00000
1092.08975 0.000000 -0.00000
1092.18255 0.000000 -0.00000
1092.27535 0.000000 -0.00000
1092.36815 0.000000 -0.00000
1092.46096 0.000000 -0.00000
1092.55376 0.000000 -0.00000
1092.64656 0.000000 -0.00000
1092.73936 0.000000 -0.00000
1092.83216 0.000000 -0.00000
1092.92496 0.000000 -0.00000
1093.01777 0.000000 -0.00000
1093.11057 0.000000 -0.00000
1093.20337 0.000000 -0.00000
1093.29617 0.000000 -0.00000
1093.38897 0.000000 -0.00000
1093.48177 0.000000 -0.00000
1093.57458 0.000000 -0.00000
1093.66738 0.000000 -0.00000
1093.76018 0.000000 -0.00000
1093.85298 0.000000 -0.00000
1093.94578 0.000000 -0.00000
1094.03858 0.000000 -0.00000
1094.13139 0.000000 -0.00000
1094.22419 0.000000 -0.00000
1094.31699 0.000000 -0.00000
1094.40979 0.000000 -0.00000
1094.50259 0.000000 -0.00000
1094.59539 0.000000 -0.00000
1094.68820 0.000000 -0.00000
1094.78100 0.000000 -0.00000
1094.87380 0.000000 -0.00000
1094.96660 0.000000 -0.00000
1095.05940 0.000000 -0.00000
1095.15220 0.000000 -0.00000
1095.24501 0.000000 -0.00000
1095.33781 0.000000 -0.00000
1095.43061 0.000000 -0.00000
1095.52341 0.000000 -0.00000
1095.61621 0.000000 -0.00000
1095.70901 0.000000 -0.00000
1095.80182 0.000000 -0.00000
1095.89462 0.000000 -0.00000
1095.98742 0.000000 -0.00000
1096.08022 0.000000 -0.00000
1096.17302 0.000000 -0.00000
1096.26582 0.000000 -0.00000
1096.35862 0.000000 -0.00000
1096.45143 0.000000 -0.00000
1096.54423 0.000000 -0.00000
1096.63703 0.000000 -0.00000
1096.72983 0.000000 -0.00000
1096.82263 0.000000 -0.00000
1096.91543 0.000000 -0.00000
1097.00824 0.000000 -0.00000
1097.10104 0.000000 -0.00000
1097.19384 0.000000 -0.00000
1097.28664 0.000000 -0.00000
1097.37944 0.000000 -0.00000
1097.47224 0.000000 -0.00000
1097.56505 0.000000 -0.00000
1097.65785 0.000000 -0.00000
1097.75065 0.000000 -0.00000
1097.84345 0.000000 -0.00000
1097.93625 0.000000 -0.00000
1098.02905 0.000000 -0.00000
1098.12186 0.000000 -0.00000
1098.21466 0.000000 -0.00000
1098.30746 0.000000 -0.00000
1098.40026 0.000000 -0.00000
1098.49306 0.000000 -0.00000
1098.58586 0.000000 -0.00000
1098.67867 0.000000 -0.00000
1098.77147 0.000000 -0.00000
1098.86427 0.000000 -0.00000
1098.95707 0.000000 -0.00000
1099.04987 0.000000 -0.00000
1099.14267 0.000000 -0.00000
1099.23548 0.000000 -0.00000
1099.32828 0.000000 -0.00000
1099.42108 0.000000 -0.00000
1099.51388 0.000000 -0.00000
1099.60668 0.000000 -0.00000
1099.69948 0.000000 -0.00000
1099.79229 0.000000 -0.00000
1099.88509 0.000000 -0.00000
1099.97789 0.000000 -0.00000
1100.07069 0.000000 -0.00000
1100.16349 0.000000 -0.00000
1100.25629 0.000000 -0.00000
1100.34910 0.000000 -0.00000
1100.44190 0.000000 -0.00000
1100.53470 0.000000 -0.00000
1100.62750 0.000000 -0.00000
1100.72030 0.000000 -0.00000
1100.81310 0.000000 -0.00000
1100.90591 0.000000 -0.00000
1100.99871 0.000000 -0.00000
1101.09151 0.000000 -0.00000
1101.18431 0.000000 -0.00000
1101.27711 0.000000 -0.00000
1101.36991 0.000000 -0.00000
1101.46272 0.000000 -0.00000
1101.55552 0.000000 -0.00000
1101.64832 0.000000 -0.00000
1101.74112 0.000000 -0.00000
1101.83392 0.000000 -0.00000
1101.92672 0.000000 -0.00000
1102.01953 0.000000 -0.00000
1102.11233 0.000000 -0.00000
1102.20513 0.000000 -0.00000
1102.29793 0.000000 -0.00000
1102.39073 0.000000 -0.00000
1102.48353 0.000000 -0.00000
1102.57634 0.000000 -0.00000
1102.66914 0.000000 -0.00000
1102.76194 0.000000 -0.00000
1102.85474 0.000000 -0.00000
1102.94754 0.000000 -0.00000
1103.04034 0.000000 -0.00000
1103.13314 0.000000 -0.00000
1103.22595 0.000000 -0.00000
1103.31875 0.000000 -0.00000
1103.41155 0.000000 -0.00000
1103.50435 0.000000 -0.00000
1103.59715 0.000000 -0.00000
1103.68995 0.000000 -0.00000
1103.78276 0.000000 -0.00000
1103.87556 0.000000 -0.00000
1103.96836 0.000000 -0.00000
1104.06116 0.000000 -0.00000
1104.15396 0.000000 -0.00000
1104.24676 0.000000 -0.00000
1104.33957 0.000000 -0.00000
1104.43237 0.000000 -0.00000
1104.52517 0.000000 -0.00000
1104.61797 0.000000 -0.00000
1104.71077 0.000000 -0.00000
1104.80357 0.000000 -0.00000
1104.89638 0.000000 -0.00000
1104.98918 0.000000 -0.00000
1105.08198 0.000000 -0.00000
1105.17478 0.000000 -0.00000
1105.26758 0.000000 -0.00000
1105.36038 0.000000 -0.00000
1105.45319 0.000000 -0.00000
1105.54599 0.000000 -0.00000
1105.63879 0.000000 -0.00000
1105.73159 0.000000 -0.00000
1105.82439 0.000000 -0.00000
1105.91719 0.000000 -0.00000
1106.01000 0.000000 -0.00000
1106.10280 0.000000 -0.00000
1106.19560 0.000000 -0.00000
1106.28840 0.000000 -0.00000
1106.38120 0.000000 -0.00000
1106.47400 0.000000 -0.00000
1106.56681 0.000000 -0.00000
1106.65961 0.000000 -0.00000
1106.75241 0.000000 -0.00000
1106.84521 0.000000 -0.00000
1106.93801 0.000000 -0.00000
1107.03081 0.000000 -0.00000
1107.12362 0.000000 -0.00000
1107.21642 0.000000 -0.00000
1107.30922 0.000000 -0.00000
1107.40202 0.000000 -0.00000
1107.49482 0.000000 -0.00000
1107.58762 0.000000 -0.00000
1107.68043 0.000000 -0.00000
1107.77323 0.000000 -0.00000
1107.86603 0.000000 -0.00000
1107.95883 0.000000 -0.00000
1108.05163 0.000000 -0.00000
1108.14443 0.000000 -0.00000
1108.23724 0.000000 -0.00000
1108.33004 0.000000 -0.00000
1108.42284 0.000000 -0.00000
1108.51564 0.000000 -0.00000
1108.60844 0.000000 -0.00000
1108.70124 0.000001 -0.00000
1108.79405 0.000001 -0.00000
1108.88685 0.000001 -0.00000
1108.97965 0.000001 -0.00000
1109.07245 0.000001 -0.00000
1109.16525 0.000001 -0.00000
1109.25805 0.000001 -0.00000
1109.35086 0.000001 -0.00000
1109.44366 0.000001 -0.00000
1109.53646 0.000001 -0.00000
1109.62926 0.000001 -0.00000
1109.72206 0.000001 -0.00000
1109.81486 0.000001 -0.00000
1109.90766 0.000001 -0.00000
1110.00047 0.000001 -0.00000
1110.09327 0.000001 -0.00000
1110.18607 0.000001 -0.00000
1110.27887 0.000001 -0.00000
1110.37167 0.000001 -0.00000
1110.46447 0.000001 -0.00000
1110.55728 0.000001 -0.00000
1110.65008 0.000001 -0.00000
1110.74288 0.000001 -0.00000
1110.83568 0.000001 -0.00000
1110.92848 0.000001 -0.00000
1111.02128 0.000001 -0.00000
1111.11409 0.000001 -0.00000
1111.20689 0.000001 -0.00000
1111.29969 0.000001 -0.00000
1111.39249 0.000001 -0.00000
1111.48529 0.000001 -0.00000
1111.57809 0.000001 -0.00000
1111.67090 0.000001 -0.00000
1111.76370 0.000001 -0.00000
1111.85650 0.000001 -0.00000
1111.94930 0.000001 -0.00000
1112.04210 0.000001 -0.00000
1112.13490 0.000001 -0.00000
1112.22771 0.000001 -0.00000
1112.32051 0.000001 -0.00000
1112.41331 0.000001 -0.00000
1112.50611 0.000001 -0.00000
1112.59891 0.000001 -0.00000
1112.69171 0.000001 -0.00000
1112.78452 0.000001 -0.00000
1112.87732 0.000001 -0.00000
1112.97012 0.000001 -0.00000
1113.06292 0.000001 -0.00000
1113.15572 0.000001 -0.00000
1113.24852 0.000001 -0.00000
1113.34133 0.000001 -0.00000
1113.43413 0.000002 -0.00000
1113.52693 0.000002 -0.00000
1113.61973 0.000002 -0.00000
1113.71253 0.000002 -0.00000
1113.80533 0.000002 -0.00000
1113.89814 0.000002 -0.00000
1113.99094 0.000002 -0.00000
1114.08374 0.000002 -0.00000
1114.17654 0.000002 -0.00000
1114.26934 0.000002 -0.00000
1114.36214 0.000002 -0.00000
1114.45495 0.000002 -0.00000
1114.54775 0.000002 -0.00000
1114.64055 0.000002 -0.00000
1114.73335 0.000002 -0.00000
1114.82615 0.000002 -0.00000
1114.91895 0.000002 -0.00000
1115.01176 0.000002 -0.00000
1115.10456 0.000002 -0.00000
1115.19736 0.000002 -0.00000
1115.29016 0.000002 -0.00000
1115.38296 0.000002 -0.00000
1115.47576 0.000002 -0.00000
1115.56857 0.000002 -0.00000
1115.66137 0.000002 -0.00000
1115.75417 0.000002 -0.00000
1115.84697 0.000002 -0.00000
1115.93977 0.000002 -0.00000
1116.03257 0.000003 -0.00000
1116.12538 0.000003 -0.00000
1116.21818 0.000003 -0.00000
1116.31098 0.000003 -0.00000
1116.40378 0.000003 -0.00000
1116.49658 0.000003 -0.00000
1116.58938 0.000003 -0.00000
1116.68218 0.000003 -0.00000
1116.77499 0.000003 -0.00000
1116.86779 0.000003 -0.00000
1116.96059 0.000003 -0.00000
1117.05339 0.000003 -0.00000
1117.14619 0.000003 -0.00000
1117.23899 0.000003 -0.00000
1117.33180 0.000003 -0.00000
1117.42460 0.000003 -0.00000
1117.51740 0.000003 -0.00000
1117.61020 0.000003 -0.00000
1117.70300 0.000003 -0.00000
1117.79580 0.000003 -0.00000
1117.88861 0.000003 -0.00000
1117.98141 0.000004 -0.00000
1118.07421 0.000004 -0.00000
1118.16701 0.000004 -0.00000
1118.25981 0.000004 -0.00000
1118.35261 0.000004 -0.00000
1118.44542 0.000004 -0.00000
1118.53822 0.000004 -0.00000
1118.63102 0.000004 -0.00000
1118.72382 0.000004 -0.00000
1118.81662 0.000004 -0.00000
1118.90942 0.000004 -0.00000
1119.00223 0.000004 -0.00000
1119.09503 0.000004 -0.00000
1119.18783 0.000004 -0.00000
1119.28063 0.000004 -0.00000
1119.37343 0.000004 -0.00000
1119.46623 0.000004 -0.00000
1119.55904 0.000005 -0.00000
1119.65184 0.000005 -0.00000
1119.74464 0.000005 -0.00000
1119.83744 0.000005 -0.00000
1119.93024 0.000005 -0.00000
1120.02304 0.000005 -0.00000
1120.11585 0.000005 -0.00000
1120.20865 0.000005 -0.00000
1120.30145 0.000005 -0.00000
1120.39425 0.000005 -0.00000
1120.48705 0.000005 -0.00000
1120.57985 0.000005 -0.00000
1120.67266 0.000005 -0.00000
1120.76546 0.000005 -0.00000
1120.85826 0.000006 -0.00000
1120.95106 0.000006 -0.00000
1121.04386 0.000006 -0.00000
1121.13666 0.000006 -0.00000
1121.22947 0.000006 -0.00000
1121.32227 0.000006 -0.00000
1121.41507 0.000006 -0.00000
1121.50787 0.000006 -0.00000
1121.60067 0.000006 -0.00000
1121.69347 0.000006 -0.00000
1121.78628 0.000006 -0.00000
1121.87908 0.000006 -0.00000
1121.97188 0.000006 -0.00000
1122.06468 0.000007 -0.00000
1122.15748 0.000007 -0.00000
1122.25028 0.000007 -0.00000
1122.34309 0.000007 -0.00000
1122.43589 0.000007 -0.00000
1122.52869 0.000007 -0.00000
1122.62149 0.000007 -0.00000
1122.71429 0.000007 -0.00000
1122.80709 0.000007 -0.00000
1122.89990 0.000007 -0.00000
1122.99270 0.000007 -0.00000
1123.08550 0.000007 -0.00000
1123.17830 0.000008 -0.00000
1123.27110 0.000008 -0.00000
1123.36390 0.000008 -0.00000
1123.45670 0.000008 -0.00000
1123.54951 0.000008 -0.00000
1123.64231 0.000008 -0.00000
1123.73511 0.000008 -0.00000
1123.82791 0.000008 -0.00000
1123.92071 0.000008 -0.00000
1124.01351 0.000008 -0.00000
1124.10632 0.000009 -0.00000
1124.19912 0.000009 -0.00000
1124.29192 0.000009 -0.00000
1124.38472 0.000009 -0.00000
1124.47752 0.000009 -0.00000
1124.57032 0.000009 -0.00000
1124.66313 0.000009 -0.00000
1124.75593 0.000009 -0.00000
1124.84873 0.000009 -0.00000
1124.94153 0.000009 -0.00000
1125.03433 0.000010 -0.00000
1125.12713 0.000010 -0.00000
1125.21994 0.000010 -0.00000
1125.31274 0.000010 -0.00000
1125.40554 0.000010 -0.00000
1125.49834 0.000010 -0.00000
1125.59114 0.000010 -0.00000
1125.68394 0.000010 -0.00000
1125.77675 0.000010 -0.00000
1125.86955 0.000011 -0.00000
1125.96235 0.000011 -0.00000
1126.05515 0.000011 -0.00000
1126.14795 0.000011 -0.00000
1126.24075 0.000011 -0.00000
1126.33356 0.000011 -0.00000
1126.42636 0.000011 -0.00000
1126.51916 0.000011 -0.00000
1126.61196 0.000011 -0.00000
1126.70476 0.000012 -0.00000
1126.79756 0.000012 -0.00000
1126.89037 0.000012 -0.00000
1126.98317 0.000012 -0.00000
1127.07597 0.000012 -0.00000
1127.16877 0.000012 -0.00000
1127.26157 0.000012 -0.00000
1127.35437 0.000012 -0.00000
1127.44718 0.000013 -0.00000
1127.53998 0.000013 -0.00000
1127.63278 0.000013 -0.00000
1127.72558 0.000013 -0.00000
1127.81838 0.000013 -0.00000
1127.91118 0.000013 -0.00000
1128.00399 0.000013 -0.00000
1128.09679 0.000013 -0.00000
1128.18959 0.000014 -0.00000
1128.28239 0.000014 -0.00000
1128.37519 0.000014 -0.00000
1128.46799 0.000014 -0.00000
1128.56080 0.000014 -0.00000
1128.65360 0.000014 -0.00000
1128.74640 0.000014 -0.00000
1128.83920 0.000015 -0.00000
1128.93200 0.000015 -0.00000
1129.02480 0.000015 -0.00000
1129.11761 0.000015 -0.00000
1129.21041 0.000015 -0.00000
1129.30321 0.000015 -0.00000
1129.39601 0.000015 -0.00000
1129.48881 0.000016 -0.00000
1129.58161 0.000016 -0.00000
1129.67442 0.000016 -0.00000
1129.76722 0.000016 -0.00000
1129.86002 0.000016 -0.00000
1129.95282 0.000016 -0.00000
1130.04562 0.000017 -0.00000
1130.13842 0.000017 -0.00000
1130.23122 0.000017 -0.00000
1130.32403 0.000017 -0.00000
1130.41683 0.000017 -0.00001
1130.50963 0.000017 -0.00001
1130.60243 0.000017 -0.00001
1130.69523 0.000018 -0.00001
1130.78803 0.000018 -0.00001
1130.88084 0.000018 -0.00001
1130.97364 0.000018 -0.00001
1131.06644 0.000018 -0.00001
1131.15924 0.000018 -0.00001
1131.25204 0.000019 -0.00001
1131.34484 0.000019 -0.00001
1131.43765 0.000019 -0.00001
1131.53045 0.000019 -0.00001
1131.62325 0.000019 -0.00001
1131.71605 0.000019 -0.00001
1131.80885 0.000020 -0.00001
1131.90165 0.000020 -0.00001
1131.99446 0.000020 -0.00001
1132.08726 0.000020 -0.00001
1132.18006 0.000020 -0.00001
1132.27286 0.000020 -0.00001
1132.36566 0.000021 -0.00001
1132.45846 0.000021 -0.00001
1132.55127 0.000021 -0.00001
1132.64407 0.000021 -0.00001
1132.73687 0.000021 -0.00001
1132.82967 0.000022 -0.00001
1132.92247 0.000022 -0.00001
1133.01527 0.000022 -0.00001
1133.10808 0.000022 -0.00001
1133.20088 0.000022 -0.00001
1133.29368 0.000022 -0.00001
1133.38648 0.000023 -0.00001
1133.47928 0.000023 -0.00001
1133.57208 0.000023 -0.00001
1133.66489 0.000023 -0.00001
1133.75769 0.000023 -0.00001
1133.85049 0.000024 -0.00001
1133.94329 0.000024 -0.00001
1134.03609 0.000024 -0.00001
1134.12889 0.000024 -0.00001
1134.22170 0.000024 -0.00001
1134.31450 0.000025 -0.00001
1134.40730 0.000025 -0.00001
1134.50010 0.000025 -0.00001
1134.59290 0.000025 -0.00001
1134.68570 0.000025 -0.00001
1134.77851 0.000026 -0.00001
1134.87131 0.000026 -0.00001
1134.96411 0.000026 -0.00001
1135.05691 0.000026 -0.00001
1135.14971 0.000026 -0.00001
1135.24251 0.000027 -0.00001
1135.33532 0.000027 -0.00001
1135.42812 0.000027 -0.00001
1135.52092 0.000027 -0.00001
1135.61372 0.000028 -0.00001
1135.70652 0.000028 -0.00001
1135.79932 0.000028 -0.00001
1135.89213 0.000028 -0.00001
1135.98493 0.000028 -0.00001
1136.07773 0.000029 -0.00001
1136.17053 0.000029 -0.00001
1136.26333 0.000029 -0.00001
1136.35613 0.000029 -0.00001
1136.44894 0.000030 -0.00001
1136.54174 0.000030 -0.00001
1136.63454 0.000030 -0.00001
1136.72734 0.000030 -0.00001
1136.82014 0.000030 -0.00001
1136.91294 0.000031 -0.00001
1137.00574 0.000031 -0.00001
1137.09855 0.000031 -0.00001
1137.19135 0.000031 -0.00001
1137.28415 0.000032 -0.00001
1137.37695 0.000032 -0.00001
1137.46975 0.000032 -0.00001
1137.56255 0.000032 -0.00001
1137.65536 0.000033 -0.00001
1137.74816 0.000033 -0.00001
1137.84096 0.000033 -0.00001
1137.93376 0.000033 -0.00001
1138.02656 0.000034 -0.00001
1138.11936 0.000034 -0.00001
1138.21217 0.000034 -0.00001
1138.30497 0.000034 -0.00001
1138.39777 0.000035 -0.00001
1138.49057 0.000035 -0.00001
1138.58337 0.000035 -0.00001
1138.67617 0.000035 -0.00001
1138.76898 0.000036 -0.00001
1138.86178 0.000036 -0.00001
1138.95458 0.000036 -0.00001
1139.04738 0.000036 -0.00001
1139.14018 0.000037 -0.00001
1139.23298 0.000037 -0.00001
1139.32579 0.000037 -0.00001
1139.41859 0.000037 -0.00001
1139.51139 0.000038 -0.00001
1139.60419 0.000038 -0.00001
1139.69699 0.000038 -0.00001
1139.78979 0.000038 -0.00001
1139.88260 0.000039 -0.00001
1139.97540 0.000039 -0.00001
1140.06820 0.000039 -0.00001
1140.16100 0.000040 -0.00001
1140.25380 0.000040 -0.00001
1140.34660 0.000040 -0.00001
1140.43941 0.000040 -0.00001
1140.53221 0.000041 -0.00001
1140.62501 0.000041 -0.00001
1140.71781 0.000041 -0.00001
1140.81061 0.000042 -0.00001
1140.90341 0.000042 -0.00001
1140.99622 0.000042 -0.00001
1141.08902 0.000042 -0.00001
1141.18182 0.000043 -0.00001
1141.27462 0.000043 -0.00001
1141.36742 0.000043 -0.00001
1141.46022 0.000044 -0.00001
1141.55303 0.000044 -0.00001
1141.64583 0.000044 -0.00001
1141.73863 0.000044 -0.00001
1141.83143 0.000045 -0.00001
1141.92423 0.000045 -0.00001
1142.01703 0.000045 -0.00001
1142.10984 0.000046 -0.00001
1142.20264 0.000046 -0.00001
1142.29544 0.000046 -0.00001
1142.38824 0.000047 -0.00001
1142.48104 0.000047 -0.00001
1142.57384 0.000047 -0.00001
1142.66665 0.000047 -0.00001
1142.75945 0.000048 -0.00001
1142.85225 0.000048 -0.00001
1142.94505 0.000048 -0.00001
1143.03785 0.000049 -0.00001
1143.13065 0.000049 -0.00001
1143.22346 0.000049 -0.00001
1143.31626 0.000050 -0.00001
1143.40906 0.000050 -0.00001
1143.50186 0.000050 -0.00001
1143.59466 0.000051 -0.00001
1143.68746 0.000051 -0.00001
1143.78026 0.000051 -0.00001
1143.87307 0.000052 -0.00002
1143.96587 0.000052 -0.00002
1144.05867 0.000052 -0.00002
1144.15147 0.000053 -0.00002
1144.24427 0.000053 -0.00002
1144.33707 0.000053 -0.00002
1144.42988 0.000054 -0.00002
1144.52268 0.000054 -0.00002
1144.61548 0.000054 -0.00002
1144.70828 0.000055 -0.00002
1144.80108 0.000055 -0.00002
1144.89388 0.000055 -0.00002
1144.98669 0.000056 -0.00002
1145.07949 0.000056 -0.00002
1145.17229 0.000056 -0.00002
1145.26509 0.000057 -0.00002
1145.35789 0.000057 -0.00002
1145.45069 0.000057 -0.00002
1145.54350 0.000058 -0.00002
1145.63630 0.000058 -0.00002
1145.72910 0.000059 -0.00002
1145.82190 0.000059 -0.00002
1145.91470 0.000059 -0.00002
1146.00750 0.000060 -0.00002
1146.10031 0.000060 -0.00002
1146.19311 0.000060 -0.00002
1146.28591 0.000061 -0.00002
1146.37871 0.000061 -0.00002
1146.47151 0.000061 -0.00002
1146.56431 0.000062 -0.00002
1146.65712 0.000062 -0.00002
1146.74992 0.000063 -0.00002
1146.84272 0.000063 -0.00002
1146.93552 0.000063 -0.00002
1147.02832 0.000064 -0.00002
1147.12112 0.000064 -0.00002
1147.21393 0.000064 -0.00002
1147.30673 0.000065 -0.00002
1147.39953 0.000065 -0.00002
1147.49233 0.000066 -0.00002
1147.58513 0.000066 -0.00002
1147.67793 0.000066 -0.00002
1147.77074 0.000067 -0.00002
1147.86354 0.000067 -0.00002
1147.95634 0.000068 -0.00002
1148.04914 0.000068 -0.00002
1148.14194 0.000068 -0.00002
1148.23474 0.000069 -0.00002
1148.32755 0.000069 -0.00002
1148.42035 0.000070 -0.00002
1148.51315 0.000070 -0.00002
1148.60595 0.000070 -0.00002
1148.69875 0.000071 -0.00002
1148.79155 0.000071 -0.00002
1148.88436 0.000072 -0.00002
1148.97716 0.000072 -0.00002
1149.06996 0.000072 -0.00002
1149.16276 0.000073 -0.00002
1149.25556 0.000073 -0.00002
1149.34836 0.000074 -0.00002
1149.44117 0.000074 -0.00002
1149.53397 0.000074 -0.00002
1149.62677 0.000075 -0.00002
1149.71957 0.000075 -0.00002
1149.81237 0.000076 -0.00002
1149.90517 0.000076 -0.00002
1149.99798 0.000077 -0.00002
1150.09078 0.000077 -0.00002
1150.18358 0.000077 -0.00002
1150.27638 0.000078 -0.00002
1150.36918 0.000078 -0.00002
1150.46198 0.000079 -0.00002
1150.55479 0.000079 -0.00002
1150.64759 0.000080 -0.00002
1150.74039 0.000080 -0.00002
1150.83319 0.000080 -0.00002
1150.92599 0.000081 -0.00002
1151.01879 0.000081 -0.00002
1151.11159 0.000082 -0.00002
1151.20440 0.000082 -0.00002
1151.29720 0.000083 -0.00002
1151.39000 0.000083 -0.00002
1151.48280 0.000084 -0.00002
1151.57560 0.000084 -0.00002
1151.66840 0.000085 -0.00002
1151.76121 0.000085 -0.00002
1151.85401 0.000085 -0.00002
1151.94681 0.000086 -0.00003
1152.03961 0.000086 -0.00003
1152.13241 0.000087 -0.00003
1152.22521 0.000087 -0.00003
1152.31802 0.000088 -0.00003
1152.41082 0.000088 -0.00003
1152.50362 0.000089 -0.00003
1152.59642 0.000089 -0.00003
1152.68922 0.000090 -0.00003
1152.78202 0.000090 -0.00003
1152.87483 0.000091 -0.00003
1152.96763 0.000091 -0.00003
1153.06043 0.000092 -0.00003
1153.15323 0.000092 -0.00003
1153.24603 0.000093 -0.00003
1153.33883 0.000093 -0.00003
1153.43164 0.000094 -0.00003
1153.52444 0.000094 -0.00003
1153.61724 0.000094 -0.00003
1153.71004 0.000095 -0.00003
1153.80284 0.000095 -0.00003
1153.89564 0.000096 -0.00003
1153.98845 0.000096 -0.00003
1154.08125 0.000097 -0.00003
1154.17405 0.000097 -0.00003
1154.26685 0.000098 -0.00003
1154.35965 0.000098 -0.00003
1154.45245 0.000099 -0.00003
1154.54526 0.000100 -0.00003
1154.63806 0.000100 -0.00003
1154.73086 0.000101 -0.00003
1154.82366 0.000101 -0.00003
1154.91646 0.000102 -0.00003
1155.00926 0.000102 -0.00003
1155.10207 0.000103 -0.00003
1155.19487 0.000103 -0.00003
1155.28767 0.000104 -0.00003
1155.38047 0.000104 -0.00003
1155.47327 0.000105 -0.00003
1155.56607 0.000105 -0.00003
1155.65888 0.000106 -0.00003
1155.75168 0.000106 -0.00003
1155.84448 0.000107 -0.00003
1155.93728 0.000107 -0.00003
1156.03008 0.000108 -0.00003
1156.12288 0.000108 -0.00003
1156.21569 0.000109 -0.00003
1156.30849 0.000110 -0.00003
1156.40129 0.000110 -0.00003
1156.49409 0.000111 -0.00003
1156.58689 0.000111 -0.00003
1156.67969 0.000112 -0.00003
1156.77250 0.000112 -0.00003
1156.86530 0.000113 -0.00003
1156.95810 0.000113 -0.00003
1157.05090 0.000114 -0.00003
1157.14370 0.000114 -0.00003
1157.23650 0.000115 -0.00003
1157.32931 0.000116 -0.00003
1157.42211 0.000116 -0.00003
1157.51491 0.000117 -0.00003
1157.60771 0.000117 -0.00003
1157.70051 0.000118 -0.00003
1157.79331 0.000118 -0.00003
1157.88611 0.000119 -0.00003
1157.97892 0.000120 -0.00004
1158.07172 0.000120 -0.00004
1158.16452 0.000121 -0.00004
1158.25732 0.000121 -0.00004
1158.35012 0.000122 -0.00004
1158.44292 0.000122 -0.00004
1158.53573 0.000123 -0.00004
1158.62853 0.000124 -0.00004
1158.72133 0.000124 -0.00004
1158.81413 0.000125 -0.00004
1158.90693 0.000125 -0.00004
1158.99973 0.000126 -0.00004
1159.09254 0.000127 -0.00004
1159.18534 0.000127 -0.00004
1159.27814 0.000128 -0.00004
1159.37094 0.000128 -0.00004
1159.46374 0.000129 -0.00004
1159.55654 0.000130 -0.00004
1159.64935 0.000130 -0.00004
1159.74215 0.000131 -0.00004
1159.83495 0.000131 -0.00004
1159.92775 0.000132 -0.00004
1160.02055 0.000133 -0.00004
1160.11335 0.000133 -0.00004
1160.20616 0.000134 -0.00004
1160.29896 0.000135 -0.00004
1160.39176 0.000135 -0.00004
1160.48456 0.000136 -0.00004
1160.57736 0.000136 -0.00004
1160.67016 0.000137 -0.00004
1160.76297 0.000138 -0.00004
1160.85577 0.000138 -0.00004
1160.94857 0.000139 -0.00004
1161.04137 0.000140 -0.00004
1161.13417 0.000140 -0.00004
1161.22697 0.000141 -0.00004
1161.31978 0.000142 -0.00004
1161.41258 0.000142 -0.00004
1161.50538 0.000143 -0.00004
1161.59818 0.000143 -0.00004
1161.69098 0.000144 -0.00004
1161.78378 0.000145 -0.00004
1161.87659 0.000145 -0.00004
1161.96939 0.000146 -0.00004
1162.06219 0.000147 -0.00004
1162.15499 0.000147 -0.00004
1162.24779 0.000148 -0.00004
1162.34059 0.000149 -0.00004
1162.43340 0.000149 -0.00004
1162.52620 0.000150 -0.00004
1162.61900 0.000151 -0.00004
1162.71180 0.000151 -0.00004
1162.80460 0.000152 -0.00004
1162.89740 0.000153 -0.00004
1162.99021 0.000153 -0.00005
1163.08301 0.000154 -0.00005
1163.17581 0.000155 -0.00005
1163.26861 0.000156 -0.00005
1163.36141 0.000156 -0.00005
1163.45421 0.000157 -0.00005
1163.54702 0.000158 -0.00005
1163.63982 0.000158 -0.00005
1163.73262 0.000159 -0.00005
1163.82542 0.000160 -0.00005
1163.91822 0.000160 -0.00005
1164.01102 0.000161 -0.00005
1164.10383 0.000162 -0.00005
1164.19663 0.000162 -0.00005
1164.28943 0.000163 -0.00005
1164.38223 0.000164 -0.00005
1164.47503 0.000165 -0.00005
1164.56783 0.000165 -0.00005
1164.66063 0.000166 -0.00005
1164.75344 0.000167 -0.00005
1164.84624 0.000167 -0.00005
1164.93904 0.000168 -0.00005
1165.03184 0.000169 -0.00005
1165.12464 0.000170 -0.00005
1165.21744 0.000170 -0.00005
1165.31025 0.000171 -0.00005
1165.40305 0.000172 -0.00005
1165.49585 0.000173 -0.00005
1165.58865 0.000173 -0.00005
1165.68145 0.000174 -0.00005
1165.77425 0.000175 -0.00005
1165.86706 0.000176 -0.00005
1165.95986 0.000176 -0.00005
1166.05266 0.000177 -0.00005
1166.14546 0.000178 -0.00005
1166.23826 0.000179 -0.00005
1166.33106 0.000179 -0.00005
1166.42387 0.000180 -0.00005
1166.51667 0.000181 -0.00005
1166.60947 0.000182 -0.00005
1166.70227 0.000182 -0.00005
1166.79507 0.000183 -0.00005
1166.88787 0.000184 -0.00005
1166.98068 0.000185 -0.00005
1167.07348 0.000185 -0.00005
1167.16628 0.000186 -0.00005
1167.25908 0.000187 -0.00006
1167.35188 0.000188 -0.00006
1167.44468 0.000189 -0.00006
1167.53749 0.000189 -0.00006
1167.63029 0.000190 -0.00006
1167.72309 0.000191 -0.00006
1167.81589 0.000192 -0.00006
1167.90869 0.000192 -0.00006
1168.00149 0.000193 -0.00006
1168.09430 0.000194 -0.00006
1168.18710 0.000195 -0.00006
1168.27990 0.000196 -0.00006
1168.37270 0.000196 -0.00006
1168.46550 0.000197 -0.00006
1168.55830 0.000198 -0.00006
1168.65111 0.000199 -0.00006
1168.74391 0.000200 -0.00006
1168.83671 0.000200 -0.00006
1168.92951 0.000201 -0.00006
1169.02231 0.000202 -0.00006
1169.11511 0.000203 -0.00006
1169.20792 0.000204 -0.00006
1169.30072 0.000205 -0.00006
1169.39352 0.000205 -0.00006
1169.48632 0.000206 -0.00006
1169.57912 0.000207 -0.00006
1169.67192 0.000208 -0.00006
1169.76473 0.000209 -0.00006
1169.85753 0.000210 -0.00006
1169.95033 0.000210 -0.00006
1170.04313 0.000211 -0.00006
1170.13593 0.000212 -0.00006
1170.22873 0.000213 -0.00006
1170.32154 0.000214 -0.00006
1170.41434 0.000215 -0.00006
1170.50714 0.000215 -0.00006
1170.59994 0.000216 -0.00006
1170.69274 0.000217 -0.00006
1170.78554 0.000218 -0.00006
1170.87835 0.000219 -0.00006
1170.97115 0.000220 -0.00006
1171.06395 0.000221 -0.00006
1171.15675 0.000221 -0.00007
1171.24955 0.000222 -0.00007
1171.34235 0.000223 -0.00007
1171.43515 0.000224 -0.00007
1171.52796 0.000225 -0.00007
1171.62076 0.000226 -0.00007
1171.71356 0.000227 -0.00007
1171.80636 0.000228 -0.00007
1171.89916 0.000229 -0.00007
1171.99196 0.000229 -0.00007
1172.08477 0.000230 -0.00007
1172.17757 0.000231 -0.00007
1172.27037 0.000232 -0.00007
1172.36317 0.000233 -0.00007
1172.45597 0.000234 -0.00007
1172.54877 0.000235 -0.00007
1172.64158 0.000236 -0.00007
1172.73438 0.000237 -0.00007
1172.82718 0.000238 -0.00007
1172.91998 0.000238 -0.00007
1173.01278 0.000239 -0.00007
1173.10558 0.000240 -0.00007
1173.19839 0.000241 -0.00007
1173.29119 0.000242 -0.00007
1173.38399 0.000243 -0.00007
1173.47679 0.000244 -0.00007
1173.56959 0.000245 -0.00007
1173.66239 0.000246 -0.00007
1173.75520 0.000247 -0.00007
1173.84800 0.000248 -0.00007
1173.94080 0.000249 -0.00007
1174.03360 0.000250 -0.00007
1174.12640 0.000250 -0.00007
1174.21920 0.000251 -0.00007
1174.31201 0.000252 -0.00007
1174.40481 0.000253 -0.00007
1174.49761 0.000254 -0.00007
1174.59041 0.000255 -0.00008
1174.68321 0.000256 -0.00008
1174.77601 0.000257 -0.00008
1174.86882 0.000258 -0.00008
1174.96162 0.000259 -0.00008
1175.05442 0.000260 -0.00008
1175.14722 0.000261 -0.00008
1175.24002 0.000262 -0.00008
1175.33282 0.000263 -0.00008
1175.42563 0.000264 -0.00008
1175.51843 0.000265 -0.00008
1175.61123 0.000266 -0.00008
1175.70403 0.000267 -0.00008
1175.79683 0.000268 -0.00008
1175.88963 0.000269 -0.00008
1175.98244 0.000270 -0.00008
1176.07524 0.000271 -0.00008
1176.16804 0.000272 -0.00008
1176.26084 0.000273 -0.00008
1176.35364 0.000274 -0.00008
1176.44644 0.000275 -0.00008
1176.53925 0.000276 -0.00008
1176.63205 0.000277 -0.00008
1176.72485 0.000278 -0.00008
1176.81765 0.000279 -0.00008
1176.91045 0.000280 -0.00008
1177.00325 0.000281 -0.00008
1177.09606 0.000282 -0.00008
1177.18886 0.000283 -0.00008
1177.28166 0.000284 -0.00008
1177.37446 0.000285 -0.00008
1177.46726 0.000286 -0.00008
1177.56006 0.000287 -0.00008
1177.65287 0.000288 -0.00009
1177.74567 0.000289 -0.00009
1177.83847 0.000290 -0.00009
1177.93127 0.000291 -0.00009
1178.02407 0.000292 -0.00009
1178.11687 0.000293 -0.00009
1178.20967 0.000294 -0.00009
1178.30248 0.000295 -0.00009
1178.39528 0.000296 -0.00009
1178.48808 0.000297 -0.00009
1178.58088 0.000299 -0.00009
1178.67368 0.000300 -0.00009
1178.76648 0.000301 -0.00009
1178.85929 0.000302 -0.00009
1178.95209 0.000303 -0.00009
1179.04489 0.000304 -0.00009
1179.13769 0.000305 -0.00009
1179.23049 0.000306 -0.00009
1179.32329 0.000307 -0.00009
1179.41610 0.000308 -0.00009
1179.50890 0.000309 -0.00009
1179.60170 0.000310 -0.00009
1179.69450 0.000311 -0.00009
1179.78730 0.000313 -0.00009
1179.88010 0.000314 -0.00009
1179.97291 0.000315 -0.00009
1180.06571 0.000316 -0.00009
1180.15851 0.000317 -0.00009
1180.25131 0.000318 -0.00009
1180.34411 0.000319 -0.00009
1180.43691 0.000320 -0.00009
1180.52972 0.000321 -0.00009
1180.62252 0.000323 -0.00010
1180.71532 0.000324 -0.00010
1180.80812 0.000325 -0.00010
1180.90092 0.000326 -0.00010
1180.99372 0.000327 -0.00010
1181.08653 0.000328 -0.00010
1181.17933 0.000329 -0.00010
1181.27213 0.000330 -0.00010
1181.36493 0.000332 -0.00010
1181.45773 0.000333 -0.00010
1181.55053 0.000334 -0.00010
1181.64334 0.000335 -0.00010
1181.73614 0.000336 -0.00010
1181.82894 0.000337 -0.00010
1181.92174 0.000338 -0.00010
1182.01454 0.000340 -0.00010
1182.10734 0.000341 -0.00010
1182.20015 0.000342 -0.00010
1182.29295 0.000343 -0.00010
1182.38575 0.000344 -0.00010
1182.47855 0.000345 -0.00010
1182.57135 0.000347 -0.00010
1182.66415 0.000348 -0.00010
1182.75696 0.000349 -0.00010
1182.84976 0.000350 -0.00010
1182.94256 0.000351 -0.00010
1183.03536 0.000352 -0.00010
1183.12816 0.000354 -0.00010
1183.22096 0.000355 -0.00010
1183.31377 0.000356 -0.00011
1183.40657 0.000357 -0.00011
1183.49937 0.000358 -0.00011
1183.59217 0.000360 -0.00011
1183.68497 0.000361 -0.00011
1183.77777 0.000362 -0.00011
1183.87058 0.000363 -0.00011
1183.96338 0.000364 -0.00011
1184.05618 0.000366 -0.00011
1184.14898 0.000367 -0.00011
1184.24178 0.000368 -0.00011
1184.33458 0.000369 -0.00011
1184.42739 0.000370 -0.00011
1184.52019 0.000372 -0.00011
1184.61299 0.000373 -0.00011
1184.70579 0.000374 -0.00011
1184.79859 0.000375 -0.00011
1184.89139 0.000377 -0.00011
1184.98419 0.000378 -0.00011
1185.07700 0.000379 -0.00011
1185.16980 0.000380 -0.00011
1185.26260 0.000382 -0.00011
1185.35540 0.000383 -0.00011
1185.44820 0.000384 -0.00011
1185.54100 0.000385 -0.00011
1185.63381 0.000387 -0.00011
1185.72661 0.000388 -0.00011
1185.81941 0.000389 -0.00012
1185.91221 0.000390 -0.00012
1186.00501 0.000392 -0.00012
1186.09781 0.000393 -0.00012
1186.19062 0.000394 -0.00012
1186.28342 0.000396 -0.00012
1186.37622 0.000397 -0.00012
1186.46902 0.000398 -0.00012
1186.56182 0.000399 -0.00012
1186.65462 0.000401 -0.00012
1186.74743 0.000402 -0.00012
1186.84023 0.000403 -0.00012
1186.93303 0.000405 -0.00012
1187.02583 0.000406 -0.00012
1187.11863 0.000407 -0.00012
1187.21143 0.000408 -0.00012
1187.30424 0.000410 -0.00012
1187.39704 0.000411 -0.00012
1187.48984 0.000412 -0.00012
1187.58264 0.000414 -0.00012
1187.67544 0.000415 -0.00012
1187.76824 0.000416 -0.00012
1187.86105 0.000418 -0.00012
1187.95385 0.000419 -0.00012
1188.04665 0.000420 -0.00012
1188.13945 0.000422 -0.00012
1188.23225 0.000423 -0.00013
1188.32505 0.000424 -0.00013
1188.41786 0.000426 -0.00013
1188.51066 0.000427 -0.00013
1188.60346 0.000428 -0.00013
1188.69626 0.000430 -0.00013
1188.78906 0.000431 -0.00013
1188.88186 0.000432 -0.00013
1188.97467 0.000434 -0.00013
1189.06747 0.000435 -0.00013
1189.16027 0.000437 -0.00013
1189.25307 0.000438 -0.00013
1189.34587 0.000439 -0.00013
1189.43867 0.000441 -0.00013
1189.53148 0.000442 -0.00013
1189.62428 0.000443 -0.00013
1189.71708 0.000445 -0.00013
1189.80988 0.000446 -0.00013
1189.90268 0.000448 -0.00013
1189.99548 0.000449 -0.00013
1190.08829 0.000450 -0.00013
1190.18109 0.000452 -0.00013
1190.27389 0.000453 -0.00013
1190.36669 0.000455 -0.00013
1190.45949 0.000456 -0.00014
1190.55229 0.000457 -0.00014
1190.64510 0.000459 -0.00014
1190.73790 0.000460 -0.00014
1190.83070 0.000462 -0.00014
1190.92350 0.000463 -0.00014
1191.01630 0.000464 -0.00014
1191.10910 0.000466 -0.00014
1191.20191 0.000467 -0.00014
1191.29471 0.000469 -0.00014
1191.38751 0.000470 -0.00014
1191.48031 0.000472 -0.00014
1191.57311 0.000473 -0.00014
1191.66591 0.000474 -0.00014
1191.75871 0.000476 -0.00014
1191.85152 0.000477 -0.00014
1191.94432 0.000479 -0.00014
1192.03712 0.000480 -0.00014
1192.12992 0.000482 -0.00014
1192.22272 0.000483 -0.00014
1192.31552 0.000485 -0.00014
1192.40833 0.000486 -0.00014
1192.50113 0.000488 -0.00014
1192.59393 0.000489 -0.00014
1192.68673 0.000491 -0.00015
1192.77953 0.000492 -0.00015
1192.87233 0.000493 -0.00015
1192.96514 0.000495 -0.00015
1193.05794 0.000496 -0.00015
1193.15074 0.000498 -0.00015
1193.24354 0.000499 -0.00015
1193.33634 0.000501 -0.00015
1193.42914 0.000502 -0.00015
1193.52195 0.000504 -0.00015
1193.61475 0.000505 -0.00015
1193.70755 0.000507 -0.00015
1193.80035 0.000508 -0.00015
1193.89315 0.000510 -0.00015
1193.98595 0.000511 -0.00015
1194.07876 0.000513 -0.00015
1194.17156 0.000515 -0.00015
1194.26436 0.000516 -0.00015
1194.35716 0.000518 -0.00015
1194.44996 0.000519 -0.00015
1194.54276 0.000521 -0.00015
1194.63557 0.000522 -0.00015
1194.72837 0.000524 -0.00016
1194.82117 0.000525 -0.00016
1194.91397 0.000527 -0.00016
1195.00677 0.000528 -0.00016
1195.09957 0.000530 -0.00016
1195.19238 0.000531 -0.00016
1195.28518 0.000533 -0.00016
1195.37798 0.000535 -0.00016
1195.47078 0.000536 -0.00016
1195.56358 0.000538 -0.00016
1195.65638 0.000539 -0.00016
1195.74919 0.000541 -0.00016
1195.84199 0.000542 -0.00016
1195.93479 0.000544 -0.00016
1196.02759 0.000546 -0.00016
1196.12039 0.000547 -0.00016
1196.21319 0.000549 -0.00016
1196.30600 0.000550 -0.00016
1196.39880 0.000552 -0.00016
1196.49160 0.000554 -0.00016
1196.58440 0.000555 -0.00016
1196.67720 0.000557 -0.00017
1196.77000 0.000558 -0.00017
1196.86281 0.000560 -0.00017
1196.95561 0.000562 -0.00017
1197.04841 0.000563 -0.00017
1197.14121 0.000565 -0.00017
1197.23401 0.000566 -0.00017
1197.32681 0.000568 -0.00017
1197.41962 0.000570 -0.00017
1197.51242 0.000571 -0.00017
1197.60522 0.000573 -0.00017
1197.69802 0.000575 -0.00017
1197.79082 0.000576 -0.00017
1197.88362 0.000578 -0.00017
1197.97643 0.000580 -0.00017
1198.06923 0.000581 -0.00017
1198.16203 0.000583 -0.00017
1198.25483 0.000585 -0.00017
1198.34763 0.000586 -0.00017
1198.44043 0.000588 -0.00017
1198.53323 0.000590 -0.00017
1198.62604 0.000591 -0.00018
1198.71884 0.000593 -0.00018
1198.81164 0.000595 -0.00018
1198.90444 0.000596 -0.00018
1198.99724 0.000598 -0.00018
1199.09004 0.000600 -0.00018
1199.18285 0.000601 -0.00018
1199.27565 0.000603 -0.00018
1199.36845 0.000605 -0.00018
1199.46125 0.000606 -0.00018
1199.55405 0.000608 -0.00018
1199.64685 0.000610 -0.00018
1199.73966 0.000611 -0.00018
1199.83246 0.000613 -0.00018
1199.92526 0.000615 -0.00018
1200.01806 0.000617 -0.00018
1200.11086 0.000618 -0.00018
1200.20366 0.000620 -0.00018
1200.29647 0.000622 -0.00018
1200.38927 0.000624 -0.00019
1200.48207 0.000625 -0.00019
1200.57487 0.000627 -0.00019
1200.66767 0.000629 -0.00019
1200.76047 0.000631 -0.00019
1200.85328 0.000632 -0.00019
1200.94608 0.000634 -0.00019
1201.03888 0.000636 -0.00019
1201.13168 0.000638 -0.00019
1201.22448 0.000639 -0.00019
1201.31728 0.000641 -0.00019
1201.41009 0.000643 -0.00019
1201.50289 0.000645 -0.00019
1201.59569 0.000646 -0.00019
1201.68849 0.000648 -0.00019
1201.78129 0.000650 -0.00019
1201.87409 0.000652 -0.00019
1201.96690 0.000653 -0.00019
1202.05970 0.000655 -0.00019
1202.15250 0.000657 -0.00020
1202.24530 0.000659 -0.00020
1202.33810 0.000661 -0.00020
1202.43090 0.000662 -0.00020
1202.52371 0.000664 -0.00020
1202.61651 0.000666 -0.00020
1202.70931 0.000668 -0.00020
1202.80211 0.000670 -0.00020
1202.89491 0.000672 -0.00020
1202.98771 0.000673 -0.00020
1203.08052 0.000675 -0.00020
1203.17332 0.000677 -0.00020
1203.26612 0.000679 -0.00020
1203.35892 0.000681 -0.00020
1203.45172 0.000682 -0.00020
1203.54452 0.000684 -0.00020
1203.63733 0.000686 -0.00020
1203.73013 0.000688 -0.00020
1203.82293 0.000690 -0.00020
1203.91573 0.000692 -0.00021
1204.00853 0.000694 -0.00021
1204.10133 0.000695 -0.00021
1204.19414 0.000697 -0.00021
1204.28694 0.000699 -0.00021
1204.37974 0.000701 -0.00021
1204.47254 0.000703 -0.00021
1204.56534 0.000705 -0.00021
1204.65814 0.000707 -0.00021
1204.75095 0.000709 -0.00021
1204.84375 0.000710 -0.00021
1204.93655 0.000712 -0.00021
1205.02935 0.000714 -0.00021
1205.12215 0.000716 -0.00021
1205.21495 0.000718 -0.00021
1205.30775 0.000720 -0.00021
1205.40056 0.000722 -0.00021
1205.49336 0.000724 -0.00022
1205.58616 0.000726 -0.00022
1205.67896 0.000728 -0.00022
1205.77176 0.000730 -0.00022
1205.86456 0.000731 -0.00022
1205.95737 0.000733 -0.00022
1206.05017 0.000735 -0.00022
1206.14297 0.000737 -0.00022
1206.23577 0.000739 -0.00022
1206.32857 0.000741 -0.00022
1206.42137 0.000743 -0.00022
1206.51418 0.000745 -0.00022
1206.60698 0.000747 -0.00022
1206.69978 0.000749 -0.00022
1206.79258 0.000751 -0.00022
1206.88538 0.000753 -0.00022
1206.97818 0.000755 -0.00022
1207.07099 0.000757 -0.00022
1207.16379 0.000759 -0.00023
1207.25659 0.000761 -0.00023
1207.34939 0.000763 -0.00023
1207.44219 0.000765 -0.00023
1207.53499 0.000767 -0.00023
1207.62780 0.000769 -0.00023
1207.72060 0.000771 -0.00023
1207.81340 0.000773 -0.00023
1207.90620 0.000775 -0.00023
1207.99900 0.000777 -0.00023
1208.09180 0.000779 -0.00023
1208.18461 0.000781 -0.00023
1208.27741 0.000783 -0.00023
1208.37021 0.000785 -0.00023
1208.46301 0.000787 -0.00023
1208.55581 0.000789 -0.00023
1208.64861 0.000791 -0.00024
1208.74142 0.000793 -0.00024
1208.83422 0.000795 -0.00024
1208.92702 0.000797 -0.00024
1209.01982 0.000799 -0.00024
1209.11262 0.000801 -0.00024
1209.20542 0.000803 -0.00024
1209.29823 0.000805 -0.00024
1209.39103 0.000807 -0.00024
1209.48383 0.000809 -0.00024
1209.57663 0.000811 -0.00024
1209.66943 0.000813 -0.00024
1209.76223 0.000815 -0.00024
1209.85504 0.000817 -0.00024
1209.94784 0.000820 -0.00024
1210.04064 0.000822 -0.00024
1210.13344 0.000824 -0.00025
1210.22624 0.000826 -0.00025
1210.31904 0.000828 -0.00025
1210.41185 0.000830 -0.00025
1210.50465 0.000832 -0.00025
1210.59745 0.000834 -0.00025
1210.69025 0.000836 -0.00025
1210.78305 0.000838 -0.00025
1210.87585 0.000841 -0.00025
1210.96866 0.000843 -0.00025
1211.06146 0.000845 -0.00025
1211.15426 0.000847 -0.00025
1211.24706 0.000849 -0.00025
1211.33986 0.000851 -0.00025
1211.43266 0.000853 -0.00025
1211.52547 0.000855 -0.00025
1211.61827 0.000858 -0.00026
1211.71107 0.000860 -0.00026
1211.80387 0.000862 -0.00026
1211.89667 0.000864 -0.00026
1211.98947 0.000866 -0.00026
1212.08227 0.000868 -0.00026
1212.17508 0.000870 -0.00026
1212.26788 0.000873 -0.00026
1212.36068 0.000875 -0.00026
1212.45348 0.000877 -0.00026
1212.54628 0.000879 -0.00026
1212.63908 0.000881 -0.00026
1212.73189 0.000884 -0.00026
1212.82469 0.000886 -0.00026
1212.91749 0.000888 -0.00026
1213.01029 0.000890 -0.00026
1213.10309 0.000892 -0.00027
1213.19589 0.000895 -0.00027
1213.28870 0.000897 -0.00027
1213.38150 0.000899 -0.00027
1213.47430 0.000901 -0.00027
1213.56710 0.000903 -0.00027
1213.65990 0.000906 -0.00027
1213.75270 0.000908 -0.00027
1213.84551 0.000910 -0.00027
1213.93831 0.000912 -0.00027
1214.03111 0.000914 -0.00027
1214.12391 0.000917 -0.00027
1214.21671 0.000919 -0.00027
1214.30951 0.000921 -0.00027
1214.40232 0.000923 -0.00027
1214.49512 0.000926 -0.00028
1214.58792 0.000928 -0.00028
1214.68072 0.000930 -0.00028
1214.77352 0.000933 -0.00028
1214.86632 0.000935 -0.00028
1214.95913 0.000937 -0.00028
1215.05193 0.000939 -0.00028
1215.14473 0.000942 -0.00028
1215.23753 0.000944 -0.00028
1215.33033 0.000946 -0.00028
1215.42313 0.000948 -0.00028
1215.51594 0.000951 -0.00028
1215.60874 0.000953 -0.00028
1215.70154 0.000955 -0.00028
1215.79434 0.000958 -0.00029
1215.88714 0.000960 -0.00029
1215.97994 0.000962 -0.00029
1216.07275 0.000965 -0.00029
1216.16555 0.000967 -0.00029
1216.25835 0.000969 -0.00029
1216.35115 0.000972 -0.00029
1216.44395 0.000974 -0.00029
1216.53675 0.000976 -0.00029
1216.62956 0.000979 -0.00029
1216.72236 0.000981 -0.00029
1216.81516 0.000983 -0.00029
1216.90796 0.000986 -0.00029
1217.00076 0.000988 -0.00029
1217.09356 0.000990 -0.00029
1217.18637 0.000993 -0.00030
1217.27917 0.000995 -0.00030
1217.37197 0.000997 -0.00030
1217.46477 0.001000 -0.00030
1217.55757 0.001002 -0.00030
1217.65037 0.001005 -0.00030
1217.74318 0.001007 -0.00030
1217.83598 0.001009 -0.00030
1217.92878 0.001012 -0.00030
1218.02158 0.001014 -0.00030
1218.11438 0.001016 -0.00030
1218.20718 0.001019 -0.00030
1218.29999 0.001021 -0.00030
1218.39279 0.001024 -0.00030
1218.48559 0.001026 -0.00031
1218.57839 0.001029 -0.00031
1218.67119 0.001031 -0.00031
1218.76399 0.001033 -0.00031
1218.85679 0.001036 -0.00031
1218.94960 0.001038 -0.00031
1219.04240 0.001041 -0.00031
1219.13520 0.001043 -0.00031
1219.22800 0.001046 -0.00031
1219.32080 0.001048 -0.00031
1219.41360 0.001050 -0.00031
1219.50641 0.001053 -0.00031
1219.59921 0.001055 -0.00031
1219.69201 0.001058 -0.00032
1219.78481 0.001060 -0.00032
1219.87761 0.001063 -0.00032
1219.97041 0.001065 -0.00032
1220.06322 0.001068 -0.00032
1220.15602 0.001070 -0.00032
1220.24882 0.001073 -0.00032
1220.34162 0.001075 -0.00032
1220.43442 0.001078 -0.00032
1220.52722 0.001080 -0.00032
1220.62003 0.001083 -0.00032
1220.71283 0.001085 -0.00032
1220.80563 0.001088 -0.00032
1220.89843 0.001090 -0.00032
1220.99123 0.001093 -0.00033
1221.08403 0.001095 -0.00033
1221.17684 0.001098 -0.00033
1221.26964 0.001100 -0.00033
1221.36244 0.001103 -0.00033
1221.45524 0.001105 -0.00033
1221.54804 0.001108 -0.00033
1221.64084 0.001110 -0.00033
1221.73365 0.001113 -0.00033
1221.82645 0.001116 -0.00033
1221.91925 0.001118 -0.00033
1222.01205 0.001121 -0.00033
1222.10485 0.001123 -0.00033
1222.19765 0.001126 -0.00034
1222.29046 0.001128 -0.00034
1222.38326 0.001131 -0.00034
1222.47606 0.001133 -0.00034
1222.56886 0.001136 -0.00034
1222.66166 0.001139 -0.00034
1222.75446 0.001141 -0.00034
1222.84727 0.001144 -0.00034
1222.94007 0.001146 -0.00034
1223.03287 0.001149 -0.00034
1223.12567 0.001152 -0.00034
1223.21847 0.001154 -0.00034
1223.31127 0.001157 -0.00034
1223.40408 0.001159 -0.00035
1223.49688 0.001162 -0.00035
1223.58968 0.001165 -0.00035
1223.68248 0.001167 -0.00035
1223.77528 0.001170 -0.00035
1223.86808 0.001173 -0.00035
1223.96089 0.001175 -0.00035
1224.05369 0.001178 -0.00035
1224.14649 0.001181 -0.00035
1224.23929 0.001183 -0.00035
1224.33209 0.001186 -0.00035
1224.42489 0.001189 -0.00035
1224.51770 0.001191 -0.00036
1224.61050 0.001194 -0.00036
1224.70330 0.001197 -0.00036
1224.79610 0.001199 -0.00036
1224.88890 0.001202 -0.00036
1224.98170 0.001205 -0.00036
1225.07451 0.001207 -0.00036
1225.16731 0.001210 -0.00036
1225.26011 0.001213 -0.00036
1225.35291 0.001215 -0.00036
1225.44571 0.001218 -0.00036
1225.53851 0.001221 -0.00036
1225.63132 0.001224 -0.00036
1225.72412 0.001226 -0.00037
1225.81692 0.001229 -0.00037
1225.90972 0.001232 -0.00037
1226.00252 0.001234 -0.00037
1226.09532 0.001237 -0.00037
1226.18812 0.001240 -0.00037
1226.28093 0.001243 -0.00037
1226.37373 0.001245 -0.00037
1226.46653 0.001248 -0.00037
1226.55933 0.001251 -0.00037
1226.65213 0.001254 -0.00037
1226.74493 0.001256 -0.00037
1226.83774 0.001259 -0.00038
1226.93054 0.001262 -0.00038
1227.02334 0.001265 -0.00038
1227.11614 0.001267 -0.00038
1227.20894 0.001270 -0.00038
1227.30174 0.001273 -0.00038
1227.39455 0.001276 -0.00038
1227.48735 0.001279 -0.00038
1227.58015 0.001281 -0.00038
1227.67295 0.001284 -0.00038
1227.76575 0.001287 -0.00038
1227.85855 0.001290 -0.00038
1227.95136 0.001293 -0.00039
1228.04416 0.001295 -0.00039
1228.13696 0.001298 -0.00039
1228.22976 0.001301 -0.00039
1228.32256 0.001304 -0.00039
1228.41536 0.001307 -0.00039
1228.50817 0.001310 -0.00039
1228.60097 0.001312 -0.00039
1228.69377 0.001315 -0.00039
1228.78657 0.001318 -0.00039
1228.87937 0.001321 -0.00039
1228.97217 0.001324 -0.00039
1229.06498 0.001327 -0.00040
1229.15778 0.001330 -0.00040
1229.25058 0.001332 -0.00040
1229.34338 0.001335 -0.00040
1229.43618 0.001338 -0.00040
1229.52898 0.001341 -0.00040
1229.62179 0.001344 -0.00040
1229.71459 0.001347 -0.00040
1229.80739 0.001350 -0.00040
1229.90019 0.001353 -0.00040
1229.99299 0.001356 -0.00040
1230.08579 0.001359 -0.00041
1230.17860 0.001361 -0.00041
1230.27140 0.001364 -0.00041
1230.36420 0.001367 -0.00041
1230.45700 0.001370 -0.00041
1230.54980 0.001373 -0.00041
1230.64260 0.001376 -0.00041
1230.73541 0.001379 -0.00041
1230.82821 0.001382 -0.00041
1230.92101 0.001385 -0.00041
1231.01381 0.001388 -0.00041
1231.10661 0.001391 -0.00042
1231.19941 0.001394 -0.00042
1231.29222 0.001397 -0.00042
1231.38502 0.001400 -0.00042
1231.47782 0.001403 -0.00042
1231.57062 0.001406 -0.00042
1231.66342 0.001409 -0.00042
1231.75622 0.001412 -0.00042
1231.84903 0.001415 -0.00042
1231.94183 0.001418 -0.00042
1232.03463 0.001421 -0.00042
1232.12743 0.001424 -0.00042
1232.22023 0.001427 -0.00043
1232.31303 0.001430 -0.00043
1232.40584 0.001433 -0.00043
1232.49864 0.001436 -0.00043
1232.59144 0.001439 -0.00043
1232.68424 0.001442 -0.00043
1232.77704 0.001445 -0.00043
1232.86984 0.001448 -0.00043
1232.96264 0.001451 -0.00043
1233.05545 0.001454 -0.00043
1233.14825 0.001457 -0.00043
1233.24105 0.001460 -0.00044
1233.33385 0.001463 -0.00044
1233.42665 0.001466 -0.00044
1233.51945 0.001469 -0.00044
1233.61226 0.001472 -0.00044
1233.70506 0.001475 -0.00044
1233.79786 0.001478 -0.00044
1233.89066 0.001481 -0.00044
1233.98346 0.001485 -0.00044
1234.07626 0.001488 -0.00044
1234.16907 0.001491 -0.00044
1234.26187 0.001494 -0.00045
1234.35467 0.001497 -0.00045
1234.44747 0.001500 -0.00045
1234.54027 0.001503 -0.00045
1234.63307 0.001506 -0.00045
1234.72588 0.001509 -0.00045
1234.81868 0.001512 -0.00045
1234.91148 0.001516 -0.00045
1235.00428 0.001519 -0.00045
1235.09708 0.001522 -0.00045
1235.18988 0.001525 -0.00046
1235.28269 0.001528 -0.00046
1235.37549 0.001531 -0.00046
1235.46829 0.001534 -0.00046
1235.56109 0.001538 -0.00046
1235.65389 0.001541 -0.00046
1235.74669 0.001544 -0.00046
1235.83950 0.001547 -0.00046
1235.93230 0.001550 -0.00046
1236.02510 0.001554 -0.00046
1236.11790 0.001557 -0.00046
1236.21070 0.001560 -0.00047
1236.30350 0.001563 -0.00047
1236.39631 0.001566 -0.00047
1236.48911 0.001569 -0.00047
1236.58191 0.001573 -0.00047
1236.67471 0.001576 -0.00047
1236.76751 0.001579 -0.00047
1236.86031 0.001582 -0.00047
1236.95312 0.001586 -0.00047
1237.04592 0.001589 -0.00047
1237.13872 0.001592 -0.00048
1237.23152 0.001595 -0.00048
1237.32432 0.001599 -0.00048
1237.41712 0.001602 -0.00048
1237.50993 0.001605 -0.00048
1237.60273 0.001608 -0.00048
1237.69553 0.001612 -0.00048
1237.78833 0.001615 -0.00048
1237.88113 0.001618 -0.00048
1237.97393 0.001621 -0.00048
1238.06674 0.001625 -0.00049
1238.15954 0.001628 -0.00049
1238.25234 0.001631 -0.00049
1238.34514 0.001634 -0.00049
1238.43794 0.001638 -0.00049
1238.53074 0.001641 -0.00049
1238.62355 0.001644 -0.00049
1238.71635 0.001648 -0.00049
1238.80915 0.001651 -0.00049
1238.90195 0.001654 -0.00049
1238.99475 0.001658 -0.00050
1239.08755 0.001661 -0.00050
1239.18036 0.001664 -0.00050
1239.27316 0.001668 -0.00050
1239.36596 0.001671 -0.00050
1239.45876 0.001674 -0.00050
1239.55156 0.001678 -0.00050
1239.64436 0.001681 -0.00050
1239.73716 0.001684 -0.00050
1239.82997 0.001688 -0.00050
1239.92277 0.001691 -0.00051
1240.01557 0.001694 -0.00051
1240.10837 0.001698 -0.00051
1240.20117 0.001701 -0.00051
1240.29397 0.001705 -0.00051
1240.38678 0.001708 -0.00051
1240.47958 0.001711 -0.00051
1240.57238 0.001715 -0.00051
1240.66518 0.001718 -0.00051
1240.75798 0.001722 -0.00051
1240.85078 0.001725 -0.00052
1240.94359 0.001728 -0.00052
1241.03639 0.001732 -0.00052
1241.12919 0.001735 -0.00052
1241.22199 0.001739 -0.00052
1241.31479 0.001742 -0.00052
1241.40759 0.001746 -0.00052
1241.50040 0.001749 -0.00052
1241.59320 0.001753 -0.00052
1241.68600 0.001756 -0.00052
1241.77880 0.001759 -0.00053
1241.87160 0.001763 -0.00053
1241.96440 0.001766 -0.00053
1242.05721 0.001770 -0.00053
1242.15001 0.001773 -0.00053
1242.24281 0.001777 -0.00053
1242.33561 0.001780 -0.00053
1242.42841 0.001784 -0.00053
1242.52121 0.001787 -0.00053
1242.61402 0.001791 -0.00054
1242.70682 0.001794 -0.00054
1242.79962 0.001798 -0.00054
1242.89242 0.001801 -0.00054
1242.98522 0.001805 -0.00054
1243.07802 0.001808 -0.00054
1243.17083 0.001812 -0.00054
1243.26363 0.001815 -0.00054
1243.35643 0.001819 -0.00054
1243.44923 0.001822 -0.00054
1243.54203 0.001826 -0.00055
1243.63483 0.001830 -0.00055
1243.72764 0.001833 -0.00055
1243.82044 0.001837 -0.00055
1243.91324 0.001840 -0.00055
1244.00604 0.001844 -0.00055
1244.09884 0.001847 -0.00055
1244.19164 0.001851 -0.00055
1244.28445 0.001854 -0.00055
1244.37725 0.001858 -0.00056
1244.47005 0.001862 -0.00056
1244.56285 0.001865 -0.00056
1244.65565 0.001869 -0.00056
1244.74845 0.001872 -0.00056
1244.84126 0.001876 -0.00056
1244.93406 0.001880 -0.00056
1245.02686 0.001883 -0.00056
1245.11966 0.001887 -0.00056
1245.21246 0.001891 -0.00057
1245.30526 0.001894 -0.00057
1245.39807 0.001898 -0.00057
1245.49087 0.001901 -0.00057
1245.58367 0.001905 -0.00057
1245.67647 0.001909 -0.00057
1245.76927 0.001912 -0.00057
1245.86207 0.001916 -0.00057
1245.95488 0.001920 -0.00057
1246.04768 0.001923 -0.00057
1246.14048 0.001927 -0.00058
1246.23328 0.001931 -0.00058
1246.32608 0.001934 -0.00058
1246.41888 0.001938 -0.00058
1246.51168 0.001942 -0.00058
1246.60449 0.001945 -0.00058
1246.69729 0.001949 -0.00058
1246.79009 0.001953 -0.00058
1246.88289 0.001957 -0.00058
1246.97569 0.001960 -0.00059
1247.06849 0.001964 -0.00059
1247.16130 0.001968 -0.00059
1247.25410 0.001972 -0.00059
1247.34690 0.001975 -0.00059
1247.43970 0.001979 -0.00059
1247.53250 0.001983 -0.00059
1247.62530 0.001986 -0.00059
1247.71811 0.001990 -0.00059
1247.81091 0.001994 -0.00060
1247.90371 0.001998 -0.00060
1247.99651 0.002002 -0.00060
1248.08931 0.002005 -0.00060
1248.18211 0.002009 -0.00060
1248.27492 0.002013 -0.00060
1248.36772 0.002017 -0.00060
1248.46052 0.002020 -0.00060
1248.55332 0.002024 -0.00061
1248.64612 0.002028 -0.00061
1248.73892 0.002032 -0.00061
1248.83173 0.002036 -0.00061
1248.92453 0.002039 -0.00061
1249.01733 0.002043 -0.00061
1249.11013 0.002047 -0.00061
1249.20293 0.002051 -0.00061
1249.29573 0.002055 -0.00061
1249.38854 0.002059 -0.00062
1249.48134 0.002062 -0.00062
1249.57414 0.002066 -0.00062
1249.66694 0.002070 -0.00062
1249.75974 0.002074 -0.00062
1249.85254 0.002078 -0.00062
1249.94535 0.002082 -0.00062
1250.03815 0.002086 -0.00062
1250.13095 0.002089 -0.00062
1250.22375 0.002093 -0.00063
1250.31655 0.002097 -0.00063
1250.40935 0.002101 -0.00063
1250.50216 0.002105 -0.00063
1250.59496 0.002109 -0.00063
1250.68776 0.002113 -0.00063
1250.78056 0.002117 -0.00063
1250.87336 0.002121 -0.00063
1250.96616 0.002125 -0.00064
1251.05897 0.002129 -0.00064
1251.15177 0.002132 -0.00064
1251.24457 0.002136 -0.00064
1251.33737 0.002140 -0.00064
1251.43017 0.002144 -0.00064
1251.52297 0.002148 -0.00064
1251.61578 0.002152 -0.00064
1251.70858 0.002156 -0.00064
1251.80138 0.002160 -0.00065
1251.89418 0.002164 -0.00065
1251.98698 0.002168 -0.00065
1252.07978 0.002172 -0.00065
1252.17259 0.002176 -0.00065
1252.26539 0.002180 -0.00065
1252.35819 0.002184 -0.00065
1252.45099 0.002188 -0.00065
1252.54379 0.002192 -0.00066
1252.63659 0.002196 -0.00066
1252.72940 0.002200 -0.00066
1252.82220 0.002204 -0.00066
1252.91500 0.002208 -0.00066
1253.00780 0.002212 -0.00066
1253.10060 0.002216 -0.00066
1253.19340 0.002220 -0.00066
1253.28620 0.002224 -0.00067
1253.37901 0.002228 -0.00067
1253.47181 0.002232 -0.00067
1253.56461 0.002236 -0.00067
1253.65741 0.002240 -0.00067
1253.75021 0.002244 -0.00067
1253.84301 0.002249 -0.00067
1253.93582 0.002253 -0.00067
1254.02862 0.002257 -0.00068
1254.12142 0.002261 -0.00068
1254.21422 0.002265 -0.00068
1254.30702 0.002269 -0.00068
1254.39982 0.002273 -0.00068
1254.49263 0.002277 -0.00068
1254.58543 0.002281 -0.00068
1254.67823 0.002285 -0.00068
1254.77103 0.002290 -0.00068
1254.86383 0.002294 -0.00069
1254.95663 0.002298 -0.00069
1255.04944 0.002302 -0.00069
1255.14224 0.002306 -0.00069
1255.23504 0.002310 -0.00069
1255.32784 0.002314 -0.00069
1255.42064 0.002319 -0.00069
1255.51344 0.002323 -0.00069
1255.60625 0.002327 -0.00070
1255.69905 0.002331 -0.00070
1255.79185 0.002335 -0.00070
1255.88465 0.002339 -0.00070
1255.97745 0.002344 -0.00070
1256.07025 0.002348 -0.00070
1256.16306 0.002352 -0.00070
1256.25586 0.002356 -0.00070
1256.34866 0.002360 -0.00071
1256.44146 0.002365 -0.00071
1256.53426 0.002369 -0.00071
1256.62706 0.002373 -0.00071
1256.71987 0.002377 -0.00071
1256.81267 0.002381 -0.00071
1256.90547 0.002386 -0.00071
1256.99827 0.002390 -0.00072
1257.09107 0.002394 -0.00072
1257.18387 0.002398 -0.00072
1257.27668 0.002403 -0.00072
1257.36948 0.002407 -0.00072
1257.46228 0.002411 -0.00072
1257.55508 0.002415 -0.00072
1257.64788 0.002420 -0.00072
1257.74068 0.002424 -0.00073
1257.83349 0.002428 -0.00073
1257.92629 0.002433 -0.00073
1258.01909 0.002437 -0.00073
1258.11189 0.002441 -0.00073
1258.20469 0.002445 -0.00073
1258.29749 0.002450 -0.00073
1258.39030 0.002454 -0.00073
1258.48310 0.002458 -0.00074
1258.57590 0.002463 -0.00074
1258.66870 0.002467 -0.00074
1258.76150 0.002471 -0.00074
1258.85430 0.002476 -0.00074
1258.94711 0.002480 -0.00074
1259.03991 0.002484 -0.00074
1259.13271 0.002489 -0.00074
1259.22551 0.002493 -0.00075
1259.31831 0.002498 -0.00075
1259.41111 0.002502 -0.00075
1259.50392 0.002506 -0.00075
1259.59672 0.002511 -0.00075
1259.68952 0.002515 -0.00075
1259.78232 0.002519 -0.00075
1259.87512 0.002524 -0.00076
1259.96792 0.002528 -0.00076
1260.06072 0.002533 -0.00076
1260.15353 0.002537 -0.00076
1260.24633 0.002542 -0.00076
1260.33913 0.002546 -0.00076
1260.43193 0.002550 -0.00076
1260.52473 0.002555 -0.00076
1260.61753 0.002559 -0.00077
1260.71034 0.002564 -0.00077
1260.80314 0.002568 -0.00077
1260.89594 0.002573 -0.00077
1260.98874 0.002577 -0.00077
1261.08154 0.002581 -0.00077
1261.17434 0.002586 -0.00077
1261.26715 0.002590 -0.00078
1261.35995 0.002595 -0.00078
1261.45275 0.002599 -0.00078
1261.54555 0.002604 -0.00078
1261.63835 0.002608 -0.00078
1261.73115 0.002613 -0.00078
1261.82396 0.002617 -0.00078
1261.91676 0.002622 -0.00078
1262.00956 0.002626 -0.00079
1262.10236 0.002631 -0.00079
1262.19516 0.002635 -0.00079
1262.28796 0.002640 -0.00079
1262.38077 0.002645 -0.00079
1262.47357 0.002649 -0.00079
1262.56637 0.002654 -0.00079
1262.65917 0.002658 -0.00080
1262.75197 0.002663 -0.00080
1262.84477 0.002667 -0.00080
1262.93758 0.002672 -0.00080
1263.03038 0.002676 -0.00080
1263.12318 0.002681 -0.00080
1263.21598 0.002686 -0.00080
1263.30878 0.002690 -0.00081
1263.40158 0.002695 -0.00081
1263.49439 0.002699 -0.00081
1263.58719 0.002704 -0.00081
1263.67999 0.002709 -0.00081
1263.77279 0.002713 -0.00081
1263.86559 0.002718 -0.00081
1263.95839 0.002722 -0.00082
1264.05120 0.002727 -0.00082
1264.14400 0.002732 -0.00082
1264.23680 0.002736 -0.00082
1264.32960 0.002741 -0.00082
1264.42240 0.002746 -0.00082
1264.51520 0.002750 -0.00082
1264.60801 0.002755 -0.00082
1264.70081 0.002760 -0.00083
1264.79361 0.002764 -0.00083
1264.88641 0.002769 -0.00083
1264.97921 0.002774 -0.00083
1265.07201 0.002778 -0.00083
1265.16482 0.002783 -0.00083
1265.25762 0.002788 -0.00083
1265.35042 0.002792 -0.00084
1265.44322 0.002797 -0.00084
1265.53602 0.002802 -0.00084
1265.62882 0.002807 -0.00084
1265.72163 0.002811 -0.00084
1265.81443 0.002816 -0.00084
1265.90723 0.002821 -0.00084
1266.00003 0.002826 -0.00085
1266.09283 0.002830 -0.00085
1266.18563 0.002835 -0.00085
1266.27844 0.002840 -0.00085
1266.37124 0.002845 -0.00085
1266.46404 0.002849 -0.00085
1266.55684 0.002854 -0.00085
1266.64964 0.002859 -0.00086
1266.74244 0.002864 -0.00086
1266.83524 0.002868 -0.00086
1266.92805 0.002873 -0.00086
1267.02085 0.002878 -0.00086
1267.11365 0.002883 -0.00086
1267.20645 0.002888 -0.00086
1267.29925 0.002892 -0.00087
1267.39205 0.002897 -0.00087
1267.48486 0.002902 -0.00087
1267.57766 0.002907 -0.00087
1267.67046 0.002912 -0.00087
1267.76326 0.002917 -0.00087
1267.85606 0.002921 -0.00087
1267.94886 0.002926 -0.00088
1268.04167 0.002931 -0.00088
1268.13447 0.002936 -0.00088
1268.22727 0.002941 -0.00088
1268.32007 0.002946 -0.00088
1268.41287 0.002951 -0.00088
1268.50567 0.002956 -0.00089
1268.59848 0.002960 -0.00089
1268.69128 0.002965 -0.00089
1268.78408 0.002970 -0.00089
1268.87688 0.002975 -0.00089
1268.96968 0.002980 -0.00089
1269.06248 0.002985 -0.00089
1269.15529 0.002990 -0.00090
1269.24809 0.002995 -0.00090
1269.34089 0.003000 -0.00090
1269.43369 0.003005 -0.00090
1269.52649 0.003010 -0.00090
1269.61929 0.003015 -0.00090
1269.71210 0.003020 -0.00090
1269.80490 0.003025 -0.00091
1269.89770 0.003030 -0.00091
1269.99050 0.003034 -0.00091
1270.08330 0.003039 -0.00091
1270.17610 0.003044 -0.00091
1270.26891 0.003049 -0.00091
1270.36171 0.003054 -0.00091
1270.45451 0.003059 -0.00092
1270.54731 0.003064 -0.00092
1270.64011 0.003069 -0.00092
1270.73291 0.003074 -0.00092
1270.82572 0.003079 -0.00092
1270.91852 0.003085 -0.00092
1271.01132 0.003090 -0.00093
1271.10412 0.003095 -0.00093
1271.19692 0.003100 -0.00093
1271.28972 0.003105 -0.00093
1271.38253 0.003110 -0.00093
1271.47533 0.003115 -0.00093
1271.56813 0.003120 -0.00093
1271.66093 0.003125 -0.00094
1271.75373 0.003130 -0.00094
1271.84653 0.003135 -0.00094
1271.93934 0.003140 -0.00094
1272.03214 0.003145 -0.00094
1272.12494 0.003150 -0.00094
1272.21774 0.003155 -0.00095
1272.31054 0.003161 -0.00095
1272.40334 0.003166 -0.00095
1272.49615 0.003171 -0.00095
1272.58895 0.003176 -0.00095
1272.68175 0.003181 -0.00095
1272.77455 0.003186 -0.00095
1272.86735 0.003191 -0.00096
1272.96015 0.003196 -0.00096
1273.05296 0.003202 -0.00096
1273.14576 0.003207 -0.00096
1273.23856 0.003212 -0.00096
1273.33136 0.003217 -0.00096
1273.42416 0.003222 -0.00097
1273.51696 0.003227 -0.00097
1273.60976 0.003233 -0.00097
1273.70257 0.003238 -0.00097
1273.79537 0.003243 -0.00097
1273.88817 0.003248 -0.00097
1273.98097 0.003253 -0.00097
1274.07377 0.003259 -0.00098
1274.16657 0.003264 -0.00098
1274.25938 0.003269 -0.00098
1274.35218 0.003274 -0.00098
1274.44498 0.003280 -0.00098
1274.53778 0.003285 -0.00098
1274.63058 0.003290 -0.00099
1274.72338 0.003295 -0.00099
1274.81619 0.003301 -0.00099
1274.90899 0.003306 -0.00099
1275.00179 0.003311 -0.00099
1275.09459 0.003316 -0.00099
1275.18739 0.003322 -0.00100
1275.28019 0.003327 -0.00100
1275.37300 0.003332 -0.00100
1275.46580 0.003338 -0.00100
1275.55860 0.003343 -0.00100
1275.65140 0.003348 -0.00100
1275.74420 0.003354 -0.00100
1275.83700 0.003359 -0.00101
1275.92981 0.003364 -0.00101
1276.02261 0.003369 -0.00101
1276.11541 0.003375 -0.00101
1276.20821 0.003380 -0.00101
1276.30101 0.003386 -0.00101
1276.39381 0.003391 -0.00102
1276.48662 0.003396 -0.00102
1276.57942 0.003402 -0.00102
1276.67222 0.003407 -0.00102
1276.76502 0.003412 -0.00102
1276.85782 0.003418 -0.00102
1276.95062 0.003423 -0.00103
1277.04343 0.003429 -0.00103
1277.13623 0.003434 -0.00103
1277.22903 0.003439 -0.00103
1277.32183 0.003445 -0.00103
1277.41463 0.003450 -0.00103
1277.50743 0.003456 -0.00104
1277.60024 0.003461 -0.00104
1277.69304 0.003466 -0.00104
1277.78584 0.003472 -0.00104
1277.87864 0.003477 -0.00104
1277.97144 0.003483 -0.00104
1278.06424 0.003488 -0.00105
1278.15705 0.003494 -0.00105
1278.24985 0.003499 -0.00105
1278.34265 0.003505 -0.00105
1278.43545 0.003510 -0.00105
1278.52825 0.003516 -0.00105
1278.62105 0.003521 -0.00106
1278.71386 0.003527 -0.00106
1278.80666 0.003532 -0.00106
1278.89946 0.003538 -0.00106
1278.99226 0.003543 -0.00106
1279.08506 0.003549 -0.00106
1279.17786 0.003554 -0.00107
1279.27067 0.003560 -0.00107
1279.36347 0.003565 -0.00107
1279.45627 0.003571 -0.00107
1279.54907 0.003576 -0.00107
1279.64187 0.003582 -0.00107
1279.73467 0.003587 -0.00108
1279.82748 0.003593 -0.00108
1279.92028 0.003599 -0.00108
1280.01308 0.003604 -0.00108
1280.10588 0.003610 -0.00108
1280.19868 0.003615 -0.00108
1280.29148 0.003621 -0.00109
1280.38428 0.003626 -0.00109
1280.47709 0.003632 -0.00109
1280.56989 0.003638 -0.00109
1280.66269 0.003643 -0.00109
1280.75549 0.003649 -0.00109
1280.84829 0.003655 -0.00110
1280.94109 0.003660 -0.00110
1281.03390 0.003666 -0.00110
1281.12670 0.003671 -0.00110
1281.21950 0.003677 -0.00110
1281.31230 0.003683 -0.00110
1281.40510 0.003688 -0.00111
1281.49790 0.003694 -0.00111
1281.59071 0.003700 -0.00111
1281.68351 0.003705 -0.00111
1281.77631 0.003711 -0.00111
1281.86911 0.003717 -0.00111
1281.96191 0.003723 -0.00112
1282.05471 0.003728 -0.00112
1282.14752 0.003734 -0.00112
1282.24032 0.003740 -0.00112
1282.33312 0.003745 -0.00112
1282.42592 0.003751 -0.00112
1282.51872 0.003757 -0.00113
1282.61152 0.003763 -0.00113
1282.70433 0.003768 -0.00113
1282.79713 0.003774 -0.00113
1282.88993 0.003780 -0.00113
1282.98273 0.003786 -0.00114
1283.07553 0.003791 -0.00114
1283.16833 0.003797 -0.00114
1283.26114 0.003803 -0.00114
1283.35394 0.003809 -0.00114
1283.44674 0.003815 -0.00114
1283.53954 0.003820 -0.00115
1283.63234 0.003826 -0.00115
1283.72514 0.003832 -0.00115
1283.81795 0.003838 -0.00115
1283.91075 0.003844 -0.00115
1284.00355 0.003849 -0.00115
1284.09635 0.003855 -0.00116
1284.18915 0.003861 -0.00116
1284.28195 0.003867 -0.00116
1284.37476 0.003873 -0.00116
1284.46756 0.003879 -0.00116
1284.56036 0.003884 -0.00116
1284.65316 0.003890 -0.00117
1284.74596 0.003896 -0.00117
1284.83876 0.003902 -0.00117
1284.93157 0.003908 -0.00117
1285.02437 0.003914 -0.00117
1285.11717 0.003920 -0.00118
1285.20997 0.003926 -0.00118
1285.30277 0.003932 -0.00118
1285.39557 0.003938 -0.00118
1285.48838 0.003943 -0.00118
1285.58118 0.003949 -0.00118
1285.67398 0.003955 -0.00119
1285.76678 0.003961 -0.00119
1285.85958 0.003967 -0.00119
1285.95238 0.003973 -0.00119
1286.04519 0.003979 -0.00119
1286.13799 0.003985 -0.00120
1286.23079 0.003991 -0.00120
1286.32359 0.003997 -0.00120
1286.41639 0.004003 -0.00120
1286.50919 0.004009 -0.00120
1286.60200 0.004015 -0.00120
1286.69480 0.004021 -0.00121
1286.78760 0.004027 -0.00121
1286.88040 0.004033 -0.00121
1286.97320 0.004039 -0.00121
1287.06600 0.004045 -0.00121
1287.15880 0.004051 -0.00121
1287.25161 0.004057 -0.00122
1287.34441 0.004063 -0.00122
1287.43721 0.004069 -0.00122
1287.53001 0.004075 -0.00122
1287.62281 0.004081 -0.00122
1287.71561 0.004087 -0.00123
1287.80842 0.004093 -0.00123
1287.90122 0.004099 -0.00123
1287.99402 0.004106 -0.00123
1288.08682 0.004112 -0.00123
1288.17962 0.004118 -0.00124
1288.27242 0.004124 -0.00124
1288.36523 0.004130 -0.00124
1288.45803 0.004136 -0.00124
1288.55083 0.004142 -0.00124
1288.64363 0.004148 -0.00124
1288.73643 0.004154 -0.00125
1288.82923 0.004161 -0.00125
1288.92204 0.004167 -0.00125
1289.01484 0.004173 -0.00125
1289.10764 0.004179 -0.00125
1289.20044 0.004185 -0.00126
1289.29324 0.004191 -0.00126
1289.38604 0.004198 -0.00126
1289.47885 0.004204 -0.00126
1289.57165 0.004210 -0.00126
1289.66445 0.004216 -0.00126
1289.75725 0.004222 -0.00127
1289.85005 0.004228 -0.00127
1289.94285 0.004235 -0.00127
1290.03566 0.004241 -0.00127
1290.12846 0.004247 -0.00127
1290.22126 0.004253 -0.00128
1290.31406 0.004260 -0.00128
1290.40686 0.004266 -0.00128
1290.49966 0.004272 -0.00128
1290.59247 0.004278 -0.00128
1290.68527 0.004285 -0.00129
1290.77807 0.004291 -0.00129
1290.87087 0.004297 -0.00129
1290.96367 0.004303 -0.00129
1291.05647 0.004310 -0.00129
1291.14928 0.004316 -0.00129
1291.24208 0.004322 -0.00130
1291.33488 0.004329 -0.00130
1291.42768 0.004335 -0.00130
1291.52048 0.004341 -0.00130
1291.61328 0.004348 -0.00130
1291.70609 0.004354 -0.00131
1291.79889 0.004360 -0.00131
1291.89169 0.004367 -0.00131
1291.98449 0.004373 -0.00131
1292.07729 0.004379 -0.00131
1292.17009 0.004386 -0.00132
1292.26290 0.004392 -0.00132
1292.35570 0.004398 -0.00132
1292.44850 0.004405 -0.00132
1292.54130 0.004411 -0.00132
1292.63410 0.004417 -0.00133
1292.72690 0.004424 -0.00133
1292.81971 0.004430 -0.00133
1292.91251 0.004437 -0.00133
1293.00531 0.004443 -0.00133
1293.09811 0.004449 -0.00133
1293.19091 0.004456 -0.00134
1293.28371 0.004462 -0.00134
1293.37652 0.004469 -0.00134
1293.46932 0.004475 -0.00134
1293.56212 0.004482 -0.00134
1293.65492 0.004488 -0.00135
1293.74772 0.004495 -0.00135
1293.84052 0.004501 -0.00135
1293.93332 0.004507 -0.00135
1294.02613 0.004514 -0.00135
1294.11893 0.004520 -0.00136
1294.21173 0.004527 -0.00136
1294.30453 0.004533 -0.00136
1294.39733 0.004540 -0.00136
1294.49013 0.004546 -0.00136
1294.58294 0.004553 -0.00137
1294.67574 0.004560 -0.00137
1294.76854 0.004566 -0.00137
1294.86134 0.004573 -0.00137
1294.95414 0.004579 -0.00137
1295.04694 0.004586 -0.00138
1295.13975 0.004592 -0.00138
1295.23255 0.004599 -0.00138
1295.32535 0.004605 -0.00138
1295.41815 0.004612 -0.00138
1295.51095 0.004618 -0.00139
1295.60375 0.004625 -0.00139
1295.69656 0.004632 -0.00139
1295.78936 0.004638 -0.00139
1295.88216 0.004645 -0.00139
1295.97496 0.004651 -0.00140
1296.06776 0.004658 -0.00140
1296.16056 0.004665 -0.00140
1296.25337 0.004671 -0.00140
1296.34617 0.004678 -0.00140
1296.43897 0.004685 -0.00141
1296.53177 0.004691 -0.00141
1296.62457 0.004698 -0.00141
1296.71737 0.004705 -0.00141
1296.81018 0.004711 -0.00141
1296.90298 0.004718 -0.00142
1296.99578 0.004725 -0.00142
1297.08858 0.004731 -0.00142
1297.18138 0.004738 -0.00142
1297.27418 0.004745 -0.00142
1297.36699 0.004751 -0.00143
1297.45979 0.004758 -0.00143
1297.55259 0.004765 -0.00143
1297.64539 0.004772 -0.00143
1297.73819 0.004778 -0.00143
1297.83099 0.004785 -0.00144
1297.92380 0.004792 -0.00144
1298.01660 0.004799 -0.00144
1298.10940 0.004805 -0.00144
1298.20220 0.004812 -0.00144
1298.29500 0.004819 -0.00145
1298.38780 0.004826 -0.00145
1298.48061 0.004832 -0.00145
1298.57341 0.004839 -0.00145
1298.66621 0.004846 -0.00145
1298.75901 0.004853 -0.00146
1298.85181 0.004860 -0.00146
1298.94461 0.004866 -0.00146
1299.03742 0.004873 -0.00146
1299.13022 0.004880 -0.00146
1299.22302 0.004887 -0.00147
1299.31582 0.004894 -0.00147
1299.40862 0.004901 -0.00147
1299.50142 0.004907 -0.00147
1299.59423 0.004914 -0.00147
1299.68703 0.004921 -0.00148
1299.77983 0.004928 -0.00148
1299.87263 0.004935 -0.00148
1299.96543 0.004942 -0.00148
1300.05823 0.004949 -0.00149
1300.15104 0.004955 -0.00149
1300.24384 0.004962 -0.00149
1300.33664 0.004969 -0.00149
1300.42944 0.004976 -0.00149
1300.52224 0.004983 -0.00150
1300.61504 0.004990 -0.00150
1300.70785 0.004997 -0.00150
1300.80065 0.005004 -0.00150
1300.89345 0.005011 -0.00150
1300.98625 0.005018 -0.00151
1301.07905 0.005025 -0.00151
1301.17185 0.005032 -0.00151
1301.26465 0.005039 -0.00151
1301.35746 0.005046 -0.00151
1301.45026 0.005053 -0.00152
1301.54306 0.005060 -0.00152
1301.63586 0.005067 -0.00152
1301.72866 0.005074 -0.00152
1301.82146 0.005081 -0.00153
1301.91427 0.005088 -0.00153
1302.00707 0.005095 -0.00153
1302.09987 0.005102 -0.00153
1302.19267 0.005109 -0.00153
1302.28547 0.005116 -0.00154
1302.37827 0.005123 -0.00154
1302.47108 0.005130 -0.00154
1302.56388 0.005137 -0.00154
1302.65668 0.005144 -0.00154
1302.74948 0.005151 -0.00155
1302.84228 0.005158 -0.00155
1302.93508 0.005165 -0.00155
1303.02789 0.005172 -0.00155
1303.12069 0.005180 -0.00155
1303.21349 0.005187 -0.00156
1303.30629 0.005194 -0.00156
1303.39909 0.005201 -0.00156
1303.49189 0.005208 -0.00156
1303.58470 0.005215 -0.00157
1303.67750 0.005222 -0.00157
1303.77030 0.005229 -0.00157
1303.86310 0.005237 -0.00157
1303.95590 0.005244 -0.00157
1304.04870 0.005251 -0.00158
1304.14151 0.005258 -0.00158
1304.23431 0.005265 -0.00158
1304.32711 0.005272 -0.00158
1304.41991 0.005280 -0.00159
1304.51271 0.005287 -0.00159
1304.60551 0.005294 -0.00159
1304.69832 0.005301 -0.00159
1304.79112 0.005309 -0.00159
1304.88392 0.005316 -0.00160
1304.97672 0.005323 -0.00160
1305.06952 0.005330 -0.00160
1305.16232 0.005337 -0.00160
1305.25513 0.005345 -0.00160
1305.34793 0.005352 -0.00161
1305.44073 0.005359 -0.00161
1305.53353 0.005367 -0.00161
1305.62633 0.005374 -0.00161
1305.71913 0.005381 -0.00162
1305.81194 0.005388 -0.00162
1305.90474 0.005396 -0.00162
1305.99754 0.005403 -0.00162
1306.09034 0.005410 -0.00162
1306.18314 0.005418 -0.00163
1306.27594 0.005425 -0.00163
1306.36875 0.005432 -0.00163
1306.46155 0.005440 -0.00163
1306.55435 0.005447 -0.00164
1306.64715 0.005454 -0.00164
1306.73995 0.005462 -0.00164
1306.83275 0.005469 -0.00164
1306.92556 0.005476 -0.00164
1307.01836 0.005484 -0.00165
1307.11116 0.005491 -0.00165
1307.20396 0.005499 -0.00165
1307.29676 0.005506 -0.00165
1307.38956 0.005513 -0.00166
1307.48237 0.005521 -0.00166
1307.57517 0.005528 -0.00166
1307.66797 0.005536 -0.00166
1307.76077 0.005543 -0.00166
1307.85357 0.005550 -0.00167
1307.94637 0.005558 -0.00167
1308.03917 0.005565 -0.00167
1308.13198 0.005573 -0.00167
1308.22478 0.005580 -0.00168
1308.31758 0.005588 -0.00168
1308.41038 0.005595 -0.00168
1308.50318 0.005603 -0.00168
1308.59598 0.005610 -0.00168
1308.68879 0.005618 -0.00169
1308.78159 0.005625 -0.00169
1308.87439 0.005633 -0.00169
1308.96719 0.005640 -0.00169
1309.05999 0.005648 -0.00170
1309.15279 0.005655 -0.00170
1309.24560 0.005663 -0.00170
1309.33840 0.005670 -0.00170
1309.43120 0.005678 -0.00171
1309.52400 0.005685 -0.00171
1309.61680 0.005693 -0.00171
1309.70960 0.005701 -0.00171
1309.80241 0.005708 -0.00171
1309.89521 0.005716 -0.00172
1309.98801 0.005723 -0.00172
1310.08081 0.005731 -0.00172
1310.17361 0.005739 -0.00172
1310.26641 0.005746 -0.00173
1310.35922 0.005754 -0.00173
1310.45202 0.005761 -0.00173
1310.54482 0.005769 -0.00173
1310.63762 0.005777 -0.00173
1310.73042 0.005784 -0.00174
1310.82322 0.005792 -0.00174
1310.91603 0.005800 -0.00174
1311.00883 0.005807 -0.00174
1311.10163 0.005815 -0.00175
1311.19443 0.005823 -0.00175
1311.28723 0.005830 -0.00175
1311.38003 0.005838 -0.00175
1311.47284 0.005846 -0.00176
1311.56564 0.005853 -0.00176
1311.65844 0.005861 -0.00176
1311.75124 0.005869 -0.00176
1311.84404 0.005877 -0.00176
1311.93684 0.005884 -0.00177
1312.02965 0.005892 -0.00177
1312.12245 0.005900 -0.00177
1312.21525 0.005908 -0.00177
1312.30805 0.005915 -0.00178
1312.40085 0.005923 -0.00178
1312.49365 0.005931 -0.00178
1312.58646 0.005939 -0.00178
1312.67926 0.005946 -0.00179
1312.77206 0.005954 -0.00179
1312.86486 0.005962 -0.00179
1312.95766 0.005970 -0.00179
1313.05046 0.005978 -0.00180
1313.14327 0.005985 -0.00180
1313.23607 0.005993 -0.00180
1313.32887 0.006001 -0.00180
1313.42167 0.006009 -0.00180
1313.51447 0.006017 -0.00181
1313.60727 0.006025 -0.00181
1313.70008 0.006033 -0.00181
1313.79288 0.006040 -0.00181
1313.88568 0.006048 -0.00182
1313.97848 0.006056 -0.00182
1314.07128 0.006064 -0.00182
1314.16408 0.006072 -0.00182
1314.25689 0.006080 -0.00183
1314.34969 0.006088 -0.00183
1314.44249 0.006096 -0.00183
1314.53529 0.006104 -0.00183
1314.62809 0.006112 -0.00184
1314.72089 0.006119 -0.00184
1314.81369 0.006127 -0.00184
1314.90650 0.006135 -0.00184
1314.99930 0.006143 -0.00185
1315.09210 0.006151 -0.00185
1315.18490 0.006159 -0.00185
1315.27770 0.006167 -0.00185
1315.37050 0.006175 -0.00185
1315.46331 0.006183 -0.00186
1315.55611 0.006191 -0.00186
1315.64891 0.006199 -0.00186
1315.74171 0.006207 -0.00186
1315.83451 0.006215 -0.00187
1315.92731 0.006223 -0.00187
1316.02012 0.006231 -0.00187
1316.11292 0.006239 -0.00187
1316.20572 0.006247 -0.00188
1316.29852 0.006255 -0.00188
1316.39132 0.006264 -0.00188
1316.48412 0.006272 -0.00188
1316.57693 0.006280 -0.00189
1316.66973 0.006288 -0.00189
1316.76253 0.006296 -0.00189
1316.85533 0.006304 -0.00189
1316.94813 0.006312 -0.00190
1317.04093 0.006320 -0.00190
1317.13374 0.006328 -0.00190
1317.22654 0.006336 -0.00190
1317.31934 0.006344 -0.00191
1317.41214 0.006353 -0.00191
1317.50494 0.006361 -0.00191
1317.59774 0.006369 -0.00191
1317.69055 0.006377 -0.00192
1317.78335 0.006385 -0.00192
1317.87615 0.006393 -0.00192
1317.96895 0.006402 -0.00192
1318.06175 0.006410 -0.00193
1318.15455 0.006418 -0.00193
1318.24736 0.006426 -0.00193
1318.34016 0.006434 -0.00193
1318.43296 0.006443 -0.00194
1318.52576 0.006451 -0.00194
1318.61856 0.006459 -0.00194
1318.71136 0.006467 -0.00194
1318.80417 0.006476 -0.00195
1318.89697 0.006484 -0.00195
1318.98977 0.006492 -0.00195
1319.08257 0.006500 -0.00195
1319.17537 0.006509 -0.00196
1319.26817 0.006517 -0.00196
1319.36098 0.006525 -0.00196
1319.45378 0.006533 -0.00196
1319.54658 0.006542 -0.00197
1319.63938 0.006550 -0.00197
1319.73218 0.006558 -0.00197
1319.82498 0.006567 -0.00197
1319.91779 0.006575 -0.00198
1320.01059 0.006583 -0.00198
1320.10339 0.006592 -0.00198
1320.19619 0.006600 -0.00198
1320.28899 0.006608 -0.00199
1320.38179 0.006617 -0.00199
1320.47460 0.006625 -0.00199
1320.56740 0.006633 -0.00199
1320.66020 0.006642 -0.00200
1320.75300 0.006650 -0.00200
1320.84580 0.006659 -0.00200
1320.93860 0.006667 -0.00200
1321.03141 0.006675 -0.00201
1321.12421 0.006684 -0.00201
1321.21701 0.006692 -0.00201
1321.30981 0.006701 -0.00201
1321.40261 0.006709 -0.00202
1321.49541 0.006718 -0.00202
1321.58821 0.006726 -0.00202
1321.68102 0.006735 -0.00202
1321.77382 0.006743 -0.00203
1321.86662 0.006751 -0.00203
1321.95942 0.006760 -0.00203
1322.05222 0.006768 -0.00203
1322.14502 0.006777 -0.00204
1322.23783 0.006785 -0.00204
1322.33063 0.006794 -0.00204
1322.42343 0.006802 -0.00204
1322.51623 0.006811 -0.00205
1322.60903 0.006820 -0.00205
1322.70183 0.006828 -0.00205
1322.79464 0.006837 -0.00205
1322.88744 0.006845 -0.00206
1322.98024 0.006854 -0.00206
1323.07304 0.006862 -0.00206
1323.16584 0.006871 -0.00206
1323.25864 0.006879 -0.00207
1323.35145 0.006888 -0.00207
1323.44425 0.006897 -0.00207
1323.53705 0.006905 -0.00207
1323.62985 0.006914 -0.00208
1323.72265 0.006922 -0.00208
1323.81545 0.006931 -0.00208
1323.90826 0.006940 -0.00209
1324.00106 0.006948 -0.00209
1324.09386 0.006957 -0.00209
1324.18666 0.006966 -0.00209
1324.27946 0.006974 -0.00210
1324.37226 0.006983 -0.00210
1324.46507 0.006992 -0.00210
1324.55787 0.007000 -0.00210
1324.65067 0.007009 -0.00211
1324.74347 0.007018 -0.00211
1324.83627 0.007026 -0.00211
1324.92907 0.007035 -0.00211
1325.02188 0.007044 -0.00212
1325.11468 0.007053 -0.00212
1325.20748 0.007061 -0.00212
1325.30028 0.007070 -0.00212
1325.39308 0.007079 -0.00213
1325.48588 0.007088 -0.00213
1325.57869 0.007096 -0.00213
1325.67149 0.007105 -0.00214
1325.76429 0.007114 -0.00214
1325.85709 0.007123 -0.00214
1325.94989 0.007131 -0.00214
1326.04269 0.007140 -0.00215
1326.13550 0.007149 -0.00215
1326.22830 0.007158 -0.00215
1326.32110 0.007167 -0.00215
1326.41390 0.007175 -0.00216
1326.50670 0.007184 -0.00216
1326.59950 0.007193 -0.00216
1326.69231 0.007202 -0.00216
1326.78511 0.007211 -0.00217
1326.87791 0.007220 -0.00217
1326.97071 0.007229 -0.00217
1327.06351 0.007237 -0.00218
1327.15631 0.007246 -0.00218
1327.24912 0.007255 -0.00218
1327.34192 0.007264 -0.00218
1327.43472 0.007273 -0.00219
1327.52752 0.007282 -0.00219
1327.62032 0.007291 -0.00219
1327.71312 0.007300 -0.00219
1327.80593 0.007309 -0.00220
1327.89873 0.007318 -0.00220
1327.99153 0.007327 -0.00220
1328.08433 0.007336 -0.00220
1328.17713 0.007345 -0.00221
1328.26993 0.007354 -0.00221
1328.36273 0.007363 -0.00221
1328.45554 0.007372 -0.00222
1328.54834 0.007381 -0.00222
1328.64114 0.007390 -0.00222
1328.73394 0.007399 -0.00222
1328.82674 0.007408 -0.00223
1328.91954 0.007417 -0.00223
1329.01235 0.007426 -0.00223
1329.10515 0.007435 -0.00223
1329.19795 0.007444 -0.00224
1329.29075 0.007453 -0.00224
1329.38355 0.007462 -0.00224
1329.47635 0.007471 -0.00225
1329.56916 0.007480 -0.00225
1329.66196 0.007489 -0.00225
1329.75476 0.007498 -0.00225
1329.84756 0.007507 -0.00226
1329.94036 0.007516 -0.00226
1330.03316 0.007525 -0.00226
1330.12597 0.007535 -0.00226
1330.21877 0.007544 -0.00227
1330.31157 0.007553 -0.00227
1330.40437 0.007562 -0.00227
1330.49717 0.007571 -0.00228
1330.58997 0.007580 -0.00228
1330.68278 0.007589 -0.00228
1330.77558 0.007599 -0.00228
1330.86838 0.007608 -0.00229
1330.96118 0.007617 -0.00229
1331.05398 0.007626 -0.00229
1331.14678 0.007635 -0.00230
1331.23959 0.007645 -0.00230
1331.33239 0.007654 -0.00230
1331.42519 0.007663 -0.00230
1331.51799 0.007672 -0.00231
1331.61079 0.007681 -0.00231
1331.70359 0.007691 -0.00231
1331.79640 0.007700 -0.00231
1331.88920 0.007709 -0.00232
1331.98200 0.007718 -0.00232
1332.07480 0.007728 -0.00232
1332.16760 0.007737 -0.00233
1332.26040 0.007746 -0.00233
1332.35321 0.007756 -0.00233
1332.44601 0.007765 -0.00233
1332.53881 0.007774 -0.00234
1332.63161 0.007784 -0.00234
1332.72441 0.007793 -0.00234
1332.81721 0.007802 -0.00235
1332.91002 0.007811 -0.00235
1333.00282 0.007821 -0.00235
1333.09562 0.007830 -0.00235
1333.18842 0.007840 -0.00236
1333.28122 0.007849 -0.00236
1333.37402 0.007858 -0.00236
1333.46683 0.007868 -0.00237
1333.55963 0.007877 -0.00237
1333.65243 0.007886 -0.00237
1333.74523 0.007896 -0.00237
1333.83803 0.007905 -0.00238
1333.93083 0.007915 -0.00238
1334.02364 0.007924 -0.00238
1334.11644 0.007934 -0.00239
1334.20924 0.007943 -0.00239
1334.30204 0.007953 -0.00239
1334.39484 0.007962 -0.00239
1334.48764 0.007971 -0.00240
1334.58045 0.007981 -0.00240
1334.67325 0.007990 -0.00240
1334.76605 0.008000 -0.00241
1334.85885 0.008009 -0.00241
1334.95165 0.008019 -0.00241
1335.04445 0.008028 -0.00241
1335.13725 0.008038 -0.00242
1335.23006 0.008047 -0.00242
1335.32286 0.008057 -0.00242
1335.41566 0.008067 -0.00243
1335.50846 0.008076 -0.00243
1335.60126 0.008086 -0.00243
1335.69406 0.008095 -0.00243
1335.78687 0.008105 -0.00244
1335.87967 0.008114 -0.00244
1335.97247 0.008124 -0.00244
1336.06527 0.008134 -0.00245
1336.15807 0.008143 -0.00245
1336.25087 0.008153 -0.00245
1336.34368 0.008162 -0.00245
1336.43648 0.008172 -0.00246
1336.52928 0.008182 -0.00246
1336.62208 0.008191 -0.00246
1336.71488 0.008201 -0.00247
1336.80768 0.008211 -0.00247
1336.90049 0.008220 -0.00247
1336.99329 0.008230 -0.00247
1337.08609 0.008240 -0.00248
1337.17889 0.008249 -0.00248
1337.27169 0.008259 -0.00248
1337.36449 0.008269 -0.00249
1337.45730 0.008278 -0.00249
1337.55010 0.008288 -0.00249
1337.64290 0.008298 -0.00249
1337.73570 0.008308 -0.00250
1337.82850 0.008317 -0.00250
1337.92130 0.008327 -0.00250
1338.01411 0.008337 -0.00251
1338.10691 0.008347 -0.00251
1338.19971 0.008356 -0.00251
1338.29251 0.008366 -0.00252
1338.38531 0.008376 -0.00252
1338.47811 0.008386 -0.00252
1338.57092 0.008395 -0.00252
1338.66372 0.008405 -0.00253
1338.75652 0.008415 -0.00253
1338.84932 0.008425 -0.00253
1338.94212 0.008435 -0.00254
1339.03492 0.008445 -0.00254
1339.12773 0.008454 -0.00254
1339.22053 0.008464 -0.00255
1339.31333 0.008474 -0.00255
1339.40613 0.008484 -0.00255
1339.49893 0.008494 -0.00255
1339.59173 0.008504 -0.00256
1339.68454 0.008514 -0.00256
1339.77734 0.008524 -0.00256
1339.87014 0.008533 -0.00257
1339.96294 0.008543 -0.00257
1340.05574 0.008553 -0.00257
1340.14854 0.008563 -0.00257
1340.24135 0.008573 -0.00258
1340.33415 0.008583 -0.00258
1340.42695 0.008593 -0.00258
1340.51975 0.008603 -0.00259
1340.61255 0.008613 -0.00259
1340.70535 0.008623 -0.00259
1340.79816 0.008633 -0.00260
1340.89096 0.008643 -0.00260
1340.98376 0.008653 -0.00260
1341.07656 0.008663 -0.00261
1341.16936 0.008673 -0.00261
1341.26216 0.008683 -0.00261
1341.35497 0.008693 -0.00261
1341.44777 0.008703 -0.00262
1341.54057 0.008713 -0.00262
1341.63337 0.008723 -0.00262
1341.72617 0.008733 -0.00263
1341.81897 0.008743 -0.00263
1341.91177 0.008753 -0.00263
1342.00458 0.008763 -0.00264
1342.09738 0.008774 -0.00264
1342.19018 0.008784 -0.00264
1342.28298 0.008794 -0.00264
1342.37578 0.008804 -0.00265
1342.46858 0.008814 -0.00265
1342.56139 0.008824 -0.00265
1342.65419 0.008834 -0.00266
1342.74699 0.008844 -0.00266
1342.83979 0.008855 -0.00266
1342.93259 0.008865 -0.00267
1343.02539 0.008875 -0.00267
1343.11820 0.008885 -0.00267
1343.21100 0.008895 -0.00268
1343.30380 0.008905 -0.00268
1343.39660 0.008916 -0.00268
1343.48940 0.008926 -0.00268
1343.58220 0.008936 -0.00269
1343.67501 0.008946 -0.00269
1343.76781 0.008957 -0.00269
1343.86061 0.008967 -0.00270
1343.95341 0.008977 -0.00270
1344.04621 0.008987 -0.00270
1344.13901 0.008998 -0.00271
1344.23182 0.009008 -0.00271
1344.32462 0.009018 -0.00271
1344.41742 0.009028 -0.00272
1344.51022 0.009039 -0.00272
1344.60302 0.009049 -0.00272
1344.69582 0.009059 -0.00272
1344.78863 0.009070 -0.00273
1344.88143 0.009080 -0.00273
1344.97423 0.009090 -0.00273
1345.06703 0.009101 -0.00274
1345.15983 0.009111 -0.00274
1345.25263 0.009121 -0.00274
1345.34544 0.009132 -0.00275
1345.43824 0.009142 -0.00275
1345.53104 0.009152 -0.00275
1345.62384 0.009163 -0.00276
1345.71664 0.009173 -0.00276
1345.80944 0.009184 -0.00276
1345.90225 0.009194 -0.00277
1345.99505 0.009204 -0.00277
1346.08785 0.009215 -0.00277
1346.18065 0.009225 -0.00277
1346.27345 0.009236 -0.00278
1346.36625 0.009246 -0.00278
1346.45906 0.009257 -0.00278
1346.55186 0.009267 -0.00279
1346.64466 0.009278 -0.00279
1346.73746 0.009288 -0.00279
1346.83026 0.009299 -0.00280
1346.92306 0.009309 -0.00280
1347.01587 0.009320 -0.00280
1347.10867 0.009330 -0.00281
1347.20147 0.009341 -0.00281
1347.29427 0.009351 -0.00281
1347.38707 0.009362 -0.00282
1347.47987 0.009372 -0.00282
1347.57268 0.009383 -0.00282
1347.66548 0.009393 -0.00283
1347.75828 0.009404 -0.00283
1347.85108 0.009415 -0.00283
1347.94388 0.009425 -0.00284
1348.03668 0.009436 -0.00284
1348.12949 0.009446 -0.00284
1348.22229 0.009457 -0.00284
1348.31509 0.009468 -0.00285
1348.40789 0.009478 -0.00285
1348.50069 0.009489 -0.00285
1348.59349 0.009499 -0.00286
1348.68629 0.009510 -0.00286
1348.77910 0.009521 -0.00286
1348.87190 0.009531 -0.00287
1348.96470 0.009542 -0.00287
1349.05750 0.009553 -0.00287
1349.15030 0.009563 -0.00288
1349.24310 0.009574 -0.00288
1349.33591 0.009585 -0.00288
1349.42871 0.009596 -0.00289
1349.52151 0.009606 -0.00289
1349.61431 0.009617 -0.00289
1349.70711 0.009628 -0.00290
1349.79991 0.009639 -0.00290
1349.89272 0.009649 -0.00290
1349.98552 0.009660 -0.00291
1350.07832 0.009671 -0.00291
1350.17112 0.009682 -0.00291
1350.26392 0.009692 -0.00292
1350.35672 0.009703 -0.00292
1350.44953 0.009714 -0.00292
1350.54233 0.009725 -0.00293
1350.63513 0.009736 -0.00293
1350.72793 0.009746 -0.00293
1350.82073 0.009757 -0.00294
1350.91353 0.009768 -0.00294
1351.00634 0.009779 -0.00294
1351.09914 0.009790 -0.00295
1351.19194 0.009801 -0.00295
1351.28474 0.009812 -0.00295
1351.37754 0.009822 -0.00295
1351.47034 0.009833 -0.00296
1351.56315 0.009844 -0.00296
1351.65595 0.009855 -0.00296
1351.74875 0.009866 -0.00297
1351.84155 0.009877 -0.00297
1351.93435 0.009888 -0.00297
1352.02715 0.009899 -0.00298
1352.11996 0.009910 -0.00298
1352.21276 0.009921 -0.00298
1352.30556 0.009932 -0.00299
1352.39836 0.009943 -0.00299
1352.49116 0.009954 -0.00299
1352.58396 0.009965 -0.00300
1352.67677 0.009976 -0.00300
1352.76957 0.009987 -0.00300
1352.86237 0.009998 -0.00301
1352.95517 0.010009 -0.00301
1353.04797 0.010020 -0.00301
1353.14077 0.010031 -0.00302
1353.23358 0.010042 -0.00302
1353.32638 0.010053 -0.00302
1353.41918 0.010064 -0.00303
1353.51198 0.010075 -0.00303
1353.60478 0.010086 -0.00303
1353.69758 0.010097 -0.00304
1353.79039 0.010108 -0.00304
1353.88319 0.010119 -0.00304
1353.97599 0.010130 -0.00305
1354.06879 0.010141 -0.00305
1354.16159 0.010153 -0.00305
1354.25439 0.010164 -0.00306
1354.34720 0.010175 -0.00306
1354.44000 0.010186 -0.00306
1354.53280 0.010197 -0.00307
1354.62560 0.010208 -0.00307
1354.71840 0.010220 -0.00307
1354.81120 0.010231 -0.00308
1354.90401 0.010242 -0.00308
1354.99681 0.010253 -0.00308
1355.08961 0.010264 -0.00309
1355.18241 0.010276 -0.00309
1355.27521 0.010287 -0.00309
1355.36801 0.010298 -0.00310
1355.46081 0.010309 -0.00310
1355.55362 0.010320 -0.00311
1355.64642 0.010332 -0.00311
1355.73922 0.010343 -0.00311
1355.83202 0.010354 -0.00312
1355.92482 0.010366 -0.00312
1356.01762 0.010377 -0.00312
1356.11043 0.010388 -0.00313
1356.20323 0.010399 -0.00313
1356.29603 0.010411 -0.00313
1356.38883 0.010422 -0.00314
1356.48163 0.010433 -0.00314
1356.57443 0.010445 -0.00314
1356.66724 0.010456 -0.00315
1356.76004 0.010467 -0.00315
1356.85284 0.010479 -0.00315
1356.94564 0.010490 -0.00316
1357.03844 0.010502 -0.00316
1357.13124 0.010513 -0.00316
1357.22405 0.010524 -0.00317
1357.31685 0.010536 -0.00317
1357.40965 0.010547 -0.00317
1357.50245 0.010559 -0.00318
1357.59525 0.010570 -0.00318
1357.68805 0.010581 -0.00318
1357.78086 0.010593 -0.00319
1357.87366 0.010604 -0.00319
1357.96646 0.010616 -0.00319
1358.05926 0.010627 -0.00320
1358.15206 0.010639 -0.00320
1358.24486 0.010650 -0.00320
1358.33767 0.010662 -0.00321
1358.43047 0.010673 -0.00321
1358.52327 0.010685 -0.00322
1358.61607 0.010696 -0.00322
1358.70887 0.010708 -0.00322
1358.80167 0.010719 -0.00323
1358.89448 0.010731 -0.00323
1358.98728 0.010742 -0.00323
1359.08008 0.010754 -0.00324
1359.17288 0.010765 -0.00324
1359.26568 0.010777 -0.00324
1359.35848 0.010789 -0.00325
1359.45129 0.010800 -0.00325
1359.54409 0.010812 -0.00325
1359.63689 0.010823 -0.00326
1359.72969 0.010835 -0.00326
1359.82249 0.010847 -0.00326
1359.91529 0.010858 -0.00327
1360.00810 0.010870 -0.00327
1360.10090 0.010882 -0.00327
1360.19370 0.010893 -0.00328
1360.28650 0.010905 -0.00328
1360.37930 0.010917 -0.00329
1360.47210 0.010928 -0.00329
1360.56491 0.010940 -0.00329
1360.65771 0.010952 -0.00330
1360.75051 0.010963 -0.00330
1360.84331 0.010975 -0.00330
1360.93611 0.010987 -0.00331
1361.02891 0.010999 -0.00331
1361.12172 0.011010 -0.00331
1361.21452 0.011022 -0.00332
1361.30732 0.011034 -0.00332
1361.40012 0.011046 -0.00332
1361.49292 0.011057 -0.00333
1361.58572 0.011069 -0.00333
1361.67853 0.011081 -0.00333
1361.77133 0.011093 -0.00334
1361.86413 0.011105 -0.00334
1361.95693 0.011116 -0.00335
1362.04973 0.011128 -0.00335
1362.14253 0.011140 -0.00335
1362.23533 0.011152 -0.00336
1362.32814 0.011164 -0.00336
1362.42094 0.011176 -0.00336
1362.51374 0.011187 -0.00337
1362.60654 0.011199 -0.00337
1362.69934 0.011211 -0.00337
1362.79214 0.011223 -0.00338
1362.88495 0.011235 -0.00338
1362.97775 0.011247 -0.00338
1363.07055 0.011259 -0.00339
1363.16335 0.011271 -0.00339
1363.25615 0.011283 -0.00340
1363.34895 0.011295 -0.00340
1363.44176 0.011307 -0.00340
1363.53456 0.011319 -0.00341
1363.62736 0.011331 -0.00341
1363.72016 0.011342 -0.00341
1363.81296 0.011354 -0.00342
1363.90576 0.011366 -0.00342
1363.99857 0.011378 -0.00342
1364.09137 0.011390 -0.00343
1364.18417 0.011403 -0.00343
1364.27697 0.011415 -0.00344
1364.36977 0.011427 -0.00344
1364.46257 0.011439 -0.00344
1364.55538 0.011451 -0.00345
1364.64818 0.011463 -0.00345
1364.74098 0.011475 -0.00345
1364.83378 0.011487 -0.00346
1364.92658 0.011499 -0.00346
1365.01938 0.011511 -0.00346
1365.11219 0.011523 -0.00347
1365.20499 0.011535 -0.00347
1365.29779 0.011547 -0.00348
1365.39059 0.011560 -0.00348
1365.48339 0.011572 -0.00348
1365.57619 0.011584 -0.00349
1365.66900 0.011596 -0.00349
1365.76180 0.011608 -0.00349
1365.85460 0.011620 -0.00350
1365.94740 0.011632 -0.00350
1366.04020 0.011645 -0.00350
1366.13300 0.011657 -0.00351
1366.22581 0.011669 -0.00351
1366.31861 0.011681 -0.00352
1366.41141 0.011694 -0.00352
1366.50421 0.011706 -0.00352
1366.59701 0.011718 -0.00353
1366.68981 0.011730 -0.00353
1366.78262 0.011742 -0.00353
1366.87542 0.011755 -0.00354
1366.96822 0.011767 -0.00354
1367.06102 0.011779 -0.00355
1367.15382 0.011792 -0.00355
1367.24662 0.011804 -0.00355
1367.33943 0.011816 -0.00356
1367.43223 0.011829 -0.00356
1367.52503 0.011841 -0.00356
1367.61783 0.011853 -0.00357
1367.71063 0.011866 -0.00357
1367.80343 0.011878 -0.00358
1367.89624 0.011890 -0.00358
1367.98904 0.011903 -0.00358
1368.08184 0.011915 -0.00359
1368.17464 0.011927 -0.00359
1368.26744 0.011940 -0.00359
1368.36024 0.011952 -0.00360
1368.45305 0.011965 -0.00360
1368.54585 0.011977 -0.00361
1368.63865 0.011989 -0.00361
1368.73145 0.012002 -0.00361
1368.82425 0.012014 -0.00362
1368.91705 0.012027 -0.00362
1369.00985 0.012039 -0.00362
1369.10266 0.012052 -0.00363
1369.19546 0.012064 -0.00363
1369.28826 0.012077 -0.00364
1369.38106 0.012089 -0.00364
1369.47386 0.012102 -0.00364
1369.56666 0.012114 -0.00365
1369.65947 0.012127 -0.00365
1369.75227 0.012139 -0.00365
1369.84507 0.012152 -0.00366
1369.93787 0.012164 -0.00366
1370.03067 0.012177 -0.00367
1370.12347 0.012189 -0.00367
1370.21628 0.012202 -0.00367
1370.30908 0.012215 -0.00368
1370.40188 0.012227 -0.00368
1370.49468 0.012240 -0.00368
1370.58748 0.012252 -0.00369
1370.68028 0.012265 -0.00369
1370.77309 0.012278 -0.00370
1370.86589 0.012290 -0.00370
1370.95869 0.012303 -0.00370
1371.05149 0.012316 -0.00371
1371.14429 0.012328 -0.00371
1371.23709 0.012341 -0.00371
1371.32990 0.012354 -0.00372
1371.42270 0.012366 -0.00372
1371.51550 0.012379 -0.00373
1371.60830 0.012392 -0.00373
1371.70110 0.012404 -0.00373
1371.79390 0.012417 -0.00374
1371.88671 0.012430 -0.00374
1371.97951 0.012443 -0.00375
1372.07231 0.012455 -0.00375
1372.16511 0.012468 -0.00375
1372.25791 0.012481 -0.00376
1372.35071 0.012494 -0.00376
1372.44352 0.012506 -0.00376
1372.53632 0.012519 -0.00377
1372.62912 0.012532 -0.00377
1372.72192 0.012545 -0.00378
1372.81472 0.012558 -0.00378
1372.90752 0.012570 -0.00378
1373.00033 0.012583 -0.00379
1373.09313 0.012596 -0.00379
1373.18593 0.012609 -0.00380
1373.27873 0.012622 -0.00380
1373.37153 0.012635 -0.00380
1373.46433 0.012648 -0.00381
1373.55714 0.012661 -0.00381
1373.64994 0.012673 -0.00382
1373.74274 0.012686 -0.00382
1373.83554 0.012699 -0.00382
1373.92834 0.012712 -0.00383
1374.02114 0.012725 -0.00383
1374.11395 0.012738 -0.00383
1374.20675 0.012751 -0.00384
1374.29955 0.012764 -0.00384
1374.39235 0.012777 -0.00385
1374.48515 0.012790 -0.00385
1374.57795 0.012803 -0.00385
1374.67076 0.012816 -0.00386
1374.76356 0.012829 -0.00386
1374.85636 0.012842 -0.00387
1374.94916 0.012855 -0.00387
1375.04196 0.012868 -0.00387
1375.13476 0.012881 -0.00388
1375.22757 0.012894 -0.00388
1375.32037 0.012907 -0.00389
1375.41317 0.012920 -0.00389
1375.50597 0.012933 -0.00389
1375.59877 0.012946 -0.00390
1375.69157 0.012959 -0.00390
1375.78438 0.012972 -0.00391
1375.87718 0.012986 -0.00391
1375.96998 0.012999 -0.00391
1376.06278 0.013012 -0.00392
1376.15558 0.013025 -0.00392
1376.24838 0.013038 -0.00393
1376.34118 0.013051 -0.00393
1376.43399 0.013064 -0.00393
1376.52679 0.013078 -0.00394
1376.61959 0.013091 -0.00394
1376.71239 0.013104 -0.00395
1376.80519 0.013117 -0.00395
1376.89799 0.013130 -0.00395
1376.99080 0.013144 -0.00396
1377.08360 0.013157 -0.00396
1377.17640 0.013170 -0.00397
1377.26920 0.013183 -0.00397
1377.36200 0.013197 -0.00397
1377.45480 0.013210 -0.00398
1377.54761 0.013223 -0.00398
1377.64041 0.013236 -0.00399
1377.73321 0.013250 -0.00399
1377.82601 0.013263 -0.00399
1377.91881 0.013276 -0.00400
1378.01161 0.013290 -0.00400
1378.10442 0.013303 -0.00401
1378.19722 0.013316 -0.00401
1378.29002 0.013329 -0.00401
1378.38282 0.013343 -0.00402
1378.47562 0.013356 -0.00402
1378.56842 0.013370 -0.00403
1378.66123 0.013383 -0.00403
1378.75403 0.013396 -0.00403
1378.84683 0.013410 -0.00404
1378.93963 0.013423 -0.00404
1379.03243 0.013437 -0.00405
1379.12523 0.013450 -0.00405
1379.21804 0.013463 -0.00405
1379.31084 0.013477 -0.00406
1379.40364 0.013490 -0.00406
1379.49644 0.013504 -0.00407
1379.58924 0.013517 -0.00407
1379.68204 0.013531 -0.00407
1379.77485 0.013544 -0.00408
1379.86765 0.013558 -0.00408
1379.96045 0.013571 -0.00409
1380.05325 0.013585 -0.00409
1380.14605 0.013598 -0.00409
1380.23885 0.013612 -0.00410
1380.33166 0.013625 -0.00410
1380.42446 0.013639 -0.00411
1380.51726 0.013652 -0.00411
1380.61006 0.013666 -0.00411
1380.70286 0.013679 -0.00412
1380.79566 0.013693 -0.00412
1380.88847 0.013707 -0.00413
1380.98127 0.013720 -0.00413
1381.07407 0.013734 -0.00414
1381.16687 0.013747 -0.00414
1381.25967 0.013761 -0.00414
1381.35247 0.013775 -0.00415
1381.44528 0.013788 -0.00415
1381.53808 0.013802 -0.00416
1381.63088 0.013816 -0.00416
1381.72368 0.013829 -0.00416
1381.81648 0.013843 -0.00417
1381.90928 0.013857 -0.00417
1382.00209 0.013870 -0.00418
1382.09489 0.013884 -0.00418
1382.18769 0.013898 -0.00418
1382.28049 0.013912 -0.00419
1382.37329 0.013925 -0.00419
1382.46609 0.013939 -0.00420
1382.55890 0.013953 -0.00420
1382.65170 0.013966 -0.00421
1382.74450 0.013980 -0.00421
1382.83730 0.013994 -0.00421
1382.93010 0.014008 -0.00422
1383.02290 0.014022 -0.00422
1383.11570 0.014035 -0.00423
1383.20851 0.014049 -0.00423
1383.30131 0.014063 -0.00423
1383.39411 0.014077 -0.00424
1383.48691 0.014091 -0.00424
1383.57971 0.014105 -0.00425
1383.67251 0.014118 -0.00425
1383.76532 0.014132 -0.00426
1383.85812 0.014146 -0.00426
1383.95092 0.014160 -0.00426
1384.04372 0.014174 -0.00427
1384.13652 0.014188 -0.00427
1384.22932 0.014202 -0.00428
1384.32213 0.014216 -0.00428
1384.41493 0.014230 -0.00429
1384.50773 0.014244 -0.00429
1384.60053 0.014258 -0.00429
1384.69333 0.014272 -0.00430
1384.78613 0.014285 -0.00430
1384.87894 0.014299 -0.00431
1384.97174 0.014313 -0.00431
1385.06454 0.014327 -0.00431
1385.15734 0.014341 -0.00432
1385.25014 0.014355 -0.00432
1385.34294 0.014369 -0.00433
1385.43575 0.014384 -0.00433
1385.52855 0.014398 -0.00434
1385.62135 0.014412 -0.00434
1385.71415 0.014426 -0.00434
1385.80695 0.014440 -0.00435
1385.89975 0.014454 -0.00435
1385.99256 0.014468 -0.00436
1386.08536 0.014482 -0.00436
1386.17816 0.014496 -0.00437
1386.27096 0.014510 -0.00437
1386.36376 0.014524 -0.00437
1386.45656 0.014538 -0.00438
1386.54937 0.014553 -0.00438
1386.64217 0.014567 -0.00439
1386.73497 0.014581 -0.00439
1386.82777 0.014595 -0.00440
1386.92057 0.014609 -0.00440
1387.01337 0.014623 -0.00440
1387.10618 0.014638 -0.00441
1387.19898 0.014652 -0.00441
1387.29178 0.014666 -0.00442
1387.38458 0.014680 -0.00442
1387.47738 0.014695 -0.00443
1387.57018 0.014709 -0.00443
1387.66299 0.014723 -0.00443
1387.75579 0.014737 -0.00444
1387.84859 0.014752 -0.00444
1387.94139 0.014766 -0.00445
1388.03419 0.014780 -0.00445
1388.12699 0.014794 -0.00446
1388.21980 0.014809 -0.00446
1388.31260 0.014823 -0.00446
1388.40540 0.014837 -0.00447
1388.49820 0.014852 -0.00447
1388.59100 0.014866 -0.00448
1388.68380 0.014880 -0.00448
1388.77661 0.014895 -0.00449
1388.86941 0.014909 -0.00449
1388.96221 0.014924 -0.00449
1389.05501 0.014938 -0.00450
1389.14781 0.014952 -0.00450
1389.24061 0.014967 -0.00451
1389.33342 0.014981 -0.00451
1389.42622 0.014996 -0.00452
1389.51902 0.015010 -0.00452
1389.61182 0.015024 -0.00453
1389.70462 0.015039 -0.00453
1389.79742 0.015053 -0.00453
1389.89022 0.015068 -0.00454
1389.98303 0.015082 -0.00454
1390.07583 0.015097 -0.00455
1390.16863 0.015111 -0.00455
1390.26143 0.015126 -0.00456
1390.35423 0.015140 -0.00456
1390.44703 0.015155 -0.00456
1390.53984 0.015169 -0.00457
1390.63264 0.015184 -0.00457
1390.72544 0.015199 -0.00458
1390.81824 0.015213 -0.00458
1390.91104 0.015228 -0.00459
1391.00384 0.015242 -0.00459
1391.09665 0.015257 -0.00460
1391.18945 0.015271 -0.00460
1391.28225 0.015286 -0.00460
1391.37505 0.015301 -0.00461
1391.46785 0.015315 -0.00461
1391.56065 0.015330 -0.00462
1391.65346 0.015345 -0.00462
1391.74626 0.015359 -0.00463
1391.83906 0.015374 -0.00463
1391.93186 0.015389 -0.00464
1392.02466 0.015403 -0.00464
1392.11746 0.015418 -0.00464
1392.21027 0.015433 -0.00465
1392.30307 0.015447 -0.00465
1392.39587 0.015462 -0.00466
1392.48867 0.015477 -0.00466
1392.58147 0.015492 -0.00467
1392.67427 0.015506 -0.00467
1392.76708 0.015521 -0.00468
1392.85988 0.015536 -0.00468
1392.95268 0.015551 -0.00468
1393.04548 0.015566 -0.00469
1393.13828 0.015580 -0.00469
1393.23108 0.015595 -0.00470
1393.32389 0.015610 -0.00470
1393.41669 0.015625 -0.00471
1393.50949 0.015640 -0.00471
1393.60229 0.015654 -0.00472
1393.69509 0.015669 -0.00472
1393.78789 0.015684 -0.00472
1393.88070 0.015699 -0.00473
1393.97350 0.015714 -0.00473
1394.06630 0.015729 -0.00474
1394.15910 0.015744 -0.00474
1394.25190 0.015759 -0.00475
1394.34470 0.015774 -0.00475
1394.43751 0.015789 -0.00476
1394.53031 0.015803 -0.00476
1394.62311 0.015818 -0.00476
1394.71591 0.015833 -0.00477
1394.80871 0.015848 -0.00477
1394.90151 0.015863 -0.00478
1394.99432 0.015878 -0.00478
1395.08712 0.015893 -0.00479
1395.17992 0.015908 -0.00479
1395.27272 0.015923 -0.00480
1395.36552 0.015938 -0.00480
1395.45832 0.015953 -0.00481
1395.55113 0.015968 -0.00481
1395.64393 0.015984 -0.00481
1395.73673 0.015999 -0.00482
1395.82953 0.016014 -0.00482
1395.92233 0.016029 -0.00483
1396.01513 0.016044 -0.00483
1396.10794 0.016059 -0.00484
1396.20074 0.016074 -0.00484
1396.29354 0.016089 -0.00485
1396.38634 0.016104 -0.00485
1396.47914 0.016119 -0.00486
1396.57194 0.016135 -0.00486
1396.66474 0.016150 -0.00487
1396.75755 0.016165 -0.00487
1396.85035 0.016180 -0.00487
1396.94315 0.016195 -0.00488
1397.03595 0.016210 -0.00488
1397.12875 0.016226 -0.00489
1397.22155 0.016241 -0.00489
1397.31436 0.016256 -0.00490
1397.40716 0.016271 -0.00490
1397.49996 0.016287 -0.00491
1397.59276 0.016302 -0.00491
1397.68556 0.016317 -0.00492
1397.77836 0.016332 -0.00492
1397.87117 0.016348 -0.00492
1397.96397 0.016363 -0.00493
1398.05677 0.016378 -0.00493
1398.14957 0.016394 -0.00494
1398.24237 0.016409 -0.00494
1398.33517 0.016424 -0.00495
1398.42798 0.016440 -0.00495
1398.52078 0.016455 -0.00496
1398.61358 0.016470 -0.00496
1398.70638 0.016486 -0.00497
1398.79918 0.016501 -0.00497
1398.89198 0.016516 -0.00498
1398.98479 0.016532 -0.00498
1399.07759 0.016547 -0.00499
1399.17039 0.016563 -0.00499
1399.26319 0.016578 -0.00499
1399.35599 0.016594 -0.00500
1399.44879 0.016609 -0.00500
1399.54160 0.016624 -0.00501
1399.63440 0.016640 -0.00501
1399.72720 0.016655 -0.00502
1399.82000 0.016671 -0.00502
1399.91280 0.016686 -0.00503
1400.00560 0.016702 -0.00503
1400.09841 0.016717 -0.00504
1400.19121 0.016733 -0.00504
1400.28401 0.016748 -0.00505
1400.37681 0.016764 -0.00505
1400.46961 0.016779 -0.00506
1400.56241 0.016795 -0.00506
1400.65522 0.016811 -0.00506
1400.74802 0.016826 -0.00507
1400.84082 0.016842 -0.00507
1400.93362 0.016857 -0.00508
1401.02642 0.016873 -0.00508
1401.11922 0.016889 -0.00509
1401.21203 0.016904 -0.00509
1401.30483 0.016920 -0.00510
1401.39763 0.016936 -0.00510
1401.49043 0.016951 -0.00511
1401.58323 0.016967 -0.00511
1401.67603 0.016983 -0.00512
1401.76884 0.016998 -0.00512
1401.86164 0.017014 -0.00513
1401.95444 0.017030 -0.00513
1402.04724 0.017045 -0.00514
1402.14004 0.017061 -0.00514
1402.23284 0.017077 -0.00515
1402.32565 0.017093 -0.00515
1402.41845 0.017108 -0.00515
1402.51125 0.017124 -0.00516
1402.60405 0.017140 -0.00516
1402.69685 0.017156 -0.00517
1402.78965 0.017171 -0.00517
1402.88246 0.017187 -0.00518
1402.97526 0.017203 -0.00518
1403.06806 0.017219 -0.00519
1403.16086 0.017235 -0.00519
1403.25366 0.017250 -0.00520
1403.34646 0.017266 -0.00520
1403.43926 0.017282 -0.00521
1403.53207 0.017298 -0.00521
1403.62487 0.017314 -0.00522
1403.71767 0.017330 -0.00522
1403.81047 0.017346 -0.00523
1403.90327 0.017362 -0.00523
1403.99607 0.017378 -0.00524
1404.08888 0.017393 -0.00524
1404.18168 0.017409 -0.00525
1404.27448 0.017425 -0.00525
1404.36728 0.017441 -0.00526
1404.46008 0.017457 -0.00526
1404.55288 0.017473 -0.00526
1404.64569 0.017489 -0.00527
1404.73849 0.017505 -0.00527
1404.83129 0.017521 -0.00528
1404.92409 0.017537 -0.00528
1405.01689 0.017553 -0.00529
1405.10969 0.017569 -0.00529
1405.20250 0.017585 -0.00530
1405.29530 0.017601 -0.00530
1405.38810 0.017618 -0.00531
1405.48090 0.017634 -0.00531
1405.57370 0.017650 -0.00532
1405.66650 0.017666 -0.00532
1405.75931 0.017682 -0.00533
1405.85211 0.017698 -0.00533
1405.94491 0.017714 -0.00534
1406.03771 0.017730 -0.00534
1406.13051 0.017746 -0.00535
1406.22331 0.017763 -0.00535
1406.31612 0.017779 -0.00536
1406.40892 0.017795 -0.00536
1406.50172 0.017811 -0.00537
1406.59452 0.017827 -0.00537
1406.68732 0.017843 -0.00538
1406.78012 0.017860 -0.00538
1406.87293 0.017876 -0.00539
1406.96573 0.017892 -0.00539
1407.05853 0.017908 -0.00540
1407.15133 0.017925 -0.00540
1407.24413 0.017941 -0.00541
1407.33693 0.017957 -0.00541
1407.42974 0.017973 -0.00542
1407.52254 0.017990 -0.00542
1407.61534 0.018006 -0.00543
1407.70814 0.018022 -0.00543
1407.80094 0.018039 -0.00544
1407.89374 0.018055 -0.00544
1407.98655 0.018071 -0.00545
1408.07935 0.018088 -0.00545
1408.17215 0.018104 -0.00546
1408.26495 0.018120 -0.00546
1408.35775 0.018137 -0.00547
1408.45055 0.018153 -0.00547
1408.54336 0.018170 -0.00548
1408.63616 0.018186 -0.00548
1408.72896 0.018202 -0.00548
1408.82176 0.018219 -0.00549
1408.91456 0.018235 -0.00549
1409.00736 0.018252 -0.00550
1409.10017 0.018268 -0.00550
1409.19297 0.018285 -0.00551
1409.28577 0.018301 -0.00551
1409.37857 0.018318 -0.00552
1409.47137 0.018334 -0.00552
1409.56417 0.018351 -0.00553
1409.65698 0.018367 -0.00553
1409.74978 0.018384 -0.00554
1409.84258 0.018400 -0.00554
1409.93538 0.018417 -0.00555
1410.02818 0.018433 -0.00555
1410.12098 0.018450 -0.00556
1410.21378 0.018466 -0.00556
1410.30659 0.018483 -0.00557
1410.39939 0.018500 -0.00557
1410.49219 0.018516 -0.00558
1410.58499 0.018533 -0.00558
1410.67779 0.018549 -0.00559
1410.77059 0.018566 -0.00559
1410.86340 0.018583 -0.00560
1410.95620 0.018599 -0.00560
1411.04900 0.018616 -0.00561
1411.14180 0.018633 -0.00561
1411.23460 0.018649 -0.00562
1411.32740 0.018666 -0.00563
1411.42021 0.018683 -0.00563
1411.51301 0.018700 -0.00564
1411.60581 0.018716 -0.00564
1411.69861 0.018733 -0.00565
1411.79141 0.018750 -0.00565
1411.88421 0.018766 -0.00566
1411.97702 0.018783 -0.00566
1412.06982 0.018800 -0.00567
1412.16262 0.018817 -0.00567
1412.25542 0.018834 -0.00568
1412.34822 0.018850 -0.00568
1412.44102 0.018867 -0.00569
1412.53383 0.018884 -0.00569
1412.62663 0.018901 -0.00570
1412.71943 0.018918 -0.00570
1412.81223 0.018935 -0.00571
1412.90503 0.018951 -0.00571
1412.99783 0.018968 -0.00572
1413.09064 0.018985 -0.00572
1413.18344 0.019002 -0.00573
1413.27624 0.019019 -0.00573
1413.36904 0.019036 -0.00574
1413.46184 0.019053 -0.00574
1413.55464 0.019070 -0.00575
1413.64745 0.019087 -0.00575
1413.74025 0.019104 -0.00576
1413.83305 0.019121 -0.00576
1413.92585 0.019138 -0.00577
1414.01865 0.019155 -0.00577
1414.11145 0.019172 -0.00578
1414.20426 0.019189 -0.00578
1414.29706 0.019206 -0.00579
1414.38986 0.019223 -0.00579
1414.48266 0.019240 -0.00580
1414.57546 0.019257 -0.00580
1414.66826 0.019274 -0.00581
1414.76107 0.019291 -0.00581
1414.85387 0.019308 -0.00582
1414.94667 0.019325 -0.00582
1415.03947 0.019342 -0.00583
1415.13227 0.019359 -0.00583
1415.22507 0.019376 -0.00584
1415.31788 0.019393 -0.00584
1415.41068 0.019411 -0.00585
1415.50348 0.019428 -0.00586
1415.59628 0.019445 -0.00586
1415.68908 0.019462 -0.00587
1415.78188 0.019479 -0.00587
1415.87469 0.019496 -0.00588
1415.96749 0.019514 -0.00588
1416.06029 0.019531 -0.00589
1416.15309 0.019548 -0.00589
1416.24589 0.019565 -0.00590
1416.33869 0.019583 -0.00590
1416.43150 0.019600 -0.00591
1416.52430 0.019617 -0.00591
1416.61710 0.019634 -0.00592
1416.70990 0.019652 -0.00592
1416.80270 0.019669 -0.00593
1416.89550 0.019686 -0.00593
1416.98830 0.019703 -0.00594
1417.08111 0.019721 -0.00594
1417.17391 0.019738 -0.00595
1417.26671 0.019755 -0.00595
1417.35951 0.019773 -0.00596
1417.45231 0.019790 -0.00596
1417.54511 0.019808 -0.00597
1417.63792 0.019825 -0.00598
1417.73072 0.019842 -0.00598
1417.82352 0.019860 -0.00599
1417.91632 0.019877 -0.00599
1418.00912 0.019895 -0.00600
1418.10192 0.019912 -0.00600
1418.19473 0.019929 -0.00601
1418.28753 0.019947 -0.00601
1418.38033 0.019964 -0.00602
1418.47313 0.019982 -0.00602
1418.56593 0.019999 -0.00603
1418.65873 0.020017 -0.00603
1418.75154 0.020034 -0.00604
1418.84434 0.020052 -0.00604
1418.93714 0.020069 -0.00605
1419.02994 0.020087 -0.00605
1419.12274 0.020104 -0.00606
1419.21554 0.020122 -0.00606
1419.30835 0.020140 -0.00607
1419.40115 0.020157 -0.00608
1419.49395 0.020175 -0.00608
1419.58675 0.020192 -0.00609
1419.67955 0.020210 -0.00609
1419.77235 0.020227 -0.00610
1419.86516 0.020245 -0.00610
1419.95796 0.020263 -0.00611
1420.05076 0.020280 -0.00611
1420.14356 0.020298 -0.00612
1420.23636 0.020316 -0.00612
1420.32916 0.020333 -0.00613
1420.42197 0.020351 -0.00613
1420.51477 0.020369 -0.00614
1420.60757 0.020386 -0.00614
1420.70037 0.020404 -0.00615
1420.79317 0.020422 -0.00616
1420.88597 0.020440 -0.00616
1420.97878 0.020457 -0.00617
1421.07158 0.020475 -0.00617
1421.16438 0.020493 -0.00618
1421.25718 0.020511 -0.00618
1421.34998 0.020528 -0.00619
1421.44278 0.020546 -0.00619
1421.53559 0.020564 -0.00620
1421.62839 0.020582 -0.00620
1421.72119 0.020600 -0.00621
1421.81399 0.020618 -0.00621
1421.90679 0.020635 -0.00622
1421.99959 0.020653 -0.00623
1422.09240 0.020671 -0.00623
1422.18520 0.020689 -0.00624
1422.27800 0.020707 -0.00624
1422.37080 0.020725 -0.00625
1422.46360 0.020743 -0.00625
1422.55640 0.020761 -0.00626
1422.64921 0.020779 -0.00626
1422.74201 0.020797 -0.00627
1422.83481 0.020815 -0.00627
1422.92761 0.020832 -0.00628
1423.02041 0.020850 -0.00629
1423.11321 0.020868 -0.00629
1423.20602 0.020886 -0.00630
1423.29882 0.020904 -0.00630
1423.39162 0.020922 -0.00631
1423.48442 0.020940 -0.00631
1423.57722 0.020959 -0.00632
1423.67002 0.020977 -0.00632
1423.76282 0.020995 -0.00633
1423.85563 0.021013 -0.00633
1423.94843 0.021031 -0.00634
1424.04123 0.021049 -0.00634
1424.13403 0.021067 -0.00635
1424.22683 0.021085 -0.00636
1424.31963 0.021103 -0.00636
1424.41244 0.021121 -0.00637
1424.50524 0.021139 -0.00637
1424.59804 0.021158 -0.00638
1424.69084 0.021176 -0.00638
1424.78364 0.021194 -0.00639
1424.87644 0.021212 -0.00639
1424.96925 0.021230 -0.00640
1425.06205 0.021248 -0.00641
1425.15485 0.021267 -0.00641
1425.24765 0.021285 -0.00642
1425.34045 0.021303 -0.00642
1425.43325 0.021321 -0.00643
1425.52606 0.021340 -0.00643
1425.61886 0.021358 -0.00644
1425.71166 0.021376 -0.00644
1425.80446 0.021394 -0.00645
1425.89726 0.021413 -0.00645
1425.99006 0.021431 -0.00646
1426.08287 0.021449 -0.00647
1426.17567 0.021468 -0.00647
1426.26847 0.021486 -0.00648
1426.36127 0.021504 -0.00648
1426.45407 0.021523 -0.00649
1426.54687 0.021541 -0.00649
1426.63968 0.021560 -0.00650
1426.73248 0.021578 -0.00650
1426.82528 0.021596 -0.00651
1426.91808 0.021615 -0.00652
1427.01088 0.021633 -0.00652
1427.10368 0.021652 -0.00653
1427.19649 0.021670 -0.00653
1427.28929 0.021688 -0.00654
1427.38209 0.021707 -0.00654
1427.47489 0.021725 -0.00655
1427.56769 0.021744 -0.00655
1427.66049 0.021762 -0.00656
1427.75330 0.021781 -0.00657
1427.84610 0.021799 -0.00657
1427.93890 0.021818 -0.00658
1428.03170 0.021836 -0.00658
1428.12450 0.021855 -0.00659
1428.21730 0.021874 -0.00659
1428.31011 0.021892 -0.00660
1428.40291 0.021911 -0.00661
1428.49571 0.021929 -0.00661
1428.58851 0.021948 -0.00662
1428.68131 0.021967 -0.00662
1428.77411 0.021985 -0.00663
1428.86692 0.022004 -0.00663
1428.95972 0.022022 -0.00664
1429.05252 0.022041 -0.00664
1429.14532 0.022060 -0.00665
1429.23812 0.022078 -0.00666
1429.33092 0.022097 -0.00666
1429.42373 0.022116 -0.00667
1429.51653 0.022134 -0.00667
1429.60933 0.022153 -0.00668
1429.70213 0.022172 -0.00668
1429.79493 0.022191 -0.00669
1429.88773 0.022209 -0.00670
1429.98054 0.022228 -0.00670
1430.07334 0.022247 -0.00671
1430.16614 0.022266 -0.00671
1430.25894 0.022285 -0.00672
1430.35174 0.022303 -0.00672
1430.44454 0.022322 -0.00673
1430.53734 0.022341 -0.00674
1430.63015 0.022360 -0.00674
1430.72295 0.022379 -0.00675
1430.81575 0.022397 -0.00675
1430.90855 0.022416 -0.00676
1431.00135 0.022435 -0.00676
1431.09415 0.022454 -0.00677
1431.18696 0.022473 -0.00678
1431.27976 0.022492 -0.00678
1431.37256 0.022511 -0.00679
1431.46536 0.022530 -0.00679
1431.55816 0.022549 -0.00680
1431.65096 0.022568 -0.00680
1431.74377 0.022587 -0.00681
1431.83657 0.022606 -0.00682
1431.92937 0.022625 -0.00682
1432.02217 0.022644 -0.00683
1432.11497 0.022663 -0.00683
1432.20777 0.022682 -0.00684
1432.30058 0.022701 -0.00684
1432.39338 0.022720 -0.00685
1432.48618 0.022739 -0.00686
1432.57898 0.022758 -0.00686
1432.67178 0.022777 -0.00687
1432.76458 0.022796 -0.00687
1432.85739 0.022815 -0.00688
1432.95019 0.022834 -0.00688
1433.04299 0.022853 -0.00689
1433.13579 0.022872 -0.00690
1433.22859 0.022891 -0.00690
1433.32139 0.022911 -0.00691
1433.41420 0.022930 -0.00691
1433.50700 0.022949 -0.00692
1433.59980 0.022968 -0.00692
1433.69260 0.022987 -0.00693
1433.78540 0.023006 -0.00694
1433.87820 0.023026 -0.00694
1433.97101 0.023045 -0.00695
1434.06381 0.023064 -0.00695
1434.15661 0.023083 -0.00696
1434.24941 0.023102 -0.00697
1434.34221 0.023122 -0.00697
1434.43501 0.023141 -0.00698
1434.52782 0.023160 -0.00698
1434.62062 0.023180 -0.00699
1434.71342 0.023199 -0.00699
1434.80622 0.023218 -0.00700
1434.89902 0.023238 -0.00701
1434.99182 0.023257 -0.00701
1435.08463 0.023276 -0.00702
1435.17743 0.023296 -0.00702
1435.27023 0.023315 -0.00703
1435.36303 0.023334 -0.00704
1435.45583 0.023354 -0.00704
1435.54863 0.023373 -0.00705
1435.64144 0.023392 -0.00705
1435.73424 0.023412 -0.00706
1435.82704 0.023431 -0.00706
1435.91984 0.023451 -0.00707
1436.01264 0.023470 -0.00708
1436.10544 0.023490 -0.00708
1436.19825 0.023509 -0.00709
1436.29105 0.023529 -0.00709
1436.38385 0.023548 -0.00710
1436.47665 0.023568 -0.00711
1436.56945 0.023587 -0.00711
1436.66225 0.023607 -0.00712
1436.75506 0.023626 -0.00712
1436.84786 0.023646 -0.00713
1436.94066 0.023665 -0.00714
1437.03346 0.023685 -0.00714
1437.12626 0.023704 -0.00715
1437.21906 0.023724 -0.00715
1437.31186 0.023744 -0.00716
1437.40467 0.023763 -0.00717
1437.49747 0.023783 -0.00717
1437.59027 0.023803 -0.00718
1437.68307 0.023822 -0.00718
1437.77587 0.023842 -0.00719
1437.86867 0.023861 -0.00719
1437.96148 0.023881 -0.00720
1438.05428 0.023901 -0.00721
1438.14708 0.023921 -0.00721
1438.23988 0.023940 -0.00722
1438.33268 0.023960 -0.00722
1438.42548 0.023980 -0.00723
1438.51829 0.023999 -0.00724
1438.61109 0.024019 -0.00724
1438.70389 0.024039 -0.00725
1438.79669 0.024059 -0.00725
1438.88949 0.024079 -0.00726
1438.98229 0.024098 -0.00727
1439.07510 0.024118 -0.00727
1439.16790 0.024138 -0.00728
1439.26070 0.024158 -0.00728
1439.35350 0.024178 -0.00729
1439.44630 0.024197 -0.00730
1439.53910 0.024217 -0.00730
1439.63191 0.024237 -0.00731
1439.72471 0.024257 -0.00731
1439.81751 0.024277 -0.00732
1439.91031 0.024297 -0.00733
1440.00311 0.024317 -0.00733
1440.09591 0.024337 -0.00734
1440.18872 0.024357 -0.00734
1440.28152 0.024377 -0.00735
1440.37432 0.024397 -0.00736
1440.46712 0.024417 -0.00736
1440.55992 0.024436 -0.00737
1440.65272 0.024456 -0.00737
1440.74553 0.024476 -0.00738
1440.83833 0.024497 -0.00739
1440.93113 0.024517 -0.00739
1441.02393 0.024537 -0.00740
1441.11673 0.024557 -0.00740
1441.20953 0.024577 -0.00741
1441.30234 0.024597 -0.00742
1441.39514 0.024617 -0.00742
1441.48794 0.024637 -0.00743
1441.58074 0.024657 -0.00744
1441.67354 0.024677 -0.00744
1441.76634 0.024697 -0.00745
1441.85915 0.024717 -0.00745
1441.95195 0.024738 -0.00746
1442.04475 0.024758 -0.00747
1442.13755 0.024778 -0.00747
1442.23035 0.024798 -0.00748
1442.32315 0.024818 -0.00748
1442.41596 0.024838 -0.00749
1442.50876 0.024859 -0.00750
1442.60156 0.024879 -0.00750
1442.69436 0.024899 -0.00751
1442.78716 0.024919 -0.00751
1442.87996 0.024940 -0.00752
1442.97277 0.024960 -0.00753
1443.06557 0.024980 -0.00753
1443.15837 0.025000 -0.00754
1443.25117 0.025021 -0.00755
1443.34397 0.025041 -0.00755
1443.43677 0.025061 -0.00756
1443.52958 0.025082 -0.00756
1443.62238 0.025102 -0.00757
1443.71518 0.025122 -0.00758
1443.80798 0.025143 -0.00758
1443.90078 0.025163 -0.00759
1443.99358 0.025183 -0.00759
1444.08638 0.025204 -0.00760
1444.17919 0.025224 -0.00761
1444.27199 0.025245 -0.00761
1444.36479 0.025265 -0.00762
1444.45759 0.025286 -0.00763
1444.55039 0.025306 -0.00763
1444.64319 0.025326 -0.00764
1444.73600 0.025347 -0.00764
1444.82880 0.025367 -0.00765
1444.92160 0.025388 -0.00766
1445.01440 0.025408 -0.00766
1445.10720 0.025429 -0.00767
1445.20000 0.025449 -0.00767
1445.29281 0.025470 -0.00768
1445.38561 0.025491 -0.00769
1445.47841 0.025511 -0.00769
1445.57121 0.025532 -0.00770
1445.66401 0.025552 -0.00771
1445.75681 0.025573 -0.00771
1445.84962 0.025593 -0.00772
1445.94242 0.025614 -0.00772
1446.03522 0.025635 -0.00773
1446.12802 0.025655 -0.00774
1446.22082 0.025676 -0.00774
1446.31362 0.025697 -0.00775
1446.40643 0.025717 -0.00776
1446.49923 0.025738 -0.00776
1446.59203 0.025759 -0.00777
1446.68483 0.025779 -0.00777
1446.77763 0.025800 -0.00778
1446.87043 0.025821 -0.00779
1446.96324 0.025842 -0.00779
1447.05604 0.025862 -0.00780
1447.14884 0.025883 -0.00781
1447.24164 0.025904 -0.00781
1447.33444 0.025925 -0.00782
1447.42724 0.025945 -0.00782
1447.52005 0.025966 -0.00783
1447.61285 0.025987 -0.00784
1447.70565 0.026008 -0.00784
1447.79845 0.026029 -0.00785
1447.89125 0.026050 -0.00786
1447.98405 0.026070 -0.00786
1448.07686 0.026091 -0.00787
1448.16966 0.026112 -0.00788
1448.26246 0.026133 -0.00788
1448.35526 0.026154 -0.00789
1448.44806 0.026175 -0.00789
1448.54086 0.026196 -0.00790
1448.63367 0.026217 -0.00791
1448.72647 0.026238 -0.00791
1448.81927 0.026259 -0.00792
1448.91207 0.026280 -0.00793
1449.00487 0.026301 -0.00793
1449.09767 0.026322 -0.00794
1449.19048 0.026343 -0.00794
1449.28328 0.026364 -0.00795
1449.37608 0.026385 -0.00796
1449.46888 0.026406 -0.00796
1449.56168 0.026427 -0.00797
1449.65448 0.026448 -0.00798
1449.74729 0.026469 -0.00798
1449.84009 0.026490 -0.00799
1449.93289 0.026511 -0.00800
1450.02569 0.026532 -0.00800
1450.11849 0.026553 -0.00801
1450.21129 0.026575 -0.00801
1450.30410 0.026596 -0.00802
1450.39690 0.026617 -0.00803
1450.48970 0.026638 -0.00803
1450.58250 0.026659 -0.00804
1450.67530 0.026680 -0.00805
1450.76810 0.026702 -0.00805
1450.86091 0.026723 -0.00806
1450.95371 0.026744 -0.00807
1451.04651 0.026765 -0.00807
1451.13931 0.026786 -0.00808
1451.23211 0.026808 -0.00809
1451.32491 0.026829 -0.00809
1451.41771 0.026850 -0.00810
1451.51052 0.026872 -0.00810
1451.60332 0.026893 -0.00811
1451.69612 0.026914 -0.00812
1451.78892 0.026935 -0.00812
1451.88172 0.026957 -0.00813
1451.97452 0.026978 -0.00814
1452.06733 0.026999 -0.00814
1452.16013 0.027021 -0.00815
1452.25293 0.027042 -0.00816
1452.34573 0.027064 -0.00816
1452.43853 0.027085 -0.00817
1452.53133 0.027106 -0.00818
1452.62414 0.027128 -0.00818
1452.71694 0.027149 -0.00819
1452.80974 0.027171 -0.00819
1452.90254 0.027192 -0.00820
1452.99534 0.027214 -0.00821
1453.08814 0.027235 -0.00821
1453.18095 0.027257 -0.00822
1453.27375 0.027278 -0.00823
1453.36655 0.027300 -0.00823
1453.45935 0.027321 -0.00824
1453.55215 0.027343 -0.00825
1453.64495 0.027364 -0.00825
1453.73776 0.027386 -0.00826
1453.83056 0.027407 -0.00827
1453.92336 0.027429 -0.00827
1454.01616 0.027451 -0.00828
1454.10896 0.027472 -0.00829
1454.20176 0.027494 -0.00829
1454.29457 0.027515 -0.00830
1454.38737 0.027537 -0.00831
1454.48017 0.027559 -0.00831
1454.57297 0.027580 -0.00832
1454.66577 0.027602 -0.00833
1454.75857 0.027624 -0.00833
1454.85138 0.027645 -0.00834
1454.94418 0.027667 -0.00835
1455.03698 0.027689 -0.00835
1455.12978 0.027710 -0.00836
1455.22258 0.027732 -0.00836
1455.31538 0.027754 -0.00837
1455.40819 0.027776 -0.00838
1455.50099 0.027798 -0.00838
1455.59379 0.027819 -0.00839
1455.68659 0.027841 -0.00840
1455.77939 0.027863 -0.00840
1455.87219 0.027885 -0.00841
1455.96500 0.027907 -0.00842
1456.05780 0.027928 -0.00842
1456.15060 0.027950 -0.00843
1456.24340 0.027972 -0.00844
1456.33620 0.027994 -0.00844
1456.42900 0.028016 -0.00845
1456.52181 0.028038 -0.00846
1456.61461 0.028060 -0.00846
1456.70741 0.028082 -0.00847
1456.80021 0.028104 -0.00848
1456.89301 0.028125 -0.00848
1456.98581 0.028147 -0.00849
1457.07862 0.028169 -0.00850
1457.17142 0.028191 -0.00850
1457.26422 0.028213 -0.00851
1457.35702 0.028235 -0.00852
1457.44982 0.028257 -0.00852
1457.54262 0.028279 -0.00853
1457.63543 0.028301 -0.00854
1457.72823 0.028323 -0.00854
1457.82103 0.028346 -0.00855
1457.91383 0.028368 -0.00856
1458.00663 0.028390 -0.00856
1458.09943 0.028412 -0.00857
1458.19223 0.028434 -0.00858
1458.28504 0.028456 -0.00858
1458.37784 0.028478 -0.00859
1458.47064 0.028500 -0.00860
1458.56344 0.028522 -0.00860
1458.65624 0.028545 -0.00861
1458.74904 0.028567 -0.00862
1458.84185 0.028589 -0.00862
1458.93465 0.028611 -0.00863
1459.02745 0.028633 -0.00864
1459.12025 0.028656 -0.00864
1459.21305 0.028678 -0.00865
1459.30585 0.028700 -0.00866
1459.39866 0.028722 -0.00866
1459.49146 0.028745 -0.00867
1459.58426 0.028767 -0.00868
1459.67706 0.028789 -0.00868
1459.76986 0.028811 -0.00869
1459.86266 0.028834 -0.00870
1459.95547 0.028856 -0.00870
1460.04827 0.028878 -0.00871
1460.14107 0.028901 -0.00872
1460.23387 0.028923 -0.00872
1460.32667 0.028945 -0.00873
1460.41947 0.028968 -0.00874
1460.51228 0.028990 -0.00874
1460.60508 0.029013 -0.00875
1460.69788 0.029035 -0.00876
1460.79068 0.029057 -0.00877
1460.88348 0.029080 -0.00877
1460.97628 0.029102 -0.00878
1461.06909 0.029125 -0.00879
1461.16189 0.029147 -0.00879
1461.25469 0.029170 -0.00880
1461.34749 0.029192 -0.00881
1461.44029 0.029215 -0.00881
1461.53309 0.029237 -0.00882
1461.62590 0.029260 -0.00883
1461.71870 0.029282 -0.00883
1461.81150 0.029305 -0.00884
1461.90430 0.029327 -0.00885
1461.99710 0.029350 -0.00885
1462.08990 0.029373 -0.00886
1462.18271 0.029395 -0.00887
1462.27551 0.029418 -0.00887
1462.36831 0.029440 -0.00888
1462.46111 0.029463 -0.00889
1462.55391 0.029486 -0.00889
1462.64671 0.029508 -0.00890
1462.73952 0.029531 -0.00891
1462.83232 0.029554 -0.00892
1462.92512 0.029576 -0.00892
1463.01792 0.029599 -0.00893
1463.11072 0.029622 -0.00894
1463.20352 0.029645 -0.00894
1463.29633 0.029667 -0.00895
1463.38913 0.029690 -0.00896
1463.48193 0.029713 -0.00896
1463.57473 0.029736 -0.00897
1463.66753 0.029758 -0.00898
1463.76033 0.029781 -0.00898
1463.85314 0.029804 -0.00899
1463.94594 0.029827 -0.00900
1464.03874 0.029850 -0.00900
1464.13154 0.029873 -0.00901
1464.22434 0.029895 -0.00902
1464.31714 0.029918 -0.00903
1464.40995 0.029941 -0.00903
1464.50275 0.029964 -0.00904
1464.59555 0.029987 -0.00905
1464.68835 0.030010 -0.00905
1464.78115 0.030033 -0.00906
1464.87395 0.030056 -0.00907
1464.96675 0.030079 -0.00907
1465.05956 0.030102 -0.00908
1465.15236 0.030125 -0.00909
1465.24516 0.030148 -0.00909
1465.33796 0.030171 -0.00910
1465.43076 0.030194 -0.00911
1465.52356 0.030217 -0.00912
1465.61637 0.030240 -0.00912
1465.70917 0.030263 -0.00913
1465.80197 0.030286 -0.00914
1465.89477 0.030309 -0.00914
1465.98757 0.030332 -0.00915
1466.08037 0.030355 -0.00916
1466.17318 0.030378 -0.00916
1466.26598 0.030401 -0.00917
1466.35878 0.030424 -0.00918
1466.45158 0.030447 -0.00919
1466.54438 0.030471 -0.00919
1466.63718 0.030494 -0.00920
1466.72999 0.030517 -0.00921
1466.82279 0.030540 -0.00921
1466.91559 0.030563 -0.00922
1467.00839 0.030586 -0.00923
1467.10119 0.030610 -0.00923
1467.19399 0.030633 -0.00924
1467.28680 0.030656 -0.00925
1467.37960 0.030679 -0.00926
1467.47240 0.030703 -0.00926
1467.56520 0.030726 -0.00927
1467.65800 0.030749 -0.00928
1467.75080 0.030773 -0.00928
1467.84361 0.030796 -0.00929
1467.93641 0.030819 -0.00930
1468.02921 0.030843 -0.00930
1468.12201 0.030866 -0.00931
1468.21481 0.030889 -0.00932
1468.30761 0.030913 -0.00933
1468.40042 0.030936 -0.00933
1468.49322 0.030959 -0.00934
1468.58602 0.030983 -0.00935
1468.67882 0.031006 -0.00935
1468.77162 0.031030 -0.00936
1468.86442 0.031053 -0.00937
1468.95723 0.031077 -0.00938
1469.05003 0.031100 -0.00938
1469.14283 0.031123 -0.00939
1469.23563 0.031147 -0.00940
1469.32843 0.031170 -0.00940
1469.42123 0.031194 -0.00941
1469.51404 0.031218 -0.00942
1469.60684 0.031241 -0.00943
1469.69964 0.031265 -0.00943
1469.79244 0.031288 -0.00944
1469.88524 0.031312 -0.00945
1469.97804 0.031335 -0.00945
1470.07085 0.031359 -0.00946
1470.16365 0.031383 -0.00947
1470.25645 0.031406 -0.00948
1470.34925 0.031430 -0.00948
1470.44205 0.031453 -0.00949
1470.53485 0.031477 -0.00950
1470.62766 0.031501 -0.00950
1470.72046 0.031524 -0.00951
1470.81326 0.031548 -0.00952
1470.90606 0.031572 -0.00953
1470.99886 0.031596 -0.00953
1471.09166 0.031619 -0.00954
1471.18447 0.031643 -0.00955
1471.27727 0.031667 -0.00955
1471.37007 0.031690 -0.00956
1471.46287 0.031714 -0.00957
1471.55567 0.031738 -0.00958
1471.64847 0.031762 -0.00958
1471.74127 0.031786 -0.00959
1471.83408 0.031809 -0.00960
1471.92688 0.031833 -0.00960
1472.01968 0.031857 -0.00961
1472.11248 0.031881 -0.00962
1472.20528 0.031905 -0.00963
1472.29808 0.031929 -0.00963
1472.39089 0.031953 -0.00964
1472.48369 0.031977 -0.00965
1472.57649 0.032000 -0.00965
1472.66929 0.032024 -0.00966
1472.76209 0.032048 -0.00967
1472.85489 0.032072 -0.00968
1472.94770 0.032096 -0.00968
1473.04050 0.032120 -0.00969
1473.13330 0.032144 -0.00970
1473.22610 0.032168 -0.00971
1473.31890 0.032192 -0.00971
1473.41170 0.032216 -0.00972
1473.50451 0.032240 -0.00973
1473.59731 0.032264 -0.00973
1473.69011 0.032288 -0.00974
1473.78291 0.032312 -0.00975
1473.87571 0.032337 -0.00976
1473.96851 0.032361 -0.00976
1474.06132 0.032385 -0.00977
1474.15412 0.032409 -0.00978
1474.24692 0.032433 -0.00979
1474.33972 0.032457 -0.00979
1474.43252 0.032481 -0.00980
1474.52532 0.032505 -0.00981
1474.61813 0.032530 -0.00981
1474.71093 0.032554 -0.00982
1474.80373 0.032578 -0.00983
1474.89653 0.032602 -0.00984
1474.98933 0.032626 -0.00984
1475.08213 0.032651 -0.00985
1475.17494 0.032675 -0.00986
1475.26774 0.032699 -0.00987
1475.36054 0.032724 -0.00987
1475.45334 0.032748 -0.00988
1475.54614 0.032772 -0.00989
1475.63894 0.032796 -0.00990
1475.73175 0.032821 -0.00990
1475.82455 0.032845 -0.00991
1475.91735 0.032869 -0.00992
1476.01015 0.032894 -0.00993
1476.10295 0.032918 -0.00993
1476.19575 0.032943 -0.00994
1476.28856 0.032967 -0.00995
1476.38136 0.032991 -0.00995
1476.47416 0.033016 -0.00996
1476.56696 0.033040 -0.00997
1476.65976 0.033065 -0.00998
1476.75256 0.033089 -0.00998
1476.84537 0.033114 -0.00999
1476.93817 0.033138 -0.01000
1477.03097 0.033163 -0.01001
1477.12377 0.033187 -0.01001
1477.21657 0.033212 -0.01002
1477.30937 0.033236 -0.01003
1477.40218 0.033261 -0.01004
1477.49498 0.033285 -0.01004
1477.58778 0.033310 -0.01005
1477.68058 0.033334 -0.01006
1477.77338 0.033359 -0.01007
1477.86618 0.033383 -0.01007
1477.95899 0.033408 -0.01008
1478.05179 0.033433 -0.01009
1478.14459 0.033457 -0.01010
1478.23739 0.033482 -0.01010
1478.33019 0.033507 -0.01011
1478.42299 0.033531 -0.01012
1478.51579 0.033556 -0.01013
1478.60860 0.033581 -0.01013
1478.70140 0.033605 -0.01014
1478.79420 0.033630 -0.01015
1478.88700 0.033655 -0.01016
1478.97980 0.033680 -0.01016
1479.07260 0.033704 -0.01017
1479.16541 0.033729 -0.01018
1479.25821 0.033754 -0.01019
1479.35101 0.033779 -0.01019
1479.44381 0.033804 -0.01020
1479.53661 0.033828 -0.01021
1479.62941 0.033853 -0.01022
1479.72222 0.033878 -0.01022
1479.81502 0.033903 -0.01023
1479.90782 0.033928 -0.01024
1480.00062 0.033953 -0.01025
1480.09342 0.033978 -0.01025
1480.18622 0.034002 -0.01026
1480.27903 0.034027 -0.01027
1480.37183 0.034052 -0.01028
1480.46463 0.034077 -0.01028
1480.55743 0.034102 -0.01029
1480.65023 0.034127 -0.01030
1480.74303 0.034152 -0.01031
1480.83584 0.034177 -0.01031
1480.92864 0.034202 -0.01032
1481.02144 0.034227 -0.01033
1481.11424 0.034252 -0.01034
1481.20704 0.034277 -0.01034
1481.29984 0.034302 -0.01035
1481.39265 0.034327 -0.01036
1481.48545 0.034352 -0.01037
1481.57825 0.034377 -0.01037
1481.67105 0.034403 -0.01038
1481.76385 0.034428 -0.01039
1481.85665 0.034453 -0.01040
1481.94946 0.034478 -0.01040
1482.04226 0.034503 -0.01041
1482.13506 0.034528 -0.01042
1482.22786 0.034553 -0.01043
1482.32066 0.034579 -0.01043
1482.41346 0.034604 -0.01044
1482.50627 0.034629 -0.01045
1482.59907 0.034654 -0.01046
1482.69187 0.034679 -0.01046
1482.78467 0.034705 -0.01047
1482.87747 0.034730 -0.01048
1482.97027 0.034755 -0.01049
1483.06308 0.034780 -0.01050
1483.15588 0.034806 -0.01050
1483.24868 0.034831 -0.01051
1483.34148 0.034856 -0.01052
1483.43428 0.034882 -0.01053
1483.52708 0.034907 -0.01053
1483.61989 0.034932 -0.01054
1483.71269 0.034958 -0.01055
1483.80549 0.034983 -0.01056
1483.89829 0.035009 -0.01056
1483.99109 0.035034 -0.01057
1484.08389 0.035059 -0.01058
1484.17670 0.035085 -0.01059
1484.26950 0.035110 -0.01060
1484.36230 0.035136 -0.01060
1484.45510 0.035161 -0.01061
1484.54790 0.035187 -0.01062
1484.64070 0.035212 -0.01063
1484.73351 0.035238 -0.01063
1484.82631 0.035263 -0.01064
1484.91911 0.035289 -0.01065
1485.01191 0.035314 -0.01066
1485.10471 0.035340 -0.01066
1485.19751 0.035365 -0.01067
1485.29031 0.035391 -0.01068
1485.38312 0.035417 -0.01069
1485.47592 0.035442 -0.01070
1485.56872 0.035468 -0.01070
1485.66152 0.035493 -0.01071
1485.75432 0.035519 -0.01072
1485.84712 0.035545 -0.01073
1485.93993 0.035570 -0.01073
1486.03273 0.035596 -0.01074
1486.12553 0.035622 -0.01075
1486.21833 0.035647 -0.01076
1486.31113 0.035673 -0.01077
1486.40393 0.035699 -0.01077
1486.49674 0.035725 -0.01078
1486.58954 0.035750 -0.01079
1486.68234 0.035776 -0.01080
1486.77514 0.035802 -0.01080
1486.86794 0.035828 -0.01081
1486.96074 0.035853 -0.01082
1487.05355 0.035879 -0.01083
1487.14635 0.035905 -0.01084
1487.23915 0.035931 -0.01084
1487.33195 0.035957 -0.01085
1487.42475 0.035983 -0.01086
1487.51755 0.036008 -0.01087
1487.61036 0.036034 -0.01087
1487.70316 0.036060 -0.01088
1487.79596 0.036086 -0.01089
1487.88876 0.036112 -0.01090
1487.98156 0.036138 -0.01091
1488.07436 0.036164 -0.01091
1488.16717 0.036190 -0.01092
1488.25997 0.036216 -0.01093
1488.35277 0.036242 -0.01094
1488.44557 0.036268 -0.01095
1488.53837 0.036294 -0.01095
1488.63117 0.036320 -0.01096
1488.72398 0.036346 -0.01097
1488.81678 0.036372 -0.01098
1488.90958 0.036398 -0.01098
1489.00238 0.036424 -0.01099
1489.09518 0.036450 -0.01100
1489.18798 0.036476 -0.01101
1489.28079 0.036502 -0.01102
1489.37359 0.036529 -0.01102
1489.46639 0.036555 -0.01103
1489.55919 0.036581 -0.01104
1489.65199 0.036607 -0.01105
1489.74479 0.036633 -0.01106
1489.83760 0.036659 -0.01106
1489.93040 0.036686 -0.01107
1490.02320 0.036712 -0.01108
1490.11600 0.036738 -0.01109
1490.20880 0.036764 -0.01110
1490.30160 0.036790 -0.01110
1490.39441 0.036817 -0.01111
1490.48721 0.036843 -0.01112
1490.58001 0.036869 -0.01113
1490.67281 0.036896 -0.01114
1490.76561 0.036922 -0.01114
1490.85841 0.036948 -0.01115
1490.95122 0.036975 -0.01116
1491.04402 0.037001 -0.01117
1491.13682 0.037027 -0.01117
1491.22962 0.037054 -0.01118
1491.32242 0.037080 -0.01119
1491.41522 0.037106 -0.01120
1491.50803 0.037133 -0.01121
1491.60083 0.037159 -0.01121
1491.69363 0.037186 -0.01122
1491.78643 0.037212 -0.01123
1491.87923 0.037239 -0.01124
1491.97203 0.037265 -0.01125
1492.06483 0.037292 -0.01125
1492.15764 0.037318 -0.01126
1492.25044 0.037345 -0.01127
1492.34324 0.037371 -0.01128
1492.43604 0.037398 -0.01129
1492.52884 0.037424 -0.01129
1492.62164 0.037451 -0.01130
1492.71445 0.037477 -0.01131
1492.80725 0.037504 -0.01132
1492.90005 0.037530 -0.01133
1492.99285 0.037557 -0.01134
1493.08565 0.037584 -0.01134
1493.17845 0.037610 -0.01135
1493.27126 0.037637 -0.01136
1493.36406 0.037664 -0.01137
1493.45686 0.037690 -0.01138
1493.54966 0.037717 -0.01138
1493.64246 0.037744 -0.01139
1493.73526 0.037770 -0.01140
1493.82807 0.037797 -0.01141
1493.92087 0.037824 -0.01142
1494.01367 0.037851 -0.01142
1494.10647 0.037877 -0.01143
1494.19927 0.037904 -0.01144
1494.29207 0.037931 -0.01145
1494.38488 0.037958 -0.01146
1494.47768 0.037985 -0.01146
1494.57048 0.038011 -0.01147
1494.66328 0.038038 -0.01148
1494.75608 0.038065 -0.01149
1494.84888 0.038092 -0.01150
1494.94169 0.038119 -0.01150
1495.03449 0.038146 -0.01151
1495.12729 0.038173 -0.01152
1495.22009 0.038200 -0.01153
1495.31289 0.038226 -0.01154
1495.40569 0.038253 -0.01155
1495.49850 0.038280 -0.01155
1495.59130 0.038307 -0.01156
1495.68410 0.038334 -0.01157
1495.77690 0.038361 -0.01158
1495.86970 0.038388 -0.01159
1495.96250 0.038415 -0.01159
1496.05531 0.038442 -0.01160
1496.14811 0.038469 -0.01161
1496.24091 0.038496 -0.01162
1496.33371 0.038523 -0.01163
1496.42651 0.038551 -0.01164
1496.51931 0.038578 -0.01164
1496.61212 0.038605 -0.01165
1496.70492 0.038632 -0.01166
1496.79772 0.038659 -0.01167
1496.89052 0.038686 -0.01168
1496.98332 0.038713 -0.01168
1497.07612 0.038740 -0.01169
1497.16893 0.038768 -0.01170
1497.26173 0.038795 -0.01171
1497.35453 0.038822 -0.01172
1497.44733 0.038849 -0.01173
1497.54013 0.038876 -0.01173
1497.63293 0.038904 -0.01174
1497.72574 0.038931 -0.01175
1497.81854 0.038958 -0.01176
1497.91134 0.038986 -0.01177
1498.00414 0.039013 -0.01178
1498.09694 0.039040 -0.01178
1498.18974 0.039067 -0.01179
1498.28255 0.039095 -0.01180
1498.37535 0.039122 -0.01181
1498.46815 0.039149 -0.01182
1498.56095 0.039177 -0.01182
1498.65375 0.039204 -0.01183
1498.74655 0.039232 -0.01184
1498.83935 0.039259 -0.01185
1498.93216 0.039286 -0.01186
1499.02496 0.039314 -0.01187
1499.11776 0.039341 -0.01187
1499.21056 0.039369 -0.01188
1499.30336 0.039396 -0.01189
1499.39616 0.039424 -0.01190
1499.48897 0.039451 -0.01191
1499.58177 0.039479 -0.01192
1499.67457 0.039506 -0.01192
1499.76737 0.039534 -0.01193
1499.86017 0.039561 -0.01194
1499.95297 0.039589 -0.01195
1500.04578 0.039617 -0.01196
1500.13858 0.039644 -0.01197
1500.23138 0.039672 -0.01197
1500.32418 0.039699 -0.01198
1500.41698 0.039727 -0.01199
1500.50978 0.039755 -0.01200
1500.60259 0.039782 -0.01201
1500.69539 0.039810 -0.01202
1500.78819 0.039838 -0.01202
1500.88099 0.039865 -0.01203
1500.97379 0.039893 -0.01204
1501.06659 0.039921 -0.01205
1501.15940 0.039948 -0.01206
1501.25220 0.039976 -0.01207
1501.34500 0.040004 -0.01208
1501.43780 0.040032 -0.01208
1501.53060 0.040059 -0.01209
1501.62340 0.040087 -0.01210
1501.71621 0.040115 -0.01211
1501.80901 0.040143 -0.01212
1501.90181 0.040171 -0.01213
1501.99461 0.040199 -0.01213
1502.08741 0.040226 -0.01214
1502.18021 0.040254 -0.01215
1502.27302 0.040282 -0.01216
1502.36582 0.040310 -0.01217
1502.45862 0.040338 -0.01218
1502.55142 0.040366 -0.01218
1502.64422 0.040394 -0.01219
1502.73702 0.040422 -0.01220
1502.82983 0.040450 -0.01221
1502.92263 0.040478 -0.01222
1503.01543 0.040506 -0.01223
1503.10823 0.040534 -0.01224
1503.20103 0.040562 -0.01224
1503.29383 0.040590 -0.01225
1503.38664 0.040618 -0.01226
1503.47944 0.040646 -0.01227
1503.57224 0.040674 -0.01228
1503.66504 0.040702 -0.01229
1503.75784 0.040730 -0.01229
1503.85064 0.040758 -0.01230
1503.94345 0.040786 -0.01231
1504.03625 0.040814 -0.01232
1504.12905 0.040843 -0.01233
1504.22185 0.040871 -0.01234
1504.31465 0.040899 -0.01235
1504.40745 0.040927 -0.01235
1504.50026 0.040955 -0.01236
1504.59306 0.040983 -0.01237
1504.68586 0.041012 -0.01238
1504.77866 0.041040 -0.01239
1504.87146 0.041068 -0.01240
1504.96426 0.041096 -0.01241
1505.05707 0.041125 -0.01241
1505.14987 0.041153 -0.01242
1505.24267 0.041181 -0.01243
1505.33547 0.041210 -0.01244
1505.42827 0.041238 -0.01245
1505.52107 0.041266 -0.01246
1505.61387 0.041295 -0.01247
1505.70668 0.041323 -0.01247
1505.79948 0.041351 -0.01248
1505.89228 0.041380 -0.01249
1505.98508 0.041408 -0.01250
1506.07788 0.041436 -0.01251
1506.17068 0.041465 -0.01252
1506.26349 0.041493 -0.01253
1506.35629 0.041522 -0.01253
1506.44909 0.041550 -0.01254
1506.54189 0.041579 -0.01255
1506.63469 0.041607 -0.01256
1506.72749 0.041636 -0.01257
1506.82030 0.041664 -0.01258
1506.91310 0.041693 -0.01259
1507.00590 0.041721 -0.01259
1507.09870 0.041750 -0.01260
1507.19150 0.041778 -0.01261
1507.28430 0.041807 -0.01262
1507.37711 0.041836 -0.01263
1507.46991 0.041864 -0.01264
1507.56271 0.041893 -0.01265
1507.65551 0.041921 -0.01265
1507.74831 0.041950 -0.01266
1507.84111 0.041979 -0.01267
1507.93392 0.042007 -0.01268
1508.02672 0.042036 -0.01269
1508.11952 0.042065 -0.01270
1508.21232 0.042094 -0.01271
1508.30512 0.042122 -0.01272
1508.39792 0.042151 -0.01272
1508.49073 0.042180 -0.01273
1508.58353 0.042209 -0.01274
1508.67633 0.042237 -0.01275
1508.76913 0.042266 -0.01276
1508.86193 0.042295 -0.01277
1508.95473 0.042324 -0.01278
1509.04754 0.042353 -0.01279
1509.14034 0.042381 -0.01279
1509.23314 0.042410 -0.01280
1509.32594 0.042439 -0.01281
1509.41874 0.042468 -0.01282
1509.51154 0.042497 -0.01283
1509.60435 0.042526 -0.01284
1509.69715 0.042555 -0.01285
1509.78995 0.042584 -0.01286
1509.88275 0.042613 -0.01286
1509.97555 0.042642 -0.01287
1510.06835 0.042671 -0.01288
1510.16116 0.042700 -0.01289
1510.25396 0.042729 -0.01290
1510.34676 0.042758 -0.01291
1510.43956 0.042787 -0.01292
1510.53236 0.042816 -0.01293
1510.62516 0.042845 -0.01293
1510.71797 0.042874 -0.01294
1510.81077 0.042903 -0.01295
1510.90357 0.042932 -0.01296
1510.99637 0.042961 -0.01297
1511.08917 0.042990 -0.01298
1511.18197 0.043019 -0.01299
1511.27478 0.043048 -0.01300
1511.36758 0.043078 -0.01300
1511.46038 0.043107 -0.01301
1511.55318 0.043136 -0.01302
1511.64598 0.043165 -0.01303
1511.73878 0.043194 -0.01304
1511.83159 0.043224 -0.01305
1511.92439 0.043253 -0.01306
1512.01719 0.043282 -0.01307
1512.10999 0.043311 -0.01308
1512.20279 0.043341 -0.01308
1512.29559 0.043370 -0.01309
1512.38839 0.043399 -0.01310
1512.48120 0.043428 -0.01311
1512.57400 0.043458 -0.01312
1512.66680 0.043487 -0.01313
1512.75960 0.043517 -0.01314
1512.85240 0.043546 -0.01315
1512.94520 0.043575 -0.01316
1513.03801 0.043605 -0.01316
1513.13081 0.043634 -0.01317
1513.22361 0.043664 -0.01318
1513.31641 0.043693 -0.01319
1513.40921 0.043722 -0.01320
1513.50201 0.043752 -0.01321
1513.59482 0.043781 -0.01322
1513.68762 0.043811 -0.01323
1513.78042 0.043840 -0.01324
1513.87322 0.043870 -0.01324
1513.96602 0.043899 -0.01325
1514.05882 0.043929 -0.01326
1514.15163 0.043958 -0.01327
1514.24443 0.043988 -0.01328
1514.33723 0.044018 -0.01329
1514.43003 0.044047 -0.01330
1514.52283 0.044077 -0.01331
1514.61563 0.044106 -0.01332
1514.70844 0.044136 -0.01332
1514.80124 0.044166 -0.01333
1514.89404 0.044195 -0.01334
1514.98684 0.044225 -0.01335
1515.07964 0.044255 -0.01336
1515.17244 0.044284 -0.01337
1515.26525 0.044314 -0.01338
1515.35805 0.044344 -0.01339
1515.45085 0.044374 -0.01340
1515.54365 0.044403 -0.01341
1515.63645 0.044433 -0.01341
1515.72925 0.044463 -0.01342
1515.82206 0.044493 -0.01343
1515.91486 0.044523 -0.01344
1516.00766 0.044552 -0.01345
1516.10046 0.044582 -0.01346
1516.19326 0.044612 -0.01347
1516.28606 0.044642 -0.01348
1516.37887 0.044672 -0.01349
1516.47167 0.044702 -0.01350
1516.56447 0.044732 -0.01350
1516.65727 0.044761 -0.01351
1516.75007 0.044791 -0.01352
1516.84287 0.044821 -0.01353
1516.93568 0.044851 -0.01354
1517.02848 0.044881 -0.01355
1517.12128 0.044911 -0.01356
1517.21408 0.044941 -0.01357
1517.30688 0.044971 -0.01358
1517.39968 0.045001 -0.01359
1517.49249 0.045031 -0.01360
1517.58529 0.045061 -0.01360
1517.67809 0.045091 -0.01361
1517.77089 0.045121 -0.01362
1517.86369 0.045152 -0.01363
1517.95649 0.045182 -0.01364
1518.04930 0.045212 -0.01365
1518.14210 0.045242 -0.01366
1518.23490 0.045272 -0.01367
1518.32770 0.045302 -0.01368
1518.42050 0.045332 -0.01369
1518.51330 0.045363 -0.01370
1518.60611 0.045393 -0.01370
1518.69891 0.045423 -0.01371
1518.79171 0.045453 -0.01372
1518.88451 0.045483 -0.01373
1518.97731 0.045514 -0.01374
1519.07011 0.045544 -0.01375
1519.16291 0.045574 -0.01376
1519.25572 0.045604 -0.01377
1519.34852 0.045635 -0.01378
1519.44132 0.045665 -0.01379
1519.53412 0.045695 -0.01380
1519.62692 0.045726 -0.01381
1519.71972 0.045756 -0.01381
1519.81253 0.045786 -0.01382
1519.90533 0.045817 -0.01383
1519.99813 0.045847 -0.01384
1520.09093 0.045878 -0.01385
1520.18373 0.045908 -0.01386
1520.27653 0.045938 -0.01387
1520.36934 0.045969 -0.01388
1520.46214 0.045999 -0.01389
1520.55494 0.046030 -0.01390
1520.64774 0.046060 -0.01391
1520.74054 0.046091 -0.01392
1520.83334 0.046121 -0.01393
1520.92615 0.046152 -0.01393
1521.01895 0.046182 -0.01394
1521.11175 0.046213 -0.01395
1521.20455 0.046244 -0.01396
1521.29735 0.046274 -0.01397
1521.39015 0.046305 -0.01398
1521.48296 0.046335 -0.01399
1521.57576 0.046366 -0.01400
1521.66856 0.046397 -0.01401
1521.76136 0.046427 -0.01402
1521.85416 0.046458 -0.01403
1521.94696 0.046489 -0.01404
1522.03977 0.046519 -0.01405
1522.13257 0.046550 -0.01405
1522.22537 0.046581 -0.01406
1522.31817 0.046611 -0.01407
1522.41097 0.046642 -0.01408
1522.50377 0.046673 -0.01409
1522.59658 0.046704 -0.01410
1522.68938 0.046735 -0.01411
1522.78218 0.046765 -0.01412
1522.87498 0.046796 -0.01413
1522.96778 0.046827 -0.01414
1523.06058 0.046858 -0.01415
1523.15339 0.046889 -0.01416
1523.24619 0.046920 -0.01417
1523.33899 0.046950 -0.01418
1523.43179 0.046981 -0.01419
1523.52459 0.047012 -0.01419
1523.61739 0.047043 -0.01420
1523.71020 0.047074 -0.01421
1523.80300 0.047105 -0.01422
1523.89580 0.047136 -0.01423
1523.98860 0.047167 -0.01424
1524.08140 0.047198 -0.01425
1524.17420 0.047229 -0.01426
1524.26701 0.047260 -0.01427
1524.35981 0.047291 -0.01428
1524.45261 0.047322 -0.01429
1524.54541 0.047353 -0.01430
1524.63821 0.047384 -0.01431
1524.73101 0.047415 -0.01432
1524.82382 0.047446 -0.01433
1524.91662 0.047477 -0.01434
1525.00942 0.047509 -0.01434
1525.10222 0.047540 -0.01435
1525.19502 0.047571 -0.01436
1525.28782 0.047602 -0.01437
1525.38063 0.047633 -0.01438
1525.47343 0.047664 -0.01439
1525.56623 0.047696 -0.01440
1525.65903 0.047727 -0.01441
1525.75183 0.047758 -0.01442
1525.84463 0.047789 -0.01443
1525.93744 0.047821 -0.01444
1526.03024 0.047852 -0.01445
1526.12304 0.047883 -0.01446
1526.21584 0.047914 -0.01447
1526.30864 0.047946 -0.01448
1526.40144 0.047977 -0.01449
1526.49424 0.048008 -0.01450
1526.58705 0.048040 -0.01451
1526.67985 0.048071 -0.01451
1526.77265 0.048103 -0.01452
1526.86545 0.048134 -0.01453
1526.95825 0.048165 -0.01454
1527.05105 0.048197 -0.01455
1527.14386 0.048228 -0.01456
1527.23666 0.048260 -0.01457
1527.32946 0.048291 -0.01458
1527.42226 0.048323 -0.01459
1527.51506 0.048354 -0.01460
1527.60786 0.048386 -0.01461
1527.70067 0.048417 -0.01462
1527.79347 0.048449 -0.01463
1527.88627 0.048480 -0.01464
1527.97907 0.048512 -0.01465
1528.07187 0.048543 -0.01466
1528.16467 0.048575 -0.01467
1528.25748 0.048607 -0.01468
1528.35028 0.048638 -0.01469
1528.44308 0.048670 -0.01470
1528.53588 0.048701 -0.01471
1528.62868 0.048733 -0.01472
1528.72148 0.048765 -0.01472
1528.81429 0.048796 -0.01473
1528.90709 0.048828 -0.01474
1528.99989 0.048860 -0.01475
1529.09269 0.048892 -0.01476
1529.18549 0.048923 -0.01477
1529.27829 0.048955 -0.01478
1529.37110 0.048987 -0.01479
1529.46390 0.049019 -0.01480
1529.55670 0.049050 -0.01481
1529.64950 0.049082 -0.01482
1529.74230 0.049114 -0.01483
1529.83510 0.049146 -0.01484
1529.92791 0.049178 -0.01485
1530.02071 0.049210 -0.01486
1530.11351 0.049242 -0.01487
1530.20631 0.049273 -0.01488
1530.29911 0.049305 -0.01489
1530.39191 0.049337 -0.01490
1530.48472 0.049369 -0.01491
1530.57752 0.049401 -0.01492
1530.67032 0.049433 -0.01493
1530.76312 0.049465 -0.01494
1530.85592 0.049497 -0.01495
1530.94872 0.049529 -0.01496
1531.04153 0.049561 -0.01497
1531.13433 0.049593 -0.01498
1531.22713 0.049625 -0.01499
1531.31993 0.049657 -0.01499
1531.41273 0.049689 -0.01500
1531.50553 0.049721 -0.01501
1531.59834 0.049753 -0.01502
1531.69114 0.049786 -0.01503
1531.78394 0.049818 -0.01504
1531.87674 0.049850 -0.01505
1531.96954 0.049882 -0.01506
1532.06234 0.049914 -0.01507
1532.15515 0.049946 -0.01508
1532.24795 0.049979 -0.01509
1532.34075 0.050011 -0.01510
1532.43355 0.050043 -0.01511
1532.52635 0.050075 -0.01512
1532.61915 0.050107 -0.01513
1532.71196 0.050140 -0.01514
1532.80476 0.050172 -0.01515
1532.89756 0.050204 -0.01516
1532.99036 0.050237 -0.01517
1533.08316 0.050269 -0.01518
1533.17596 0.050301 -0.01519
1533.26876 0.050334 -0.01520
1533.36157 0.050366 -0.01521
1533.45437 0.050398 -0.01522
1533.54717 0.050431 -0.01523
1533.63997 0.050463 -0.01524
1533.73277 0.050496 -0.01525
1533.82557 0.050528 -0.01526
1533.91838 0.050560 -0.01527
1534.01118 0.050593 -0.01528
1534.10398 0.050625 -0.01529
1534.19678 0.050658 -0.01530
1534.28958 0.050690 -0.01531
1534.38238 0.050723 -0.01532
1534.47519 0.050755 -0.01533
1534.56799 0.050788 -0.01534
1534.66079 0.050820 -0.01535
1534.75359 0.050853 -0.01536
1534.84639 0.050886 -0.01537
1534.93919 0.050918 -0.01538
1535.03200 0.050951 -0.01539
1535.12480 0.050983 -0.01540
1535.21760 0.051016 -0.01541
1535.31040 0.051049 -0.01542
1535.40320 0.051081 -0.01543
1535.49600 0.051114 -0.01544
1535.58881 0.051147 -0.01545
1535.68161 0.051179 -0.01546
1535.77441 0.051212 -0.01547
1535.86721 0.051245 -0.01547
1535.96001 0.051278 -0.01548
1536.05281 0.051310 -0.01549
1536.14562 0.051343 -0.01550
1536.23842 0.051376 -0.01551
1536.33122 0.051409 -0.01552
1536.42402 0.051442 -0.01553
1536.51682 0.051474 -0.01554
1536.60962 0.051507 -0.01555
1536.70243 0.051540 -0.01556
1536.79523 0.051573 -0.01557
1536.88803 0.051606 -0.01558
1536.98083 0.051639 -0.01559
1537.07363 0.051672 -0.01560
1537.16643 0.051705 -0.01561
1537.25924 0.051738 -0.01562
1537.35204 0.051771 -0.01563
1537.44484 0.051804 -0.01564
1537.53764 0.051837 -0.01565
1537.63044 0.051870 -0.01566
1537.72324 0.051903 -0.01567
1537.81605 0.051936 -0.01568
1537.90885 0.051969 -0.01569
1538.00165 0.052002 -0.01570
1538.09445 0.052035 -0.01571
1538.18725 0.052068 -0.01572
1538.28005 0.052101 -0.01573
1538.37286 0.052134 -0.01574
1538.46566 0.052167 -0.01575
1538.55846 0.052200 -0.01576
1538.65126 0.052234 -0.01577
1538.74406 0.052267 -0.01578
1538.83686 0.052300 -0.01579
1538.92967 0.052333 -0.01580
1539.02247 0.052366 -0.01581
1539.11527 0.052400 -0.01582
1539.20807 0.052433 -0.01583
1539.30087 0.052466 -0.01584
1539.39367 0.052499 -0.01585
1539.48648 0.052533 -0.01586
1539.57928 0.052566 -0.01587
1539.67208 0.052599 -0.01588
1539.76488 0.052632 -0.01589
1539.85768 0.052666 -0.01590
1539.95048 0.052699 -0.01591
1540.04328 0.052733 -0.01593
1540.13609 0.052766 -0.01594
1540.22889 0.052799 -0.01595
1540.32169 0.052833 -0.01596
1540.41449 0.052866 -0.01597
1540.50729 0.052900 -0.01598
1540.60009 0.052933 -0.01599
1540.69290 0.052967 -0.01600
1540.78570 0.053000 -0.01601
1540.87850 0.053033 -0.01602
1540.97130 0.053067 -0.01603
1541.06410 0.053101 -0.01604
1541.15690 0.053134 -0.01605
1541.24971 0.053168 -0.01606
1541.34251 0.053201 -0.01607
1541.43531 0.053235 -0.01608
1541.52811 0.053268 -0.01609
1541.62091 0.053302 -0.01610
1541.71371 0.053336 -0.01611
1541.80652 0.053369 -0.01612
1541.89932 0.053403 -0.01613
1541.99212 0.053437 -0.01614
1542.08492 0.053470 -0.01615
1542.17772 0.053504 -0.01616
1542.27052 0.053538 -0.01617
1542.36333 0.053571 -0.01618
1542.45613 0.053605 -0.01619
1542.54893 0.053639 -0.01620
1542.64173 0.053673 -0.01621
1542.73453 0.053706 -0.01622
1542.82733 0.053740 -0.01623
1542.92014 0.053774 -0.01624
1543.01294 0.053808 -0.01625
1543.10574 0.053842 -0.01626
1543.19854 0.053875 -0.01627
1543.29134 0.053909 -0.01628
1543.38414 0.053943 -0.01629
1543.47695 0.053977 -0.01630
1543.56975 0.054011 -0.01631
1543.66255 0.054045 -0.01632
1543.75535 0.054079 -0.01633
1543.84815 0.054113 -0.01634
1543.94095 0.054147 -0.01635
1544.03376 0.054181 -0.01636
1544.12656 0.054215 -0.01637
1544.21936 0.054249 -0.01638
1544.31216 0.054283 -0.01639
1544.40496 0.054317 -0.01640
1544.49776 0.054351 -0.01641
1544.59057 0.054385 -0.01642
1544.68337 0.054419 -0.01644
1544.77617 0.054453 -0.01645
1544.86897 0.054487 -0.01646
1544.96177 0.054521 -0.01647
1545.05457 0.054555 -0.01648
1545.14738 0.054590 -0.01649
1545.24018 0.054624 -0.01650
1545.33298 0.054658 -0.01651
1545.42578 0.054692 -0.01652
1545.51858 0.054726 -0.01653
1545.61138 0.054760 -0.01654
1545.70419 0.054795 -0.01655
1545.79699 0.054829 -0.01656
1545.88979 0.054863 -0.01657
1545.98259 0.054897 -0.01658
1546.07539 0.054932 -0.01659
1546.16819 0.054966 -0.01660
1546.26100 0.055000 -0.01661
1546.35380 0.055035 -0.01662
1546.44660 0.055069 -0.01663
1546.53940 0.055103 -0.01664
1546.63220 0.055138 -0.01665
1546.72500 0.055172 -0.01666
1546.81780 0.055207 -0.01667
1546.91061 0.055241 -0.01668
1547.00341 0.055275 -0.01669
1547.09621 0.055310 -0.01670
1547.18901 0.055344 -0.01672
1547.28181 0.055379 -0.01673
1547.37461 0.055413 -0.01674
1547.46742 0.055448 -0.01675
1547.56022 0.055482 -0.01676
1547.65302 0.055517 -0.01677
1547.74582 0.055551 -0.01678
1547.83862 0.055586 -0.01679
1547.93142 0.055621 -0.01680
1548.02423 0.055655 -0.01681
1548.11703 0.055690 -0.01682
1548.20983 0.055724 -0.01683
1548.30263 0.055759 -0.01684
1548.39543 0.055794 -0.01685
1548.48823 0.055828 -0.01686
1548.58104 0.055863 -0.01687
1548.67384 0.055898 -0.01688
1548.76664 0.055932 -0.01689
1548.85944 0.055967 -0.01690
1548.95224 0.056002 -0.01691
1549.04504 0.056037 -0.01692
1549.13785 0.056071 -0.01694
1549.23065 0.056106 -0.01695
1549.32345 0.056141 -0.01696
1549.41625 0.056176 -0.01697
1549.50905 0.056211 -0.01698
1549.60185 0.056245 -0.01699
1549.69466 0.056280 -0.01700
1549.78746 0.056315 -0.01701
1549.88026 0.056350 -0.01702
1549.97306 0.056385 -0.01703
1550.06586 0.056420 -0.01704
1550.15866 0.056455 -0.01705
1550.25147 0.056490 -0.01706
1550.34427 0.056525 -0.01707
1550.43707 0.056559 -0.01708
1550.52987 0.056594 -0.01709
1550.62267 0.056629 -0.01710
1550.71547 0.056664 -0.01711
1550.80828 0.056699 -0.01713
1550.90108 0.056735 -0.01714
1550.99388 0.056770 -0.01715
1551.08668 0.056805 -0.01716
1551.17948 0.056840 -0.01717
1551.27228 0.056875 -0.01718
1551.36509 0.056910 -0.01719
1551.45789 0.056945 -0.01720
1551.55069 0.056980 -0.01721
1551.64349 0.057015 -0.01722
1551.73629 0.057050 -0.01723
1551.82909 0.057086 -0.01724
1551.92190 0.057121 -0.01725
1552.01470 0.057156 -0.01726
1552.10750 0.057191 -0.01727
1552.20030 0.057227 -0.01728
1552.29310 0.057262 -0.01730
1552.38590 0.057297 -0.01731
1552.47871 0.057332 -0.01732
1552.57151 0.057368 -0.01733
1552.66431 0.057403 -0.01734
1552.75711 0.057438 -0.01735
1552.84991 0.057474 -0.01736
1552.94271 0.057509 -0.01737
1553.03552 0.057544 -0.01738
1553.12832 0.057580 -0.01739
1553.22112 0.057615 -0.01740
1553.31392 0.057650 -0.01741
1553.40672 0.057686 -0.01742
1553.49952 0.057721 -0.01743
1553.59232 0.057757 -0.01745
1553.68513 0.057792 -0.01746
1553.77793 0.057828 -0.01747
1553.87073 0.057863 -0.01748
1553.96353 0.057899 -0.01749
1554.05633 0.057934 -0.01750
1554.14913 0.057970 -0.01751
1554.24194 0.058005 -0.01752
1554.33474 0.058041 -0.01753
1554.42754 0.058077 -0.01754
1554.52034 0.058112 -0.01755
1554.61314 0.058148 -0.01756
1554.70594 0.058183 -0.01757
1554.79875 0.058219 -0.01758
1554.89155 0.058255 -0.01760
1554.98435 0.058290 -0.01761
1555.07715 0.058326 -0.01762
1555.16995 0.058362 -0.01763
1555.26275 0.058397 -0.01764
1555.35556 0.058433 -0.01765
1555.44836 0.058469 -0.01766
1555.54116 0.058505 -0.01767
1555.63396 0.058540 -0.01768
1555.72676 0.058576 -0.01769
1555.81956 0.058612 -0.01770
1555.91237 0.058648 -0.01771
1556.00517 0.058684 -0.01773
1556.09797 0.058720 -0.01774
1556.19077 0.058755 -0.01775
1556.28357 0.058791 -0.01776
1556.37637 0.058827 -0.01777
1556.46918 0.058863 -0.01778
1556.56198 0.058899 -0.01779
1556.65478 0.058935 -0.01780
1556.74758 0.058971 -0.01781
1556.84038 0.059007 -0.01782
1556.93318 0.059043 -0.01783
1557.02599 0.059079 -0.01784
1557.11879 0.059115 -0.01786
1557.21159 0.059151 -0.01787
1557.30439 0.059187 -0.01788
1557.39719 0.059223 -0.01789
1557.48999 0.059259 -0.01790
1557.58280 0.059295 -0.01791
1557.67560 0.059331 -0.01792
1557.76840 0.059367 -0.01793
1557.86120 0.059403 -0.01794
1557.95400 0.059440 -0.01795
1558.04680 0.059476 -0.01797
1558.13961 0.059512 -0.01798
1558.23241 0.059548 -0.01799
1558.32521 0.059584 -0.01800
1558.41801 0.059621 -0.01801
1558.51081 0.059657 -0.01802
1558.60361 0.059693 -0.01803
1558.69642 0.059729 -0.01804
1558.78922 0.059766 -0.01805
1558.88202 0.059802 -0.01806
1558.97482 0.059838 -0.01807
1559.06762 0.059874 -0.01809
1559.16042 0.059911 -0.01810
1559.25323 0.059947 -0.01811
1559.34603 0.059983 -0.01812
1559.43883 0.060020 -0.01813
1559.53163 0.060056 -0.01814
1559.62443 0.060093 -0.01815
1559.71723 0.060129 -0.01816
1559.81004 0.060165 -0.01817
1559.90284 0.060202 -0.01818
1559.99564 0.060238 -0.01820
1560.08844 0.060275 -0.01821
1560.18124 0.060311 -0.01822
1560.27404 0.060348 -0.01823
1560.36684 0.060384 -0.01824
1560.45965 0.060421 -0.01825
1560.55245 0.060457 -0.01826
1560.64525 0.060494 -0.01827
1560.73805 0.060531 -0.01828
1560.83085 0.060567 -0.01830
1560.92365 0.060604 -0.01831
1561.01646 0.060640 -0.01832
1561.10926 0.060677 -0.01833
1561.20206 0.060714 -0.01834
1561.29486 0.060750 -0.01835
1561.38766 0.060787 -0.01836
1561.48046 0.060824 -0.01837
1561.57327 0.060861 -0.01838
1561.66607 0.060897 -0.01840
1561.75887 0.060934 -0.01841
1561.85167 0.060971 -0.01842
1561.94447 0.061008 -0.01843
1562.03727 0.061044 -0.01844
1562.13008 0.061081 -0.01845
1562.22288 0.061118 -0.01846
1562.31568 0.061155 -0.01847
1562.40848 0.061192 -0.01848
1562.50128 0.061228 -0.01850
1562.59408 0.061265 -0.01851
1562.68689 0.061302 -0.01852
1562.77969 0.061339 -0.01853
1562.87249 0.061376 -0.01854
1562.96529 0.061413 -0.01855
1563.05809 0.061450 -0.01856
1563.15089 0.061487 -0.01857
1563.24370 0.061524 -0.01858
1563.33650 0.061561 -0.01860
1563.42930 0.061598 -0.01861
1563.52210 0.061635 -0.01862
1563.61490 0.061672 -0.01863
1563.70770 0.061709 -0.01864
1563.80051 0.061746 -0.01865
1563.89331 0.061783 -0.01866
1563.98611 0.061820 -0.01867
1564.07891 0.061857 -0.01869
1564.17171 0.061894 -0.01870
1564.26451 0.061932 -0.01871
1564.35732 0.061969 -0.01872
1564.45012 0.062006 -0.01873
1564.54292 0.062043 -0.01874
1564.63572 0.062080 -0.01875
1564.72852 0.062118 -0.01876
1564.82132 0.062155 -0.01878
1564.91413 0.062192 -0.01879
1565.00693 0.062229 -0.01880
1565.09973 0.062267 -0.01881
1565.19253 0.062304 -0.01882
1565.28533 0.062341 -0.01883
1565.37813 0.062379 -0.01884
1565.47094 0.062416 -0.01885
1565.56374 0.062453 -0.01887
1565.65654 0.062491 -0.01888
1565.74934 0.062528 -0.01889
1565.84214 0.062565 -0.01890
1565.93494 0.062603 -0.01891
1566.02775 0.062640 -0.01892
1566.12055 0.062678 -0.01893
1566.21335 0.062715 -0.01895
1566.30615 0.062753 -0.01896
1566.39895 0.062790 -0.01897
1566.49175 0.062828 -0.01898
1566.58456 0.062865 -0.01899
1566.67736 0.062903 -0.01900
1566.77016 0.062940 -0.01901
1566.86296 0.062978 -0.01902
1566.95576 0.063015 -0.01904
1567.04856 0.063053 -0.01905
1567.14136 0.063090 -0.01906
1567.23417 0.063128 -0.01907
1567.32697 0.063166 -0.01908
1567.41977 0.063203 -0.01909
1567.51257 0.063241 -0.01910
1567.60537 0.063279 -0.01912
1567.69817 0.063316 -0.01913
1567.79098 0.063354 -0.01914
1567.88378 0.063392 -0.01915
1567.97658 0.063430 -0.01916
1568.06938 0.063467 -0.01917
1568.16218 0.063505 -0.01918
1568.25498 0.063543 -0.01920
1568.34779 0.063581 -0.01921
1568.44059 0.063619 -0.01922
1568.53339 0.063656 -0.01923
1568.62619 0.063694 -0.01924
1568.71899 0.063732 -0.01925
1568.81179 0.063770 -0.01926
1568.90460 0.063808 -0.01928
1568.99740 0.063846 -0.01929
1569.09020 0.063884 -0.01930
1569.18300 0.063922 -0.01931
1569.27580 0.063960 -0.01932
1569.36860 0.063997 -0.01933
1569.46141 0.064035 -0.01934
1569.55421 0.064073 -0.01936
1569.64701 0.064111 -0.01937
1569.73981 0.064149 -0.01938
1569.83261 0.064188 -0.01939
1569.92541 0.064226 -0.01940
1570.01822 0.064264 -0.01941
1570.11102 0.064302 -0.01943
1570.20382 0.064340 -0.01944
1570.29662 0.064378 -0.01945
1570.38942 0.064416 -0.01946
1570.48222 0.064454 -0.01947
1570.57503 0.064492 -0.01948
1570.66783 0.064531 -0.01949
1570.76063 0.064569 -0.01951
1570.85343 0.064607 -0.01952
1570.94623 0.064645 -0.01953
1571.03903 0.064683 -0.01954
1571.13184 0.064722 -0.01955
1571.22464 0.064760 -0.01956
1571.31744 0.064798 -0.01958
1571.41024 0.064837 -0.01959
1571.50304 0.064875 -0.01960
1571.59584 0.064913 -0.01961
1571.68865 0.064951 -0.01962
1571.78145 0.064990 -0.01963
1571.87425 0.065028 -0.01965
1571.96705 0.065067 -0.01966
1572.05985 0.065105 -0.01967
1572.15265 0.065143 -0.01968
1572.24546 0.065182 -0.01969
1572.33826 0.065220 -0.01970
1572.43106 0.065259 -0.01971
1572.52386 0.065297 -0.01973
1572.61666 0.065336 -0.01974
1572.70946 0.065374 -0.01975
1572.80227 0.065413 -0.01976
1572.89507 0.065451 -0.01977
1572.98787 0.065490 -0.01978
1573.08067 0.065528 -0.01980
1573.17347 0.065567 -0.01981
1573.26627 0.065606 -0.01982
1573.35908 0.065644 -0.01983
1573.45188 0.065683 -0.01984
1573.54468 0.065721 -0.01985
1573.63748 0.065760 -0.01987
1573.73028 0.065799 -0.01988
1573.82308 0.065838 -0.01989
1573.91588 0.065876 -0.01990
1574.00869 0.065915 -0.01991
1574.10149 0.065954 -0.01993
1574.19429 0.065992 -0.01994
1574.28709 0.066031 -0.01995
1574.37989 0.066070 -0.01996
1574.47269 0.066109 -0.01997
1574.56550 0.066148 -0.01998
1574.65830 0.066186 -0.02000
1574.75110 0.066225 -0.02001
1574.84390 0.066264 -0.02002
1574.93670 0.066303 -0.02003
1575.02950 0.066342 -0.02004
1575.12231 0.066381 -0.02005
1575.21511 0.066420 -0.02007
1575.30791 0.066459 -0.02008
1575.40071 0.066498 -0.02009
1575.49351 0.066536 -0.02010
1575.58631 0.066575 -0.02011
1575.67912 0.066614 -0.02013
1575.77192 0.066653 -0.02014
1575.86472 0.066693 -0.02015
1575.95752 0.066732 -0.02016
1576.05032 0.066771 -0.02017
1576.14312 0.066810 -0.02018
1576.23593 0.066849 -0.02020
1576.32873 0.066888 -0.02021
1576.42153 0.066927 -0.02022
1576.51433 0.066966 -0.02023
1576.60713 0.067005 -0.02024
1576.69993 0.067044 -0.02026
1576.79274 0.067084 -0.02027
1576.88554 0.067123 -0.02028
1576.97834 0.067162 -0.02029
1577.07114 0.067201 -0.02030
1577.16394 0.067240 -0.02031
1577.25674 0.067280 -0.02033
1577.34955 0.067319 -0.02034
1577.44235 0.067358 -0.02035
1577.53515 0.067398 -0.02036
1577.62795 0.067437 -0.02037
1577.72075 0.067476 -0.02039
1577.81355 0.067516 -0.02040
1577.90636 0.067555 -0.02041
1577.99916 0.067594 -0.02042
1578.09196 0.067634 -0.02043
1578.18476 0.067673 -0.02045
1578.27756 0.067712 -0.02046
1578.37036 0.067752 -0.02047
1578.46317 0.067791 -0.02048
1578.55597 0.067831 -0.02049
1578.64877 0.067870 -0.02051
1578.74157 0.067910 -0.02052
1578.83437 0.067949 -0.02053
1578.92717 0.067989 -0.02054
1579.01998 0.068028 -0.02055
1579.11278 0.068068 -0.02056
1579.20558 0.068108 -0.02058
1579.29838 0.068147 -0.02059
1579.39118 0.068187 -0.02060
1579.48398 0.068226 -0.02061
1579.57679 0.068266 -0.02062
1579.66959 0.068306 -0.02064
1579.76239 0.068345 -0.02065
1579.85519 0.068385 -0.02066
1579.94799 0.068425 -0.02067
1580.04079 0.068464 -0.02068
1580.13360 0.068504 -0.02070
1580.22640 0.068544 -0.02071
1580.31920 0.068584 -0.02072
1580.41200 0.068623 -0.02073
1580.50480 0.068663 -0.02074
1580.59760 0.068703 -0.02076
1580.69040 0.068743 -0.02077
1580.78321 0.068783 -0.02078
1580.87601 0.068822 -0.02079
1580.96881 0.068862 -0.02081
1581.06161 0.068902 -0.02082
1581.15441 0.068942 -0.02083
1581.24721 0.068982 -0.02084
1581.34002 0.069022 -0.02085
1581.43282 0.069062 -0.02087
1581.52562 0.069102 -0.02088
1581.61842 0.069142 -0.02089
1581.71122 0.069182 -0.02090
1581.80402 0.069222 -0.02091
1581.89683 0.069262 -0.02093
1581.98963 0.069302 -0.02094
1582.08243 0.069342 -0.02095
1582.17523 0.069382 -0.02096
1582.26803 0.069422 -0.02097
1582.36083 0.069462 -0.02099
1582.45364 0.069502 -0.02100
1582.54644 0.069542 -0.02101
1582.63924 0.069583 -0.02102
1582.73204 0.069623 -0.02104
1582.82484 0.069663 -0.02105
1582.91764 0.069703 -0.02106
1583.01045 0.069743 -0.02107
1583.10325 0.069783 -0.02108
1583.19605 0.069824 -0.02110
1583.28885 0.069864 -0.02111
1583.38165 0.069904 -0.02112
1583.47445 0.069945 -0.02113
1583.56726 0.069985 -0.02114
1583.66006 0.070025 -0.02116
1583.75286 0.070065 -0.02117
1583.84566 0.070106 -0.02118
1583.93846 0.070146 -0.02119
1584.03126 0.070187 -0.02121
1584.12407 0.070227 -0.02122
1584.21687 0.070267 -0.02123
1584.30967 0.070308 -0.02124
1584.40247 0.070348 -0.02125
1584.49527 0.070389 -0.02127
1584.58807 0.070429 -0.02128
1584.68088 0.070470 -0.02129
1584.77368 0.070510 -0.02130
1584.86648 0.070551 -0.02132
1584.95928 0.070591 -0.02133
1585.05208 0.070632 -0.02134
1585.14488 0.070672 -0.02135
1585.23769 0.070713 -0.02137
1585.33049 0.070753 -0.02138
1585.42329 0.070794 -0.02139
1585.51609 0.070835 -0.02140
1585.60889 0.070875 -0.02141
1585.70169 0.070916 -0.02143
1585.79450 0.070957 -0.02144
1585.88730 0.070997 -0.02145
1585.98010 0.071038 -0.02146
1586.07290 0.071079 -0.02148
1586.16570 0.071119 -0.02149
1586.25850 0.071160 -0.02150
1586.35131 0.071201 -0.02151
1586.44411 0.071242 -0.02153
1586.53691 0.071283 -0.02154
1586.62971 0.071323 -0.02155
1586.72251 0.071364 -0.02156
1586.81531 0.071405 -0.02157
1586.90812 0.071446 -0.02159
1587.00092 0.071487 -0.02160
1587.09372 0.071528 -0.02161
1587.18652 0.071568 -0.02162
1587.27932 0.071609 -0.02164
1587.37212 0.071650 -0.02165
1587.46492 0.071691 -0.02166
1587.55773 0.071732 -0.02167
1587.65053 0.071773 -0.02169
1587.74333 0.071814 -0.02170
1587.83613 0.071855 -0.02171
1587.92893 0.071896 -0.02172
1588.02173 0.071937 -0.02174
1588.11454 0.071978 -0.02175
1588.20734 0.072019 -0.02176
1588.30014 0.072061 -0.02177
1588.39294 0.072102 -0.02179
1588.48574 0.072143 -0.02180
1588.57854 0.072184 -0.02181
1588.67135 0.072225 -0.02182
1588.76415 0.072266 -0.02184
1588.85695 0.072307 -0.02185
1588.94975 0.072349 -0.02186
1589.04255 0.072390 -0.02187
1589.13535 0.072431 -0.02189
1589.22816 0.072472 -0.02190
1589.32096 0.072514 -0.02191
1589.41376 0.072555 -0.02192
1589.50656 0.072596 -0.02194
1589.59936 0.072637 -0.02195
1589.69216 0.072679 -0.02196
1589.78497 0.072720 -0.02197
1589.87777 0.072761 -0.02199
1589.97057 0.072803 -0.02200
1590.06337 0.072844 -0.02201
1590.15617 0.072886 -0.02202
1590.24897 0.072927 -0.02204
1590.34178 0.072968 -0.02205
1590.43458 0.073010 -0.02206
1590.52738 0.073051 -0.02207
1590.62018 0.073093 -0.02209
1590.71298 0.073134 -0.02210
1590.80578 0.073176 -0.02211
1590.89859 0.073217 -0.02212
1590.99139 0.073259 -0.02214
1591.08419 0.073301 -0.02215
1591.17699 0.073342 -0.02216
1591.26979 0.073384 -0.02217
1591.36259 0.073425 -0.02219
1591.45540 0.073467 -0.02220
1591.54820 0.073509 -0.02221
1591.64100 0.073550 -0.02222
1591.73380 0.073592 -0.02224
1591.82660 0.073634 -0.02225
1591.91940 0.073675 -0.02226
1592.01221 0.073717 -0.02227
1592.10501 0.073759 -0.02229
1592.19781 0.073800 -0.02230
1592.29061 0.073842 -0.02231
1592.38341 0.073884 -0.02232
1592.47621 0.073926 -0.02234
1592.56902 0.073968 -0.02235
1592.66182 0.074009 -0.02236
1592.75462 0.074051 -0.02238
1592.84742 0.074093 -0.02239
1592.94022 0.074135 -0.02240
1593.03302 0.074177 -0.02241
1593.12583 0.074219 -0.02243
1593.21863 0.074261 -0.02244
1593.31143 0.074303 -0.02245
1593.40423 0.074345 -0.02246
1593.49703 0.074387 -0.02248
1593.58983 0.074429 -0.02249
1593.68264 0.074471 -0.02250
1593.77544 0.074513 -0.02252
1593.86824 0.074555 -0.02253
1593.96104 0.074597 -0.02254
1594.05384 0.074639 -0.02255
1594.14664 0.074681 -0.02257
1594.23944 0.074723 -0.02258
1594.33225 0.074765 -0.02259
1594.42505 0.074807 -0.02260
1594.51785 0.074849 -0.02262
1594.61065 0.074892 -0.02263
1594.70345 0.074934 -0.02264
1594.79625 0.074976 -0.02266
1594.88906 0.075018 -0.02267
1594.98186 0.075060 -0.02268
1595.07466 0.075103 -0.02269
1595.16746 0.075145 -0.02271
1595.26026 0.075187 -0.02272
1595.35306 0.075229 -0.02273
1595.44587 0.075272 -0.02274
1595.53867 0.075314 -0.02276
1595.63147 0.075356 -0.02277
1595.72427 0.075399 -0.02278
1595.81707 0.075441 -0.02280
1595.90987 0.075483 -0.02281
1596.00268 0.075526 -0.02282
1596.09548 0.075568 -0.02283
1596.18828 0.075611 -0.02285
1596.28108 0.075653 -0.02286
1596.37388 0.075696 -0.02287
1596.46668 0.075738 -0.02289
1596.55949 0.075781 -0.02290
1596.65229 0.075823 -0.02291
1596.74509 0.075866 -0.02292
1596.83789 0.075908 -0.02294
1596.93069 0.075951 -0.02295
1597.02349 0.075993 -0.02296
1597.11630 0.076036 -0.02298
1597.20910 0.076078 -0.02299
1597.30190 0.076121 -0.02300
1597.39470 0.076164 -0.02301
1597.48750 0.076206 -0.02303
1597.58030 0.076249 -0.02304
1597.67311 0.076292 -0.02305
1597.76591 0.076334 -0.02307
1597.85871 0.076377 -0.02308
1597.95151 0.076420 -0.02309
1598.04431 0.076463 -0.02311
1598.13711 0.076505 -0.02312
1598.22992 0.076548 -0.02313
1598.32272 0.076591 -0.02314
1598.41552 0.076634 -0.02316
1598.50832 0.076677 -0.02317
1598.60112 0.076719 -0.02318
1598.69392 0.076762 -0.02320
1598.78673 0.076805 -0.02321
1598.87953 0.076848 -0.02322
1598.97233 0.076891 -0.02323
1599.06513 0.076934 -0.02325
1599.15793 0.076977 -0.02326
1599.25073 0.077020 -0.02327
1599.34354 0.077063 -0.02329
1599.43634 0.077106 -0.02330
1599.52914 0.077149 -0.02331
1599.62194 0.077192 -0.02333
1599.71474 0.077235 -0.02334
1599.80754 0.077278 -0.02335
1599.90035 0.077321 -0.02336
1599.99315 0.077364 -0.02338
1600.08595 0.077407 -0.02339
1600.17875 0.077450 -0.02340
1600.27155 0.077493 -0.02342
1600.36435 0.077536 -0.02343
1600.45716 0.077580 -0.02344
1600.54996 0.077623 -0.02346
1600.64276 0.077666 -0.02347
1600.73556 0.077709 -0.02348
1600.82836 0.077752 -0.02350
1600.92116 0.077796 -0.02351
1601.01397 0.077839 -0.02352
1601.10677 0.077882 -0.02353
1601.19957 0.077925 -0.02355
1601.29237 0.077969 -0.02356
1601.38517 0.078012 -0.02357
1601.47797 0.078055 -0.02359
1601.57077 0.078099 -0.02360
1601.66358 0.078142 -0.02361
1601.75638 0.078186 -0.02363
1601.84918 0.078229 -0.02364
1601.94198 0.078272 -0.02365
1602.03478 0.078316 -0.02367
1602.12758 0.078359 -0.02368
1602.22039 0.078403 -0.02369
1602.31319 0.078446 -0.02371
1602.40599 0.078490 -0.02372
1602.49879 0.078533 -0.02373
1602.59159 0.078577 -0.02375
1602.68439 0.078620 -0.02376
1602.77720 0.078664 -0.02377
1602.87000 0.078707 -0.02378
1602.96280 0.078751 -0.02380
1603.05560 0.078795 -0.02381
1603.14840 0.078838 -0.02382
1603.24120 0.078882 -0.02384
1603.33401 0.078926 -0.02385
1603.42681 0.078969 -0.02386
1603.51961 0.079013 -0.02388
1603.61241 0.079057 -0.02389
1603.70521 0.079100 -0.02390
1603.79801 0.079144 -0.02392
1603.89082 0.079188 -0.02393
1603.98362 0.079232 -0.02394
1604.07642 0.079275 -0.02396
1604.16922 0.079319 -0.02397
1604.26202 0.079363 -0.02398
1604.35482 0.079407 -0.02400
1604.44763 0.079451 -0.02401
1604.54043 0.079495 -0.02402
1604.63323 0.079539 -0.02404
1604.72603 0.079582 -0.02405
1604.81883 0.079626 -0.02406
1604.91163 0.079670 -0.02408
1605.00444 0.079714 -0.02409
1605.09724 0.079758 -0.02410
1605.19004 0.079802 -0.02412
1605.28284 0.079846 -0.02413
1605.37564 0.079890 -0.02414
1605.46844 0.079934 -0.02416
1605.56125 0.079978 -0.02417
1605.65405 0.080022 -0.02418
1605.74685 0.080066 -0.02420
1605.83965 0.080111 -0.02421
1605.93245 0.080155 -0.02422
1606.02525 0.080199 -0.02424
1606.11806 0.080243 -0.02425
1606.21086 0.080287 -0.02426
1606.30366 0.080331 -0.02428
1606.39646 0.080375 -0.02429
1606.48926 0.080420 -0.02430
1606.58206 0.080464 -0.02432
1606.67487 0.080508 -0.02433
1606.76767 0.080552 -0.02434
1606.86047 0.080597 -0.02436
1606.95327 0.080641 -0.02437
1607.04607 0.080685 -0.02438
1607.13887 0.080730 -0.02440
1607.23168 0.080774 -0.02441
1607.32448 0.080818 -0.02442
1607.41728 0.080863 -0.02444
1607.51008 0.080907 -0.02445
1607.60288 0.080951 -0.02446
1607.69568 0.080996 -0.02448
1607.78849 0.081040 -0.02449
1607.88129 0.081085 -0.02450
1607.97409 0.081129 -0.02452
1608.06689 0.081174 -0.02453
1608.15969 0.081218 -0.02454
1608.25249 0.081263 -0.02456
1608.34529 0.081307 -0.02457
1608.43810 0.081352 -0.02458
1608.53090 0.081396 -0.02460
1608.62370 0.081441 -0.02461
1608.71650 0.081486 -0.02463
1608.80930 0.081530 -0.02464
1608.90210 0.081575 -0.02465
1608.99491 0.081619 -0.02467
1609.08771 0.081664 -0.02468
1609.18051 0.081709 -0.02469
1609.27331 0.081753 -0.02471
1609.36611 0.081798 -0.02472
1609.45891 0.081843 -0.02473
1609.55172 0.081888 -0.02475
1609.64452 0.081932 -0.02476
1609.73732 0.081977 -0.02477
1609.83012 0.082022 -0.02479
1609.92292 0.082067 -0.02480
1610.01572 0.082112 -0.02481
1610.10853 0.082156 -0.02483
1610.20133 0.082201 -0.02484
1610.29413 0.082246 -0.02486
1610.38693 0.082291 -0.02487
1610.47973 0.082336 -0.02488
1610.57253 0.082381 -0.02490
1610.66534 0.082426 -0.02491
1610.75814 0.082471 -0.02492
1610.85094 0.082516 -0.02494
1610.94374 0.082561 -0.02495
1611.03654 0.082606 -0.02496
1611.12934 0.082651 -0.02498
1611.22215 0.082696 -0.02499
1611.31495 0.082741 -0.02501
1611.40775 0.082786 -0.02502
1611.50055 0.082831 -0.02503
1611.59335 0.082876 -0.02505
1611.68615 0.082921 -0.02506
1611.77896 0.082966 -0.02507
1611.87176 0.083012 -0.02509
1611.96456 0.083057 -0.02510
1612.05736 0.083102 -0.02511
1612.15016 0.083147 -0.02513
1612.24296 0.083192 -0.02514
1612.33577 0.083238 -0.02516
1612.42857 0.083283 -0.02517
1612.52137 0.083328 -0.02518
1612.61417 0.083373 -0.02520
1612.70697 0.083419 -0.02521
1612.79977 0.083464 -0.02522
1612.89258 0.083509 -0.02524
1612.98538 0.083555 -0.02525
1613.07818 0.083600 -0.02527
1613.17098 0.083646 -0.02528
1613.26378 0.083691 -0.02529
1613.35658 0.083736 -0.02531
1613.44939 0.083782 -0.02532
1613.54219 0.083827 -0.02533
1613.63499 0.083873 -0.02535
1613.72779 0.083918 -0.02536
1613.82059 0.083964 -0.02538
1613.91339 0.084009 -0.02539
1614.00620 0.084055 -0.02540
1614.09900 0.084100 -0.02542
1614.19180 0.084146 -0.02543
1614.28460 0.084191 -0.02544
1614.37740 0.084237 -0.02546
1614.47020 0.084283 -0.02547
1614.56301 0.084328 -0.02549
1614.65581 0.084374 -0.02550
1614.74861 0.084420 -0.02551
1614.84141 0.084465 -0.02553
1614.93421 0.084511 -0.02554
1615.02701 0.084557 -0.02555
1615.11981 0.084602 -0.02557
1615.21262 0.084648 -0.02558
1615.30542 0.084694 -0.02560
1615.39822 0.084740 -0.02561
1615.49102 0.084785 -0.02562
1615.58382 0.084831 -0.02564
1615.67662 0.084877 -0.02565
1615.76943 0.084923 -0.02567
1615.86223 0.084969 -0.02568
1615.95503 0.085015 -0.02569
1616.04783 0.085061 -0.02571
1616.14063 0.085107 -0.02572
1616.23343 0.085152 -0.02574
1616.32624 0.085198 -0.02575
1616.41904 0.085244 -0.02576
1616.51184 0.085290 -0.02578
1616.60464 0.085336 -0.02579
1616.69744 0.085382 -0.02580
1616.79024 0.085428 -0.02582
1616.88305 0.085474 -0.02583
1616.97585 0.085520 -0.02585
1617.06865 0.085567 -0.02586
1617.16145 0.085613 -0.02587
1617.25425 0.085659 -0.02589
1617.34705 0.085705 -0.02590
1617.43986 0.085751 -0.02592
1617.53266 0.085797 -0.02593
1617.62546 0.085843 -0.02594
1617.71826 0.085890 -0.02596
1617.81106 0.085936 -0.02597
1617.90386 0.085982 -0.02599
1617.99667 0.086028 -0.02600
1618.08947 0.086074 -0.02601
1618.18227 0.086121 -0.02603
1618.27507 0.086167 -0.02604
1618.36787 0.086213 -0.02606
1618.46067 0.086260 -0.02607
1618.55348 0.086306 -0.02608
1618.64628 0.086352 -0.02610
1618.73908 0.086399 -0.02611
1618.83188 0.086445 -0.02613
1618.92468 0.086492 -0.02614
1619.01748 0.086538 -0.02615
1619.11029 0.086584 -0.02617
1619.20309 0.086631 -0.02618
1619.29589 0.086677 -0.02620
1619.38869 0.086724 -0.02621
1619.48149 0.086770 -0.02622
1619.57429 0.086817 -0.02624
1619.66710 0.086863 -0.02625
1619.75990 0.086910 -0.02627
1619.85270 0.086957 -0.02628
1619.94550 0.087003 -0.02630
1620.03830 0.087050 -0.02631
1620.13110 0.087096 -0.02632
1620.22391 0.087143 -0.02634
1620.31671 0.087190 -0.02635
1620.40951 0.087236 -0.02637
1620.50231 0.087283 -0.02638
1620.59511 0.087330 -0.02639
1620.68791 0.087376 -0.02641
1620.78072 0.087423 -0.02642
1620.87352 0.087470 -0.02644
1620.96632 0.087517 -0.02645
1621.05912 0.087564 -0.02647
1621.15192 0.087610 -0.02648
1621.24472 0.087657 -0.02649
1621.33753 0.087704 -0.02651
1621.43033 0.087751 -0.02652
1621.52313 0.087798 -0.02654
1621.61593 0.087845 -0.02655
1621.70873 0.087892 -0.02656
1621.80153 0.087938 -0.02658
1621.89433 0.087985 -0.02659
1621.98714 0.088032 -0.02661
1622.07994 0.088079 -0.02662
1622.17274 0.088126 -0.02664
1622.26554 0.088173 -0.02665
1622.35834 0.088220 -0.02666
1622.45114 0.088267 -0.02668
1622.54395 0.088314 -0.02669
1622.63675 0.088362 -0.02671
1622.72955 0.088409 -0.02672
1622.82235 0.088456 -0.02674
1622.91515 0.088503 -0.02675
1623.00795 0.088550 -0.02676
1623.10076 0.088597 -0.02678
1623.19356 0.088644 -0.02679
1623.28636 0.088692 -0.02681
1623.37916 0.088739 -0.02682
1623.47196 0.088786 -0.02683
1623.56476 0.088833 -0.02685
1623.65757 0.088880 -0.02686
1623.75037 0.088928 -0.02688
1623.84317 0.088975 -0.02689
1623.93597 0.089022 -0.02691
1624.02877 0.089070 -0.02692
1624.12157 0.089117 -0.02694
1624.21438 0.089164 -0.02695
1624.30718 0.089212 -0.02696
1624.39998 0.089259 -0.02698
1624.49278 0.089307 -0.02699
1624.58558 0.089354 -0.02701
1624.67838 0.089401 -0.02702
1624.77119 0.089449 -0.02704
1624.86399 0.089496 -0.02705
1624.95679 0.089544 -0.02706
1625.04959 0.089591 -0.02708
1625.14239 0.089639 -0.02709
1625.23519 0.089686 -0.02711
1625.32800 0.089734 -0.02712
1625.42080 0.089782 -0.02714
1625.51360 0.089829 -0.02715
1625.60640 0.089877 -0.02717
1625.69920 0.089924 -0.02718
1625.79200 0.089972 -0.02719
1625.88481 0.090020 -0.02721
1625.97761 0.090067 -0.02722
1626.07041 0.090115 -0.02724
1626.16321 0.090163 -0.02725
1626.25601 0.090211 -0.02727
1626.34881 0.090258 -0.02728
1626.44162 0.090306 -0.02730
1626.53442 0.090354 -0.02731
1626.62722 0.090402 -0.02732
1626.72002 0.090449 -0.02734
1626.81282 0.090497 -0.02735
1626.90562 0.090545 -0.02737
1626.99843 0.090593 -0.02738
1627.09123 0.090641 -0.02740
1627.18403 0.090689 -0.02741
1627.27683 0.090737 -0.02743
1627.36963 0.090785 -0.02744
1627.46243 0.090833 -0.02745
1627.55524 0.090880 -0.02747
1627.64804 0.090928 -0.02748
1627.74084 0.090976 -0.02750
1627.83364 0.091024 -0.02751
1627.92644 0.091073 -0.02753
1628.01924 0.091121 -0.02754
1628.11205 0.091169 -0.02756
1628.20485 0.091217 -0.02757
1628.29765 0.091265 -0.02759
1628.39045 0.091313 -0.02760
1628.48325 0.091361 -0.02761
1628.57605 0.091409 -0.02763
1628.66885 0.091457 -0.02764
1628.76166 0.091506 -0.02766
1628.85446 0.091554 -0.02767
1628.94726 0.091602 -0.02769
1629.04006 0.091650 -0.02770
1629.13286 0.091698 -0.02772
1629.22566 0.091747 -0.02773
1629.31847 0.091795 -0.02775
1629.41127 0.091843 -0.02776
1629.50407 0.091892 -0.02778
1629.59687 0.091940 -0.02779
1629.68967 0.091988 -0.02780
1629.78247 0.092037 -0.02782
1629.87528 0.092085 -0.02783
1629.96808 0.092134 -0.02785
1630.06088 0.092182 -0.02786
1630.15368 0.092230 -0.02788
1630.24648 0.092279 -0.02789
1630.33928 0.092327 -0.02791
1630.43209 0.092376 -0.02792
1630.52489 0.092424 -0.02794
1630.61769 0.092473 -0.02795
1630.71049 0.092521 -0.02797
1630.80329 0.092570 -0.02798
1630.89609 0.092618 -0.02800
1630.98890 0.092667 -0.02801
1631.08170 0.092716 -0.02802
1631.17450 0.092764 -0.02804
1631.26730 0.092813 -0.02805
1631.36010 0.092862 -0.02807
1631.45290 0.092910 -0.02808
1631.54571 0.092959 -0.02810
1631.63851 0.093008 -0.02811
1631.73131 0.093056 -0.02813
1631.82411 0.093105 -0.02814
1631.91691 0.093154 -0.02816
1632.00971 0.093203 -0.02817
1632.10252 0.093252 -0.02819
1632.19532 0.093300 -0.02820
1632.28812 0.093349 -0.02822
1632.38092 0.093398 -0.02823
1632.47372 0.093447 -0.02825
1632.56652 0.093496 -0.02826
1632.65933 0.093545 -0.02828
1632.75213 0.093594 -0.02829
1632.84493 0.093642 -0.02831
1632.93773 0.093691 -0.02832
1633.03053 0.093740 -0.02833
1633.12333 0.093789 -0.02835
1633.21614 0.093838 -0.02836
1633.30894 0.093887 -0.02838
1633.40174 0.093936 -0.02839
1633.49454 0.093986 -0.02841
1633.58734 0.094035 -0.02842
1633.68014 0.094084 -0.02844
1633.77295 0.094133 -0.02845
1633.86575 0.094182 -0.02847
1633.95855 0.094231 -0.02848
1634.05135 0.094280 -0.02850
1634.14415 0.094329 -0.02851
1634.23695 0.094379 -0.02853
1634.32976 0.094428 -0.02854
1634.42256 0.094477 -0.02856
1634.51536 0.094526 -0.02857
1634.60816 0.094575 -0.02859
1634.70096 0.094625 -0.02860
1634.79376 0.094674 -0.02862
1634.88657 0.094723 -0.02863
1634.97937 0.094773 -0.02865
1635.07217 0.094822 -0.02866
1635.16497 0.094871 -0.02868
1635.25777 0.094921 -0.02869
1635.35057 0.094970 -0.02871
1635.44337 0.095020 -0.02872
1635.53618 0.095069 -0.02874
1635.62898 0.095118 -0.02875
1635.72178 0.095168 -0.02877
1635.81458 0.095217 -0.02878
1635.90738 0.095267 -0.02880
1636.00018 0.095316 -0.02881
1636.09299 0.095366 -0.02883
1636.18579 0.095415 -0.02884
1636.27859 0.095465 -0.02886
1636.37139 0.095515 -0.02887
1636.46419 0.095564 -0.02889
1636.55699 0.095614 -0.02890
1636.64980 0.095663 -0.02892
1636.74260 0.095713 -0.02893
1636.83540 0.095763 -0.02895
1636.92820 0.095812 -0.02896
1637.02100 0.095862 -0.02898
1637.11380 0.095912 -0.02899
1637.20661 0.095962 -0.02901
1637.29941 0.096011 -0.02902
1637.39221 0.096061 -0.02904
1637.48501 0.096111 -0.02905
1637.57781 0.096161 -0.02907
1637.67061 0.096211 -0.02908
1637.76342 0.096260 -0.02910
1637.85622 0.096310 -0.02911
1637.94902 0.096360 -0.02913
1638.04182 0.096410 -0.02914
1638.13462 0.096460 -0.02916
1638.22742 0.096510 -0.02917
1638.32023 0.096560 -0.02919
1638.41303 0.096610 -0.02920
1638.50583 0.096660 -0.02922
1638.59863 0.096710 -0.02923
1638.69143 0.096760 -0.02925
1638.78423 0.096810 -0.02926
1638.87704 0.096860 -0.02928
1638.96984 0.096910 -0.02929
1639.06264 0.096960 -0.02931
1639.15544 0.097010 -0.02932
1639.24824 0.097060 -0.02934
1639.34104 0.097110 -0.02935
1639.43385 0.097160 -0.02937
1639.52665 0.097211 -0.02939
1639.61945 0.097261 -0.02940
1639.71225 0.097311 -0.02942
1639.80505 0.097361 -0.02943
1639.89785 0.097411 -0.02945
1639.99066 0.097462 -0.02946
1640.08346 0.097512 -0.02948
1640.17626 0.097562 -0.02949
1640.26906 0.097613 -0.02951
1640.36186 0.097663 -0.02952
1640.45466 0.097713 -0.02954
1640.54747 0.097764 -0.02955
1640.64027 0.097814 -0.02957
1640.73307 0.097864 -0.02958
1640.82587 0.097915 -0.02960
1640.91867 0.097965 -0.02961
1641.01147 0.098016 -0.02963
1641.10428 0.098066 -0.02964
1641.19708 0.098117 -0.02966
1641.28988 0.098167 -0.02967
1641.38268 0.098218 -0.02969
1641.47548 0.098268 -0.02971
1641.56828 0.098319 -0.02972
1641.66109 0.098369 -0.02974
1641.75389 0.098420 -0.02975
1641.84669 0.098470 -0.02977
1641.93949 0.098521 -0.02978
1642.03229 0.098572 -0.02980
1642.12509 0.098622 -0.02981
1642.21789 0.098673 -0.02983
1642.31070 0.098724 -0.02984
1642.40350 0.098774 -0.02986
1642.49630 0.098825 -0.02987
1642.58910 0.098876 -0.02989
1642.68190 0.098927 -0.02990
1642.77470 0.098977 -0.02992
1642.86751 0.099028 -0.02994
1642.96031 0.099079 -0.02995
1643.05311 0.099130 -0.02997
1643.14591 0.099181 -0.02998
1643.23871 0.099232 -0.03000
1643.33151 0.099282 -0.03001
1643.42432 0.099333 -0.03003
1643.51712 0.099384 -0.03004
1643.60992 0.099435 -0.03006
1643.70272 0.099486 -0.03007
1643.79552 0.099537 -0.03009
1643.88832 0.099588 -0.03010
1643.98113 0.099639 -0.03012
1644.07393 0.099690 -0.03014
1644.16673 0.099741 -0.03015
1644.25953 0.099792 -0.03017
1644.35233 0.099843 -0.03018
1644.44513 0.099894 -0.03020
1644.53794 0.099945 -0.03021
1644.63074 0.099997 -0.03023
1644.72354 0.100048 -0.03024
1644.81634 0.100099 -0.03026
1644.90914 0.100150 -0.03027
1645.00194 0.100201 -0.03029
1645.09475 0.100252 -0.03031
1645.18755 0.100304 -0.03032
1645.28035 0.100355 -0.03034
1645.37315 0.100406 -0.03035
1645.46595 0.100457 -0.03037
1645.55875 0.100509 -0.03038
1645.65156 0.100560 -0.03040
1645.74436 0.100611 -0.03041
1645.83716 0.100663 -0.03043
1645.92996 0.100714 -0.03045
1646.02276 0.100765 -0.03046
1646.11556 0.100817 -0.03048
1646.20837 0.100868 -0.03049
1646.30117 0.100920 -0.03051
1646.39397 0.100971 -0.03052
1646.48677 0.101023 -0.03054
1646.57957 0.101074 -0.03055
1646.67237 0.101126 -0.03057
1646.76518 0.101177 -0.03059
1646.85798 0.101229 -0.03060
1646.95078 0.101280 -0.03062
1647.04358 0.101332 -0.03063
1647.13638 0.101383 -0.03065
1647.22918 0.101435 -0.03066
1647.32199 0.101487 -0.03068
1647.41479 0.101538 -0.03070
1647.50759 0.101590 -0.03071
1647.60039 0.101642 -0.03073
1647.69319 0.101693 -0.03074
1647.78599 0.101745 -0.03076
1647.87880 0.101797 -0.03077
1647.97160 0.101849 -0.03079
1648.06440 0.101900 -0.03080
1648.15720 0.101952 -0.03082
1648.25000 0.102004 -0.03084
1648.34280 0.102056 -0.03085
1648.43561 0.102108 -0.03087
1648.52841 0.102159 -0.03088
1648.62121 0.102211 -0.03090
1648.71401 0.102263 -0.03091
1648.80681 0.102315 -0.03093
1648.89961 0.102367 -0.03095
1648.99241 0.102419 -0.03096
1649.08522 0.102471 -0.03098
1649.17802 0.102523 -0.03099
1649.27082 0.102575 -0.03101
1649.36362 0.102627 -0.03102
1649.45642 0.102679 -0.03104
1649.54922 0.102731 -0.03106
1649.64203 0.102783 -0.03107
1649.73483 0.102835 -0.03109
1649.82763 0.102887 -0.03110
1649.92043 0.102939 -0.03112
1650.01323 0.102991 -0.03114
1650.10603 0.103044 -0.03115
1650.19884 0.103096 -0.03117
1650.29164 0.103148 -0.03118
1650.38444 0.103200 -0.03120
1650.47724 0.103252 -0.03121
1650.57004 0.103305 -0.03123
1650.66284 0.103357 -0.03125
1650.75565 0.103409 -0.03126
1650.84845 0.103462 -0.03128
1650.94125 0.103514 -0.03129
1651.03405 0.103566 -0.03131
1651.12685 0.103618 -0.03132
1651.21965 0.103671 -0.03134
1651.31246 0.103723 -0.03136
1651.40526 0.103776 -0.03137
1651.49806 0.103828 -0.03139
1651.59086 0.103881 -0.03140
1651.68366 0.103933 -0.03142
1651.77646 0.103985 -0.03144
1651.86927 0.104038 -0.03145
1651.96207 0.104090 -0.03147
1652.05487 0.104143 -0.03148
1652.14767 0.104195 -0.03150
1652.24047 0.104248 -0.03152
1652.33327 0.104301 -0.03153
1652.42608 0.104353 -0.03155
1652.51888 0.104406 -0.03156
1652.61168 0.104458 -0.03158
1652.70448 0.104511 -0.03160
1652.79728 0.104564 -0.03161
1652.89008 0.104616 -0.03163
1652.98289 0.104669 -0.03164
1653.07569 0.104722 -0.03166
1653.16849 0.104775 -0.03167
1653.26129 0.104827 -0.03169
1653.35409 0.104880 -0.03171
1653.44689 0.104933 -0.03172
1653.53970 0.104986 -0.03174
1653.63250 0.105039 -0.03175
1653.72530 0.105091 -0.03177
1653.81810 0.105144 -0.03179
1653.91090 0.105197 -0.03180
1654.00370 0.105250 -0.03182
1654.09651 0.105303 -0.03183
1654.18931 0.105356 -0.03185
1654.28211 0.105409 -0.03187
1654.37491 0.105462 -0.03188
1654.46771 0.105515 -0.03190
1654.56051 0.105568 -0.03191
1654.65332 0.105621 -0.03193
1654.74612 0.105674 -0.03195
1654.83892 0.105727 -0.03196
1654.93172 0.105780 -0.03198
1655.02452 0.105833 -0.03200
1655.11732 0.105886 -0.03201
1655.21013 0.105939 -0.03203
1655.30293 0.105992 -0.03204
1655.39573 0.106046 -0.03206
1655.48853 0.106099 -0.03208
1655.58133 0.106152 -0.03209
1655.67413 0.106205 -0.03211
1655.76693 0.106258 -0.03212
1655.85974 0.106312 -0.03214
1655.95254 0.106365 -0.03216
1656.04534 0.106418 -0.03217
1656.13814 0.106472 -0.03219
1656.23094 0.106525 -0.03220
1656.32374 0.106578 -0.03222
1656.41655 0.106632 -0.03224
1656.50935 0.106685 -0.03225
1656.60215 0.106738 -0.03227
1656.69495 0.106792 -0.03229
1656.78775 0.106845 -0.03230
1656.88055 0.106899 -0.03232
1656.97336 0.106952 -0.03233
1657.06616 0.107006 -0.03235
1657.15896 0.107059 -0.03237
1657.25176 0.107113 -0.03238
1657.34456 0.107166 -0.03240
1657.43736 0.107220 -0.03242
1657.53017 0.107273 -0.03243
1657.62297 0.107327 -0.03245
1657.71577 0.107381 -0.03246
1657.80857 0.107434 -0.03248
1657.90137 0.107488 -0.03250
1657.99417 0.107541 -0.03251
1658.08698 0.107595 -0.03253
1658.17978 0.107649 -0.03254
1658.27258 0.107703 -0.03256
1658.36538 0.107756 -0.03258
1658.45818 0.107810 -0.03259
1658.55098 0.107864 -0.03261
1658.64379 0.107918 -0.03263
1658.73659 0.107971 -0.03264
1658.82939 0.108025 -0.03266
1658.92219 0.108079 -0.03268
1659.01499 0.108133 -0.03269
1659.10779 0.108187 -0.03271
1659.20060 0.108241 -0.03272
1659.29340 0.108295 -0.03274
1659.38620 0.108349 -0.03276
1659.47900 0.108402 -0.03277
1659.57180 0.108456 -0.03279
1659.66460 0.108510 -0.03281
1659.75741 0.108564 -0.03282
1659.85021 0.108618 -0.03284
1659.94301 0.108672 -0.03285
1660.03581 0.108727 -0.03287
1660.12861 0.108781 -0.03289
1660.22141 0.108835 -0.03290
1660.31422 0.108889 -0.03292
1660.40702 0.108943 -0.03294
1660.49982 0.108997 -0.03295
1660.59262 0.109051 -0.03297
1660.68542 0.109105 -0.03299
1660.77822 0.109160 -0.03300
1660.87103 0.109214 -0.03302
1660.96383 0.109268 -0.03304
1661.05663 0.109322 -0.03305
1661.14943 0.109377 -0.03307
1661.24223 0.109431 -0.03308
1661.33503 0.109485 -0.03310
1661.42784 0.109540 -0.03312
1661.52064 0.109594 -0.03313
1661.61344 0.109648 -0.03315
1661.70624 0.109703 -0.03317
1661.79904 0.109757 -0.03318
1661.89184 0.109811 -0.03320
1661.98465 0.109866 -0.03322
1662.07745 0.109920 -0.03323
1662.17025 0.109975 -0.03325
1662.26305 0.110029 -0.03327
1662.35585 0.110084 -0.03328
1662.44865 0.110138 -0.03330
1662.54145 0.110193 -0.03332
1662.63426 0.110247 -0.03333
1662.72706 0.110302 -0.03335
1662.81986 0.110357 -0.03336
1662.91266 0.110411 -0.03338
1663.00546 0.110466 -0.03340
1663.09826 0.110520 -0.03341
1663.19107 0.110575 -0.03343
1663.28387 0.110630 -0.03345
1663.37667 0.110684 -0.03346
1663.46947 0.110739 -0.03348
1663.56227 0.110794 -0.03350
1663.65507 0.110849 -0.03351
1663.74788 0.110903 -0.03353
1663.84068 0.110958 -0.03355
1663.93348 0.111013 -0.03356
1664.02628 0.111068 -0.03358
1664.11908 0.111123 -0.03360
1664.21188 0.111178 -0.03361
1664.30469 0.111233 -0.03363
1664.39749 0.111287 -0.03365
1664.49029 0.111342 -0.03366
1664.58309 0.111397 -0.03368
1664.67589 0.111452 -0.03370
1664.76869 0.111507 -0.03371
1664.86150 0.111562 -0.03373
1664.95430 0.111617 -0.03375
1665.04710 0.111672 -0.03376
1665.13990 0.111727 -0.03378
1665.23270 0.111782 -0.03380
1665.32550 0.111837 -0.03381
1665.41831 0.111893 -0.03383
1665.51111 0.111948 -0.03385
1665.60391 0.112003 -0.03386
1665.69671 0.112058 -0.03388
1665.78951 0.112113 -0.03390
1665.88231 0.112168 -0.03391
1665.97512 0.112223 -0.03393
1666.06792 0.112279 -0.03395
1666.16072 0.112334 -0.03396
1666.25352 0.112389 -0.03398
1666.34632 0.112445 -0.03400
1666.43912 0.112500 -0.03401
1666.53193 0.112555 -0.03403
1666.62473 0.112610 -0.03405
1666.71753 0.112666 -0.03406
1666.81033 0.112721 -0.03408
1666.90313 0.112777 -0.03410
1666.99593 0.112832 -0.03411
1667.08874 0.112887 -0.03413
1667.18154 0.112943 -0.03415
1667.27434 0.112998 -0.03416
1667.36714 0.113054 -0.03418
1667.45994 0.113109 -0.03420
1667.55274 0.113165 -0.03421
1667.64555 0.113220 -0.03423
1667.73835 0.113276 -0.03425
1667.83115 0.113331 -0.03427
1667.92395 0.113387 -0.03428
1668.01675 0.113443 -0.03430
1668.10955 0.113498 -0.03432
1668.20236 0.113554 -0.03433
1668.29516 0.113610 -0.03435
1668.38796 0.113665 -0.03437
1668.48076 0.113721 -0.03438
1668.57356 0.113777 -0.03440
1668.66636 0.113832 -0.03442
1668.75917 0.113888 -0.03443
1668.85197 0.113944 -0.03445
1668.94477 0.114000 -0.03447
1669.03757 0.114056 -0.03448
1669.13037 0.114111 -0.03450
1669.22317 0.114167 -0.03452
1669.31597 0.114223 -0.03454
1669.40878 0.114279 -0.03455
1669.50158 0.114335 -0.03457
1669.59438 0.114391 -0.03459
1669.68718 0.114447 -0.03460
1669.77998 0.114503 -0.03462
1669.87278 0.114559 -0.03464
1669.96559 0.114615 -0.03465
1670.05839 0.114671 -0.03467
1670.15119 0.114727 -0.03469
1670.24399 0.114783 -0.03470
1670.33679 0.114839 -0.03472
1670.42959 0.114895 -0.03474
1670.52240 0.114951 -0.03476
1670.61520 0.115007 -0.03477
1670.70800 0.115063 -0.03479
1670.80080 0.115119 -0.03481
1670.89360 0.115176 -0.03482
1670.98640 0.115232 -0.03484
1671.07921 0.115288 -0.03486
1671.17201 0.115344 -0.03487
1671.26481 0.115400 -0.03489
1671.35761 0.115457 -0.03491
1671.45041 0.115513 -0.03493
1671.54321 0.115569 -0.03494
1671.63602 0.115626 -0.03496
1671.72882 0.115682 -0.03498
1671.82162 0.115738 -0.03499
1671.91442 0.115795 -0.03501
1672.00722 0.115851 -0.03503
1672.10002 0.115907 -0.03505
1672.19283 0.115964 -0.03506
1672.28563 0.116020 -0.03508
1672.37843 0.116077 -0.03510
1672.47123 0.116133 -0.03511
1672.56403 0.116190 -0.03513
1672.65683 0.116246 -0.03515
1672.74964 0.116303 -0.03516
1672.84244 0.116359 -0.03518
1672.93524 0.116416 -0.03520
1673.02804 0.116473 -0.03522
1673.12084 0.116529 -0.03523
1673.21364 0.116586 -0.03525
1673.30645 0.116642 -0.03527
1673.39925 0.116699 -0.03528
1673.49205 0.116756 -0.03530
1673.58485 0.116813 -0.03532
1673.67765 0.116869 -0.03534
1673.77045 0.116926 -0.03535
1673.86326 0.116983 -0.03537
1673.95606 0.117040 -0.03539
1674.04886 0.117096 -0.03541
1674.14166 0.117153 -0.03542
1674.23446 0.117210 -0.03544
1674.32726 0.117267 -0.03546
1674.42007 0.117324 -0.03547
1674.51287 0.117381 -0.03549
1674.60567 0.117437 -0.03551
1674.69847 0.117494 -0.03553
1674.79127 0.117551 -0.03554
1674.88407 0.117608 -0.03556
1674.97688 0.117665 -0.03558
1675.06968 0.117722 -0.03559
1675.16248 0.117779 -0.03561
1675.25528 0.117836 -0.03563
1675.34808 0.117893 -0.03565
1675.44088 0.117950 -0.03566
1675.53369 0.118008 -0.03568
1675.62649 0.118065 -0.03570
1675.71929 0.118122 -0.03572
1675.81209 0.118179 -0.03573
1675.90489 0.118236 -0.03575
1675.99769 0.118293 -0.03577
1676.09050 0.118350 -0.03578
1676.18330 0.118408 -0.03580
1676.27610 0.118465 -0.03582
1676.36890 0.118522 -0.03584
1676.46170 0.118579 -0.03585
1676.55450 0.118637 -0.03587
1676.64730 0.118694 -0.03589
1676.74011 0.118751 -0.03591
1676.83291 0.118809 -0.03592
1676.92571 0.118866 -0.03594
1677.01851 0.118923 -0.03596
1677.11131 0.118981 -0.03598
1677.20411 0.119038 -0.03599
1677.29692 0.119096 -0.03601
1677.38972 0.119153 -0.03603
1677.48252 0.119211 -0.03605
1677.57532 0.119268 -0.03606
1677.66812 0.119326 -0.03608
1677.76092 0.119383 -0.03610
1677.85373 0.119441 -0.03611
1677.94653 0.119498 -0.03613
1678.03933 0.119556 -0.03615
1678.13213 0.119614 -0.03617
1678.22493 0.119671 -0.03618
1678.31773 0.119729 -0.03620
1678.41054 0.119786 -0.03622
1678.50334 0.119844 -0.03624
1678.59614 0.119902 -0.03625
1678.68894 0.119960 -0.03627
1678.78174 0.120017 -0.03629
1678.87454 0.120075 -0.03631
1678.96735 0.120133 -0.03632
1679.06015 0.120191 -0.03634
1679.15295 0.120248 -0.03636
1679.24575 0.120306 -0.03638
1679.33855 0.120364 -0.03639
1679.43135 0.120422 -0.03641
1679.52416 0.120480 -0.03643
1679.61696 0.120538 -0.03645
1679.70976 0.120596 -0.03646
1679.80256 0.120654 -0.03648
1679.89536 0.120712 -0.03650
1679.98816 0.120770 -0.03652
1680.08097 0.120828 -0.03653
1680.17377 0.120886 -0.03655
1680.26657 0.120944 -0.03657
1680.35937 0.121002 -0.03659
1680.45217 0.121060 -0.03661
1680.54497 0.121118 -0.03662
1680.63778 0.121176 -0.03664
1680.73058 0.121234 -0.03666
1680.82338 0.121292 -0.03668
1680.91618 0.121350 -0.03669
1681.00898 0.121409 -0.03671
1681.10178 0.121467 -0.03673
1681.19459 0.121525 -0.03675
1681.28739 0.121583 -0.03676
1681.38019 0.121641 -0.03678
1681.47299 0.121700 -0.03680
1681.56579 0.121758 -0.03682
1681.65859 0.121816 -0.03683
1681.75140 0.121875 -0.03685
1681.84420 0.121933 -0.03687
1681.93700 0.121991 -0.03689
1682.02980 0.122050 -0.03690
1682.12260 0.122108 -0.03692
1682.21540 0.122167 -0.03694
1682.30821 0.122225 -0.03696
1682.40101 0.122283 -0.03698
1682.49381 0.122342 -0.03699
1682.58661 0.122400 -0.03701
1682.67941 0.122459 -0.03703
1682.77221 0.122517 -0.03705
1682.86502 0.122576 -0.03706
1682.95782 0.122635 -0.03708
1683.05062 0.122693 -0.03710
1683.14342 0.122752 -0.03712
1683.23622 0.122810 -0.03714
1683.32902 0.122869 -0.03715
1683.42182 0.122928 -0.03717
1683.51463 0.122986 -0.03719
1683.60743 0.123045 -0.03721
1683.70023 0.123104 -0.03722
1683.79303 0.123163 -0.03724
1683.88583 0.123221 -0.03726
1683.97863 0.123280 -0.03728
1684.07144 0.123339 -0.03730
1684.16424 0.123398 -0.03731
1684.25704 0.123457 -0.03733
1684.34984 0.123515 -0.03735
1684.44264 0.123574 -0.03737
1684.53544 0.123633 -0.03738
1684.62825 0.123692 -0.03740
1684.72105 0.123751 -0.03742
1684.81385 0.123810 -0.03744
1684.90665 0.123869 -0.03746
1684.99945 0.123928 -0.03747
1685.09225 0.123987 -0.03749
1685.18506 0.124046 -0.03751
1685.27786 0.124105 -0.03753
1685.37066 0.124164 -0.03754
1685.46346 0.124223 -0.03756
1685.55626 0.124282 -0.03758
1685.64906 0.124341 -0.03760
1685.74187 0.124400 -0.03762
1685.83467 0.124460 -0.03763
1685.92747 0.124519 -0.03765
1686.02027 0.124578 -0.03767
1686.11307 0.124637 -0.03769
1686.20587 0.124696 -0.03771
1686.29868 0.124756 -0.03772
1686.39148 0.124815 -0.03774
1686.48428 0.124874 -0.03776
1686.57708 0.124934 -0.03778
1686.66988 0.124993 -0.03780
1686.76268 0.125052 -0.03781
1686.85549 0.125112 -0.03783
1686.94829 0.125171 -0.03785
1687.04109 0.125230 -0.03787
1687.13389 0.125290 -0.03789
1687.22669 0.125349 -0.03790
1687.31949 0.125409 -0.03792
1687.41230 0.125468 -0.03794
1687.50510 0.125528 -0.03796
1687.59790 0.125587 -0.03798
1687.69070 0.125647 -0.03799
1687.78350 0.125706 -0.03801
1687.87630 0.125766 -0.03803
1687.96911 0.125825 -0.03805
1688.06191 0.125885 -0.03807
1688.15471 0.125945 -0.03808
1688.24751 0.126004 -0.03810
1688.34031 0.126064 -0.03812
1688.43311 0.126124 -0.03814
1688.52592 0.126183 -0.03816
1688.61872 0.126243 -0.03817
1688.71152 0.126303 -0.03819
1688.80432 0.126362 -0.03821
1688.89712 0.126422 -0.03823
1688.98992 0.126482 -0.03825
1689.08273 0.126542 -0.03826
1689.17553 0.126602 -0.03828
1689.26833 0.126661 -0.03830
1689.36113 0.126721 -0.03832
1689.45393 0.126781 -0.03834
1689.54673 0.126841 -0.03836
1689.63954 0.126901 -0.03837
1689.73234 0.126961 -0.03839
1689.82514 0.127021 -0.03841
1689.91794 0.127081 -0.03843
1690.01074 0.127141 -0.03845
1690.10354 0.127201 -0.03846
1690.19634 0.127261 -0.03848
1690.28915 0.127321 -0.03850
1690.38195 0.127381 -0.03852
1690.47475 0.127441 -0.03854
1690.56755 0.127501 -0.03856
1690.66035 0.127561 -0.03857
1690.75315 0.127622 -0.03859
1690.84596 0.127682 -0.03861
1690.93876 0.127742 -0.03863
1691.03156 0.127802 -0.03865
1691.12436 0.127862 -0.03866
1691.21716 0.127923 -0.03868
1691.30996 0.127983 -0.03870
1691.40277 0.128043 -0.03872
1691.49557 0.128103 -0.03874
1691.58837 0.128164 -0.03876
1691.68117 0.128224 -0.03877
1691.77397 0.128285 -0.03879
1691.86677 0.128345 -0.03881
1691.95958 0.128405 -0.03883
1692.05238 0.128466 -0.03885
1692.14518 0.128526 -0.03887
1692.23798 0.128587 -0.03888
1692.33078 0.128647 -0.03890
1692.42358 0.128708 -0.03892
1692.51639 0.128768 -0.03894
1692.60919 0.128829 -0.03896
1692.70199 0.128889 -0.03898
1692.79479 0.128950 -0.03899
1692.88759 0.129010 -0.03901
1692.98039 0.129071 -0.03903
1693.07320 0.129132 -0.03905
1693.16600 0.129192 -0.03907
1693.25880 0.129253 -0.03909
1693.35160 0.129313 -0.03910
1693.44440 0.129374 -0.03912
1693.53720 0.129435 -0.03914
1693.63001 0.129496 -0.03916
1693.72281 0.129556 -0.03918
1693.81561 0.129617 -0.03920
1693.90841 0.129678 -0.03921
1694.00121 0.129739 -0.03923
1694.09401 0.129800 -0.03925
1694.18682 0.129860 -0.03927
1694.27962 0.129921 -0.03929
1694.37242 0.129982 -0.03931
1694.46522 0.130043 -0.03933
1694.55802 0.130104 -0.03934
1694.65082 0.130165 -0.03936
1694.74363 0.130226 -0.03938
1694.83643 0.130287 -0.03940
1694.92923 0.130348 -0.03942
1695.02203 0.130409 -0.03944
1695.11483 0.130470 -0.03945
1695.20763 0.130531 -0.03947
1695.30044 0.130592 -0.03949
1695.39324 0.130653 -0.03951
1695.48604 0.130714 -0.03953
1695.57884 0.130776 -0.03955
1695.67164 0.130837 -0.03957
1695.76444 0.130898 -0.03958
1695.85725 0.130959 -0.03960
1695.95005 0.131020 -0.03962
1696.04285 0.131082 -0.03964
1696.13565 0.131143 -0.03966
1696.22845 0.131204 -0.03968
1696.32125 0.131265 -0.03970
1696.41406 0.131327 -0.03971
1696.50686 0.131388 -0.03973
1696.59966 0.131449 -0.03975
1696.69246 0.131511 -0.03977
1696.78526 0.131572 -0.03979
1696.87806 0.131633 -0.03981
1696.97086 0.131695 -0.03983
1697.06367 0.131756 -0.03984
1697.15647 0.131818 -0.03986
1697.24927 0.131879 -0.03988
1697.34207 0.131941 -0.03990
1697.43487 0.132002 -0.03992
1697.52767 0.132064 -0.03994
1697.62048 0.132125 -0.03996
1697.71328 0.132187 -0.03997
1697.80608 0.132249 -0.03999
1697.89888 0.132310 -0.04001
1697.99168 0.132372 -0.04003
1698.08448 0.132433 -0.04005
1698.17729 0.132495 -0.04007
1698.27009 0.132557 -0.04009
1698.36289 0.132619 -0.04010
1698.45569 0.132680 -0.04012
1698.54849 0.132742 -0.04014
1698.64129 0.132804 -0.04016
1698.73410 0.132866 -0.04018
1698.82690 0.132927 -0.04020
1698.91970 0.132989 -0.04022
1699.01250 0.133051 -0.04024
1699.10530 0.133113 -0.04025
1699.19810 0.133175 -0.04027
1699.29091 0.133237 -0.04029
1699.38371 0.133299 -0.04031
1699.47651 0.133361 -0.04033
1699.56931 0.133422 -0.04035
1699.66211 0.133484 -0.04037
1699.75491 0.133546 -0.04039
1699.84772 0.133608 -0.04040
1699.94052 0.133671 -0.04042
1700.03332 0.133733 -0.04044
1700.12612 0.133795 -0.04046
1700.21892 0.133857 -0.04048
1700.31172 0.133919 -0.04050
1700.40453 0.133981 -0.04052
1700.49733 0.134043 -0.04054
1700.59013 0.134105 -0.04056
1700.68293 0.134167 -0.04057
1700.77573 0.134230 -0.04059
1700.86853 0.134292 -0.04061
1700.96134 0.134354 -0.04063
1701.05414 0.134416 -0.04065
1701.14694 0.134479 -0.04067
1701.23974 0.134541 -0.04069
1701.33254 0.134603 -0.04071
1701.42534 0.134666 -0.04072
1701.51815 0.134728 -0.04074
1701.61095 0.134790 -0.04076
1701.70375 0.134853 -0.04078
1701.79655 0.134915 -0.04080
1701.88935 0.134978 -0.04082
1701.98215 0.135040 -0.04084
1702.07496 0.135103 -0.04086
1702.16776 0.135165 -0.04088
1702.26056 0.135228 -0.04089
1702.35336 0.135290 -0.04091
1702.44616 0.135353 -0.04093
1702.53896 0.135415 -0.04095
1702.63177 0.135478 -0.04097
1702.72457 0.135541 -0.04099
1702.81737 0.135603 -0.04101
1702.91017 0.135666 -0.04103
1703.00297 0.135728 -0.04105
1703.09577 0.135791 -0.04107
1703.18858 0.135854 -0.04108
1703.28138 0.135917 -0.04110
1703.37418 0.135979 -0.04112
1703.46698 0.136042 -0.04114
1703.55978 0.136105 -0.04116
1703.65258 0.136168 -0.04118
1703.74538 0.136231 -0.04120
1703.83819 0.136293 -0.04122
1703.93099 0.136356 -0.04124
1704.02379 0.136419 -0.04126
1704.11659 0.136482 -0.04127
1704.20939 0.136545 -0.04129
1704.30219 0.136608 -0.04131
1704.39500 0.136671 -0.04133
1704.48780 0.136734 -0.04135
1704.58060 0.136797 -0.04137
1704.67340 0.136860 -0.04139
1704.76620 0.136923 -0.04141
1704.85900 0.136986 -0.04143
1704.95181 0.137049 -0.04145
1705.04461 0.137112 -0.04147
1705.13741 0.137175 -0.04148
1705.23021 0.137238 -0.04150
1705.32301 0.137302 -0.04152
1705.41581 0.137365 -0.04154
1705.50862 0.137428 -0.04156
1705.60142 0.137491 -0.04158
1705.69422 0.137554 -0.04160
1705.78702 0.137618 -0.04162
1705.87982 0.137681 -0.04164
1705.97262 0.137744 -0.04166
1706.06543 0.137807 -0.04168
1706.15823 0.137871 -0.04170
1706.25103 0.137934 -0.04171
1706.34383 0.137998 -0.04173
1706.43663 0.138061 -0.04175
1706.52943 0.138124 -0.04177
1706.62224 0.138188 -0.04179
1706.71504 0.138251 -0.04181
1706.80784 0.138315 -0.04183
1706.90064 0.138378 -0.04185
1706.99344 0.138442 -0.04187
1707.08624 0.138505 -0.04189
1707.17905 0.138569 -0.04191
1707.27185 0.138632 -0.04193
1707.36465 0.138696 -0.04195
1707.45745 0.138759 -0.04196
1707.55025 0.138823 -0.04198
1707.64305 0.138887 -0.04200
1707.73586 0.138950 -0.04202
1707.82866 0.139014 -0.04204
1707.92146 0.139078 -0.04206
1708.01426 0.139141 -0.04208
1708.10706 0.139205 -0.04210
1708.19986 0.139269 -0.04212
1708.29267 0.139333 -0.04214
1708.38547 0.139397 -0.04216
1708.47827 0.139460 -0.04218
1708.57107 0.139524 -0.04220
1708.66387 0.139588 -0.04222
1708.75667 0.139652 -0.04223
1708.84948 0.139716 -0.04225
1708.94228 0.139780 -0.04227
1709.03508 0.139844 -0.04229
1709.12788 0.139908 -0.04231
1709.22068 0.139972 -0.04233
1709.31348 0.140036 -0.04235
1709.40629 0.140100 -0.04237
1709.49909 0.140164 -0.04239
1709.59189 0.140228 -0.04241
1709.68469 0.140292 -0.04243
1709.77749 0.140356 -0.04245
1709.87029 0.140420 -0.04247
1709.96310 0.140484 -0.04249
1710.05590 0.140548 -0.04251
1710.14870 0.140612 -0.04253
1710.24150 0.140677 -0.04254
1710.33430 0.140741 -0.04256
1710.42710 0.140805 -0.04258
1710.51990 0.140869 -0.04260
1710.61271 0.140933 -0.04262
1710.70551 0.140998 -0.04264
1710.79831 0.141062 -0.04266
1710.89111 0.141126 -0.04268
1710.98391 0.141191 -0.04270
1711.07671 0.141255 -0.04272
1711.16952 0.141319 -0.04274
1711.26232 0.141384 -0.04276
1711.35512 0.141448 -0.04278
1711.44792 0.141513 -0.04280
1711.54072 0.141577 -0.04282
1711.63352 0.141642 -0.04284
1711.72633 0.141706 -0.04286
1711.81913 0.141771 -0.04288
1711.91193 0.141835 -0.04290
1712.00473 0.141900 -0.04292
1712.09753 0.141964 -0.04293
1712.19033 0.142029 -0.04295
1712.28314 0.142094 -0.04297
1712.37594 0.142158 -0.04299
1712.46874 0.142223 -0.04301
1712.56154 0.142288 -0.04303
1712.65434 0.142352 -0.04305
1712.74714 0.142417 -0.04307
1712.83995 0.142482 -0.04309
1712.93275 0.142546 -0.04311
1713.02555 0.142611 -0.04313
1713.11835 0.142676 -0.04315
1713.21115 0.142741 -0.04317
1713.30395 0.142806 -0.04319
1713.39676 0.142870 -0.04321
1713.48956 0.142935 -0.04323
1713.58236 0.143000 -0.04325
1713.67516 0.143065 -0.04327
1713.76796 0.143130 -0.04329
1713.86076 0.143195 -0.04331
1713.95357 0.143260 -0.04333
1714.04637 0.143325 -0.04335
1714.13917 0.143390 -0.04337
1714.23197 0.143455 -0.04339
1714.32477 0.143520 -0.04341
1714.41757 0.143585 -0.04343
1714.51038 0.143650 -0.04345
1714.60318 0.143715 -0.04346
1714.69598 0.143780 -0.04348
1714.78878 0.143846 -0.04350
1714.88158 0.143911 -0.04352
1714.97438 0.143976 -0.04354
1715.06719 0.144041 -0.04356
1715.15999 0.144106 -0.04358
1715.25279 0.144172 -0.04360
1715.34559 0.144237 -0.04362
1715.43839 0.144302 -0.04364
1715.53119 0.144367 -0.04366
1715.62400 0.144433 -0.04368
1715.71680 0.144498 -0.04370
1715.80960 0.144564 -0.04372
1715.90240 0.144629 -0.04374
1715.99520 0.144694 -0.04376
1716.08800 0.144760 -0.04378
1716.18081 0.144825 -0.04380
1716.27361 0.144891 -0.04382
1716.36641 0.144956 -0.04384
1716.45921 0.145022 -0.04386
1716.55201 0.145087 -0.04388
1716.64481 0.145153 -0.04390
1716.73762 0.145218 -0.04392
1716.83042 0.145284 -0.04394
1716.92322 0.145349 -0.04396
1717.01602 0.145415 -0.04398
1717.10882 0.145481 -0.04400
1717.20162 0.145546 -0.04402
1717.29442 0.145612 -0.04404
1717.38723 0.145678 -0.04406
1717.48003 0.145743 -0.04408
1717.57283 0.145809 -0.04410
1717.66563 0.145875 -0.04412
1717.75843 0.145941 -0.04414
1717.85123 0.146006 -0.04416
1717.94404 0.146072 -0.04418
1718.03684 0.146138 -0.04420
1718.12964 0.146204 -0.04422
1718.22244 0.146270 -0.04424
1718.31524 0.146336 -0.04426
1718.40804 0.146402 -0.04428
1718.50085 0.146468 -0.04430
1718.59365 0.146534 -0.04432
1718.68645 0.146600 -0.04434
1718.77925 0.146666 -0.04436
1718.87205 0.146732 -0.04438
1718.96485 0.146798 -0.04440
1719.05766 0.146864 -0.04442
1719.15046 0.146930 -0.04444
1719.24326 0.146996 -0.04446
1719.33606 0.147062 -0.04448
1719.42886 0.147128 -0.04450
1719.52166 0.147194 -0.04452
1719.61447 0.147260 -0.04454
1719.70727 0.147327 -0.04456
1719.80007 0.147393 -0.04458
1719.89287 0.147459 -0.04460
1719.98567 0.147525 -0.04462
1720.07847 0.147592 -0.04464
1720.17128 0.147658 -0.04466
1720.26408 0.147724 -0.04468
1720.35688 0.147790 -0.04470
1720.44968 0.147857 -0.04472
1720.54248 0.147923 -0.04474
1720.63528 0.147990 -0.04476
1720.72809 0.148056 -0.04478
1720.82089 0.148122 -0.04480
1720.91369 0.148189 -0.04482
1721.00649 0.148255 -0.04484
1721.09929 0.148322 -0.04486
1721.19209 0.148388 -0.04488
1721.28490 0.148455 -0.04490
1721.37770 0.148521 -0.04492
1721.47050 0.148588 -0.04494
1721.56330 0.148655 -0.04496
1721.65610 0.148721 -0.04498
1721.74890 0.148788 -0.04500
1721.84171 0.148854 -0.04502
1721.93451 0.148921 -0.04504
1722.02731 0.148988 -0.04506
1722.12011 0.149055 -0.04508
1722.21291 0.149121 -0.04510
1722.30571 0.149188 -0.04512
1722.39852 0.149255 -0.04514
1722.49132 0.149322 -0.04516
1722.58412 0.149388 -0.04518
1722.67692 0.149455 -0.04520
1722.76972 0.149522 -0.04522
1722.86252 0.149589 -0.04524
1722.95533 0.149656 -0.04526
1723.04813 0.149723 -0.04528
1723.14093 0.149790 -0.04530
1723.23373 0.149857 -0.04532
1723.32653 0.149924 -0.04534
1723.41933 0.149991 -0.04537
1723.51214 0.150058 -0.04539
1723.60494 0.150125 -0.04541
1723.69774 0.150192 -0.04543
1723.79054 0.150259 -0.04545
1723.88334 0.150326 -0.04547
1723.97614 0.150393 -0.04549
1724.06894 0.150460 -0.04551
1724.16175 0.150527 -0.04553
1724.25455 0.150594 -0.04555
1724.34735 0.150662 -0.04557
1724.44015 0.150729 -0.04559
1724.53295 0.150796 -0.04561
1724.62575 0.150863 -0.04563
1724.71856 0.150930 -0.04565
1724.81136 0.150998 -0.04567
1724.90416 0.151065 -0.04569
1724.99696 0.151132 -0.04571
1725.08976 0.151200 -0.04573
1725.18256 0.151267 -0.04575
1725.27537 0.151335 -0.04577
1725.36817 0.151402 -0.04579
1725.46097 0.151469 -0.04581
1725.55377 0.151537 -0.04583
1725.64657 0.151604 -0.04585
1725.73937 0.151672 -0.04587
1725.83218 0.151739 -0.04589
1725.92498 0.151807 -0.04592
1726.01778 0.151874 -0.04594
1726.11058 0.151942 -0.04596
1726.20338 0.152009 -0.04598
1726.29618 0.152077 -0.04600
1726.38899 0.152145 -0.04602
1726.48179 0.152212 -0.04604
1726.57459 0.152280 -0.04606
1726.66739 0.152348 -0.04608
1726.76019 0.152415 -0.04610
1726.85299 0.152483 -0.04612
1726.94580 0.152551 -0.04614
1727.03860 0.152619 -0.04616
1727.13140 0.152686 -0.04618
1727.22420 0.152754 -0.04620
1727.31700 0.152822 -0.04622
1727.40980 0.152890 -0.04624
1727.50261 0.152958 -0.04626
1727.59541 0.153026 -0.04628
1727.68821 0.153094 -0.04630
1727.78101 0.153162 -0.04633
1727.87381 0.153229 -0.04635
1727.96661 0.153297 -0.04637
1728.05942 0.153365 -0.04639
1728.15222 0.153433 -0.04641
1728.24502 0.153501 -0.04643
1728.33782 0.153570 -0.04645
1728.43062 0.153638 -0.04647
1728.52342 0.153706 -0.04649
1728.61623 0.153774 -0.04651
1728.70903 0.153842 -0.04653
1728.80183 0.153910 -0.04655
1728.89463 0.153978 -0.04657
1728.98743 0.154046 -0.04659
1729.08023 0.154115 -0.04661
1729.17304 0.154183 -0.04663
1729.26584 0.154251 -0.04666
1729.35864 0.154319 -0.04668
1729.45144 0.154388 -0.04670
1729.54424 0.154456 -0.04672
1729.63704 0.154524 -0.04674
1729.72985 0.154593 -0.04676
1729.82265 0.154661 -0.04678
1729.91545 0.154729 -0.04680
1730.00825 0.154798 -0.04682
1730.10105 0.154866 -0.04684
1730.19385 0.154935 -0.04686
1730.28666 0.155003 -0.04688
1730.37946 0.155072 -0.04690
1730.47226 0.155140 -0.04692
1730.56506 0.155209 -0.04695
1730.65786 0.155277 -0.04697
1730.75066 0.155346 -0.04699
1730.84346 0.155414 -0.04701
1730.93627 0.155483 -0.04703
1731.02907 0.155552 -0.04705
1731.12187 0.155620 -0.04707
1731.21467 0.155689 -0.04709
1731.30747 0.155758 -0.04711
1731.40027 0.155826 -0.04713
1731.49308 0.155895 -0.04715
1731.58588 0.155964 -0.04717
1731.67868 0.156033 -0.04719
1731.77148 0.156102 -0.04722
1731.86428 0.156170 -0.04724
1731.95708 0.156239 -0.04726
1732.04989 0.156308 -0.04728
1732.14269 0.156377 -0.04730
1732.23549 0.156446 -0.04732
1732.32829 0.156515 -0.04734
1732.42109 0.156584 -0.04736
1732.51389 0.156653 -0.04738
1732.60670 0.156722 -0.04740
1732.69950 0.156791 -0.04742
1732.79230 0.156860 -0.04745
1732.88510 0.156929 -0.04747
1732.97790 0.156998 -0.04749
1733.07070 0.157067 -0.04751
1733.16351 0.157136 -0.04753
1733.25631 0.157205 -0.04755
1733.34911 0.157274 -0.04757
1733.44191 0.157343 -0.04759
1733.53471 0.157413 -0.04761
1733.62751 0.157482 -0.04763
1733.72032 0.157551 -0.04765
1733.81312 0.157620 -0.04768
1733.90592 0.157689 -0.04770
1733.99872 0.157759 -0.04772
1734.09152 0.157828 -0.04774
1734.18432 0.157897 -0.04776
1734.27713 0.157967 -0.04778
1734.36993 0.158036 -0.04780
1734.46273 0.158105 -0.04782
1734.55553 0.158175 -0.04784
1734.64833 0.158244 -0.04786
1734.74113 0.158314 -0.04789
1734.83394 0.158383 -0.04791
1734.92674 0.158453 -0.04793
1735.01954 0.158522 -0.04795
1735.11234 0.158592 -0.04797
1735.20514 0.158661 -0.04799
1735.29794 0.158731 -0.04801
1735.39075 0.158800 -0.04803
1735.48355 0.158870 -0.04805
1735.57635 0.158940 -0.04808
1735.66915 0.159009 -0.04810
1735.76195 0.159079 -0.04812
1735.85475 0.159149 -0.04814
1735.94756 0.159218 -0.04816
1736.04036 0.159288 -0.04818
1736.13316 0.159358 -0.04820
1736.22596 0.159428 -0.04822
1736.31876 0.159497 -0.04824
1736.41156 0.159567 -0.04827
1736.50437 0.159637 -0.04829
1736.59717 0.159707 -0.04831
1736.68997 0.159777 -0.04833
1736.78277 0.159847 -0.04835
1736.87557 0.159917 -0.04837
1736.96837 0.159986 -0.04839
1737.06118 0.160056 -0.04841
1737.15398 0.160126 -0.04843
1737.24678 0.160196 -0.04846
1737.33958 0.160266 -0.04848
1737.43238 0.160336 -0.04850
1737.52518 0.160406 -0.04852
1737.61798 0.160477 -0.04854
1737.71079 0.160547 -0.04856
1737.80359 0.160617 -0.04858
1737.89639 0.160687 -0.04860
1737.98919 0.160757 -0.04863
1738.08199 0.160827 -0.04865
1738.17479 0.160897 -0.04867
1738.26760 0.160968 -0.04869
1738.36040 0.161038 -0.04871
1738.45320 0.161108 -0.04873
1738.54600 0.161178 -0.04875
1738.63880 0.161249 -0.04877
1738.73160 0.161319 -0.04880
1738.82441 0.161389 -0.04882
1738.91721 0.161460 -0.04884
1739.01001 0.161530 -0.04886
1739.10281 0.161601 -0.04888
1739.19561 0.161671 -0.04890
1739.28841 0.161741 -0.04892
1739.38122 0.161812 -0.04894
1739.47402 0.161882 -0.04897
1739.56682 0.161953 -0.04899
1739.65962 0.162023 -0.04901
1739.75242 0.162094 -0.04903
1739.84522 0.162164 -0.04905
1739.93803 0.162235 -0.04907
1740.03083 0.162306 -0.04909
1740.12363 0.162376 -0.04912
1740.21643 0.162447 -0.04914
1740.30923 0.162518 -0.04916
1740.40203 0.162588 -0.04918
1740.49484 0.162659 -0.04920
1740.58764 0.162730 -0.04922
1740.68044 0.162801 -0.04924
1740.77324 0.162871 -0.04927
1740.86604 0.162942 -0.04929
1740.95884 0.163013 -0.04931
1741.05165 0.163084 -0.04933
1741.14445 0.163155 -0.04935
1741.23725 0.163225 -0.04937
1741.33005 0.163296 -0.04939
1741.42285 0.163367 -0.04942
1741.51565 0.163438 -0.04944
1741.60846 0.163509 -0.04946
1741.70126 0.163580 -0.04948
1741.79406 0.163651 -0.04950
1741.88686 0.163722 -0.04952
1741.97966 0.163793 -0.04954
1742.07246 0.163864 -0.04957
1742.16527 0.163935 -0.04959
1742.25807 0.164006 -0.04961
1742.35087 0.164078 -0.04963
1742.44367 0.164149 -0.04965
1742.53647 0.164220 -0.04967
1742.62927 0.164291 -0.04970
1742.72208 0.164362 -0.04972
1742.81488 0.164433 -0.04974
1742.90768 0.164505 -0.04976
1743.00048 0.164576 -0.04978
1743.09328 0.164647 -0.04980
1743.18608 0.164719 -0.04983
1743.27889 0.164790 -0.04985
1743.37169 0.164861 -0.04987
1743.46449 0.164933 -0.04989
1743.55729 0.165004 -0.04991
1743.65009 0.165075 -0.04993
1743.74289 0.165147 -0.04995
1743.83570 0.165218 -0.04998
1743.92850 0.165290 -0.05000
1744.02130 0.165361 -0.05002
1744.11410 0.165433 -0.05004
1744.20690 0.165504 -0.05006
1744.29970 0.165576 -0.05008
1744.39250 0.165647 -0.05011
1744.48531 0.165719 -0.05013
1744.57811 0.165791 -0.05015
1744.67091 0.165862 -0.05017
1744.76371 0.165934 -0.05019
1744.85651 0.166006 -0.05021
1744.94931 0.166077 -0.05024
1745.04212 0.166149 -0.05026
1745.13492 0.166221 -0.05028
1745.22772 0.166292 -0.05030
1745.32052 0.166364 -0.05032
1745.41332 0.166436 -0.05035
1745.50612 0.166508 -0.05037
1745.59893 0.166580 -0.05039
1745.69173 0.166652 -0.05041
1745.78453 0.166723 -0.05043
1745.87733 0.166795 -0.05045
1745.97013 0.166867 -0.05048
1746.06293 0.166939 -0.05050
1746.15574 0.167011 -0.05052
1746.24854 0.167083 -0.05054
1746.34134 0.167155 -0.05056
1746.43414 0.167227 -0.05058
1746.52694 0.167299 -0.05061
1746.61974 0.167371 -0.05063
1746.71255 0.167443 -0.05065
1746.80535 0.167515 -0.05067
1746.89815 0.167588 -0.05069
1746.99095 0.167660 -0.05072
1747.08375 0.167732 -0.05074
1747.17655 0.167804 -0.05076
1747.26936 0.167876 -0.05078
1747.36216 0.167949 -0.05080
1747.45496 0.168021 -0.05083
1747.54776 0.168093 -0.05085
1747.64056 0.168165 -0.05087
1747.73336 0.168238 -0.05089
1747.82617 0.168310 -0.05091
1747.91897 0.168382 -0.05093
1748.01177 0.168455 -0.05096
1748.10457 0.168527 -0.05098
1748.19737 0.168600 -0.05100
1748.29017 0.168672 -0.05102
1748.38298 0.168745 -0.05104
1748.47578 0.168817 -0.05107
1748.56858 0.168890 -0.05109
1748.66138 0.168962 -0.05111
1748.75418 0.169035 -0.05113
1748.84698 0.169107 -0.05115
1748.93979 0.169180 -0.05118
1749.03259 0.169252 -0.05120
1749.12539 0.169325 -0.05122
1749.21819 0.169398 -0.05124
1749.31099 0.169470 -0.05126
1749.40379 0.169543 -0.05129
1749.49660 0.169616 -0.05131
1749.58940 0.169688 -0.05133
1749.68220 0.169761 -0.05135
1749.77500 0.169834 -0.05137
1749.86780 0.169907 -0.05140
1749.96060 0.169980 -0.05142
1750.05341 0.170052 -0.05144
1750.14621 0.170125 -0.05146
1750.23901 0.170198 -0.05148
1750.33181 0.170271 -0.05151
1750.42461 0.170344 -0.05153
1750.51741 0.170417 -0.05155
1750.61022 0.170490 -0.05157
1750.70302 0.170563 -0.05160
1750.79582 0.170636 -0.05162
1750.88862 0.170709 -0.05164
1750.98142 0.170782 -0.05166
1751.07422 0.170855 -0.05168
1751.16703 0.170928 -0.05171
1751.25983 0.171001 -0.05173
1751.35263 0.171074 -0.05175
1751.44543 0.171147 -0.05177
1751.53823 0.171221 -0.05179
1751.63103 0.171294 -0.05182
1751.72383 0.171367 -0.05184
1751.81664 0.171440 -0.05186
1751.90944 0.171513 -0.05188
1752.00224 0.171587 -0.05191
1752.09504 0.171660 -0.05193
1752.18784 0.171733 -0.05195
1752.28064 0.171807 -0.05197
1752.37345 0.171880 -0.05199
1752.46625 0.171953 -0.05202
1752.55905 0.172027 -0.05204
1752.65185 0.172100 -0.05206
1752.74465 0.172174 -0.05208
1752.83745 0.172247 -0.05211
1752.93026 0.172321 -0.05213
1753.02306 0.172394 -0.05215
1753.11586 0.172468 -0.05217
1753.20866 0.172541 -0.05219
1753.30146 0.172615 -0.05222
1753.39426 0.172688 -0.05224
1753.48707 0.172762 -0.05226
1753.57987 0.172836 -0.05228
1753.67267 0.172909 -0.05231
1753.76547 0.172983 -0.05233
1753.85827 0.173057 -0.05235
1753.95107 0.173130 -0.05237
1754.04388 0.173204 -0.05240
1754.13668 0.173278 -0.05242
1754.22948 0.173352 -0.05244
1754.32228 0.173425 -0.05246
1754.41508 0.173499 -0.05248
1754.50788 0.173573 -0.05251
1754.60069 0.173647 -0.05253
1754.69349 0.173721 -0.05255
1754.78629 0.173795 -0.05257
1754.87909 0.173869 -0.05260
1754.97189 0.173943 -0.05262
1755.06469 0.174017 -0.05264
1755.15750 0.174091 -0.05266
1755.25030 0.174165 -0.05269
1755.34310 0.174239 -0.05271
1755.43590 0.174313 -0.05273
1755.52870 0.174387 -0.05275
1755.62150 0.174461 -0.05278
1755.71431 0.174535 -0.05280
1755.80711 0.174609 -0.05282
1755.89991 0.174683 -0.05284
1755.99271 0.174757 -0.05287
1756.08551 0.174832 -0.05289
1756.17831 0.174906 -0.05291
1756.27112 0.174980 -0.05293
1756.36392 0.175054 -0.05296
1756.45672 0.175128 -0.05298
1756.54952 0.175203 -0.05300
1756.64232 0.175277 -0.05302
1756.73512 0.175351 -0.05305
1756.82793 0.175426 -0.05307
1756.92073 0.175500 -0.05309
1757.01353 0.175575 -0.05311
1757.10633 0.175649 -0.05314
1757.19913 0.175723 -0.05316
1757.29193 0.175798 -0.05318
1757.38474 0.175872 -0.05320
1757.47754 0.175947 -0.05323
1757.57034 0.176021 -0.05325
1757.66314 0.176096 -0.05327
1757.75594 0.176171 -0.05329
1757.84874 0.176245 -0.05332
1757.94155 0.176320 -0.05334
1758.03435 0.176394 -0.05336
1758.12715 0.176469 -0.05338
1758.21995 0.176544 -0.05341
1758.31275 0.176618 -0.05343
1758.40555 0.176693 -0.05345
1758.49835 0.176768 -0.05347
1758.59116 0.176843 -0.05350
1758.68396 0.176917 -0.05352
1758.77676 0.176992 -0.05354
1758.86956 0.177067 -0.05356
1758.96236 0.177142 -0.05359
1759.05516 0.177217 -0.05361
1759.14797 0.177292 -0.05363
1759.24077 0.177367 -0.05366
1759.33357 0.177442 -0.05368
1759.42637 0.177517 -0.05370
1759.51917 0.177591 -0.05372
1759.61197 0.177666 -0.05375
1759.70478 0.177741 -0.05377
1759.79758 0.177817 -0.05379
1759.89038 0.177892 -0.05381
1759.98318 0.177967 -0.05384
1760.07598 0.178042 -0.05386
1760.16878 0.178117 -0.05388
1760.26159 0.178192 -0.05391
1760.35439 0.178267 -0.05393
1760.44719 0.178342 -0.05395
1760.53999 0.178418 -0.05397
1760.63279 0.178493 -0.05400
1760.72559 0.178568 -0.05402
1760.81840 0.178643 -0.05404
1760.91120 0.178719 -0.05407
1761.00400 0.178794 -0.05409
1761.09680 0.178869 -0.05411
1761.18960 0.178945 -0.05413
1761.28240 0.179020 -0.05416
1761.37521 0.179095 -0.05418
1761.46801 0.179171 -0.05420
1761.56081 0.179246 -0.05422
1761.65361 0.179322 -0.05425
1761.74641 0.179397 -0.05427
1761.83921 0.179473 -0.05429
1761.93202 0.179548 -0.05432
1762.02482 0.179624 -0.05434
1762.11762 0.179699 -0.05436
1762.21042 0.179775 -0.05439
1762.30322 0.179851 -0.05441
1762.39602 0.179926 -0.05443
1762.48883 0.180002 -0.05445
1762.58163 0.180077 -0.05448
1762.67443 0.180153 -0.05450
1762.76723 0.180229 -0.05452
1762.86003 0.180305 -0.05455
1762.95283 0.180380 -0.05457
1763.04564 0.180456 -0.05459
1763.13844 0.180532 -0.05461
1763.23124 0.180608 -0.05464
1763.32404 0.180684 -0.05466
1763.41684 0.180759 -0.05468
1763.50964 0.180835 -0.05471
1763.60245 0.180911 -0.05473
1763.69525 0.180987 -0.05475
1763.78805 0.181063 -0.05478
1763.88085 0.181139 -0.05480
1763.97365 0.181215 -0.05482
1764.06645 0.181291 -0.05484
1764.15926 0.181367 -0.05487
1764.25206 0.181443 -0.05489
1764.34486 0.181519 -0.05491
1764.43766 0.181595 -0.05494
1764.53046 0.181671 -0.05496
1764.62326 0.181748 -0.05498
1764.71607 0.181824 -0.05501
1764.80887 0.181900 -0.05503
1764.90167 0.181976 -0.05505
1764.99447 0.182052 -0.05507
1765.08727 0.182129 -0.05510
1765.18007 0.182205 -0.05512
1765.27287 0.182281 -0.05514
1765.36568 0.182357 -0.05517
1765.45848 0.182434 -0.05519
1765.55128 0.182510 -0.05521
1765.64408 0.182587 -0.05524
1765.73688 0.182663 -0.05526
1765.82968 0.182739 -0.05528
1765.92249 0.182816 -0.05531
1766.01529 0.182892 -0.05533
1766.10809 0.182969 -0.05535
1766.20089 0.183045 -0.05538
1766.29369 0.183122 -0.05540
1766.38649 0.183198 -0.05542
1766.47930 0.183275 -0.05545
1766.57210 0.183351 -0.05547
1766.66490 0.183428 -0.05549
1766.75770 0.183505 -0.05551
1766.85050 0.183581 -0.05554
1766.94330 0.183658 -0.05556
1767.03611 0.183735 -0.05558
1767.12891 0.183811 -0.05561
1767.22171 0.183888 -0.05563
1767.31451 0.183965 -0.05565
1767.40731 0.184042 -0.05568
1767.50011 0.184118 -0.05570
1767.59292 0.184195 -0.05572
1767.68572 0.184272 -0.05575
1767.77852 0.184349 -0.05577
1767.87132 0.184426 -0.05579
1767.96412 0.184503 -0.05582
1768.05692 0.184580 -0.05584
1768.14973 0.184657 -0.05586
1768.24253 0.184734 -0.05589
1768.33533 0.184811 -0.05591
1768.42813 0.184888 -0.05593
1768.52093 0.184965 -0.05596
1768.61373 0.185042 -0.05598
1768.70654 0.185119 -0.05600
1768.79934 0.185196 -0.05603
1768.89214 0.185273 -0.05605
1768.98494 0.185350 -0.05607
1769.07774 0.185427 -0.05610
1769.17054 0.185505 -0.05612
1769.26335 0.185582 -0.05614
1769.35615 0.185659 -0.05617
1769.44895 0.185736 -0.05619
1769.54175 0.185813 -0.05621
1769.63455 0.185891 -0.05624
1769.72735 0.185968 -0.05626
1769.82016 0.186045 -0.05628
1769.91296 0.186123 -0.05631
1770.00576 0.186200 -0.05633
1770.09856 0.186278 -0.05635
1770.19136 0.186355 -0.05638
1770.28416 0.186432 -0.05640
1770.37697 0.186510 -0.05642
1770.46977 0.186587 -0.05645
1770.56257 0.186665 -0.05647
1770.65537 0.186742 -0.05650
1770.74817 0.186820 -0.05652
1770.84097 0.186897 -0.05654
1770.93378 0.186975 -0.05657
1771.02658 0.187053 -0.05659
1771.11938 0.187130 -0.05661
1771.21218 0.187208 -0.05664
1771.30498 0.187286 -0.05666
1771.39778 0.187363 -0.05668
1771.49059 0.187441 -0.05671
1771.58339 0.187519 -0.05673
1771.67619 0.187597 -0.05675
1771.76899 0.187674 -0.05678
1771.86179 0.187752 -0.05680
1771.95459 0.187830 -0.05682
1772.04739 0.187908 -0.05685
1772.14020 0.187986 -0.05687
1772.23300 0.188064 -0.05690
1772.32580 0.188142 -0.05692
1772.41860 0.188219 -0.05694
1772.51140 0.188297 -0.05697
1772.60420 0.188375 -0.05699
1772.69701 0.188453 -0.05701
1772.78981 0.188531 -0.05704
1772.88261 0.188609 -0.05706
1772.97541 0.188688 -0.05708
1773.06821 0.188766 -0.05711
1773.16101 0.188844 -0.05713
1773.25382 0.188922 -0.05716
1773.34662 0.189000 -0.05718
1773.43942 0.189078 -0.05720
1773.53222 0.189156 -0.05723
1773.62502 0.189235 -0.05725
1773.71782 0.189313 -0.05727
1773.81063 0.189391 -0.05730
1773.90343 0.189469 -0.05732
1773.99623 0.189548 -0.05734
1774.08903 0.189626 -0.05737
1774.18183 0.189704 -0.05739
1774.27463 0.189783 -0.05742
1774.36744 0.189861 -0.05744
1774.46024 0.189940 -0.05746
1774.55304 0.190018 -0.05749
1774.64584 0.190096 -0.05751
1774.73864 0.190175 -0.05753
1774.83144 0.190253 -0.05756
1774.92425 0.190332 -0.05758
1775.01705 0.190410 -0.05761
1775.10985 0.190489 -0.05763
1775.20265 0.190568 -0.05765
1775.29545 0.190646 -0.05768
1775.38825 0.190725 -0.05770
1775.48106 0.190803 -0.05773
1775.57386 0.190882 -0.05775
1775.66666 0.190961 -0.05777
1775.75946 0.191040 -0.05780
1775.85226 0.191118 -0.05782
1775.94506 0.191197 -0.05784
1776.03787 0.191276 -0.05787
1776.13067 0.191355 -0.05789
1776.22347 0.191433 -0.05792
1776.31627 0.191512 -0.05794
1776.40907 0.191591 -0.05796
1776.50187 0.191670 -0.05799
1776.59468 0.191749 -0.05801
1776.68748 0.191828 -0.05804
1776.78028 0.191907 -0.05806
1776.87308 0.191986 -0.05808
1776.96588 0.192065 -0.05811
1777.05868 0.192144 -0.05813
1777.15149 0.192223 -0.05816
1777.24429 0.192302 -0.05818
1777.33709 0.192381 -0.05820
1777.42989 0.192460 -0.05823
1777.52269 0.192539 -0.05825
1777.61549 0.192618 -0.05827
1777.70830 0.192697 -0.05830
1777.80110 0.192777 -0.05832
1777.89390 0.192856 -0.05835
1777.98670 0.192935 -0.05837
1778.07950 0.193014 -0.05839
1778.17230 0.193094 -0.05842
1778.26511 0.193173 -0.05844
1778.35791 0.193252 -0.05847
1778.45071 0.193332 -0.05849
1778.54351 0.193411 -0.05852
1778.63631 0.193490 -0.05854
1778.72911 0.193570 -0.05856
1778.82191 0.193649 -0.05859
1778.91472 0.193729 -0.05861
1779.00752 0.193808 -0.05864
1779.10032 0.193888 -0.05866
1779.19312 0.193967 -0.05868
1779.28592 0.194047 -0.05871
1779.37872 0.194126 -0.05873
1779.47153 0.194206 -0.05876
1779.56433 0.194285 -0.05878
1779.65713 0.194365 -0.05880
1779.74993 0.194445 -0.05883
1779.84273 0.194524 -0.05885
1779.93553 0.194604 -0.05888
1780.02834 0.194684 -0.05890
1780.12114 0.194763 -0.05892
1780.21394 0.194843 -0.05895
1780.30674 0.194923 -0.05897
1780.39954 0.195003 -0.05900
1780.49234 0.195083 -0.05902
1780.58515 0.195162 -0.05905
1780.67795 0.195242 -0.05907
1780.77075 0.195322 -0.05909
1780.86355 0.195402 -0.05912
1780.95635 0.195482 -0.05914
1781.04915 0.195562 -0.05917
1781.14196 0.195642 -0.05919
1781.23476 0.195722 -0.05921
1781.32756 0.195802 -0.05924
1781.42036 0.195882 -0.05926
1781.51316 0.195962 -0.05929
1781.60596 0.196042 -0.05931
1781.69877 0.196122 -0.05934
1781.79157 0.196202 -0.05936
1781.88437 0.196282 -0.05938
1781.97717 0.196363 -0.05941
1782.06997 0.196443 -0.05943
1782.16277 0.196523 -0.05946
1782.25558 0.196603 -0.05948
1782.34838 0.196684 -0.05951
1782.44118 0.196764 -0.05953
1782.53398 0.196844 -0.05955
1782.62678 0.196924 -0.05958
1782.71958 0.197005 -0.05960
1782.81239 0.197085 -0.05963
1782.90519 0.197166 -0.05965
1782.99799 0.197246 -0.05968
1783.09079 0.197326 -0.05970
1783.18359 0.197407 -0.05973
1783.27639 0.197487 -0.05975
1783.36920 0.197568 -0.05977
1783.46200 0.197648 -0.05980
1783.55480 0.197729 -0.05982
1783.64760 0.197809 -0.05985
1783.74040 0.197890 -0.05987
1783.83320 0.197971 -0.05990
1783.92601 0.198051 -0.05992
1784.01881 0.198132 -0.05994
1784.11161 0.198213 -0.05997
1784.20441 0.198293 -0.05999
1784.29721 0.198374 -0.06002
1784.39001 0.198455 -0.06004
1784.48282 0.198535 -0.06007
1784.57562 0.198616 -0.06009
1784.66842 0.198697 -0.06012
1784.76122 0.198778 -0.06014
1784.85402 0.198859 -0.06017
1784.94682 0.198940 -0.06019
1785.03963 0.199020 -0.06021
1785.13243 0.199101 -0.06024
1785.22523 0.199182 -0.06026
1785.31803 0.199263 -0.06029
1785.41083 0.199344 -0.06031
1785.50363 0.199425 -0.06034
1785.59643 0.199506 -0.06036
1785.68924 0.199587 -0.06039
1785.78204 0.199668 -0.06041
1785.87484 0.199749 -0.06043
1785.96764 0.199831 -0.06046
1786.06044 0.199912 -0.06048
1786.15324 0.199993 -0.06051
1786.24605 0.200074 -0.06053
1786.33885 0.200155 -0.06056
1786.43165 0.200236 -0.06058
1786.52445 0.200318 -0.06061
1786.61725 0.200399 -0.06063
1786.71005 0.200480 -0.06066
1786.80286 0.200562 -0.06068
1786.89566 0.200643 -0.06071
1786.98846 0.200724 -0.06073
1787.08126 0.200806 -0.06075
1787.17406 0.200887 -0.06078
1787.26686 0.200968 -0.06080
1787.35967 0.201050 -0.06083
1787.45247 0.201131 -0.06085
1787.54527 0.201213 -0.06088
1787.63807 0.201294 -0.06090
1787.73087 0.201376 -0.06093
1787.82367 0.201457 -0.06095
1787.91648 0.201539 -0.06098
1788.00928 0.201621 -0.06100
1788.10208 0.201702 -0.06103
1788.19488 0.201784 -0.06105
1788.28768 0.201865 -0.06108
1788.38048 0.201947 -0.06110
1788.47329 0.202029 -0.06113
1788.56609 0.202111 -0.06115
1788.65889 0.202192 -0.06117
1788.75169 0.202274 -0.06120
1788.84449 0.202356 -0.06122
1788.93729 0.202438 -0.06125
1789.03010 0.202519 -0.06127
1789.12290 0.202601 -0.06130
1789.21570 0.202683 -0.06132
1789.30850 0.202765 -0.06135
1789.40130 0.202847 -0.06137
1789.49410 0.202929 -0.06140
1789.58691 0.203011 -0.06142
1789.67971 0.203093 -0.06145
1789.77251 0.203175 -0.06147
1789.86531 0.203257 -0.06150
1789.95811 0.203339 -0.06152
1790.05091 0.203421 -0.06155
1790.14372 0.203503 -0.06157
1790.23652 0.203585 -0.06160
1790.32932 0.203667 -0.06162
1790.42212 0.203750 -0.06165
1790.51492 0.203832 -0.06167
1790.60772 0.203914 -0.06170
1790.70053 0.203996 -0.06172
1790.79333 0.204079 -0.06175
1790.88613 0.204161 -0.06177
1790.97893 0.204243 -0.06180
1791.07173 0.204325 -0.06182
1791.16453 0.204408 -0.06185
1791.25734 0.204490 -0.06187
1791.35014 0.204573 -0.06190
1791.44294 0.204655 -0.06192
1791.53574 0.204737 -0.06195
1791.62854 0.204820 -0.06197
1791.72134 0.204902 -0.06200
1791.81415 0.204985 -0.06202
1791.90695 0.205067 -0.06205
1791.99975 0.205150 -0.06207
1792.09255 0.205232 -0.06210
1792.18535 0.205315 -0.06212
1792.27815 0.205398 -0.06215
1792.37095 0.205480 -0.06217
1792.46376 0.205563 -0.06220
1792.55656 0.205646 -0.06222
1792.64936 0.205728 -0.06225
1792.74216 0.205811 -0.06227
1792.83496 0.205894 -0.06230
1792.92776 0.205976 -0.06232
1793.02057 0.206059 -0.06235
1793.11337 0.206142 -0.06237
1793.20617 0.206225 -0.06240
1793.29897 0.206308 -0.06242
1793.39177 0.206391 -0.06245
1793.48457 0.206474 -0.06247
1793.57738 0.206556 -0.06250
1793.67018 0.206639 -0.06252
1793.76298 0.206722 -0.06255
1793.85578 0.206805 -0.06257
1793.94858 0.206888 -0.06260
1794.04138 0.206971 -0.06262
1794.13419 0.207054 -0.06265
1794.22699 0.207138 -0.06267
1794.31979 0.207221 -0.06270
1794.41259 0.207304 -0.06272
1794.50539 0.207387 -0.06275
1794.59819 0.207470 -0.06277
1794.69100 0.207553 -0.06280
1794.78380 0.207636 -0.06282
1794.87660 0.207720 -0.06285
1794.96940 0.207803 -0.06287
1795.06220 0.207886 -0.06290
1795.15500 0.207969 -0.06292
1795.24781 0.208053 -0.06295
1795.34061 0.208136 -0.06298
1795.43341 0.208219 -0.06300
1795.52621 0.208303 -0.06303
1795.61901 0.208386 -0.06305
1795.71181 0.208470 -0.06308
1795.80462 0.208553 -0.06310
1795.89742 0.208637 -0.06313
1795.99022 0.208720 -0.06315
1796.08302 0.208804 -0.06318
1796.17582 0.208887 -0.06320
1796.26862 0.208971 -0.06323
1796.36143 0.209054 -0.06325
1796.45423 0.209138 -0.06328
1796.54703 0.209222 -0.06330
1796.63983 0.209305 -0.06333
1796.73263 0.209389 -0.06335
1796.82543 0.209473 -0.06338
1796.91824 0.209556 -0.06341
1797.01104 0.209640 -0.06343
1797.10384 0.209724 -0.06346
1797.19664 0.209808 -0.06348
1797.28944 0.209891 -0.06351
1797.38224 0.209975 -0.06353
1797.47505 0.210059 -0.06356
1797.56785 0.210143 -0.06358
1797.66065 0.210227 -0.06361
1797.75345 0.210311 -0.06363
1797.84625 0.210395 -0.06366
1797.93905 0.210479 -0.06368
1798.03186 0.210563 -0.06371
1798.12466 0.210647 -0.06374
1798.21746 0.210731 -0.06376
1798.31026 0.210815 -0.06379
1798.40306 0.210899 -0.06381
1798.49586 0.210983 -0.06384
1798.58867 0.211067 -0.06386
1798.68147 0.211151 -0.06389
1798.77427 0.211235 -0.06391
1798.86707 0.211320 -0.06394
1798.95987 0.211404 -0.06396
1799.05267 0.211488 -0.06399
1799.14547 0.211572 -0.06402
1799.23828 0.211657 -0.06404
1799.33108 0.211741 -0.06407
1799.42388 0.211825 -0.06409
1799.51668 0.211910 -0.06412
1799.60948 0.211994 -0.06414
1799.70228 0.212078 -0.06417
1799.79509 0.212163 -0.06419
1799.88789 0.212247 -0.06422
1799.98069 0.212332 -0.06425
1800.07349 0.212416 -0.06427
1800.16629 0.212501 -0.06430
1800.25909 0.212585 -0.06432
1800.35190 0.212670 -0.06435
1800.44470 0.212754 -0.06437
1800.53750 0.212839 -0.06440
1800.63030 0.212923 -0.06443
1800.72310 0.213008 -0.06445
1800.81590 0.213093 -0.06448
1800.90871 0.213177 -0.06450
1801.00151 0.213262 -0.06453
1801.09431 0.213347 -0.06455
1801.18711 0.213432 -0.06458
1801.27991 0.213516 -0.06460
1801.37271 0.213601 -0.06463
1801.46552 0.213686 -0.06466
1801.55832 0.213771 -0.06468
1801.65112 0.213856 -0.06471
1801.74392 0.213941 -0.06473
1801.83672 0.214025 -0.06476
1801.92952 0.214110 -0.06478
1802.02233 0.214195 -0.06481
1802.11513 0.214280 -0.06484
1802.20793 0.214365 -0.06486
1802.30073 0.214450 -0.06489
1802.39353 0.214535 -0.06491
1802.48633 0.214620 -0.06494
1802.57914 0.214706 -0.06496
1802.67194 0.214791 -0.06499
1802.76474 0.214876 -0.06502
1802.85754 0.214961 -0.06504
1802.95034 0.215046 -0.06507
1803.04314 0.215131 -0.06509
1803.13595 0.215217 -0.06512
1803.22875 0.215302 -0.06515
1803.32155 0.215387 -0.06517
1803.41435 0.215472 -0.06520
1803.50715 0.215558 -0.06522
1803.59995 0.215643 -0.06525
1803.69276 0.215728 -0.06527
1803.78556 0.215814 -0.06530
1803.87836 0.215899 -0.06533
1803.97116 0.215985 -0.06535
1804.06396 0.216070 -0.06538
1804.15676 0.216155 -0.06540
1804.24957 0.216241 -0.06543
1804.34237 0.216326 -0.06546
1804.43517 0.216412 -0.06548
1804.52797 0.216498 -0.06551
1804.62077 0.216583 -0.06553
1804.71357 0.216669 -0.06556
1804.80638 0.216754 -0.06559
1804.89918 0.216840 -0.06561
1804.99198 0.216926 -0.06564
1805.08478 0.217011 -0.06566
1805.17758 0.217097 -0.06569
1805.27038 0.217183 -0.06572
1805.36319 0.217269 -0.06574
1805.45599 0.217354 -0.06577
1805.54879 0.217440 -0.06579
1805.64159 0.217526 -0.06582
1805.73439 0.217612 -0.06585
1805.82719 0.217698 -0.06587
1805.91999 0.217784 -0.06590
1806.01280 0.217870 -0.06592
1806.10560 0.217955 -0.06595
1806.19840 0.218041 -0.06598
1806.29120 0.218127 -0.06600
1806.38400 0.218213 -0.06603
1806.47680 0.218299 -0.06605
1806.56961 0.218386 -0.06608
1806.66241 0.218472 -0.06611
1806.75521 0.218558 -0.06613
1806.84801 0.218644 -0.06616
1806.94081 0.218730 -0.06618
1807.03361 0.218816 -0.06621
1807.12642 0.218902 -0.06624
1807.21922 0.218989 -0.06626
1807.31202 0.219075 -0.06629
1807.40482 0.219161 -0.06631
1807.49762 0.219247 -0.06634
1807.59042 0.219334 -0.06637
1807.68323 0.219420 -0.06639
1807.77603 0.219506 -0.06642
1807.86883 0.219593 -0.06645
1807.96163 0.219679 -0.06647
1808.05443 0.219766 -0.06650
1808.14723 0.219852 -0.06652
1808.24004 0.219938 -0.06655
1808.33284 0.220025 -0.06658
1808.42564 0.220111 -0.06660
1808.51844 0.220198 -0.06663
1808.61124 0.220284 -0.06665
1808.70404 0.220371 -0.06668
1808.79685 0.220458 -0.06671
1808.88965 0.220544 -0.06673
1808.98245 0.220631 -0.06676
1809.07525 0.220718 -0.06679
1809.16805 0.220804 -0.06681
1809.26085 0.220891 -0.06684
1809.35366 0.220978 -0.06686
1809.44646 0.221064 -0.06689
1809.53926 0.221151 -0.06692
1809.63206 0.221238 -0.06694
1809.72486 0.221325 -0.06697
1809.81766 0.221412 -0.06700
1809.91047 0.221499 -0.06702
1810.00327 0.221586 -0.06705
1810.09607 0.221672 -0.06708
1810.18887 0.221759 -0.06710
1810.28167 0.221846 -0.06713
1810.37447 0.221933 -0.06715
1810.46728 0.222020 -0.06718
1810.56008 0.222107 -0.06721
1810.65288 0.222194 -0.06723
1810.74568 0.222281 -0.06726
1810.83848 0.222369 -0.06729
1810.93128 0.222456 -0.06731
1811.02409 0.222543 -0.06734
1811.11689 0.222630 -0.06737
1811.20969 0.222717 -0.06739
1811.30249 0.222804 -0.06742
1811.39529 0.222892 -0.06744
1811.48809 0.222979 -0.06747
1811.58090 0.223066 -0.06750
1811.67370 0.223154 -0.06752
1811.76650 0.223241 -0.06755
1811.85930 0.223328 -0.06758
1811.95210 0.223416 -0.06760
1812.04490 0.223503 -0.06763
1812.13771 0.223590 -0.06766
1812.23051 0.223678 -0.06768
1812.32331 0.223765 -0.06771
1812.41611 0.223853 -0.06774
1812.50891 0.223940 -0.06776
1812.60171 0.224028 -0.06779
1812.69451 0.224115 -0.06782
1812.78732 0.224203 -0.06784
1812.88012 0.224291 -0.06787
1812.97292 0.224378 -0.06789
1813.06572 0.224466 -0.06792
1813.15852 0.224553 -0.06795
1813.25132 0.224641 -0.06797
1813.34413 0.224729 -0.06800
1813.43693 0.224817 -0.06803
1813.52973 0.224904 -0.06805
1813.62253 0.224992 -0.06808
1813.71533 0.225080 -0.06811
1813.80813 0.225168 -0.06813
1813.90094 0.225256 -0.06816
1813.99374 0.225343 -0.06819
1814.08654 0.225431 -0.06821
1814.17934 0.225519 -0.06824
1814.27214 0.225607 -0.06827
1814.36494 0.225695 -0.06829
1814.45775 0.225783 -0.06832
1814.55055 0.225871 -0.06835
1814.64335 0.225959 -0.06837
1814.73615 0.226047 -0.06840
1814.82895 0.226135 -0.06843
1814.92175 0.226223 -0.06845
1815.01456 0.226312 -0.06848
1815.10736 0.226400 -0.06851
1815.20016 0.226488 -0.06853
1815.29296 0.226576 -0.06856
1815.38576 0.226664 -0.06859
1815.47856 0.226753 -0.06861
1815.57137 0.226841 -0.06864
1815.66417 0.226929 -0.06867
1815.75697 0.227017 -0.06869
1815.84977 0.227106 -0.06872
1815.94257 0.227194 -0.06875
1816.03537 0.227283 -0.06877
1816.12818 0.227371 -0.06880
1816.22098 0.227459 -0.06883
1816.31378 0.227548 -0.06885
1816.40658 0.227636 -0.06888
1816.49938 0.227725 -0.06891
1816.59218 0.227813 -0.06894
1816.68499 0.227902 -0.06896
1816.77779 0.227990 -0.06899
1816.87059 0.228079 -0.06902
1816.96339 0.228168 -0.06904
1817.05619 0.228256 -0.06907
1817.14899 0.228345 -0.06910
1817.24180 0.228434 -0.06912
1817.33460 0.228522 -0.06915
1817.42740 0.228611 -0.06918
1817.52020 0.228700 -0.06920
1817.61300 0.228788 -0.06923
1817.70580 0.228877 -0.06926
1817.79861 0.228966 -0.06928
1817.89141 0.229055 -0.06931
1817.98421 0.229144 -0.06934
1818.07701 0.229233 -0.06937
1818.16981 0.229322 -0.06939
1818.26261 0.229410 -0.06942
1818.35542 0.229499 -0.06945
1818.44822 0.229588 -0.06947
1818.54102 0.229677 -0.06950
1818.63382 0.229766 -0.06953
1818.72662 0.229855 -0.06955
1818.81942 0.229944 -0.06958
1818.91223 0.230034 -0.06961
1819.00503 0.230123 -0.06963
1819.09783 0.230212 -0.06966
1819.19063 0.230301 -0.06969
1819.28343 0.230390 -0.06972
1819.37623 0.230479 -0.06974
1819.46903 0.230569 -0.06977
1819.56184 0.230658 -0.06980
1819.65464 0.230747 -0.06982
1819.74744 0.230836 -0.06985
1819.84024 0.230926 -0.06988
1819.93304 0.231015 -0.06991
1820.02584 0.231104 -0.06993
1820.11865 0.231194 -0.06996
1820.21145 0.231283 -0.06999
1820.30425 0.231373 -0.07001
1820.39705 0.231462 -0.07004
1820.48985 0.231552 -0.07007
1820.58265 0.231641 -0.07009
1820.67546 0.231731 -0.07012
1820.76826 0.231820 -0.07015
1820.86106 0.231910 -0.07018
1820.95386 0.231999 -0.07020
1821.04666 0.232089 -0.07023
1821.13946 0.232179 -0.07026
1821.23227 0.232268 -0.07028
1821.32507 0.232358 -0.07031
1821.41787 0.232448 -0.07034
1821.51067 0.232537 -0.07037
1821.60347 0.232627 -0.07039
1821.69627 0.232717 -0.07042
1821.78908 0.232807 -0.07045
1821.88188 0.232897 -0.07048
1821.97468 0.232986 -0.07050
1822.06748 0.233076 -0.07053
1822.16028 0.233166 -0.07056
1822.25308 0.233256 -0.07058
1822.34589 0.233346 -0.07061
1822.43869 0.233436 -0.07064
1822.53149 0.233526 -0.07067
1822.62429 0.233616 -0.07069
1822.71709 0.233706 -0.07072
1822.80989 0.233796 -0.07075
1822.90270 0.233886 -0.07077
1822.99550 0.233976 -0.07080
1823.08830 0.234066 -0.07083
1823.18110 0.234157 -0.07086
1823.27390 0.234247 -0.07088
1823.36670 0.234337 -0.07091
1823.45951 0.234427 -0.07094
1823.55231 0.234517 -0.07097
1823.64511 0.234608 -0.07099
1823.73791 0.234698 -0.07102
1823.83071 0.234788 -0.07105
1823.92351 0.234879 -0.07108
1824.01632 0.234969 -0.07110
1824.10912 0.235059 -0.07113
1824.20192 0.235150 -0.07116
1824.29472 0.235240 -0.07119
1824.38752 0.235331 -0.07121
1824.48032 0.235421 -0.07124
1824.57313 0.235512 -0.07127
1824.66593 0.235602 -0.07129
1824.75873 0.235693 -0.07132
1824.85153 0.235783 -0.07135
1824.94433 0.235874 -0.07138
1825.03713 0.235964 -0.07140
1825.12994 0.236055 -0.07143
1825.22274 0.236146 -0.07146
1825.31554 0.236236 -0.07149
1825.40834 0.236327 -0.07151
1825.50114 0.236418 -0.07154
1825.59394 0.236509 -0.07157
1825.68675 0.236599 -0.07160
1825.77955 0.236690 -0.07162
1825.87235 0.236781 -0.07165
1825.96515 0.236872 -0.07168
1826.05795 0.236963 -0.07171
1826.15075 0.237054 -0.07173
1826.24356 0.237145 -0.07176
1826.33636 0.237235 -0.07179
1826.42916 0.237326 -0.07182
1826.52196 0.237417 -0.07184
1826.61476 0.237508 -0.07187
1826.70756 0.237599 -0.07190
1826.80036 0.237691 -0.07193
1826.89317 0.237782 -0.07195
1826.98597 0.237873 -0.07198
1827.07877 0.237964 -0.07201
1827.17157 0.238055 -0.07204
1827.26437 0.238146 -0.07207
1827.35717 0.238237 -0.07209
1827.44998 0.238329 -0.07212
1827.54278 0.238420 -0.07215
1827.63558 0.238511 -0.07218
1827.72838 0.238602 -0.07220
1827.82118 0.238694 -0.07223
1827.91398 0.238785 -0.07226
1828.00679 0.238876 -0.07229
1828.09959 0.238968 -0.07231
1828.19239 0.239059 -0.07234
1828.28519 0.239151 -0.07237
1828.37799 0.239242 -0.07240
1828.47079 0.239334 -0.07243
1828.56360 0.239425 -0.07245
1828.65640 0.239517 -0.07248
1828.74920 0.239608 -0.07251
1828.84200 0.239700 -0.07254
1828.93480 0.239791 -0.07256
1829.02760 0.239883 -0.07259
1829.12041 0.239974 -0.07262
1829.21321 0.240066 -0.07265
1829.30601 0.240158 -0.07267
1829.39881 0.240250 -0.07270
1829.49161 0.240341 -0.07273
1829.58441 0.240433 -0.07276
1829.67722 0.240525 -0.07279
1829.77002 0.240617 -0.07281
1829.86282 0.240708 -0.07284
1829.95562 0.240800 -0.07287
1830.04842 0.240892 -0.07290
1830.14122 0.240984 -0.07293
1830.23403 0.241076 -0.07295
1830.32683 0.241168 -0.07298
1830.41963 0.241260 -0.07301
1830.51243 0.241352 -0.07304
1830.60523 0.241444 -0.07306
1830.69803 0.241536 -0.07309
1830.79084 0.241628 -0.07312
1830.88364 0.241720 -0.07315
1830.97644 0.241812 -0.07318
1831.06924 0.241904 -0.07320
1831.16204 0.241996 -0.07323
1831.25484 0.242089 -0.07326
1831.34765 0.242181 -0.07329
1831.44045 0.242273 -0.07332
1831.53325 0.242365 -0.07334
1831.62605 0.242458 -0.07337
1831.71885 0.242550 -0.07340
1831.81165 0.242642 -0.07343
1831.90446 0.242734 -0.07346
1831.99726 0.242827 -0.07348
1832.09006 0.242919 -0.07351
1832.18286 0.243012 -0.07354
1832.27566 0.243104 -0.07357
1832.36846 0.243197 -0.07360
1832.46127 0.243289 -0.07362
1832.55407 0.243382 -0.07365
1832.64687 0.243474 -0.07368
1832.73967 0.243567 -0.07371
1832.83247 0.243659 -0.07374
1832.92527 0.243752 -0.07376
1833.01808 0.243844 -0.07379
1833.11088 0.243937 -0.07382
1833.20368 0.244030 -0.07385
1833.29648 0.244122 -0.07388
1833.38928 0.244215 -0.07390
1833.48208 0.244308 -0.07393
1833.57488 0.244401 -0.07396
1833.66769 0.244493 -0.07399
1833.76049 0.244586 -0.07402
1833.85329 0.244679 -0.07404
1833.94609 0.244772 -0.07407
1834.03889 0.244865 -0.07410
1834.13169 0.244958 -0.07413
1834.22450 0.245051 -0.07416
1834.31730 0.245144 -0.07419
1834.41010 0.245236 -0.07421
1834.50290 0.245329 -0.07424
1834.59570 0.245423 -0.07427
1834.68850 0.245516 -0.07430
1834.78131 0.245609 -0.07433
1834.87411 0.245702 -0.07435
1834.96691 0.245795 -0.07438
1835.05971 0.245888 -0.07441
1835.15251 0.245981 -0.07444
1835.24531 0.246074 -0.07447
1835.33812 0.246168 -0.07450
1835.43092 0.246261 -0.07452
1835.52372 0.246354 -0.07455
1835.61652 0.246447 -0.07458
1835.70932 0.246541 -0.07461
1835.80212 0.246634 -0.07464
1835.89493 0.246727 -0.07466
1835.98773 0.246821 -0.07469
1836.08053 0.246914 -0.07472
1836.17333 0.247007 -0.07475
1836.26613 0.247101 -0.07478
1836.35893 0.247194 -0.07481
1836.45174 0.247288 -0.07483
1836.54454 0.247381 -0.07486
1836.63734 0.247475 -0.07489
1836.73014 0.247568 -0.07492
1836.82294 0.247662 -0.07495
1836.91574 0.247756 -0.07498
1837.00855 0.247849 -0.07500
1837.10135 0.247943 -0.07503
1837.19415 0.248037 -0.07506
1837.28695 0.248130 -0.07509
1837.37975 0.248224 -0.07512
1837.47255 0.248318 -0.07515
1837.56536 0.248412 -0.07518
1837.65816 0.248505 -0.07520
1837.75096 0.248599 -0.07523
1837.84376 0.248693 -0.07526
1837.93656 0.248787 -0.07529
1838.02936 0.248881 -0.07532
1838.12217 0.248975 -0.07535
1838.21497 0.249069 -0.07537
1838.30777 0.249163 -0.07540
1838.40057 0.249257 -0.07543
1838.49337 0.249351 -0.07546
1838.58617 0.249445 -0.07549
1838.67898 0.249539 -0.07552
1838.77178 0.249633 -0.07555
1838.86458 0.249727 -0.07557
1838.95738 0.249821 -0.07560
1839.05018 0.249915 -0.07563
1839.14298 0.250009 -0.07566
1839.23579 0.250104 -0.07569
1839.32859 0.250198 -0.07572
1839.42139 0.250292 -0.07574
1839.51419 0.250386 -0.07577
1839.60699 0.250481 -0.07580
1839.69979 0.250575 -0.07583
1839.79260 0.250669 -0.07586
1839.88540 0.250764 -0.07589
1839.97820 0.250858 -0.07592
1840.07100 0.250952 -0.07594
1840.16380 0.251047 -0.07597
1840.25660 0.251141 -0.07600
1840.34940 0.251236 -0.07603
1840.44221 0.251330 -0.07606
1840.53501 0.251425 -0.07609
1840.62781 0.251519 -0.07612
1840.72061 0.251614 -0.07615
1840.81341 0.251709 -0.07617
1840.90621 0.251803 -0.07620
1840.99902 0.251898 -0.07623
1841.09182 0.251992 -0.07626
1841.18462 0.252087 -0.07629
1841.27742 0.252182 -0.07632
1841.37022 0.252277 -0.07635
1841.46302 0.252371 -0.07637
1841.55583 0.252466 -0.07640
1841.64863 0.252561 -0.07643
1841.74143 0.252656 -0.07646
1841.83423 0.252751 -0.07649
1841.92703 0.252846 -0.07652
1842.01983 0.252940 -0.07655
1842.11264 0.253035 -0.07658
1842.20544 0.253130 -0.07660
1842.29824 0.253225 -0.07663
1842.39104 0.253320 -0.07666
1842.48384 0.253415 -0.07669
1842.57664 0.253510 -0.07672
1842.66945 0.253606 -0.07675
1842.76225 0.253701 -0.07678
1842.85505 0.253796 -0.07681
1842.94785 0.253891 -0.07683
1843.04065 0.253986 -0.07686
1843.13345 0.254081 -0.07689
1843.22626 0.254176 -0.07692
1843.31906 0.254272 -0.07695
1843.41186 0.254367 -0.07698
1843.50466 0.254462 -0.07701
1843.59746 0.254558 -0.07704
1843.69026 0.254653 -0.07707
1843.78307 0.254748 -0.07709
1843.87587 0.254844 -0.07712
1843.96867 0.254939 -0.07715
1844.06147 0.255035 -0.07718
1844.15427 0.255130 -0.07721
1844.24707 0.255225 -0.07724
1844.33988 0.255321 -0.07727
1844.43268 0.255416 -0.07730
1844.52548 0.255512 -0.07733
1844.61828 0.255608 -0.07736
1844.71108 0.255703 -0.07738
1844.80388 0.255799 -0.07741
1844.89669 0.255894 -0.07744
1844.98949 0.255990 -0.07747
1845.08229 0.256086 -0.07750
1845.17509 0.256182 -0.07753
1845.26789 0.256277 -0.07756
1845.36069 0.256373 -0.07759
1845.45350 0.256469 -0.07762
1845.54630 0.256565 -0.07764
1845.63910 0.256661 -0.07767
1845.73190 0.256756 -0.07770
1845.82470 0.256852 -0.07773
1845.91750 0.256948 -0.07776
1846.01031 0.257044 -0.07779
1846.10311 0.257140 -0.07782
1846.19591 0.257236 -0.07785
1846.28871 0.257332 -0.07788
1846.38151 0.257428 -0.07791
1846.47431 0.257524 -0.07794
1846.56712 0.257620 -0.07796
1846.65992 0.257716 -0.07799
1846.75272 0.257812 -0.07802
1846.84552 0.257909 -0.07805
1846.93832 0.258005 -0.07808
1847.03112 0.258101 -0.07811
1847.12392 0.258197 -0.07814
1847.21673 0.258293 -0.07817
1847.30953 0.258390 -0.07820
1847.40233 0.258486 -0.07823
1847.49513 0.258582 -0.07826
1847.58793 0.258679 -0.07829
1847.68073 0.258775 -0.07831
1847.77354 0.258871 -0.07834
1847.86634 0.258968 -0.07837
1847.95914 0.259064 -0.07840
1848.05194 0.259161 -0.07843
1848.14474 0.259257 -0.07846
1848.23754 0.259354 -0.07849
1848.33035 0.259450 -0.07852
1848.42315 0.259547 -0.07855
1848.51595 0.259643 -0.07858
1848.60875 0.259740 -0.07861
1848.70155 0.259837 -0.07864
1848.79435 0.259933 -0.07867
1848.88716 0.260030 -0.07869
1848.97996 0.260127 -0.07872
1849.07276 0.260223 -0.07875
1849.16556 0.260320 -0.07878
1849.25836 0.260417 -0.07881
1849.35116 0.260514 -0.07884
1849.44397 0.260610 -0.07887
1849.53677 0.260707 -0.07890
1849.62957 0.260804 -0.07893
1849.72237 0.260901 -0.07896
1849.81517 0.260998 -0.07899
1849.90797 0.261095 -0.07902
1850.00078 0.261192 -0.07905
1850.09358 0.261289 -0.07908
1850.18638 0.261386 -0.07911
1850.27918 0.261483 -0.07913
1850.37198 0.261580 -0.07916
1850.46478 0.261677 -0.07919
1850.55759 0.261774 -0.07922
1850.65039 0.261871 -0.07925
1850.74319 0.261968 -0.07928
1850.83599 0.262066 -0.07931
1850.92879 0.262163 -0.07934
1851.02159 0.262260 -0.07937
1851.11440 0.262357 -0.07940
1851.20720 0.262455 -0.07943
1851.30000 0.262552 -0.07946
1851.39280 0.262649 -0.07949
1851.48560 0.262747 -0.07952
1851.57840 0.262844 -0.07955
1851.67121 0.262941 -0.07958
1851.76401 0.263039 -0.07961
1851.85681 0.263136 -0.07964
1851.94961 0.263234 -0.07967
1852.04241 0.263331 -0.07969
1852.13521 0.263429 -0.07972
1852.22802 0.263526 -0.07975
1852.32082 0.263624 -0.07978
1852.41362 0.263721 -0.07981
1852.50642 0.263819 -0.07984
1852.59922 0.263917 -0.07987
1852.69202 0.264014 -0.07990
1852.78483 0.264112 -0.07993
1852.87763 0.264210 -0.07996
1852.97043 0.264307 -0.07999
1853.06323 0.264405 -0.08002
1853.15603 0.264503 -0.08005
1853.24883 0.264601 -0.08008
1853.34164 0.264699 -0.08011
1853.43444 0.264796 -0.08014
1853.52724 0.264894 -0.08017
1853.62004 0.264992 -0.08020
1853.71284 0.265090 -0.08023
1853.80564 0.265188 -0.08026
1853.89844 0.265286 -0.08029
1853.99125 0.265384 -0.08032
1854.08405 0.265482 -0.08035
1854.17685 0.265580 -0.08038
1854.26965 0.265678 -0.08041
1854.36245 0.265776 -0.08044
1854.45525 0.265874 -0.08047
1854.54806 0.265973 -0.08049
1854.64086 0.266071 -0.08052
1854.73366 0.266169 -0.08055
1854.82646 0.266267 -0.08058
1854.91926 0.266365 -0.08061
1855.01206 0.266464 -0.08064
1855.10487 0.266562 -0.08067
1855.19767 0.266660 -0.08070
1855.29047 0.266759 -0.08073
1855.38327 0.266857 -0.08076
1855.47607 0.266955 -0.08079
1855.56887 0.267054 -0.08082
1855.66168 0.267152 -0.08085
1855.75448 0.267251 -0.08088
1855.84728 0.267349 -0.08091
1855.94008 0.267448 -0.08094
1856.03288 0.267546 -0.08097
1856.12568 0.267645 -0.08100
1856.21849 0.267743 -0.08103
1856.31129 0.267842 -0.08106
1856.40409 0.267940 -0.08109
1856.49689 0.268039 -0.08112
1856.58969 0.268138 -0.08115
1856.68249 0.268236 -0.08118
1856.77530 0.268335 -0.08121
1856.86810 0.268434 -0.08124
1856.96090 0.268533 -0.08127
1857.05370 0.268631 -0.08130
1857.14650 0.268730 -0.08133
1857.23930 0.268829 -0.08136
1857.33211 0.268928 -0.08139
1857.42491 0.269027 -0.08142
1857.51771 0.269126 -0.08145
1857.61051 0.269225 -0.08148
1857.70331 0.269324 -0.08151
1857.79611 0.269423 -0.08154
1857.88892 0.269522 -0.08157
1857.98172 0.269621 -0.08160
1858.07452 0.269720 -0.08163
1858.16732 0.269819 -0.08166
1858.26012 0.269918 -0.08169
1858.35292 0.270017 -0.08172
1858.44573 0.270116 -0.08175
1858.53853 0.270216 -0.08178
1858.63133 0.270315 -0.08181
1858.72413 0.270414 -0.08184
1858.81693 0.270513 -0.08187
1858.90973 0.270612 -0.08190
1859.00254 0.270712 -0.08193
1859.09534 0.270811 -0.08196
1859.18814 0.270910 -0.08199
1859.28094 0.271010 -0.08202
1859.37374 0.271109 -0.08205
1859.46654 0.271209 -0.08208
1859.55935 0.271308 -0.08211
1859.65215 0.271408 -0.08214
1859.74495 0.271507 -0.08217
1859.83775 0.271607 -0.08220
1859.93055 0.271706 -0.08223
1860.02335 0.271806 -0.08226
1860.11616 0.271905 -0.08229
1860.20896 0.272005 -0.08232
1860.30176 0.272105 -0.08235
1860.39456 0.272204 -0.08238
1860.48736 0.272304 -0.08241
1860.58016 0.272404 -0.08244
1860.67296 0.272503 -0.08247
1860.76577 0.272603 -0.08250
1860.85857 0.272703 -0.08253
1860.95137 0.272803 -0.08256
1861.04417 0.272903 -0.08259
1861.13697 0.273003 -0.08262
1861.22977 0.273102 -0.08265
1861.32258 0.273202 -0.08269
1861.41538 0.273302 -0.08272
1861.50818 0.273402 -0.08275
1861.60098 0.273502 -0.08278
1861.69378 0.273602 -0.08281
1861.78658 0.273702 -0.08284
1861.87939 0.273802 -0.08287
1861.97219 0.273902 -0.08290
1862.06499 0.274002 -0.08293
1862.15779 0.274103 -0.08296
1862.25059 0.274203 -0.08299
1862.34339 0.274303 -0.08302
1862.43620 0.274403 -0.08305
1862.52900 0.274503 -0.08308
1862.62180 0.274604 -0.08311
1862.71460 0.274704 -0.08314
1862.80740 0.274804 -0.08317
1862.90020 0.274905 -0.08320
1862.99301 0.275005 -0.08323
1863.08581 0.275105 -0.08326
1863.17861 0.275206 -0.08329
1863.27141 0.275306 -0.08332
1863.36421 0.275407 -0.08335
1863.45701 0.275507 -0.08338
1863.54982 0.275608 -0.08341
1863.64262 0.275708 -0.08344
1863.73542 0.275809 -0.08347
1863.82822 0.275909 -0.08351
1863.92102 0.276010 -0.08354
1864.01382 0.276110 -0.08357
1864.10663 0.276211 -0.08360
1864.19943 0.276312 -0.08363
1864.29223 0.276412 -0.08366
1864.38503 0.276513 -0.08369
1864.47783 0.276614 -0.08372
1864.57063 0.276715 -0.08375
1864.66344 0.276815 -0.08378
1864.75624 0.276916 -0.08381
1864.84904 0.277017 -0.08384
1864.94184 0.277118 -0.08387
1865.03464 0.277219 -0.08390
1865.12744 0.277320 -0.08393
1865.22025 0.277421 -0.08396
1865.31305 0.277522 -0.08399
1865.40585 0.277623 -0.08402
1865.49865 0.277724 -0.08405
1865.59145 0.277825 -0.08409
1865.68425 0.277926 -0.08412
1865.77706 0.278027 -0.08415
1865.86986 0.278128 -0.08418
1865.96266 0.278229 -0.08421
1866.05546 0.278330 -0.08424
1866.14826 0.278431 -0.08427
1866.24106 0.278533 -0.08430
1866.33387 0.278634 -0.08433
1866.42667 0.278735 -0.08436
1866.51947 0.278836 -0.08439
1866.61227 0.278938 -0.08442
1866.70507 0.279039 -0.08445
1866.79787 0.279140 -0.08448
1866.89068 0.279242 -0.08451
1866.98348 0.279343 -0.08455
1867.07628 0.279445 -0.08458
1867.16908 0.279546 -0.08461
1867.26188 0.279648 -0.08464
1867.35468 0.279749 -0.08467
1867.44748 0.279851 -0.08470
1867.54029 0.279952 -0.08473
1867.63309 0.280054 -0.08476
1867.72589 0.280155 -0.08479
1867.81869 0.280257 -0.08482
1867.91149 0.280359 -0.08485
1868.00429 0.280460 -0.08488
1868.09710 0.280562 -0.08491
1868.18990 0.280664 -0.08495
1868.28270 0.280765 -0.08498
1868.37550 0.280867 -0.08501
1868.46830 0.280969 -0.08504
1868.56110 0.281071 -0.08507
1868.65391 0.281173 -0.08510
1868.74671 0.281275 -0.08513
1868.83951 0.281376 -0.08516
1868.93231 0.281478 -0.08519
1869.02511 0.281580 -0.08522
1869.11791 0.281682 -0.08525
1869.21072 0.281784 -0.08529
1869.30352 0.281886 -0.08532
1869.39632 0.281988 -0.08535
1869.48912 0.282090 -0.08538
1869.58192 0.282192 -0.08541
1869.67472 0.282295 -0.08544
1869.76753 0.282397 -0.08547
1869.86033 0.282499 -0.08550
1869.95313 0.282601 -0.08553
1870.04593 0.282703 -0.08556
1870.13873 0.282806 -0.08559
1870.23153 0.282908 -0.08563
1870.32434 0.283010 -0.08566
1870.41714 0.283112 -0.08569
1870.50994 0.283215 -0.08572
1870.60274 0.283317 -0.08575
1870.69554 0.283420 -0.08578
1870.78834 0.283522 -0.08581
1870.88115 0.283624 -0.08584
1870.97395 0.283727 -0.08587
1871.06675 0.283829 -0.08590
1871.15955 0.283932 -0.08594
1871.25235 0.284034 -0.08597
1871.34515 0.284137 -0.08600
1871.43796 0.284240 -0.08603
1871.53076 0.284342 -0.08606
1871.62356 0.284445 -0.08609
1871.71636 0.284547 -0.08612
1871.80916 0.284650 -0.08615
1871.90196 0.284753 -0.08618
1871.99477 0.284856 -0.08622
1872.08757 0.284958 -0.08625
1872.18037 0.285061 -0.08628
1872.27317 0.285164 -0.08631
1872.36597 0.285267 -0.08634
1872.45877 0.285370 -0.08637
1872.55158 0.285473 -0.08640
1872.64438 0.285575 -0.08643
1872.73718 0.285678 -0.08646
1872.82998 0.285781 -0.08650
1872.92278 0.285884 -0.08653
1873.01558 0.285987 -0.08656
1873.10839 0.286090 -0.08659
1873.20119 0.286193 -0.08662
1873.29399 0.286296 -0.08665
1873.38679 0.286400 -0.08668
1873.47959 0.286503 -0.08671
1873.57239 0.286606 -0.08675
1873.66520 0.286709 -0.08678
1873.75800 0.286812 -0.08681
1873.85080 0.286915 -0.08684
1873.94360 0.287019 -0.08687
1874.03640 0.287122 -0.08690
1874.12920 0.287225 -0.08693
1874.22200 0.287329 -0.08696
1874.31481 0.287432 -0.08700
1874.40761 0.287535 -0.08703
1874.50041 0.287639 -0.08706
1874.59321 0.287742 -0.08709
1874.68601 0.287846 -0.08712
1874.77881 0.287949 -0.08715
1874.87162 0.288053 -0.08718
1874.96442 0.288156 -0.08722
1875.05722 0.288260 -0.08725
1875.15002 0.288363 -0.08728
1875.24282 0.288467 -0.08731
1875.33562 0.288570 -0.08734
1875.42843 0.288674 -0.08737
1875.52123 0.288778 -0.08740
1875.61403 0.288882 -0.08744
1875.70683 0.288985 -0.08747
1875.79963 0.289089 -0.08750
1875.89243 0.289193 -0.08753
1875.98524 0.289297 -0.08756
1876.07804 0.289400 -0.08759
1876.17084 0.289504 -0.08762
1876.26364 0.289608 -0.08766
1876.35644 0.289712 -0.08769
1876.44924 0.289816 -0.08772
1876.54205 0.289920 -0.08775
1876.63485 0.290024 -0.08778
1876.72765 0.290128 -0.08781
1876.82045 0.290232 -0.08784
1876.91325 0.290336 -0.08788
1877.00605 0.290440 -0.08791
1877.09886 0.290544 -0.08794
1877.19166 0.290648 -0.08797
1877.28446 0.290752 -0.08800
1877.37726 0.290857 -0.08803
1877.47006 0.290961 -0.08807
1877.56286 0.291065 -0.08810
1877.65567 0.291169 -0.08813
1877.74847 0.291273 -0.08816
1877.84127 0.291378 -0.08819
1877.93407 0.291482 -0.08822
1878.02687 0.291586 -0.08825
1878.11967 0.291691 -0.08829
1878.21248 0.291795 -0.08832
1878.30528 0.291900 -0.08835
1878.39808 0.292004 -0.08838
1878.49088 0.292109 -0.08841
1878.58368 0.292213 -0.08844
1878.67648 0.292318 -0.08848
1878.76929 0.292422 -0.08851
1878.86209 0.292527 -0.08854
1878.95489 0.292631 -0.08857
1879.04769 0.292736 -0.08860
1879.14049 0.292841 -0.08863
1879.23329 0.292945 -0.08867
1879.32610 0.293050 -0.08870
1879.41890 0.293155 -0.08873
1879.51170 0.293259 -0.08876
1879.60450 0.293364 -0.08879
1879.69730 0.293469 -0.08883
1879.79010 0.293574 -0.08886
1879.88291 0.293679 -0.08889
1879.97571 0.293783 -0.08892
1880.06851 0.293888 -0.08895
1880.16131 0.293993 -0.08898
1880.25411 0.294098 -0.08902
1880.34691 0.294203 -0.08905
1880.43972 0.294308 -0.08908
1880.53252 0.294413 -0.08911
1880.62532 0.294518 -0.08914
1880.71812 0.294623 -0.08917
1880.81092 0.294728 -0.08921
1880.90372 0.294834 -0.08924
1880.99652 0.294939 -0.08927
1881.08933 0.295044 -0.08930
1881.18213 0.295149 -0.08933
1881.27493 0.295254 -0.08937
1881.36773 0.295360 -0.08940
1881.46053 0.295465 -0.08943
1881.55333 0.295570 -0.08946
1881.64614 0.295675 -0.08949
1881.73894 0.295781 -0.08953
1881.83174 0.295886 -0.08956
1881.92454 0.295992 -0.08959
1882.01734 0.296097 -0.08962
1882.11014 0.296202 -0.08965
1882.20295 0.296308 -0.08969
1882.29575 0.296413 -0.08972
1882.38855 0.296519 -0.08975
1882.48135 0.296624 -0.08978
1882.57415 0.296730 -0.08981
1882.66695 0.296836 -0.08985
1882.75976 0.296941 -0.08988
1882.85256 0.297047 -0.08991
1882.94536 0.297153 -0.08994
1883.03816 0.297258 -0.08997
1883.13096 0.297364 -0.09001
1883.22376 0.297470 -0.09004
1883.31657 0.297575 -0.09007
1883.40937 0.297681 -0.09010
1883.50217 0.297787 -0.09013
1883.59497 0.297893 -0.09017
1883.68777 0.297999 -0.09020
1883.78057 0.298105 -0.09023
1883.87338 0.298211 -0.09026
1883.96618 0.298317 -0.09029
1884.05898 0.298423 -0.09033
1884.15178 0.298529 -0.09036
1884.24458 0.298635 -0.09039
1884.33738 0.298741 -0.09042
1884.43019 0.298847 -0.09045
1884.52299 0.298953 -0.09049
1884.61579 0.299059 -0.09052
1884.70859 0.299165 -0.09055
1884.80139 0.299271 -0.09058
1884.89419 0.299377 -0.09062
1884.98700 0.299484 -0.09065
1885.07980 0.299590 -0.09068
1885.17260 0.299696 -0.09071
1885.26540 0.299802 -0.09074
1885.35820 0.299909 -0.09078
1885.45100 0.300015 -0.09081
1885.54381 0.300121 -0.09084
1885.63661 0.300228 -0.09087
1885.72941 0.300334 -0.09091
1885.82221 0.300441 -0.09094
1885.91501 0.300547 -0.09097
1886.00781 0.300654 -0.09100
1886.10062 0.300760 -0.09103
1886.19342 0.300867 -0.09107
1886.28622 0.300973 -0.09110
1886.37902 0.301080 -0.09113
1886.47182 0.301187 -0.09116
1886.56462 0.301293 -0.09120
1886.65743 0.301400 -0.09123
1886.75023 0.301507 -0.09126
1886.84303 0.301613 -0.09129
1886.93583 0.301720 -0.09133
1887.02863 0.301827 -0.09136
1887.12143 0.301934 -0.09139
1887.21424 0.302041 -0.09142
1887.30704 0.302147 -0.09145
1887.39984 0.302254 -0.09149
1887.49264 0.302361 -0.09152
1887.58544 0.302468 -0.09155
1887.67824 0.302575 -0.09158
1887.77104 0.302682 -0.09162
1887.86385 0.302789 -0.09165
1887.95665 0.302896 -0.09168
1888.04945 0.303003 -0.09171
1888.14225 0.303110 -0.09175
1888.23505 0.303217 -0.09178
1888.32785 0.303324 -0.09181
1888.42066 0.303432 -0.09184
1888.51346 0.303539 -0.09188
1888.60626 0.303646 -0.09191
1888.69906 0.303753 -0.09194
1888.79186 0.303860 -0.09197
1888.88466 0.303968 -0.09201
1888.97747 0.304075 -0.09204
1889.07027 0.304182 -0.09207
1889.16307 0.304290 -0.09210
1889.25587 0.304397 -0.09214
1889.34867 0.304504 -0.09217
1889.44147 0.304612 -0.09220
1889.53428 0.304719 -0.09223
1889.62708 0.304827 -0.09227
1889.71988 0.304934 -0.09230
1889.81268 0.305042 -0.09233
1889.90548 0.305149 -0.09236
1889.99828 0.305257 -0.09240
1890.09109 0.305365 -0.09243
1890.18389 0.305472 -0.09246
1890.27669 0.305580 -0.09249
1890.36949 0.305688 -0.09253
1890.46229 0.305795 -0.09256
1890.55509 0.305903 -0.09259
1890.64790 0.306011 -0.09262
1890.74070 0.306119 -0.09266
1890.83350 0.306226 -0.09269
1890.92630 0.306334 -0.09272
1891.01910 0.306442 -0.09276
1891.11190 0.306550 -0.09279
1891.20471 0.306658 -0.09282
1891.29751 0.306766 -0.09285
1891.39031 0.306874 -0.09289
1891.48311 0.306982 -0.09292
1891.57591 0.307090 -0.09295
1891.66871 0.307198 -0.09298
1891.76152 0.307306 -0.09302
1891.85432 0.307414 -0.09305
1891.94712 0.307522 -0.09308
1892.03992 0.307630 -0.09312
1892.13272 0.307738 -0.09315
1892.22552 0.307847 -0.09318
1892.31833 0.307955 -0.09321
1892.41113 0.308063 -0.09325
1892.50393 0.308171 -0.09328
1892.59673 0.308280 -0.09331
1892.68953 0.308388 -0.09335
1892.78233 0.308496 -0.09338
1892.87514 0.308605 -0.09341
1892.96794 0.308713 -0.09344
1893.06074 0.308821 -0.09348
1893.15354 0.308930 -0.09351
1893.24634 0.309038 -0.09354
1893.33914 0.309147 -0.09358
1893.43195 0.309255 -0.09361
1893.52475 0.309364 -0.09364
1893.61755 0.309473 -0.09367
1893.71035 0.309581 -0.09371
1893.80315 0.309690 -0.09374
1893.89595 0.309798 -0.09377
1893.98876 0.309907 -0.09381
1894.08156 0.310016 -0.09384
1894.17436 0.310124 -0.09387
1894.26716 0.310233 -0.09390
1894.35996 0.310342 -0.09394
1894.45276 0.310451 -0.09397
1894.54556 0.310560 -0.09400
1894.63837 0.310668 -0.09404
1894.73117 0.310777 -0.09407
1894.82397 0.310886 -0.09410
1894.91677 0.310995 -0.09414
1895.00957 0.311104 -0.09417
1895.10237 0.311213 -0.09420
1895.19518 0.311322 -0.09423
1895.28798 0.311431 -0.09427
1895.38078 0.311540 -0.09430
1895.47358 0.311649 -0.09433
1895.56638 0.311758 -0.09437
1895.65918 0.311868 -0.09440
1895.75199 0.311977 -0.09443
1895.84479 0.312086 -0.09447
1895.93759 0.312195 -0.09450
1896.03039 0.312304 -0.09453
1896.12319 0.312414 -0.09456
1896.21599 0.312523 -0.09460
1896.30880 0.312632 -0.09463
1896.40160 0.312741 -0.09466
1896.49440 0.312851 -0.09470
1896.58720 0.312960 -0.09473
1896.68000 0.313070 -0.09476
1896.77280 0.313179 -0.09480
1896.86561 0.313289 -0.09483
1896.95841 0.313398 -0.09486
1897.05121 0.313508 -0.09490
1897.14401 0.313617 -0.09493
1897.23681 0.313727 -0.09496
1897.32961 0.313836 -0.09500
1897.42242 0.313946 -0.09503
1897.51522 0.314055 -0.09506
1897.60802 0.314165 -0.09510
1897.70082 0.314275 -0.09513
1897.79362 0.314385 -0.09516
1897.88642 0.314494 -0.09520
1897.97923 0.314604 -0.09523
1898.07203 0.314714 -0.09526
1898.16483 0.314824 -0.09530
1898.25763 0.314934 -0.09533
1898.35043 0.315043 -0.09536
1898.44323 0.315153 -0.09539
1898.53604 0.315263 -0.09543
1898.62884 0.315373 -0.09546
1898.72164 0.315483 -0.09549
1898.81444 0.315593 -0.09553
1898.90724 0.315703 -0.09556
1899.00004 0.315813 -0.09559
1899.09285 0.315923 -0.09563
1899.18565 0.316033 -0.09566
1899.27845 0.316144 -0.09569
1899.37125 0.316254 -0.09573
1899.46405 0.316364 -0.09576
1899.55685 0.316474 -0.09580
1899.64966 0.316584 -0.09583
1899.74246 0.316695 -0.09586
1899.83526 0.316805 -0.09590
1899.92806 0.316915 -0.09593
1900.02086 0.317025 -0.09596
1900.11366 0.317136 -0.09600
1900.20647 0.317246 -0.09603
1900.29927 0.317357 -0.09606
1900.39207 0.317467 -0.09610
1900.48487 0.317577 -0.09613
1900.57767 0.317688 -0.09616
1900.67047 0.317798 -0.09620
1900.76328 0.317909 -0.09623
1900.85608 0.318020 -0.09626
1900.94888 0.318130 -0.09630
1901.04168 0.318241 -0.09633
1901.13448 0.318351 -0.09636
1901.22728 0.318462 -0.09640
1901.32009 0.318573 -0.09643
1901.41289 0.318683 -0.09646
1901.50569 0.318794 -0.09650
1901.59849 0.318905 -0.09653
1901.69129 0.319016 -0.09657
1901.78409 0.319127 -0.09660
1901.87689 0.319237 -0.09663
1901.96970 0.319348 -0.09667
1902.06250 0.319459 -0.09670
1902.15530 0.319570 -0.09673
1902.24810 0.319681 -0.09677
1902.34090 0.319792 -0.09680
1902.43370 0.319903 -0.09683
1902.52651 0.320014 -0.09687
1902.61931 0.320125 -0.09690
1902.71211 0.320236 -0.09693
1902.80491 0.320347 -0.09697
1902.89771 0.320458 -0.09700
1902.99051 0.320570 -0.09704
1903.08332 0.320681 -0.09707
1903.17612 0.320792 -0.09710
1903.26892 0.320903 -0.09714
1903.36172 0.321014 -0.09717
